id;data_inversa;dia_semana;horario;uf;br;km;municipio;causa_acidente;tipo_acidente;classificacao_acidente;fase_dia;sentido_via;condicao_metereologica;tipo_pista;tracado_via;uso_solo;pessoas;mortos;feridos_leves;feridos_graves;ilesos;ignorados;feridos;veiculos;latitude;longitude;regional;delegacia;uop
552718;04/10/2023;quarta-feira;04:30:00;PR;116;119;CURITIBA;Ausência de reação do condutor;Colisão lateral mesmo sentido;Sem Vítimas;Amanhecer;Crescente;Nublado;Dupla;"Reta;Retorno Regulamentado    ";Sim;4;0;0;0;4;0;0;2;-25,57679574;-49,31216598;SPRF-PR;DEL01-PR;UOP03-DEL01-PR
552719;03/10/2023;terça-feira;14:00:00;RJ;465;13;SEROPEDICA;Acessar a via sem observar a presença dos outros veículos;Colisão lateral mesmo sentido;Com Vítimas Feridas;Pleno dia;Decrescente;Céu Claro;Simples;Reta;Sim;2;0;1;0;1;0;1;2;-22,80678963;-43,76386642;SPRF-RJ;DEL01-RJ;UOP03-DEL01-RJ
552721;04/10/2023;quarta-feira;05:50:00;MG;40;518,8;RIBEIRAO DAS NEVES;Ausência de reação do condutor;Colisão traseira;Com Vítimas Feridas;Pleno dia;Crescente;Céu Claro;Dupla;Reta;Sim;2;0;1;0;1;0;1;2;-19,8321242;-44,08208533;SPRF-MG;DEL01-MG;UOP02-DEL01-MG
552724;03/10/2023;terça-feira;17:20:00;RS;470;230;GARIBALDI;Retorno proibido;Colisão transversal;Com Vítimas Feridas;Pleno dia;Crescente;Nublado;Simples;"Reta;Aclive                   ";Sim;3;0;1;0;2;0;1;2;-29,218603;-51,51677;SPRF-RS;DEL06-RS;UOP01-DEL06-RS
552725;04/10/2023;quarta-feira;02:12:00;PI;316;285;DOM EXPEDITO LOPES;Condutor deixou de manter distância do veículo da frente;Engavetamento;Sem Vítimas;Plena Noite;Decrescente;Céu Claro;Simples;Reta;Não;3;0;0;0;1;2;0;3;-6,96840473;-41,65280499;SPRF-PI;DEL04-PI;UOP01-DEL04-PI
552726;04/10/2023;quarta-feira;05:40:00;SC;280;55,7;GUARAMIRIM;Desrespeitar a preferência no cruzamento;Colisão transversal;Com Vítimas Feridas;Pleno dia;Crescente;Chuva;Múltipla;"Interseção de Vias;Rotatória;V";Não;3;0;1;0;2;0;1;2;-26,47584353;-48,9937858;SPRF-SC;DEL03-SC;UOP03-DEL03-SC
552727;04/10/2023;quarta-feira;06:00:00;RN;101;85,2;NATAL;Reação tardia ou ineficiente do condutor;Colisão lateral mesmo sentido;Com Vítimas Feridas;Pleno dia;Crescente;Céu Claro;Dupla;Reta;Sim;2;0;0;1;0;1;1;2;-5,777664;-35,24937;SPRF-RN;DEL02-RN;UOP01-DEL02-RN
552728;04/10/2023;quarta-feira;06:30:00;SC;101;199;SAO JOSE;Manobra de mudança de faixa;Colisão lateral mesmo sentido;Com Vítimas Feridas;Pleno dia;Crescente;Chuva;Dupla;Reta;Sim;2;0;1;0;1;0;1;2;-27,53413705;-48,63003205;SPRF-SC;DEL01-SC;UOP01-DEL01-SC
552732;04/10/2023;quarta-feira;07:30:00;TO;153;138;ARAGUAINA;Demais falhas mecânicas ou elétricas;Saída de leito carroçável;Com Vítimas Feridas;Pleno dia;Decrescente;Nublado;Dupla;"Declive;Reta                  ";Não;2;0;2;0;0;0;2;1;-7,15509994;-48,20416232;SPRF-TO;DEL02-TO;UOP01-DEL02-TO
552735;04/10/2023;quarta-feira;07:20:00;RS;116;149,1;CAXIAS DO SUL;Pedestre cruzava a pista fora da faixa;Atropelamento de Pedestre;Com Vítimas Feridas;Pleno dia;Decrescente;Garoa/Chuvisco;Dupla;"Reta;Interseção de Vias       ";Sim;2;0;1;0;1;0;1;2;-29,16094422;-51,15677476;SPRF-RS;DEL05-RS;UOP01-DEL05-RS
552736;04/10/2023;quarta-feira;07:20:00;GO;60;203;GUAPO;Condutor Dormindo;Saída de leito carroçável;Com Vítimas Feridas;Pleno dia;Crescente;Céu Claro;Dupla;Curva;Não;1;0;1;0;0;0;1;1;-16,89948718;-49,63843524;SPRF-GO;DEL01-GO;UOP02-DEL01-GO
552737;04/10/2023;quarta-feira;07:00:00;SP;116;225;GUARULHOS;Condutor Dormindo;Colisão lateral mesmo sentido;Sem Vítimas;Pleno dia;Crescente;Céu Claro;Dupla;Reta;Sim;2;0;0;0;2;0;0;2;-23,48586772;-46,54075317;SPRF-SP;DEL01-SP;UOP01-DEL01-SP
552738;04/10/2023;quarta-feira;02:00:00;MT;163;1113;GUARANTA DO NORTE;Reação tardia ou ineficiente do condutor;Colisão traseira;Com Vítimas Feridas;Plena Noite;Crescente;Nublado;Simples;Reta;Não;1;0;1;0;0;0;1;1;-9,69134697;-54,87633595;SPRF-MT;DEL06-MT;UOP03-DEL06-MT
552739;04/10/2023;quarta-feira;07:15:00;GO;60;387;RIO VERDE;Objeto estático sobre o leito carroçável;Colisão com objeto;Com Vítimas Feridas;Pleno dia;Decrescente;Céu Claro;Dupla;"Reta;Aclive                   ";Sim;1;0;1;0;0;0;1;1;-17,811577;-50,928294;SPRF-GO;DEL04-GO;UOP02-DEL04-GO
552740;04/10/2023;quarta-feira;07:45:00;PB;230;12;CABEDELO;Condutor deixou de manter distância do veículo da frente;Colisão traseira;Sem Vítimas;Pleno dia;Decrescente;Céu Claro;Dupla;"Reta;Rotatória                ";Sim;3;0;0;0;3;0;0;2;-7,07432042;-34,84956849;SPRF-PB;DEL01-PB;UOP01-DEL01-PB
552741;04/10/2023;quarta-feira;08:10:00;SP;116;154,4;SAO JOSE DOS CAMPOS;Avarias e/ou desgaste excessivo no pneu;Tombamento;Com Vítimas Feridas;Pleno dia;Decrescente;Céu Claro;Dupla;Reta;Não;2;0;2;0;0;0;2;1;-23,23903999;-45,92061901;SPRF-SP;DEL02-SP;UOP01-DEL02-SP
552742;18/09/2023;segunda-feira;17:00:00;DF;20;27;BRASILIA;Ingestão de álcool pelo condutor;Colisão traseira;Com Vítimas Feridas;Anoitecer;Crescente;Céu Claro;Dupla;Reta;Não;4;0;0;1;3;0;1;2;-15,596223;-47,640285;SPRF-DF;DEL02-DF;UOP01-DEL02-DF
552743;04/10/2023;quarta-feira;06:45:00;MT;364;402;CUIABA;Ultrapassagem Indevida;Colisão lateral mesmo sentido;Com Vítimas Feridas;Pleno dia;Decrescente;Sol;Múltipla;Reta;Sim;3;0;0;2;0;1;2;3;-15,66855019;-55,95476508;SPRF-MT;DEL01-MT;UOP02-DEL01-MT
552744;04/10/2023;quarta-feira;08:10:00;BA;324;626;SALVADOR;Reação tardia ou ineficiente do condutor;Queda de ocupante de veículo;Com Vítimas Feridas;Pleno dia;Crescente;Céu Claro;Dupla;Reta;Não;1;0;1;0;0;0;1;1;-12,95020997;-38,47073108;SPRF-BA;DEL01-BA;UOP01-DEL01-BA
552745;04/10/2023;quarta-feira;08:32:00;RN;101;96;NATAL;Manobra de mudança de faixa;Colisão lateral mesmo sentido;Sem Vítimas;Pleno dia;Decrescente;Céu Claro;Dupla;Reta;Sim;2;0;0;0;2;0;0;2;-5,84949622;-35,20890752;SPRF-RN;DEL01-RN;UOP01-DEL01-RN
552746;04/10/2023;quarta-feira;08:45:00;MG;40;677,5;CARANDAI;Ausência de reação do condutor;Colisão transversal;Com Vítimas Feridas;Pleno dia;Crescente;Céu Claro;Simples;Reta;Não;4;0;1;0;3;0;1;2;-21,02723689;-43,78274886;SPRF-MG;DEL05-MG;UOP02-DEL05-MG
552747;04/10/2023;quarta-feira;08:05:00;SP;116;75;APARECIDA;Manobra de mudança de faixa;Queda de ocupante de veículo;Com Vítimas Feridas;Pleno dia;Crescente;Nublado;Dupla;Reta;Sim;1;0;1;0;0;0;1;1;-22,87516153;-45,26378892;SPRF-SP;DEL08-SP;UOP01-DEL08-SP
552751;04/10/2023;quarta-feira;08:40:00;RS;285;325,1;PASSO FUNDO;Velocidade Incompatível;Capotamento;Com Vítimas Feridas;Pleno dia;Crescente;Nublado;Simples;Curva;Não;4;0;2;0;2;0;2;3;-28,268545;-52,669102;SPRF-RS;DEL08-RS;UOP03-DEL08-RS
552752;04/10/2023;quarta-feira;08:15:00;PR;277;684;SAO MIGUEL DO IGUACU;Ausência de reação do condutor;Saída de leito carroçável;Com Vítimas Feridas;Pleno dia;Crescente;Nublado;Dupla;"Curva;Declive                 ";Não;3;0;2;0;1;0;2;1;-25,33864563;-54,19917133;SPRF-PR;DEL05-PR;UOP01-DEL05-PR
552754;04/10/2023;quarta-feira;08:55:00;PI;343;3;TERESINA;Reação tardia ou ineficiente do condutor;Colisão traseira;Com Vítimas Feridas;Pleno dia;Crescente;Chuva;Dupla;"Reta;Interseção de Vias       ";Sim;3;0;0;1;1;1;1;3;-5,089569;-42,802288;SPRF-PI;DEL01-PI;UOP01-DEL01-PI
552755;16/07/2023;domingo;18:55:00;RJ;101;246;SILVA JARDIM;Demais falhas mecânicas ou elétricas;Colisão traseira;Com Vítimas Fatais;Plena Noite;Decrescente;Céu Claro;Dupla;Curva;Não;7;2;0;2;3;0;2;2;-22,65131199;-42,48889201;SPRF-RJ;DEL02-RJ;UOP03-DEL02-RJ
552756;04/10/2023;quarta-feira;08:00:00;SC;158;134,2;CAIBI;Condutor deixou de manter distância do veículo da frente;Colisão traseira;Sem Vítimas;Pleno dia;Decrescente;Garoa/Chuvisco;Simples;Interseção de Vias;Não;3;0;0;0;3;0;0;3;-27,0698758;-53,2292199;SPRF-SC;DEL07-SC;UOP02-DEL07-SC
552757;04/10/2023;quarta-feira;10:00:00;TO;153;672;GURUPI;Pedestre cruzava a pista fora da faixa;Atropelamento de Pedestre;Com Vítimas Feridas;Pleno dia;Decrescente;Céu Claro;Dupla;"Rotatória;Declive;Reta        ";Sim;2;0;1;0;1;0;1;2;-11,72948104;-49,07908783;SPRF-TO;DEL01-TO;UOP02-DEL01-TO
552760;04/10/2023;quarta-feira;08:30:00;BA;135;146;RIACHAO DAS NEVES;Acostamento em desnível;Saída de leito carroçável;Com Vítimas Feridas;Pleno dia;Decrescente;Céu Claro;Simples;Reta;Não;1;0;1;0;0;0;1;1;-11,9096257;-44,87805232;SPRF-BA;DEL08-BA;UOP04-DEL08-BA
552764;04/10/2023;quarta-feira;09:20:00;SP;116;223,3;GUARULHOS;Ausência de reação do condutor;Queda de ocupante de veículo;Com Vítimas Feridas;Pleno dia;Crescente;Nublado;Múltipla;Reta;Não;3;0;2;0;0;1;2;2;-23,47559815;-46,5246609;SPRF-SP;DEL01-SP;UOP01-DEL01-SP
552765;04/10/2023;quarta-feira;10:50:00;PR;158;527,9;PATO BRANCO;Acumulo de água sobre o pavimento;Saída de leito carroçável;Com Vítimas Feridas;Pleno dia;Decrescente;Chuva;Simples;Curva;Não;1;0;1;0;0;0;1;1;-26,16899899;-52,66361486;SPRF-PR;DEL02-PR;UOP01-DEL02-PR
552768;04/10/2023;quarta-feira;10:00:00;PA;10;11,5;DOM ELISEU;Manobra de mudança de faixa;Saída de leito carroçável;Com Vítimas Feridas;Pleno dia;Decrescente;Céu Claro;Simples;Reta;Não;2;0;2;0;0;0;2;1;-4,348678;-47,53663565;SPRF-PA;DEL02-PA;UOP02-DEL02-PA
552770;04/10/2023;quarta-feira;09:20:00;SC;101;39;JOINVILLE;Acumulo de água sobre o pavimento;Colisão traseira;Sem Vítimas;Pleno dia;Crescente;Chuva;Múltipla;Reta;Não;2;0;0;0;2;0;0;2;-26,2628107;-48,90192257;SPRF-SC;DEL03-SC;UOP01-DEL03-SC
552775;28/09/2023;quinta-feira;22:30:00;RS;158;318,8;SANTA MARIA;Velocidade Incompatível;Colisão com objeto;Sem Vítimas;Plena Noite;Decrescente;Céu Claro;Dupla;"Curva;Aclive                  ";Não;2;0;0;0;2;0;0;1;-29,67430784;-53,77280831;SPRF-RS;DEL09-RS;UOP01-DEL09-RS
552776;04/10/2023;quarta-feira;12:15:00;SP;116;169;JACAREI;Ausência de reação do condutor;Colisão traseira;Com Vítimas Feridas;Pleno dia;Decrescente;Céu Claro;Dupla;Reta;Não;2;0;0;1;1;0;1;2;-23,307652;-46,045128;SPRF-SP;DEL02-SP;UOP01-DEL02-SP
552779;04/10/2023;quarta-feira;11:20:00;PE;232;26;MORENO;Demais falhas mecânicas ou elétricas;Incêndio;Sem Vítimas;Pleno dia;Decrescente;Sol;Dupla;Reta;Não;1;0;0;0;0;1;0;1;-8,11374411;-35,116886;SPRF-PE;DEL01-PE;UOP01-DEL01-PE
552784;04/10/2023;quarta-feira;13:00:00;SC;282;49;AGUAS MORNAS;Velocidade Incompatível;Colisão frontal;Com Vítimas Feridas;Pleno dia;Crescente;Chuva;Simples;Curva;Não;2;0;2;0;0;0;2;2;-27,712931;-48,943741;SPRF-SC;DEL01-SC;UOP03-DEL01-SC
552785;04/10/2023;quarta-feira;12:30:00;PR;376;3;APUCARANA;Demais falhas mecânicas ou elétricas;Saída de leito carroçável;Com Vítimas Feridas;Pleno dia;Decrescente;Céu Claro;Simples;Reta;Sim;1;0;0;1;0;0;1;1;-23,558392;-51,440423;SPRF-PR;DEL07-PR;UOP03-DEL07-PR
552786;04/10/2023;quarta-feira;11:50:00;RJ;116;110;GUAPIMIRIM;Reação tardia ou ineficiente do condutor;Tombamento;Com Vítimas Feridas;Pleno dia;Crescente;Céu Claro;Simples;Curva;Não;1;0;1;0;0;0;1;1;-22,55073275;-42,98968744;SPRF-RJ;DEL04-RJ;UOP01-DEL04-RJ
552790;04/10/2023;quarta-feira;11:45:00;PA;230;9,1;ALTAMIRA;Demais falhas mecânicas ou elétricas;Saída de leito carroçável;Com Vítimas Feridas;Pleno dia;Decrescente;Céu Claro;Simples;"Reta;Em Obras                 ";Sim;3;0;2;1;0;0;3;1;-3,21488495;-52,24161744;SPRF-PA;DEL03-PA;UOP01-DEL03-PA
552792;04/10/2023;quarta-feira;12:09:00;MT;163;91,3;RONDONOPOLIS;Carga excessiva e/ou mal acondicionada;Queda de ocupante de veículo;Com Vítimas Feridas;Pleno dia;Crescente;Nublado;Dupla;Reta;Não;1;0;1;0;0;0;1;1;-16,73218193;-54,64350269;SPRF-MT;DEL02-MT;UOP03-DEL02-MT
552794;08/09/2023;sexta-feira;21:47:00;SC;101;417,2;ARARANGUA;Ausência de reação do condutor;Colisão transversal;Com Vítimas Fatais;Plena Noite;Decrescente;Céu Claro;Múltipla;Reta;Não;2;1;0;0;1;0;0;2;-28,980735;-49,536989;SPRF-SC;DEL02-SC;UOP02-DEL02-SC
552798;04/10/2023;quarta-feira;13:00:00;PR;277;75;SAO JOSE DOS PINHAIS;Reação tardia ou ineficiente do condutor;Colisão traseira;Com Vítimas Feridas;Pleno dia;Crescente;Chuva;Dupla;Reta;Não;2;0;1;0;1;0;1;2;-25,51327981;-49,12433291;SPRF-PR;DEL01-PR;UOP01-DEL01-PR
552802;04/10/2023;quarta-feira;14:15:00;MG;50;141;UBERABA;Reação tardia ou ineficiente do condutor;Saída de leito carroçável;Com Vítimas Feridas;Pleno dia;Decrescente;Céu Claro;Dupla;"Reta;Aclive                   ";Não;1;0;1;0;0;0;1;1;-19,48525501;-48,05065502;SPRF-MG;DEL13-MG;UOP01-DEL13-MG
552803;04/10/2023;quarta-feira;11:55:00;RO;364;343,5;JI-PARANA;Condutor deixou de manter distância do veículo da frente;Colisão traseira;Com Vítimas Feridas;Pleno dia;Crescente;Céu Claro;Dupla;Reta;Sim;2;0;1;0;1;0;1;2;-10,87644392;-61,94864273;SPRF-RO;DEL02-RO;UOP01-DEL02-RO
552804;03/10/2023;terça-feira;19:40:00;BA;116;217;EUCLIDES DA CUNHA;Conversão proibida;Atropelamento de Pedestre;Com Vítimas Feridas;Plena Noite;Crescente;Céu Claro;Simples;"Reta;Aclive;Em Obras          ";Sim;2;0;0;1;1;0;1;2;-10,51076695;-39,00798798;SPRF-BA;DEL07-BA;UOP02-DEL07-BA
552805;17/07/2023;segunda-feira;06:55:00;MT;174;385;CONQUISTA DOESTE;Transitar na contramão;Colisão frontal;Com Vítimas Feridas;Pleno dia;Decrescente;Céu Claro;Simples;Curva;Não;3;0;0;3;0;0;3;2;-14,49543353;-59,56911564;SPRF-MT;DEL04-MT;UOP01-DEL04-MT
552806;04/10/2023;quarta-feira;13:40:00;RJ;393;235;VASSOURAS;Acessar a via sem observar a presença dos outros veículos;Colisão transversal;Com Vítimas Feridas;Pleno dia;Decrescente;Céu Claro;Simples;Reta;Não;2;0;1;0;1;0;1;2;-22,41053259;-43,67175937;SPRF-RJ;DEL05-RJ;UOP03-DEL05-RJ
552809;04/10/2023;quarta-feira;11:30:00;PR;376;460,2;TIBAGI;Velocidade Incompatível;Colisão com objeto;Sem Vítimas;Pleno dia;Crescente;Chuva;Dupla;"Declive;Curva                 ";Não;2;0;0;0;2;0;0;1;-24,984;-50,371;SPRF-PR;DEL03-PR;UOP01-DEL03-PR
552810;04/10/2023;quarta-feira;15:15:00;MG;50;170;UBERABA;Ausência de reação do condutor;Colisão com objeto;Com Vítimas Feridas;Pleno dia;Decrescente;Céu Claro;Dupla;Reta;Não;1;0;0;1;0;0;1;1;-19,73661208;-47,98290957;SPRF-MG;DEL13-MG;UOP01-DEL13-MG
552813;16/09/2023;sábado;15:20:00;BA;324;478;TANQUINHO;Velocidade Incompatível;Saída de leito carroçável;Com Vítimas Feridas;Pleno dia;Decrescente;Céu Claro;Simples;Curva;Não;1;0;0;1;0;0;1;1;-11,98345519;-39,0855312;SPRF-BA;DEL02-BA;UOP01-DEL02-BA
552818;04/10/2023;quarta-feira;13:50:00;DF;40;5;BRASILIA;Acessar a via sem observar a presença dos outros veículos;Colisão traseira;Com Vítimas Feridas;Pleno dia;Decrescente;Céu Claro;Dupla;Reta;Sim;5;0;2;1;2;0;3;2;-16,020903;-47,980541;SPRF-DF;DEL01-DF;UOP01-DEL01-DF
552819;04/10/2023;quarta-feira;16:30:00;RJ;116;185;NOVA IGUACU;Ausência de reação do condutor;Tombamento;Com Vítimas Feridas;Pleno dia;Crescente;Céu Claro;Dupla;Reta;Sim;1;0;1;0;0;0;1;1;-22,74151051;-43,45351823;SPRF-RJ;DEL01-RJ;UOP02-DEL01-RJ
552820;04/10/2023;quarta-feira;16:00:00;BA;242;800;BARREIRAS;Condutor deixou de manter distância do veículo da frente;Colisão traseira;Sem Vítimas;Pleno dia;Crescente;Céu Claro;Simples;Reta;Não;2;0;0;0;2;0;0;2;-12,1186;-45,0499;SPRF-BA;DEL10-BA;UOP01-DEL10-BA
552821;04/10/2023;quarta-feira;16:50:00;SP;116;382;MIRACATU;Demais falhas mecânicas ou elétricas;Incêndio;Sem Vítimas;Pleno dia;Decrescente;Nublado;Dupla;Reta;Não;1;0;0;0;1;0;0;1;-24,233543;-47,36028094;SPRF-SP;DEL04-SP;UOP02-DEL04-SP
552822;04/10/2023;quarta-feira;16:56:00;PE;408;89;SAO LOURENCO DA MATA;Acessar a via sem observar a presença dos outros veículos;Colisão transversal;Com Vítimas Feridas;Anoitecer;Crescente;Céu Claro;Dupla;"Retorno Regulamentado;Reta;Acl";Não;2;0;1;0;1;0;1;2;-7,98149086;-35,08112279;SPRF-PE;DEL01-PE;UOP01-DEL01-PE
552824;04/10/2023;quarta-feira;17:12:00;SC;101;209;SAO JOSE;Manobra de mudança de faixa;Colisão lateral mesmo sentido;Sem Vítimas;Pleno dia;Decrescente;Nublado;Dupla;Reta;Sim;2;0;0;0;2;0;0;2;-27,61000542;-48,63895057;SPRF-SC;DEL01-SC;UOP01-DEL01-SC
552825;04/10/2023;quarta-feira;10:00:00;RJ;101;483;ANGRA DOS REIS;Trafegar com motocicleta (ou similar) entre as faixas;Colisão lateral mesmo sentido;Com Vítimas Feridas;Pleno dia;Decrescente;Nublado;Simples;Reta;Sim;2;0;1;0;1;0;1;2;-22,99719001;-44,30136205;SPRF-RJ;DEL03-RJ;UOP03-DEL03-RJ
552826;13/08/2023;domingo;23:55:00;PI;343;308,3;ALTOS;Transitar na contramão;Colisão frontal;Com Vítimas Feridas;Plena Noite;Crescente;Céu Claro;Simples;Reta;Sim;2;0;0;1;1;0;1;2;-5,038669;-42,468166;SPRF-PI;DEL01-PI;UOP01-DEL01-PI
552827;07/05/2023;domingo;04:20:00;MS;163;481;CAMPO GRANDE;Avarias e/ou desgaste excessivo no pneu;Tombamento;Com Vítimas Feridas;Amanhecer;Crescente;Céu Claro;Simples;Reta;Sim;2;0;1;0;1;0;1;1;-20,469381;-54,55955;SPRF-MS;DEL01-MS;UOP01-DEL01-MS
552829;12/09/2023;terça-feira;09:00:00;PB;230;401;POMBAL;Reação tardia ou ineficiente do condutor;Colisão frontal;Com Vítimas Feridas;Pleno dia;Decrescente;Céu Claro;Simples;Reta;Não;2;0;0;1;1;0;1;2;-6,8152;-37,7667;SPRF-PB;DEL03-PB;UOP02-DEL03-PB
552831;04/10/2023;quarta-feira;16:55:00;RN;226;47;BOM JESUS;Condutor deixou de manter distância do veículo da frente;Colisão traseira;Com Vítimas Feridas;Anoitecer;Crescente;Céu Claro;Simples;Reta;Sim;2;0;1;0;1;0;1;2;-5,97947077;-35,57733515;SPRF-RN;DEL01-RN;UOP02-DEL01-RN
552832;04/10/2023;quarta-feira;16:00:00;RJ;40;118;DUQUE DE CAXIAS;Ultrapassagem Indevida;Colisão traseira;Com Vítimas Feridas;Pleno dia;Decrescente;Céu Claro;Dupla;Reta;Não;2;0;0;1;0;1;1;2;-22,75470802;-43,28737838;SPRF-RJ;DEL01-RJ;UOP01-DEL01-RJ
552833;04/10/2023;quarta-feira;17:30:00;RS;116;531;CAPAO DO LEAO;Acessar a via sem observar a presença dos outros veículos;Colisão transversal;Com Vítimas Feridas;Pleno dia;Decrescente;Nublado;Simples;Interseção de Vias;Sim;3;0;1;0;2;0;1;2;-31,76484347;-52,44483238;SPRF-RS;DEL07-RS;UOP01-DEL07-RS
552835;04/10/2023;quarta-feira;17:00:00;GO;153;668,9;GOIATUBA;Ausência de reação do condutor;Saída de leito carroçável;Com Vítimas Feridas;Anoitecer;Decrescente;Nublado;Dupla;Reta;Não;2;0;2;0;0;0;2;1;-18,1241;-49,283;SPRF-GO;DEL03-GO;UOP02-DEL03-GO
552836;04/10/2023;quarta-feira;18:00:00;MG;381;494,3;BETIM;Condutor deixou de manter distância do veículo da frente;Colisão traseira;Com Vítimas Feridas;Anoitecer;Decrescente;Céu Claro;Dupla;Reta;Sim;3;0;1;0;2;0;1;2;-19,96806494;-44,18010235;SPRF-MG;DEL04-MG;UOP03-DEL04-MG
552837;04/10/2023;quarta-feira;15:15:00;RJ;40;105;DUQUE DE CAXIAS;Transitar na contramão;Colisão frontal;Com Vítimas Feridas;Pleno dia;Decrescente;Céu Claro;Múltipla;Reta;Sim;2;0;1;0;1;0;1;2;-22,63784806;-43,28428824;SPRF-RJ;DEL01-RJ;UOP01-DEL01-RJ
552838;04/10/2023;quarta-feira;15:40:00;MA;135;2,2;SAO LUIS;Manobra de mudança de faixa;Colisão lateral mesmo sentido;Com Vítimas Feridas;Pleno dia;Crescente;Sol;Dupla;Retorno Regulamentado;Sim;2;0;1;0;1;0;1;2;-2,59806699;-44,24573511;SPRF-MA;DEL01-MA;UOP01-DEL01-MA
552840;04/10/2023;quarta-feira;13:00:00;RJ;101;152;MACAE;Reação tardia ou ineficiente do condutor;Saída de leito carroçável;Com Vítimas Feridas;Pleno dia;Crescente;Céu Claro;Simples;Reta;Não;1;0;1;0;0;0;1;1;-22,24915138;-41,81529996;SPRF-RJ;DEL08-RJ;UOP04-DEL08-RJ
552841;04/10/2023;quarta-feira;15:20:00;SP;116;561;BARRA DO TURVO;Pista Escorregadia;Capotamento;Sem Vítimas;Pleno dia;Decrescente;Chuva;Dupla;Curva;Não;1;0;0;0;0;1;0;1;-25,02045097;-48,51586004;SPRF-SP;DEL05-SP;UOP02-DEL05-SP
552843;04/10/2023;quarta-feira;18:00:00;PR;376;499,5;PONTA GROSSA;Velocidade Incompatível;Colisão traseira;Sem Vítimas;Anoitecer;Decrescente;Chuva;Dupla;Reta;Sim;4;0;0;0;4;0;0;2;-25,156;-50,132;SPRF-PR;DEL03-PR;UOP04-DEL03-PR
552844;04/10/2023;quarta-feira;15:00:00;RJ;101;197,9;CASIMIRO DE ABREU;Condutor deixou de manter distância do veículo da frente;Colisão traseira;Sem Vítimas;Pleno dia;Crescente;Céu Claro;Dupla;"Reta;Aclive                   ";Não;1;0;0;0;1;0;0;1;-22,49157051;-42,11796332;SPRF-RJ;DEL08-RJ;UOP04-DEL08-RJ
552846;26/09/2023;terça-feira;18:30:00;BA;324;608;SIMOES FILHO;Condutor deixou de manter distância do veículo da frente;Engavetamento;Com Vítimas Feridas;Plena Noite;Crescente;Céu Claro;Dupla;Reta;Não;2;0;2;0;0;0;2;1;-12,83155228;-38,412323;SPRF-BA;DEL01-BA;UOP01-DEL01-BA
552847;04/10/2023;quarta-feira;19:00:00;SE;101;89;NOSSA SENHORA DO SOCORRO;Acesso irregular;Colisão transversal;Com Vítimas Feridas;Plena Noite;Crescente;Céu Claro;Dupla;Reta;Sim;2;0;0;2;0;0;2;2;-10,88051024;-37,13355535;SPRF-SE;DEL01-SE;UOP01-DEL01-SE
552850;04/10/2023;quarta-feira;19:15:00;MG;40;517,1;RIBEIRAO DAS NEVES;Avarias e/ou desgaste excessivo no pneu;Queda de ocupante de veículo;Com Vítimas Feridas;Plena Noite;Decrescente;Nublado;Dupla;Reta;Sim;2;0;2;0;0;0;2;1;-19,82351202;-44,08438913;SPRF-MG;DEL01-MG;UOP02-DEL01-MG
552851;04/10/2023;quarta-feira;18:30:00;MG;116;409;GOVERNADOR VALADARES;Condutor deixou de manter distância do veículo da frente;Colisão traseira;Com Vítimas Feridas;Anoitecer;Crescente;Céu Claro;Dupla;Reta;Sim;2;0;1;0;1;0;1;2;-18,84936788;-41,97891368;SPRF-MG;DEL06-MG;UOP01-DEL06-MG
552853;04/10/2023;quarta-feira;19:50:00;AL;101;138;SAO MIGUEL DOS CAMPOS;Acesso irregular;Colisão transversal;Com Vítimas Feridas;Plena Noite;Crescente;Céu Claro;Dupla;Reta;Sim;3;0;2;0;1;0;2;2;-9,80975158;-36,11701903;SPRF-AL;DEL02-AL;UOP01-DEL02-AL
552854;04/10/2023;quarta-feira;18:40:00;PR;116;119;CURITIBA;Reação tardia ou ineficiente do condutor;Colisão traseira;Com Vítimas Feridas;Plena Noite;Crescente;Chuva;Dupla;"Reta;Declive;Interseção de Via";Não;5;0;3;0;2;0;3;4;-25,580735;-49,313171;SPRF-PR;DEL01-PR;UOP03-DEL01-PR
552855;30/09/2023;sábado;20:30:00;BA;116;230;EUCLIDES DA CUNHA;Velocidade Incompatível;Colisão traseira;Com Vítimas Fatais;Plena Noite;Crescente;Céu Claro;Simples;Reta;Não;5;1;0;4;0;0;4;3;-10,62456901;-38,96349803;SPRF-BA;DEL07-BA;UOP02-DEL07-BA
552857;04/10/2023;quarta-feira;10:10:00;SC;282;388,6;JOACABA;Acumulo de água sobre o pavimento;Saída de leito carroçável;Com Vítimas Feridas;Pleno dia;Decrescente;Chuva;Simples;"Reta;Declive                  ";Não;2;0;2;0;0;0;2;1;-27,179003;-51,531616;SPRF-SC;DEL07-SC;UOP05-DEL07-SC
552858;04/10/2023;quarta-feira;20:00:00;PB;230;21,8;JOAO PESSOA;Condutor deixou de manter distância do veículo da frente;Engavetamento;Sem Vítimas;Plena Noite;Decrescente;Céu Claro;Dupla;Reta;Sim;3;0;0;0;3;0;0;3;-7,1415;-34,8519;SPRF-PB;DEL01-PB;UOP01-DEL01-PB
552860;04/10/2023;quarta-feira;18:45:00;CE;116;6,6;FORTALEZA;Área urbana sem a presença de local apropriado para a travessia de pedestres;Atropelamento de Pedestre;Com Vítimas Feridas;Plena Noite;Decrescente;Céu Claro;Dupla;Reta;Sim;2;0;1;1;0;0;2;2;-3,808117;-38,501264;SPRF-CE;DEL01-CE;UOP02-DEL01-CE