id;data_inversa;dia_semana;horario;uf;br;km;municipio;causa_acidente;tipo_acidente;classificacao_acidente;fase_dia;sentido_via;condicao_metereologica;tipo_pista;tracado_via;uso_solo;pessoas;mortos;feridos_leves;feridos_graves;ilesos;ignorados;feridos;veiculos;latitude;longitude;regional;delegacia;uop
552862;04/10/2023;quarta-feira;19:20:00;PR;163;85,9;CAPANEMA;Desrespeitar a preferência no cruzamento;Colisão transversal;Com Vítimas Feridas;Plena Noite;Decrescente;Nublado;Simples;"Reta;Interseção de Vias       ";Não;4;0;1;0;3;0;1;2;-25,689358;-53,784006;SPRF-PR;DEL02-PR;UOP02-DEL02-PR
552863;04/10/2023;quarta-feira;18:35:00;PR;476;120,5;COLOMBO;Reação tardia ou ineficiente do condutor;Colisão traseira;Com Vítimas Feridas;Plena Noite;Crescente;Garoa/Chuvisco;Múltipla;Reta;Sim;7;0;2;0;5;0;2;3;-25,37191;-49,19146;SPRF-PR;DEL01-PR;UOP01-DEL01-PR
552864;04/10/2023;quarta-feira;10:27:00;SC;282;435,7;VARGEM BONITA;Acumulo de água sobre o pavimento;Saída de leito carroçável;Com Vítimas Feridas;Pleno dia;Decrescente;Chuva;Simples;Curva;Não;2;0;1;0;1;0;1;1;-26,97752;-51,823841;SPRF-SC;DEL07-SC;UOP04-DEL07-SC
552866;04/10/2023;quarta-feira;20:00:00;RN;101;108,3;PARNAMIRIM;Pedestre cruzava a pista fora da faixa;Atropelamento de Pedestre;Com Vítimas Feridas;Plena Noite;Crescente;Céu Claro;Múltipla;Reta;Sim;2;0;1;0;0;1;1;2;-5,927042;-35,264878;SPRF-RN;DEL01-RN;UOP01-DEL01-RN
552867;04/10/2023;quarta-feira;18:30:00;SP;116;488;CAJATI;Reação tardia ou ineficiente do condutor;Colisão transversal;Com Vítimas Feridas;Plena Noite;Decrescente;Chuva;Simples;"Rotatória;Retorno Regulamentad";Sim;5;0;1;0;4;0;1;2;-24,72991531;-48,09900284;SPRF-SP;DEL05-SP;UOP01-DEL05-SP
552868;04/10/2023;quarta-feira;19:15:00;SC;163;74,1;SAO MIGUEL DO OESTE;Reação tardia ou ineficiente do condutor;Saída de leito carroçável;Sem Vítimas;Plena Noite;Decrescente;Garoa/Chuvisco;Simples;Curva;Não;1;0;0;0;1;0;0;1;-26,70200479;-53,51350653;SPRF-SC;DEL07-SC;UOP03-DEL07-SC
552870;04/10/2023;quarta-feira;17:10:00;SP;153;256;MARILIA;Ausência de reação do condutor;Colisão traseira;Com Vítimas Feridas;Pleno dia;Decrescente;Nublado;Simples;Reta;Sim;2;0;1;0;1;0;1;2;-22,231552;-49,91968;SPRF-SP;DEL07-SP;UOP02-DEL07-SP
552871;03/10/2023;terça-feira;17:00:00;MS;158;2;CASSILANDIA;Acessar a via sem observar a presença dos outros veículos;Queda de ocupante de veículo;Com Vítimas Feridas;Anoitecer;Crescente;Vento;Simples;Reta;Não;1;0;1;0;0;0;1;1;-19,119783;-51,73276;SPRF-MS;DEL08-MS;UOP01-DEL08-MS
552872;04/10/2023;quarta-feira;20:25:00;MS;267;481,1;JARDIM;Acessar a via sem observar a presença dos outros veículos;Colisão transversal;Com Vítimas Feridas;Plena Noite;Crescente;Céu Claro;Simples;Interseção de Vias;Sim;2;0;1;0;1;0;1;2;-21,478745;-56,13899;SPRF-MS;DEL05-MS;UOP01-DEL05-MS
552876;04/10/2023;quarta-feira;19:00:00;MG;356;266;MURIAE;Velocidade Incompatível;Colisão lateral sentido oposto;Com Vítimas Feridas;Plena Noite;Decrescente;Céu Claro;Simples;Reta;Sim;4;0;2;1;0;1;3;2;-21,1285372;-42,3631891;SPRF-MG;DEL07-MG;UOP02-DEL07-MG
552877;04/10/2023;quarta-feira;19:00:00;MG;365;398;PATOS DE MINAS;Demais Fenômenos da natureza;Colisão com objeto;Com Vítimas Feridas;Plena Noite;Decrescente;Céu Claro;Simples;Reta;Não;2;0;0;1;1;0;1;1;-18,62844934;-46,40554592;SPRF-MG;DEL10-MG;UOP01-DEL10-MG
552878;04/10/2023;quarta-feira;16:30:00;PB;361;69;OLHO DAGUA;Condutor Dormindo;Saída de leito carroçável;Com Vítimas Feridas;Pleno dia;Crescente;Céu Claro;Simples;Reta;Não;1;0;1;0;0;0;1;1;-7,201715;-37,799699;SPRF-PB;DEL03-PB;UOP01-DEL03-PB
552879;19/09/2023;terça-feira;07:40:00;SP;116;220;GUARULHOS;Trafegar com motocicleta (ou similar) entre as faixas;Colisão traseira;Com Vítimas Feridas;Pleno dia;Crescente;Céu Claro;Múltipla;Reta;Não;2;0;1;0;0;1;1;2;-23,46472809;-46,49793962;SPRF-SP;DEL01-SP;UOP01-DEL01-SP
552880;04/10/2023;quarta-feira;20:40:00;RS;116;117,4;SAO MARCOS;Reação tardia ou ineficiente do condutor;Saída de leito carroçável;Com Vítimas Feridas;Plena Noite;Crescente;Chuva;Simples;Reta;Não;1;0;1;0;0;0;1;1;-28,98310299;-51,06761081;SPRF-RS;DEL05-RS;UOP01-DEL05-RS
552881;04/10/2023;quarta-feira;21:50:00;RJ;101;295;ITABORAI;Entrada inopinada do pedestre;Queda de ocupante de veículo;Com Vítimas Feridas;Plena Noite;Crescente;Céu Claro;Dupla;Reta;Sim;2;0;1;0;1;0;1;2;-22,76365068;-42,90223623;SPRF-RJ;DEL02-RJ;UOP02-DEL02-RJ
552883;04/10/2023;quarta-feira;18:00:00;AP;210;114;PORTO GRANDE;Manobra de mudança de faixa;Capotamento;Com Vítimas Feridas;Plena Noite;Decrescente;Ignorado;Simples;Reta;Não;2;0;2;0;0;0;2;1;0,70564616;-51,41271608;SPRF-AP;DEL01-AP;UOP01-DEL01-AP
552885;04/10/2023;quarta-feira;23:00:00;SC;101;197;BIGUACU;Velocidade Incompatível;Colisão com objeto;Com Vítimas Feridas;Plena Noite;Decrescente;Nublado;Dupla;"Aclive;Reta                   ";Sim;2;0;0;1;0;1;1;2;-27,51844497;-48,63848496;SPRF-SC;DEL01-SC;UOP01-DEL01-SC
552886;04/10/2023;quarta-feira;20:15:00;RS;116;25,7;VACARIA;Reação tardia ou ineficiente do condutor;Saída de leito carroçável;Sem Vítimas;Plena Noite;Decrescente;Nublado;Simples;Reta;Não;1;0;0;0;1;0;0;1;-28,40611002;-50,85626496;SPRF-RS;DEL05-RS;UOP03-DEL05-RS
552889;04/10/2023;quarta-feira;20:30:00;PA;230;690;BRASIL NOVO;Transitar na contramão;Colisão frontal;Com Vítimas Fatais;Plena Noite;Crescente;Ignorado;Dupla;"Reta;Aclive                   ";Não;3;1;0;2;0;0;2;2;-3,28903706;-52,49003432;SPRF-PA;DEL04-PA;UOP01-DEL04-PA
552891;05/10/2023;quinta-feira;01:10:00;GO;60;164;GOIANIA;Ausência de reação do condutor;Colisão traseira;Com Vítimas Feridas;Plena Noite;Crescente;Céu Claro;Dupla;Declive;Sim;2;0;1;0;1;0;1;2;-16,7036;-49,342;SPRF-GO;DEL01-GO;UOP02-DEL01-GO
552894;05/10/2023;quinta-feira;03:30:00;MG;50;15;UBERLANDIA;Velocidade Incompatível;Saída de leito carroçável;Com Vítimas Fatais;Plena Noite;Crescente;Nublado;Dupla;"Interseção de Vias;Curva;Acliv";Não;54;2;43;7;2;0;50;1;-18,91375674;-48,17174435;SPRF-MG;DEL15-MG;UOP01-DEL15-MG
552895;05/10/2023;quinta-feira;03:00:00;PE;428;153;PETROLINA;Ingestão de álcool pelo condutor;Colisão transversal;Sem Vítimas;Plena Noite;Decrescente;Ignorado;Simples;Reta;Não;4;0;0;0;4;0;0;2;-9,09314887;-40,32502723;SPRF-PE;DEL06-PE;UOP01-DEL06-PE
552899;05/10/2023;quinta-feira;02:00:00;MA;222;283;VITORIA DO MEARIM;Animais na Pista;Atropelamento de Animal;Com Vítimas Feridas;Plena Noite;Crescente;Céu Claro;Simples;Reta;Não;1;0;0;1;0;0;1;1;-3,4565814;-44,80021309;SPRF-MA;DEL02-MA;UOP01-DEL02-MA
552900;05/10/2023;quinta-feira;04:00:00;RJ;465;11;SEROPEDICA;Animais na Pista;Atropelamento de Animal;Sem Vítimas;Amanhecer;Decrescente;Céu Claro;Simples;Reta;Sim;1;0;0;0;1;0;0;1;-22,784172;-43,656998;SPRF-RJ;DEL01-RJ;UOP03-DEL01-RJ
552903;05/10/2023;quinta-feira;00:30:00;RJ;116;109;GUAPIMIRIM;Reação tardia ou ineficiente do condutor;Tombamento;Com Vítimas Feridas;Plena Noite;Decrescente;Céu Claro;Dupla;Curva;Não;1;0;1;0;0;0;1;1;-22,54280711;-42,98518617;SPRF-RJ;DEL04-RJ;UOP01-DEL04-RJ
552904;05/10/2023;quinta-feira;01:40:00;RJ;101;311;SAO GONCALO;Ingestão de substâncias psicoativas pelo condutor;Capotamento;Sem Vítimas;Plena Noite;Crescente;Nublado;Dupla;Reta;Sim;1;0;0;0;1;0;0;1;-22,80062246;-43,05318779;SPRF-RJ;DEL02-RJ;UOP02-DEL02-RJ
552907;05/10/2023;quinta-feira;07:00:00;MG;116;427;GOVERNADOR VALADARES;Acessar a via sem observar a presença dos outros veículos;Colisão lateral sentido oposto;Com Vítimas Feridas;Pleno dia;Crescente;Céu Claro;Simples;Reta;Não;2;0;1;0;1;0;1;2;-18,97690994;-41,98253806;SPRF-MG;DEL06-MG;UOP01-DEL06-MG
552908;05/10/2023;quinta-feira;07:15:00;PB;104;117,9;CAMPINA GRANDE;Ausência de reação do condutor;Queda de ocupante de veículo;Com Vítimas Feridas;Pleno dia;Crescente;Céu Claro;Simples;Reta;Sim;1;0;1;0;0;0;1;1;-7,19637839;-35,87571339;SPRF-PB;DEL02-PB;UOP04-DEL02-PB
552911;05/10/2023;quinta-feira;07:50:00;PE;104;62;CARUARU;Condutor deixou de manter distância do veículo da frente;Colisão traseira;Com Vítimas Feridas;Pleno dia;Decrescente;Céu Claro;Múltipla;Reta;Sim;2;0;1;0;1;0;1;2;-8,2618;-35,976;SPRF-PE;DEL02-PE;UOP01-DEL02-PE
552913;05/10/2023;quinta-feira;08:00:00;ES;101;268;SERRA;Reação tardia ou ineficiente do condutor;Colisão transversal;Com Vítimas Feridas;Pleno dia;Crescente;Nublado;Dupla;Reta;Sim;3;0;2;0;0;1;2;3;-20,20842;-40,269405;SPRF-ES;DEL02-ES;UOP01-DEL02-ES
552914;05/10/2023;quinta-feira;08:00:00;SC;101;114;ITAJAI;Ausência de reação do condutor;Colisão lateral mesmo sentido;Com Vítimas Feridas;Pleno dia;Decrescente;Chuva;Múltipla;Reta;Sim;2;0;0;1;1;0;1;2;-26,86192886;-48,7286704;SPRF-SC;DEL04-SC;UOP04-DEL04-SC
552915;09/09/2023;sábado;06:06:00;CE;116;105,9;MORADA NOVA;Ultrapassagem Indevida;Colisão frontal;Com Vítimas Fatais;Pleno dia;Decrescente;Céu Claro;Simples;Reta;Não;5;1;0;0;4;0;0;2;-4,54857288;-38,28304795;SPRF-CE;DEL03-CE;UOP02-DEL03-CE
552918;01/07/2023;sábado;13:10:00;SC;282;168,1;BOCAINA DO SUL;Transitar na contramão;Colisão frontal;Com Vítimas Feridas;Pleno dia;Decrescente;Céu Claro;Simples;Curva;Não;6;0;4;1;1;0;5;3;-27,743206;-49,824162;SPRF-SC;DEL05-SC;UOP01-DEL05-SC
552920;05/10/2023;quinta-feira;07:00:00;PR;277;80;CURITIBA;Mal súbito do condutor;Saída de leito carroçável;Com Vítimas Feridas;Pleno dia;Crescente;Chuva;Dupla;Reta;Sim;1;0;1;0;0;0;1;1;-25,568939;-49,181978;SPRF-PR;DEL01-PR;UOP01-DEL01-PR
552921;05/10/2023;quinta-feira;08:00:00;MA;135;4,8;SAO LUIS;Reação tardia ou ineficiente do condutor;Colisão traseira;Com Vítimas Feridas;Pleno dia;Decrescente;Céu Claro;Dupla;Reta;Sim;2;0;1;0;1;0;1;2;-2,61424881;-44,25257023;SPRF-MA;DEL01-MA;UOP01-DEL01-MA
552922;05/10/2023;quinta-feira;08:00:00;MG;116;414,5;GOVERNADOR VALADARES;Ultrapassagem Indevida;Colisão transversal;Com Vítimas Feridas;Pleno dia;Decrescente;Céu Claro;Simples;"Interseção de Vias;Curva      ";Sim;3;0;1;0;2;0;1;2;-18,88102703;-41,95910802;SPRF-MG;DEL06-MG;UOP01-DEL06-MG
552923;05/10/2023;quinta-feira;08:40:00;SC;101;209,9;SAO JOSE;Trafegar com motocicleta (ou similar) entre as faixas;Colisão traseira;Com Vítimas Feridas;Pleno dia;Decrescente;Nublado;Múltipla;Reta;Sim;5;0;4;0;1;0;4;3;-27,61000542;-48,63895057;SPRF-SC;DEL01-SC;UOP01-DEL01-SC
552926;05/10/2023;quinta-feira;08:30:00;BA;367;83;EUNAPOLIS;Acessar a via sem observar a presença dos outros veículos;Colisão traseira;Com Vítimas Feridas;Pleno dia;Crescente;Céu Claro;Simples;"Reta;Interseção de Vias       ";Sim;3;0;2;0;1;0;2;2;-16,37256267;-39,57064408;SPRF-BA;DEL09-BA;UOP03-DEL09-BA
552928;05/10/2023;quinta-feira;08:30:00;SP;116;512;CAJATI;Reação tardia ou ineficiente do condutor;Colisão com objeto;Com Vítimas Feridas;Pleno dia;Decrescente;Chuva;Simples;Reta;Não;1;0;1;0;0;0;1;1;-24,84304306;-48,22027915;SPRF-SP;DEL05-SP;UOP02-DEL05-SP
552932;05/10/2023;quinta-feira;09:30:00;PE;232;8,9;JABOATAO DOS GUARARAPES;Ausência de reação do condutor;Colisão lateral mesmo sentido;Com Vítimas Feridas;Pleno dia;Decrescente;Céu Claro;Múltipla;"Declive;Viaduto               ";Não;4;0;2;0;2;0;2;2;-8,07583727;-34,97015791;SPRF-PE;DEL01-PE;UOP01-DEL01-PE
552933;05/10/2023;quinta-feira;08:20:00;SC;101;377,8;ICARA;Manobra de mudança de faixa;Saída de leito carroçável;Com Vítimas Feridas;Pleno dia;Crescente;Nublado;Dupla;Reta;Sim;1;0;1;0;0;0;1;1;-28,74671869;-49,2615366;SPRF-SC;DEL02-SC;UOP01-DEL02-SC
552935;18/08/2023;sexta-feira;08:00:00;PR;277;83;CURITIBA;Trafegar com motocicleta (ou similar) entre as faixas;Colisão lateral mesmo sentido;Com Vítimas Feridas;Pleno dia;Decrescente;Céu Claro;Dupla;Reta;Sim;2;0;1;0;1;0;1;2;-25,45191623;-49,22711849;SPRF-PR;DEL01-PR;UOP01-DEL01-PR
552938;05/10/2023;quinta-feira;09:30:00;RJ;393;263;BARRA DO PIRAI;Chuva;Saída de leito carroçável;Com Vítimas Feridas;Pleno dia;Crescente;Chuva;Simples;Curva;Não;1;0;1;0;0;0;1;1;-22,47030537;-43,86674189;SPRF-RJ;DEL05-RJ;UOP04-DEL05-RJ
552939;05/10/2023;quinta-feira;09:30:00;MG;381;888,7;CAMBUI;Reação tardia ou ineficiente do condutor;Saída de leito carroçável;Com Vítimas Feridas;Pleno dia;Decrescente;Céu Claro;Dupla;Reta;Não;4;0;3;0;1;0;3;1;-22,57036508;-46,04169076;SPRF-MG;DEL16-MG;UOP03-DEL16-MG
552940;22/08/2023;terça-feira;16:00:00;MG;365;490;PATROCINIO;Reação tardia ou ineficiente do condutor;Capotamento;Com Vítimas Feridas;Pleno dia;Crescente;Ignorado;Dupla;Reta;Não;1;0;1;0;0;0;1;1;-18,90316848;-47,15970299;SPRF-MG;DEL10-MG;UOP01-DEL10-MG
552943;09/07/2023;domingo;18:55:00;RR;174;518;BOA VISTA;Ultrapassagem Indevida;Colisão frontal;Com Vítimas Fatais;Plena Noite;Crescente;Céu Claro;Simples;Curva;Não;4;2;0;0;2;0;0;2;2,921912;-60,712013;SPRF-RR;DEL01-RR;UOP01-DEL01-RR
552949;26/08/2023;sábado;16:00:00;RS;NA;NA;PALMEIRA DAS MISSOES;Demais falhas na via;Colisão com objeto;Sem Vítimas;Pleno dia;Não Informado;Céu Claro;Simples;"Reta;Aclive                   ";Não;2;0;0;0;2;0;0;1;-27,86148233;-53,37913513;SPRF-RS;DEL08-RS;UOP01-DEL08-RS
552951;05/10/2023;quinta-feira;06:41:00;RO;364;706;PORTO VELHO;Ausência de reação do condutor;Saída de leito carroçável;Sem Vítimas;Pleno dia;Decrescente;Céu Claro;Dupla;Curva;Não;2;0;0;0;0;2;0;2;-8,80030539;-63,823428;SPRF-RO;DEL01-RO;UOP01-DEL01-RO
552953;05/10/2023;quinta-feira;05:10:00;GO;20;172,8;ALVORADA DO NORTE;Demais falhas mecânicas ou elétricas;Incêndio;Sem Vítimas;Amanhecer;Crescente;Céu Claro;Simples;Reta;Não;1;0;0;0;1;0;0;1;-14,533333;-46,540195;SPRF-DF;DEL02-DF;UOP03-DEL02-DF
552955;05/10/2023;quinta-feira;11:00:00;RS;116;446;CRISTAL;Objeto estático sobre o leito carroçável;Eventos atípicos;Com Vítimas Feridas;Pleno dia;Decrescente;Céu Claro;Dupla;Reta;Não;2;0;1;0;1;0;1;1;-31,15904596;-52,03008752;SPRF-RS;DEL02-RS;UOP02-DEL02-RS
552957;05/10/2023;quinta-feira;11:50:00;SP;116;205;ARUJA;Manobra de mudança de faixa;Colisão lateral mesmo sentido;Com Vítimas Feridas;Pleno dia;Crescente;Nublado;Dupla;Reta;Sim;2;0;1;0;1;0;1;2;-23,41475243;-46,36600788;SPRF-SP;DEL01-SP;UOP01-DEL01-SP
552958;05/10/2023;quinta-feira;11:00:00;MG;50;136,1;UBERABA;Reação tardia ou ineficiente do condutor;Saída de leito carroçável;Com Vítimas Feridas;Pleno dia;Crescente;Céu Claro;Dupla;"Reta;Aclive                   ";Não;2;0;2;0;0;0;2;1;-19,44189098;-48,06412595;SPRF-MG;DEL13-MG;UOP01-DEL13-MG
552959;05/10/2023;quinta-feira;12:00:00;MG;381;489;BETIM;Reação tardia ou ineficiente do condutor;Colisão com objeto;Com Vítimas Feridas;Pleno dia;Crescente;Nublado;Dupla;Reta;Sim;1;0;1;0;0;0;1;1;-19,96245618;-44,16455495;SPRF-MG;DEL01-MG;UOP03-DEL01-MG
552960;05/10/2023;quinta-feira;12:15:00;RJ;116;142;DUQUE DE CAXIAS;Condutor deixou de manter distância do veículo da frente;Colisão traseira;Com Vítimas Feridas;Pleno dia;Decrescente;Céu Claro;Dupla;Reta;Sim;4;0;3;0;1;0;3;3;-22,64876087;-43,23031638;SPRF-RJ;DEL01-RJ;UOP01-DEL01-RJ
552962;05/10/2023;quinta-feira;10:15:00;SC;282;230;LAGES;Ausência de reação do condutor;Colisão traseira;Sem Vítimas;Pleno dia;Decrescente;Nublado;Simples;Curva;Não;5;0;0;0;5;0;0;4;-27,79109867;-50,41381359;SPRF-SC;DEL05-SC;UOP02-DEL05-SC
552963;05/10/2023;quinta-feira;11:00:00;RJ;116;196;QUEIMADOS;Ausência de reação do condutor;Colisão traseira;Com Vítimas Feridas;Pleno dia;Decrescente;Céu Claro;Simples;Reta;Não;2;0;1;0;1;0;1;2;-22,73336575;-43,55659479;SPRF-RJ;DEL01-RJ;UOP02-DEL01-RJ
552964;05/10/2023;quinta-feira;13:02:00;ES;101;267;SERRA;Ausência de reação do condutor;Colisão traseira;Com Vítimas Feridas;Pleno dia;Decrescente;Céu Claro;Dupla;Reta;Não;2;0;1;0;1;0;1;2;-20,19930999;-40,26884609;SPRF-ES;DEL02-ES;UOP01-DEL02-ES
552965;05/10/2023;quinta-feira;13:10:00;PR;277;726;FOZ DO IGUACU;Reação tardia ou ineficiente do condutor;Saída de leito carroçável;Com Vítimas Feridas;Pleno dia;Crescente;Céu Claro;Dupla;Curva;Sim;1;0;0;1;0;0;1;1;-25,51027932;-54,55866337;SPRF-PR;DEL05-PR;UOP03-DEL05-PR
552967;05/10/2023;quinta-feira;10:10:00;RJ;40;72,8;PETROPOLIS;Chuva;Colisão com objeto;Com Vítimas Feridas;Pleno dia;Crescente;Chuva;Dupla;Reta;Não;3;0;1;0;2;0;1;1;-22,4585308;-43,21600514;SPRF-RJ;DEL06-RJ;UOP01-DEL06-RJ
552968;05/10/2023;quinta-feira;12:40:00;SC;101;324,7;CAPIVARI DE BAIXO;Desrespeitar a preferência no cruzamento;Colisão transversal;Com Vítimas Feridas;Pleno dia;Decrescente;Nublado;Dupla;Interseção de Vias;Sim;2;0;1;0;1;0;1;2;-28,43307203;-48,95439148;SPRF-SC;DEL02-SC;UOP01-DEL02-SC
552970;05/10/2023;quinta-feira;11:30:00;RJ;40;72;PETROPOLIS;Chuva;Colisão com objeto;Com Vítimas Feridas;Pleno dia;Crescente;Garoa/Chuvisco;Dupla;Curva;Não;2;0;1;0;1;0;1;1;-22,4585308;-43,21600514;SPRF-RJ;DEL06-RJ;UOP01-DEL06-RJ
552971;05/10/2023;quinta-feira;14:00:00;SC;101;201;SAO JOSE;Reação tardia ou ineficiente do condutor;Colisão traseira;Com Vítimas Feridas;Pleno dia;Decrescente;Garoa/Chuvisco;Múltipla;Reta;Sim;2;0;1;0;1;0;1;2;-27,54836599;-48,61977975;SPRF-SC;DEL01-SC;UOP01-DEL01-SC
552972;05/10/2023;quinta-feira;11:20:00;MG;116;491,7;INHAPIM;Ultrapassagem Indevida;Colisão traseira;Com Vítimas Feridas;Pleno dia;Crescente;Céu Claro;Simples;Reta;Não;3;0;0;2;1;0;2;2;-19,48334;-42,12988723;SPRF-MG;DEL06-MG;UOP02-DEL06-MG
552973;05/10/2023;quinta-feira;11:45:00;MG;116;534,8;SANTA RITA DE MINAS;Condutor deixou de manter distância do veículo da frente;Colisão traseira;Com Vítimas Feridas;Pleno dia;Crescente;Céu Claro;Simples;Reta;Não;4;0;2;0;1;1;2;3;-19,84469501;-42,13981698;SPRF-MG;DEL06-MG;UOP02-DEL06-MG
552974;01/10/2023;domingo;09:45:00;AM;230;617;HUMAITA;Reação tardia ou ineficiente do condutor;Colisão transversal;Com Vítimas Feridas;Pleno dia;Crescente;Céu Claro;Simples;Reta;Sim;2;0;0;1;1;0;1;2;-7,536365;-63,058018;SPRF-AM;DEL01-AM;UOP05-DEL01-AM
552975;05/10/2023;quinta-feira;14:40:00;PR;369;201,1;APUCARANA;Conversão proibida;Colisão traseira;Com Vítimas Feridas;Pleno dia;Crescente;Céu Claro;Simples;Reta;Sim;2;0;1;0;1;0;1;2;-23,53521709;-51,4560771;SPRF-PR;DEL07-PR;UOP03-DEL07-PR
552976;05/10/2023;quinta-feira;14:02:00;RS;448;22;PORTO ALEGRE;Ausência de reação do condutor;Saída de leito carroçável;Com Vítimas Feridas;Pleno dia;Crescente;Céu Claro;Múltipla;"Curva;Aclive                  ";Sim;1;0;1;0;0;0;1;1;-29,97144227;-51,19980812;SPRF-RS;DEL01-RS;UOP01-DEL01-RS
552977;05/10/2023;quinta-feira;14:00:00;PR;116;40,3;CAMPINA GRANDE DO SUL;Reação tardia ou ineficiente do condutor;Colisão com objeto;Sem Vítimas;Pleno dia;Decrescente;Garoa/Chuvisco;Dupla;Curva;Não;2;0;0;0;2;0;0;1;-25,17141299;-48,86758203;SPRF-PR;DEL01-PR;UOP02-DEL01-PR
552979;05/10/2023;quinta-feira;14:26:00;CE;116;32;AQUIRAZ;Reação tardia ou ineficiente do condutor;Queda de ocupante de veículo;Com Vítimas Feridas;Pleno dia;Decrescente;Céu Claro;Dupla;"Reta;Ponte                    ";Não;1;0;0;1;0;0;1;1;-4,02676186;-38,51392889;SPRF-CE;DEL01-CE;UOP02-DEL01-CE
552982;05/10/2023;quinta-feira;15:00:00;PR;116;93;SAO JOSE DOS PINHAIS;Reação tardia ou ineficiente do condutor;Saída de leito carroçável;Com Vítimas Feridas;Pleno dia;Crescente;Chuva;Dupla;Reta;Não;3;0;3;0;0;0;3;1;-25,48227693;-49,10588805;SPRF-PR;DEL01-PR;UOP07-DEL01-PR
552983;05/10/2023;quinta-feira;14:30:00;SC;101;26,5;JOINVILLE;Chuva;Queda de ocupante de veículo;Com Vítimas Feridas;Pleno dia;Crescente;Chuva;Dupla;Reta;Não;2;0;1;0;1;0;1;2;-26,19234802;-48,91210384;SPRF-SC;DEL03-SC;UOP01-DEL03-SC
552984;05/10/2023;quinta-feira;12:54:00;AC;364;136;RIO BRANCO;Acessar a via sem observar a presença dos outros veículos;Colisão traseira;Com Vítimas Feridas;Pleno dia;Decrescente;Céu Claro;Dupla;Rotatória;Sim;2;0;1;0;1;0;1;2;-9,977578;-67,8489;SPRF-AC;DEL01-AC;UOP01-DEL01-AC
552985;05/10/2023;quinta-feira;13:40:00;GO;153;510,7;APARECIDA DE GOIANIA;Reação tardia ou ineficiente do condutor;Saída de leito carroçável;Com Vítimas Feridas;Pleno dia;Crescente;Chuva;Dupla;Reta;Sim;1;0;1;0;0;0;1;1;-16,7977;-49,2386;SPRF-GO;DEL01-GO;UOP03-DEL01-GO
552987;13/07/2023;quinta-feira;18:00:00;PI;343;9;PARNAIBA;Acessar a via sem observar a presença dos outros veículos;Colisão transversal;Com Vítimas Feridas;Anoitecer;Crescente;Céu Claro;Simples;Reta;Sim;2;0;0;1;1;0;1;2;-2,900722;-41,732681;SPRF-PI;DEL05-PI;UOP01-DEL05-PI
552989;05/10/2023;quinta-feira;12:58:00;PI;230;196;OEIRAS;Acessar a via sem observar a presença dos outros veículos;Colisão lateral mesmo sentido;Com Vítimas Feridas;Pleno dia;Decrescente;Céu Claro;Dupla;Reta;Sim;2;0;1;0;1;0;1;2;-7,00554;-42,11866;SPRF-PI;DEL04-PI;UOP01-DEL04-PI
552991;05/10/2023;quinta-feira;14:30:00;BA;367;50;PORTO SEGURO;Velocidade Incompatível;Capotamento;Com Vítimas Feridas;Pleno dia;Crescente;Céu Claro;Simples;Curva;Não;4;0;1;2;1;0;3;1;-16,37330881;-39,29852716;SPRF-BA;DEL09-BA;UOP03-DEL09-BA
552993;05/10/2023;quinta-feira;16:10:00;PE;101;84,8;JABOATAO DOS GUARARAPES;Condutor deixou de manter distância do veículo da frente;Colisão traseira;Com Vítimas Feridas;Pleno dia;Crescente;Sol;Dupla;"Reta;Ponte                    ";Sim;4;0;0;1;3;0;1;2;-8,180747;-34,95989;SPRF-PE;DEL01-PE;UOP01-DEL01-PE
552995;05/10/2023;quinta-feira;08:00:00;PR;376;167,8;MARINGA;Condutor deixou de manter distância do veículo da frente;Colisão traseira;Com Vítimas Feridas;Pleno dia;Crescente;Céu Claro;Dupla;Reta;Não;4;0;1;0;3;0;1;3;-23,40324167;-51,99632075;SPRF-PR;DEL09-PR;UOP01-DEL09-PR
552996;05/10/2023;quinta-feira;08:30:00;SP;116;146;SAO JOSE DOS CAMPOS;Avarias e/ou desgaste excessivo no pneu;Tombamento;Com Vítimas Feridas;Pleno dia;Crescente;Nublado;Múltipla;Declive;Sim;1;0;1;0;0;0;1;1;-23,19234634;-45,86623452;SPRF-SP;DEL02-SP;UOP01-DEL02-SP
552997;05/10/2023;quinta-feira;17:15:00;PE;101;70,8;RECIFE;Ausência de reação do condutor;Tombamento;Com Vítimas Fatais;Anoitecer;Decrescente;Céu Claro;Dupla;Reta;Sim;3;1;0;1;1;0;1;2;-8,06776119;-34,94265074;SPRF-PE;DEL01-PE;UOP01-DEL01-PE
553001;05/10/2023;quinta-feira;17:55:00;BA;324;518,7;FEIRA DE SANTANA;Ultrapassagem Indevida;Colisão lateral mesmo sentido;Com Vítimas Feridas;Plena Noite;Crescente;Céu Claro;Simples;Reta;Sim;2;0;1;0;1;0;1;2;-12,258195;-38,932182;SPRF-BA;DEL02-BA;UOP01-DEL02-BA