id;data_inversa;dia_semana;horario;uf;br;km;municipio;causa_acidente;tipo_acidente;classificacao_acidente;fase_dia;sentido_via;condicao_metereologica;tipo_pista;tracado_via;uso_solo;pessoas;mortos;feridos_leves;feridos_graves;ilesos;ignorados;feridos;veiculos;latitude;longitude;regional;delegacia;uop
553002;05/10/2023;quinta-feira;17:20:00;AL;101;185,8;JUNQUEIRO;Transitar na contramão;Colisão lateral sentido oposto;Com Vítimas Feridas;Pleno dia;Crescente;Céu Claro;Dupla;Reta;Sim;3;0;0;1;1;1;1;3;-9,89778998;-36,447429;SPRF-AL;DEL02-AL;UOP02-DEL02-AL
553004;05/10/2023;quinta-feira;17:30:00;PE;232;408,7;SERRA TALHADA;Acesso irregular;Colisão transversal;Com Vítimas Feridas;Plena Noite;Crescente;Céu Claro;Simples;Reta;Sim;2;0;0;2;0;0;2;2;-7,98371447;-38,28047709;SPRF-PE;DEL04-PE;UOP01-DEL04-PE
553005;05/10/2023;quinta-feira;16:00:00;SC;101;353,2;JAGUARUNA;Demais falhas mecânicas ou elétricas;Queda de ocupante de veículo;Com Vítimas Feridas;Pleno dia;Crescente;Céu Claro;Dupla;Reta;Não;2;0;1;0;1;0;1;1;-28,61232036;-49,06197674;SPRF-SC;DEL02-SC;UOP01-DEL02-SC
553007;05/10/2023;quinta-feira;18:35:00;SC;101;208;SAO JOSE;Manobra de mudança de faixa;Colisão lateral mesmo sentido;Com Vítimas Feridas;Anoitecer;Crescente;Nublado;Múltipla;Reta;Sim;2;0;1;0;1;0;1;2;-27,60327979;-48,63201818;SPRF-SC;DEL01-SC;UOP01-DEL01-SC
553008;05/10/2023;quinta-feira;18:20:00;MG;381;2,8;BETIM;Acesso irregular;Tombamento;Com Vítimas Feridas;Pleno dia;Crescente;Nublado;Dupla;Reta;Sim;1;0;0;1;0;0;1;1;-19,983866;-44,166055;SPRF-MG;DEL01-MG;UOP03-DEL01-MG
553011;05/10/2023;quinta-feira;18:20:00;GO;414;439;ANAPOLIS;Demais falhas mecânicas ou elétricas;Colisão transversal;Com Vítimas Feridas;Plena Noite;Crescente;Nublado;Simples;"Rotatória;Viaduto;Declive     ";Sim;2;0;1;0;1;0;1;2;-16,28128823;-48,94258908;SPRF-GO;DEL02-GO;UOP01-DEL02-GO
553012;05/10/2023;quinta-feira;17:10:00;MT;364;204,8;RONDONOPOLIS;Acessar a via sem observar a presença dos outros veículos;Colisão transversal;Com Vítimas Feridas;Pleno dia;Decrescente;Céu Claro;Dupla;"Interseção de Vias;Declive;Ret";Sim;2;0;1;0;1;0;1;2;-16,467325;-54,657196;SPRF-MT;DEL02-MT;UOP01-DEL02-MT
553013;05/10/2023;quinta-feira;18:15:00;RJ;40;113;DUQUE DE CAXIAS;Condutor Dormindo;Colisão com objeto;Com Vítimas Feridas;Plena Noite;Decrescente;Nublado;Dupla;Reta;Sim;1;0;1;0;0;0;1;1;-22,70948502;-43,29040354;SPRF-RJ;DEL01-RJ;UOP01-DEL01-RJ
553014;05/10/2023;quinta-feira;18:00:00;PR;116;121,8;CURITIBA;Reação tardia ou ineficiente do condutor;Colisão traseira;Com Vítimas Feridas;Anoitecer;Crescente;Nublado;Dupla;Reta;Sim;4;0;1;0;2;1;1;4;-25,5599323;-49,30743945;SPRF-PR;DEL01-PR;UOP03-DEL01-PR
553016;05/10/2023;quinta-feira;18:15:00;SP;116;97,5;PINDAMONHANGABA;Demais falhas mecânicas ou elétricas;Tombamento;Com Vítimas Feridas;Plena Noite;Decrescente;Chuva;Dupla;Reta;Não;1;0;1;0;0;0;1;1;-22,97375666;-45,44726115;SPRF-SP;DEL08-SP;UOP01-DEL08-SP
553018;05/10/2023;quinta-feira;19:00:00;DF;20;41;BRASILIA;Ausência de reação do condutor;Capotamento;Com Vítimas Feridas;Anoitecer;Crescente;Céu Claro;Dupla;Reta;Sim;1;0;1;0;0;0;1;1;-15,581073;-47,50346;SPRF-DF;DEL02-DF;UOP01-DEL02-DF
553019;05/10/2023;quinta-feira;19:00:00;SC;282;4,2;SAO JOSE;Manobra de mudança de faixa;Tombamento;Com Vítimas Feridas;Plena Noite;Crescente;Nublado;Múltipla;Reta;Sim;2;0;1;0;1;0;1;2;-27,592646;-48,604034;SPRF-SC;DEL01-SC;UOP01-DEL01-SC
553020;05/10/2023;quinta-feira;17:30:00;SC;163;107;GUARUJA DO SUL;Acessar a via sem observar a presença dos outros veículos;Colisão frontal;Com Vítimas Feridas;Pleno dia;Crescente;Céu Claro;Simples;Aclive;Não;2;0;1;0;1;0;1;2;-26,42588626;-53,52232218;SPRF-SC;DEL07-SC;UOP03-DEL07-SC
553021;05/10/2023;quinta-feira;16:45:00;PR;376;501,3;PONTA GROSSA;Ausência de reação do condutor;Saída de leito carroçável;Sem Vítimas;Pleno dia;Decrescente;Chuva;Dupla;Reta;Não;1;0;0;0;0;1;0;1;-25,20185079;-50,07092178;SPRF-PR;DEL03-PR;UOP04-DEL03-PR
553024;05/10/2023;quinta-feira;18:40:00;MA;222;665;ACAILANDIA;Ausência de reação do condutor;Colisão traseira;Com Vítimas Feridas;Plena Noite;Decrescente;Céu Claro;Simples;Reta;Não;3;0;2;0;0;1;2;2;-4,922137;-47,433228;SPRF-MA;DEL04-MA;UOP03-DEL04-MA
553025;06/08/2023;domingo;12:33:00;RJ;40;121;DUQUE DE CAXIAS;Objeto estático sobre o leito carroçável;Queda de ocupante de veículo;Com Vítimas Feridas;Pleno dia;Decrescente;Céu Claro;Múltipla;Reta;Sim;1;0;1;0;0;0;1;1;-22,78185499;-43,28571273;SPRF-RJ;DEL01-RJ;UOP01-DEL01-RJ
553027;05/10/2023;quinta-feira;19:06:00;GO;452;3;RIO VERDE;Pedestre andava na pista;Colisão com objeto;Com Vítimas Feridas;Plena Noite;Crescente;Céu Claro;Dupla;Curva;Sim;2;0;1;0;1;0;1;2;-17,80066089;-50,87743393;SPRF-GO;DEL04-GO;UOP01-DEL04-GO
553031;05/10/2023;quinta-feira;19:30:00;BA;116;365,1;SERRINHA;Ausência de reação do condutor;Colisão lateral sentido oposto;Com Vítimas Feridas;Plena Noite;Crescente;Céu Claro;Simples;Reta;Não;2;0;1;0;1;0;1;2;-11,752316;-38,986057;SPRF-BA;DEL02-BA;UOP01-DEL02-BA
553032;05/10/2023;quinta-feira;18:10:00;RJ;393;176;TRES RIOS;Pedestre andava na pista;Atropelamento de Pedestre;Com Vítimas Feridas;Plena Noite;Crescente;Chuva;Simples;Reta;Sim;2;0;0;1;1;0;1;2;-22,12586166;-43,21215519;SPRF-RJ;DEL05-RJ;UOP03-DEL05-RJ
553033;05/10/2023;quinta-feira;18:50:00;SP;153;182,7;LINS;Conversão proibida;Colisão frontal;Com Vítimas Feridas;Plena Noite;Decrescente;Céu Claro;Simples;"Interseção de Vias;Curva;Acliv";Não;2;0;0;1;1;0;1;2;-21,70026655;-49,79639887;SPRF-SP;DEL07-SP;UOP01-DEL07-SP
553034;05/10/2023;quinta-feira;16:05:00;PR;476;353,2;UNIAO DA VITORIA;Chuva;Saída de leito carroçável;Com Vítimas Feridas;Pleno dia;Decrescente;Garoa/Chuvisco;Simples;Reta;Não;2;0;2;0;0;0;2;1;-26,198172;-51,002659;SPRF-PR;DEL02-PR;UOP03-DEL02-PR
553035;05/10/2023;quinta-feira;16:20:00;RO;364;254;CACOAL;Condutor deixou de manter distância do veículo da frente;Colisão traseira;Sem Vítimas;Anoitecer;Crescente;Céu Claro;Simples;Reta;Não;5;0;0;0;4;1;0;2;-11,43632734;-61,59742302;SPRF-RO;DEL02-RO;UOP02-DEL02-RO
553036;05/10/2023;quinta-feira;18:50:00;PB;230;14,8;CABEDELO;Ausência de reação do condutor;Colisão traseira;Com Vítimas Feridas;Plena Noite;Decrescente;Céu Claro;Dupla;"Aclive;Reta;Viaduto           ";Sim;3;0;1;1;0;1;2;2;-7,09824544;-34,8477602;SPRF-PB;DEL01-PB;UOP01-DEL01-PB
553040;11/08/2023;sexta-feira;10:00:00;MG;267;77;JUIZ DE FORA;Reação tardia ou ineficiente do condutor;Colisão traseira;Com Vítimas Feridas;Pleno dia;Decrescente;Céu Claro;Simples;Reta;Não;2;0;0;1;1;0;1;2;-21,75169373;-43,19078013;SPRF-MG;DEL05-MG;UOP01-DEL05-MG
553041;05/10/2023;quinta-feira;19:50:00;SP;101;44,2;UBATUBA;Acessar a via sem observar a presença dos outros veículos;Colisão frontal;Com Vítimas Feridas;Plena Noite;Decrescente;Nublado;Simples;Reta;Sim;2;0;1;1;0;0;2;2;-23,41120978;-45,06612718;SPRF-SP;DEL06-SP;UOP01-DEL06-SP
553042;05/10/2023;quinta-feira;19:10:00;RJ;493;96;SEROPEDICA;Ausência de reação do condutor;Saída de leito carroçável;Com Vítimas Feridas;Plena Noite;Decrescente;Nublado;Dupla;Reta;Não;1;0;1;0;0;0;1;1;-22,7125764;-43,702299;SPRF-RJ;DEL03-RJ;UOP01-DEL03-RJ
553043;05/10/2023;quinta-feira;15:15:00;RS;101;12;DOM PEDRO DE ALCANTARA;Avarias e/ou desgaste excessivo no pneu;Saída de leito carroçável;Com Vítimas Feridas;Pleno dia;Decrescente;Nublado;Dupla;Curva;Sim;1;0;1;0;0;0;1;1;-29,38659602;-49,83647398;SPRF-RS;DEL03-RS;UOP02-DEL03-RS
553044;05/10/2023;quinta-feira;18:10:00;RO;364;309,8;PRESIDENTE MEDICI;Ingestão de álcool pelo condutor;Colisão traseira;Com Vítimas Feridas;Anoitecer;Crescente;Céu Claro;Simples;Reta;Sim;2;0;1;1;0;0;2;2;-11,163407;-61,901608;SPRF-RO;DEL02-RO;UOP01-DEL02-RO
553045;05/10/2023;quinta-feira;20:40:00;GO;153;426;ANAPOLIS;Ingestão de álcool pelo condutor;Colisão traseira;Com Vítimas Feridas;Plena Noite;Crescente;Céu Claro;Dupla;"Reta;Aclive                   ";Não;1;0;1;0;0;0;1;1;-16,221258;-49,013374;SPRF-GO;DEL02-GO;UOP01-DEL02-GO
553046;05/10/2023;quinta-feira;20:25:00;PI;316;3;TERESINA;Conversão proibida;Colisão transversal;Com Vítimas Feridas;Plena Noite;Crescente;Céu Claro;Múltipla;"Viaduto;Interseção de Vias    ";Sim;3;0;1;0;1;1;1;3;-5,12826443;-42,79292384;SPRF-PI;DEL01-PI;UOP02-DEL01-PI
553050;24/09/2023;domingo;13:50:00;BA;110;357;CATU;Transitar na contramão;Colisão frontal;Com Vítimas Fatais;Pleno dia;Crescente;Sol;Simples;Curva;Não;2;1;0;0;1;0;0;2;-12,34225607;-38,38638782;SPRF-BA;DEL01-BA;UOP04-DEL01-BA
553051;09/05/2023;terça-feira;10:40:00;MA;316;614,4;TIMON;Pedestre andava na pista;Atropelamento de Pedestre;Com Vítimas Fatais;Pleno dia;Crescente;Céu Claro;Simples;Reta;Não;2;1;0;0;0;1;0;2;-5,079532;-42,842918;SPRF-MA;DEL03-MA;UOP02-DEL03-MA
553055;05/10/2023;quinta-feira;18:10:00;MT;70;270;PRIMAVERA DO LESTE;Animais na Pista;Atropelamento de Animal;Com Vítimas Feridas;Plena Noite;Decrescente;Céu Claro;Simples;Reta;Não;2;0;2;0;0;0;2;1;-15,52958728;-54,21318586;SPRF-MT;DEL05-MT;UOP01-DEL05-MT
553056;05/10/2023;quinta-feira;23:00:00;PR;476;145,5;ARAUCARIA;Velocidade Incompatível;Saída de leito carroçável;Com Vítimas Feridas;Plena Noite;Crescente;Garoa/Chuvisco;Dupla;Reta;Sim;2;0;1;0;1;0;1;1;-25,547749;-49,32095;SPRF-PR;DEL01-PR;UOP06-DEL01-PR
553059;05/10/2023;quinta-feira;18:41:00;PE;316;143,8;PARNAMIRIM;Acessar a via sem observar a presença dos outros veículos;Atropelamento de Pedestre;Com Vítimas Fatais;Plena Noite;Crescente;Céu Claro;Simples;"Reta;Declive                  ";Não;2;1;1;0;0;0;1;2;-8,09165091;-39,59256693;SPRF-PE;DEL05-PE;UOP02-DEL05-PE
553060;05/10/2023;quinta-feira;22:50:00;SP;116;163;JACAREI;Avarias e/ou desgaste excessivo no pneu;Tombamento;Com Vítimas Feridas;Plena Noite;Decrescente;Nublado;Dupla;Reta;Não;1;0;1;0;0;0;1;1;-23,28649584;-45,9919851;SPRF-SP;DEL02-SP;UOP01-DEL02-SP
553062;05/10/2023;quinta-feira;23:30:00;CE;116;154;RUSSAS;Deficiência do Sistema de Iluminação/Sinalização;Queda de ocupante de veículo;Com Vítimas Feridas;Plena Noite;Crescente;Céu Claro;Simples;Reta;Não;2;0;0;1;0;1;1;2;-4,86890407;-38,0287231;SPRF-CE;DEL03-CE;UOP01-DEL03-CE
553065;06/10/2023;sexta-feira;00:01:00;RS;392;67;PELOTAS;Ausência de reação do condutor;Queda de ocupante de veículo;Com Vítimas Feridas;Plena Noite;Crescente;Céu Claro;Simples;Rotatória;Sim;1;0;1;0;0;0;1;1;-31,75709532;-52,39980728;SPRF-RS;DEL07-RS;UOP01-DEL07-RS
553066;05/10/2023;quinta-feira;22:05:00;MT;163;786,8;VERA;Transitar no Acostamento;Colisão com objeto;Com Vítimas Feridas;Plena Noite;Crescente;Céu Claro;Simples;Reta;Não;4;0;1;0;2;1;1;1;-12,287;-55,562;SPRF-MT;DEL06-MT;UOP01-DEL06-MT
553069;05/10/2023;quinta-feira;23:00:00;MT;70;282;PRIMAVERA DO LESTE;Transitar na contramão;Colisão frontal;Com Vítimas Feridas;Plena Noite;Crescente;Céu Claro;Simples;Reta;Sim;3;0;0;2;1;0;2;2;-15,57124297;-54,31324402;SPRF-MT;DEL05-MT;UOP01-DEL05-MT
553071;06/10/2023;sexta-feira;02:30:00;MG;381;841,2;SAO SEBASTIAO DA BELA VISTA;Ingestão de álcool pelo condutor;Saída de leito carroçável;Sem Vítimas;Plena Noite;Crescente;Nublado;Dupla;Reta;Não;1;0;0;0;1;0;0;1;-22,20885986;-45,86531323;SPRF-MG;DEL16-MG;UOP01-DEL16-MG
553074;06/10/2023;sexta-feira;02:40:00;PB;230;188,5;POCINHOS;Animais na Pista;Atropelamento de Animal;Com Vítimas Feridas;Plena Noite;Crescente;Céu Claro;Simples;Reta;Não;2;0;1;0;1;0;1;1;-7,1435;-36,1364;SPRF-PB;DEL02-PB;UOP02-DEL02-PB
553079;06/10/2023;sexta-feira;04:00:00;SC;101;178;BIGUACU;Ingestão de álcool pelo condutor;Colisão traseira;Sem Vítimas;Plena Noite;Decrescente;Garoa/Chuvisco;Dupla;Reta;Não;2;0;0;0;2;0;0;2;-27,36408098;-48,63391212;SPRF-SC;DEL01-SC;UOP01-DEL01-SC
553082;05/09/2023;terça-feira;21:00:00;RN;226;328,8;PATU;Condutor deixou de manter distância do veículo da frente;Colisão traseira;Com Vítimas Feridas;Plena Noite;Decrescente;Céu Claro;Simples;Reta;Não;3;0;1;1;0;1;2;2;-6,08101897;-37,554691;SPRF-RN;DEL04-RN;UOP01-DEL04-RN
553083;06/10/2023;sexta-feira;05:40:00;PE;408;94;SAO LOURENCO DA MATA;Demais falhas mecânicas ou elétricas;Colisão com objeto;Com Vítimas Feridas;Pleno dia;Decrescente;Céu Claro;Dupla;Reta;Não;1;0;1;0;0;0;1;1;-8,00448211;-35,04643006;SPRF-PE;DEL01-PE;UOP01-DEL01-PE
553084;01/10/2023;domingo;09:30:00;SC;282;501;XANXERE;Acessar a via sem observar a presença dos outros veículos;Colisão transversal;Com Vítimas Feridas;Pleno dia;Decrescente;Céu Claro;Simples;Rotatória;Sim;4;0;2;0;2;0;2;2;-26,882715;-52,381729;SPRF-SC;DEL07-SC;UOP01-DEL07-SC
553091;06/10/2023;sexta-feira;06:50:00;RN;101;77;EXTREMOZ;Desrespeitar a preferência no cruzamento;Colisão transversal;Com Vítimas Feridas;Pleno dia;Crescente;Céu Claro;Dupla;Reta;Não;2;0;0;1;1;0;1;2;-5,73180495;-35,29112135;SPRF-RN;DEL02-RN;UOP01-DEL02-RN
553092;06/10/2023;sexta-feira;04:30:00;MG;40;511,5;RIBEIRAO DAS NEVES;Reação tardia ou ineficiente do condutor;Colisão traseira;Com Vítimas Feridas;Plena Noite;Crescente;Chuva;Dupla;"Curva;Declive                 ";Sim;2;0;1;0;1;0;1;2;-19,78164295;-44,11733194;SPRF-MG;DEL01-MG;UOP02-DEL01-MG
553093;06/10/2023;sexta-feira;06:45:00;PR;116;120,4;CURITIBA;Ingestão de álcool pelo condutor;Saída de leito carroçável;Com Vítimas Feridas;Pleno dia;Crescente;Céu Claro;Simples;Curva;Sim;2;0;2;0;0;0;2;1;-25,55122256;-49,30503748;SPRF-PR;DEL01-PR;UOP03-DEL01-PR
553094;04/10/2023;quarta-feira;17:00:00;MT;70;62;BARRA DO GARCAS;Curva acentuada;Saída de leito carroçável;Sem Vítimas;Anoitecer;Decrescente;Chuva;Simples;Curva;Não;2;0;0;0;0;2;0;2;-15,70201696;-52,70608002;SPRF-MT;DEL07-MT;UOP01-DEL07-MT
553096;06/10/2023;sexta-feira;07:10:00;RN;406;105,6;JOAO CAMARA;Demais falhas mecânicas ou elétricas;Colisão frontal;Com Vítimas Feridas;Pleno dia;Decrescente;Céu Claro;Simples;Reta;Não;3;0;1;0;2;0;1;2;-5,54336535;-35,7969128;SPRF-RN;DEL02-RN;UOP01-DEL02-RN
553100;06/10/2023;sexta-feira;07:15:00;MG;40;448;CAETANOPOLIS;Velocidade Incompatível;Saída de leito carroçável;Com Vítimas Feridas;Pleno dia;Crescente;Chuva;Dupla;Reta;Não;4;0;3;0;1;0;3;1;-19,30931885;-44,37278577;SPRF-MG;DEL02-MG;UOP01-DEL02-MG
553102;09/07/2023;domingo;05:30:00;RS;101;19;TRES CACHOEIRAS;Condutor Dormindo;Saída de leito carroçável;Com Vítimas Feridas;Plena Noite;Crescente;Céu Claro;Múltipla;Reta;Sim;1;0;1;0;0;0;1;1;-29,42307528;-49,87816774;SPRF-RS;DEL03-RS;UOP02-DEL03-RS
553103;06/10/2023;sexta-feira;07:30:00;SC;282;482,1;VARGEAO;Velocidade Incompatível;Saída de leito carroçável;Com Vítimas Feridas;Pleno dia;Decrescente;Nublado;Simples;Curva;Não;1;0;1;0;0;0;1;1;-26,865356;-52,209568;SPRF-SC;DEL07-SC;UOP01-DEL07-SC
553104;15/09/2023;sexta-feira;19:50:00;PR;376;186;SARANDI;Ausência de reação do condutor;Saída de leito carroçável;Com Vítimas Feridas;Plena Noite;Crescente;Céu Claro;Dupla;"Reta;Interseção de Vias       ";Não;3;0;1;0;1;1;1;3;-23,44999;-51,85698;SPRF-PR;DEL09-PR;UOP01-DEL09-PR
553105;06/10/2023;sexta-feira;07:15:00;MT;163;764;SORRISO;Transitar no Acostamento;Colisão traseira;Com Vítimas Feridas;Pleno dia;Crescente;Sol;Simples;Reta;Não;2;0;0;1;1;0;1;2;-12,436362;-55,650748;SPRF-MT;DEL06-MT;UOP01-DEL06-MT
553106;06/10/2023;sexta-feira;08:20:00;SC;101;211;PALHOCA;Trafegar com motocicleta (ou similar) entre as faixas;Tombamento;Com Vítimas Feridas;Pleno dia;Decrescente;Chuva;Dupla;Reta;Sim;1;0;1;0;0;0;1;1;-27,62329313;-48,65245588;SPRF-SC;DEL01-SC;UOP02-DEL01-SC
553110;06/10/2023;sexta-feira;05:50:00;MG;381;1;BETIM;Reação tardia ou ineficiente do condutor;Colisão frontal;Com Vítimas Feridas;Amanhecer;Decrescente;Céu Claro;Dupla;Reta;Não;4;0;2;0;2;0;2;2;-19,96825;-44,198708;SPRF-MG;DEL01-MG;UOP03-DEL01-MG
553111;06/10/2023;sexta-feira;08:40:00;PB;230;23,2;JOAO PESSOA;Reação tardia ou ineficiente do condutor;Queda de ocupante de veículo;Com Vítimas Feridas;Pleno dia;Decrescente;Nublado;Dupla;"Viaduto;Reta;Declive          ";Sim;1;0;0;1;0;0;1;1;-7,16403753;-34,86181829;SPRF-PB;DEL01-PB;UOP01-DEL01-PB
553114;17/09/2023;domingo;19:35:00;SC;101;207;SAO JOSE;Condutor deixou de manter distância do veículo da frente;Colisão traseira;Com Vítimas Feridas;Plena Noite;Crescente;Céu Claro;Múltipla;Reta;Sim;2;0;1;0;1;0;1;2;-27,60001226;-48,6226467;SPRF-SC;DEL01-SC;UOP01-DEL01-SC
553116;06/10/2023;sexta-feira;07:00:00;PE;423;178,4;AGUAS BELAS;Ausência de reação do condutor;Colisão traseira;Com Vítimas Feridas;Amanhecer;Crescente;Céu Claro;Simples;Reta;Não;4;0;2;1;0;1;3;2;-9,13045533;-37,12366999;SPRF-AL;DEL03-AL;UOP02-DEL03-AL
553117;06/10/2023;sexta-feira;08:15:00;RJ;101;425;MANGARATIBA;Acessar a via sem observar a presença dos outros veículos;Colisão transversal;Com Vítimas Feridas;Pleno dia;Crescente;Chuva;Simples;"Reta;Retorno Regulamentado    ";Sim;7;0;7;0;0;0;7;2;-22,92618815;-43,96323294;SPRF-RJ;DEL03-RJ;UOP02-DEL03-RJ
553119;06/10/2023;sexta-feira;09:00:00;PR;376;4,1;APUCARANA;Acessar a via sem observar a presença dos outros veículos;Colisão transversal;Com Vítimas Feridas;Pleno dia;Crescente;Céu Claro;Dupla;"Reta;Interseção de Vias       ";Sim;2;0;1;0;1;0;1;2;-23,5513;-51,461266;SPRF-PR;DEL07-PR;UOP03-DEL07-PR
553120;06/10/2023;sexta-feira;09:44:00;PB;101;86;JOAO PESSOA;Demais falhas na via;Tombamento;Com Vítimas Feridas;Pleno dia;Decrescente;Céu Claro;Simples;"Em Obras;Declive              ";Não;1;0;1;0;0;0;1;1;-7,15118983;-34,91012184;SPRF-PB;DEL01-PB;UOP01-DEL01-PB
553121;06/10/2023;sexta-feira;08:40:00;PB;101;85;BAYEUX;Demais falhas na via;Tombamento;Com Vítimas Feridas;Pleno dia;Decrescente;Céu Claro;Dupla;"Reta;Em Obras;Retorno Regulame";Sim;1;0;1;0;0;0;1;1;-7,15088613;-34,91003394;SPRF-PB;DEL01-PB;UOP01-DEL01-PB
553122;06/10/2023;sexta-feira;08:50:00;SE;235;1,5;ARACAJU;Acessar a via sem observar a presença dos outros veículos;Colisão lateral mesmo sentido;Com Vítimas Feridas;Pleno dia;Decrescente;Céu Claro;Múltipla;Reta;Sim;2;0;1;0;1;0;1;2;-10,9073;-37,0947;SPRF-SE;DEL01-SE;UOP01-DEL01-SE
553123;06/10/2023;sexta-feira;07:31:00;RS;470;161,3;NOVA PRATA;Transitar na contramão;Colisão frontal;Com Vítimas Feridas;Pleno dia;Decrescente;Nublado;Simples;"Retorno Regulamentado;Reta    ";Não;4;0;2;2;0;0;4;3;-28,81967936;-51,59069717;SPRF-RS;DEL06-RS;UOP02-DEL06-RS
553124;06/10/2023;sexta-feira;08:00:00;MG;40;529;CONTAGEM;Trafegar com motocicleta (ou similar) entre as faixas;Colisão lateral mesmo sentido;Com Vítimas Feridas;Pleno dia;Crescente;Céu Claro;Dupla;Reta;Não;2;0;2;0;0;0;2;2;-19,91814198;-44,03949022;SPRF-MG;DEL01-MG;UOP02-DEL01-MG
553125;06/10/2023;sexta-feira;08:20:00;BA;324;615,9;SALVADOR;Trafegar com motocicleta (ou similar) entre as faixas;Colisão traseira;Com Vítimas Feridas;Pleno dia;Crescente;Céu Claro;Dupla;Reta;Não;2;0;1;0;1;0;1;2;-12,87206398;-38,42746403;SPRF-BA;DEL01-BA;UOP01-DEL01-BA
553126;06/10/2023;sexta-feira;08:00:00;PE;101;44,2;IGARASSU;Acessar a via sem observar a presença dos outros veículos;Colisão transversal;Sem Vítimas;Pleno dia;Crescente;Céu Claro;Múltipla;Reta;Não;3;0;0;0;2;1;0;2;-7,85637001;-34,90842109;SPRF-PE;DEL01-PE;UOP02-DEL01-PE
553127;06/10/2023;sexta-feira;09:30:00;PR;376;181,9;MARINGA;Manobra de mudança de faixa;Colisão lateral mesmo sentido;Com Vítimas Feridas;Pleno dia;Decrescente;Sol;Múltipla;Reta;Sim;3;0;1;0;2;0;1;3;-23,43197477;-51,88671852;SPRF-PR;DEL09-PR;UOP01-DEL09-PR
553130;06/10/2023;sexta-feira;06:30:00;RJ;101;490,2;ANGRA DOS REIS;Ultrapassagem Indevida;Colisão lateral sentido oposto;Com Vítimas Fatais;Pleno dia;Crescente;Céu Claro;Simples;"Declive;Curva                 ";Sim;2;1;1;0;0;0;1;2;-22,95640053;-44,31282898;SPRF-RJ;DEL03-RJ;UOP03-DEL03-RJ
553131;06/10/2023;sexta-feira;09:50:00;PB;101;86;JOAO PESSOA;Afundamento ou ondulação no pavimento;Tombamento;Sem Vítimas;Pleno dia;Decrescente;Céu Claro;Dupla;"Reta;Em Obras                 ";Sim;2;0;0;0;2;0;0;1;-7,15089108;-34,90987008;SPRF-PB;DEL01-PB;UOP01-DEL01-PB
553132;06/10/2023;sexta-feira;08:35:00;MA;226;75;CAXIAS;Desrespeitar a preferência no cruzamento;Colisão transversal;Com Vítimas Feridas;Pleno dia;Crescente;Céu Claro;Simples;Reta;Sim;2;0;1;0;1;0;1;2;-5,224909;-43,451706;SPRF-MA;DEL03-MA;UOP02-DEL03-MA
553134;06/10/2023;sexta-feira;08:50:00;RJ;40;43,1;AREAL;Velocidade Incompatível;Colisão com objeto;Com Vítimas Feridas;Pleno dia;Decrescente;Nublado;Dupla;Curva;Sim;2;0;2;0;0;0;2;1;-22,265139;-43,108506;SPRF-RJ;DEL05-RJ;UOP02-DEL05-RJ
553135;17/09/2023;domingo;15:45:00;SP;116;133;CACAPAVA;Reação tardia ou ineficiente do condutor;Tombamento;Com Vítimas Feridas;Pleno dia;Crescente;Céu Claro;Dupla;Reta;Sim;2;0;1;0;0;1;1;2;-23,13370668;-45,74794337;SPRF-SP;DEL02-SP;UOP02-DEL02-SP
553137;06/10/2023;sexta-feira;10:10:00;SC;101;196,2;BIGUACU;Ingestão de substâncias psicoativas pelo condutor;Colisão com objeto;Com Vítimas Feridas;Pleno dia;Decrescente;Nublado;Dupla;Reta;Sim;1;0;1;0;0;0;1;1;-27,51276282;-48,64087343;SPRF-SC;DEL01-SC;UOP01-DEL01-SC
553139;06/10/2023;sexta-feira;10:00:00;RJ;40;62;PETROPOLIS;Ausência de reação do condutor;Capotamento;Com Vítimas Feridas;Pleno dia;Decrescente;Céu Claro;Dupla;Reta;Não;1;0;1;0;0;0;1;1;-22,40542358;-43,14664526;SPRF-RJ;DEL05-RJ;UOP02-DEL05-RJ
553140;06/10/2023;sexta-feira;10:45:00;PR;277;722;FOZ DO IGUACU;Ausência de reação do condutor;Tombamento;Com Vítimas Feridas;Pleno dia;Crescente;Céu Claro;Dupla;Reta;Sim;1;0;1;0;0;0;1;1;-25,49494908;-54,52095097;SPRF-PR;DEL05-PR;UOP03-DEL05-PR
553141;06/10/2023;sexta-feira;10:00:00;RO;364;236,9;CACOAL;Condutor deixou de manter distância do veículo da frente;Colisão traseira;Sem Vítimas;Pleno dia;Decrescente;Céu Claro;Simples;Reta;Sim;2;0;0;0;2;0;0;2;-11,44410275;-61,44492924;SPRF-RO;DEL02-RO;UOP02-DEL02-RO
553142;06/10/2023;sexta-feira;11:00:00;SC;101;213,6;PALHOCA;Manobra de mudança de faixa;Colisão lateral mesmo sentido;Com Vítimas Feridas;Pleno dia;Decrescente;Nublado;Dupla;Reta;Sim;2;0;1;0;0;1;1;2;-27,63697369;-48,66514142;SPRF-SC;DEL01-SC;UOP02-DEL01-SC
553143;06/10/2023;sexta-feira;11:05:00;BA;324;612,5;SALVADOR;Condutor deixou de manter distância do veículo da frente;Colisão traseira;Sem Vítimas;Pleno dia;Crescente;Sol;Múltipla;Reta;Sim;3;0;0;0;3;0;0;3;-12,84664721;-38,41741648;SPRF-BA;DEL01-BA;UOP01-DEL01-BA
553144;06/10/2023;sexta-feira;08:50:00;SP;116;216;GUARULHOS;Reação tardia ou ineficiente do condutor;Colisão traseira;Com Vítimas Feridas;Pleno dia;Crescente;Céu Claro;Dupla;Reta;Sim;2;0;1;0;0;1;1;2;-23,45056589;-46,46258105;SPRF-SP;DEL01-SP;UOP01-DEL01-SP