id;data_inversa;dia_semana;horario;uf;br;km;municipio;causa_acidente;tipo_acidente;classificacao_acidente;fase_dia;sentido_via;condicao_metereologica;tipo_pista;tracado_via;uso_solo;pessoas;mortos;feridos_leves;feridos_graves;ilesos;ignorados;feridos;veiculos;latitude;longitude;regional;delegacia;uop
553261;06/10/2023;sexta-feira;19:15:00;RS;287;397;SANTIAGO;Acessar a via sem observar a presença dos outros veículos;Colisão transversal;Com Vítimas Feridas;Plena Noite;Crescente;Nublado;Simples;"Interseção de Vias;Reta       ";Sim;2;0;1;0;1;0;1;2;-29,18174686;-54,84887838;SPRF-RS;DEL12-RS;UOP02-DEL12-RS
553262;06/10/2023;sexta-feira;20:40:00;RS;116;486;TURUCU;Manobra de mudança de faixa;Capotamento;Com Vítimas Feridas;Plena Noite;Crescente;Nublado;Dupla;Reta;Sim;4;0;0;4;0;0;4;1;-31,43719298;-52,19160503;SPRF-RS;DEL07-RS;UOP01-DEL07-RS
553263;06/10/2023;sexta-feira;17:40:00;AC;317;344;BRASILEIA;Reação tardia ou ineficiente do condutor;Colisão frontal;Com Vítimas Feridas;Anoitecer;Crescente;Céu Claro;Simples;Reta;Não;3;0;1;0;2;0;1;2;-10,86879358;-69,07573414;SPRF-AC;DEL01-AC;UOP02-DEL01-AC
553264;06/10/2023;sexta-feira;21:00:00;MG;40;504,3;ESMERALDAS;Modificação proibida;Tombamento;Com Vítimas Feridas;Plena Noite;Crescente;Céu Claro;Dupla;Reta;Sim;2;0;1;0;1;0;1;2;-19,73146;-44,15211;SPRF-MG;DEL02-MG;UOP01-DEL02-MG
553265;06/10/2023;sexta-feira;18:00:00;PI;343;16,6;PARNAIBA;Animais na Pista;Atropelamento de Animal;Com Vítimas Feridas;Anoitecer;Decrescente;Céu Claro;Simples;Reta;Sim;2;0;2;0;0;0;2;1;-2,95453324;-41,75799891;SPRF-PI;DEL05-PI;UOP01-DEL05-PI
553267;06/10/2023;sexta-feira;18:10:00;RJ;116;184;NOVA IGUACU;Condutor deixou de manter distância do veículo da frente;Colisão traseira;Com Vítimas Feridas;Plena Noite;Decrescente;Nublado;Dupla;"Reta;Aclive                   ";Sim;3;0;1;0;2;0;1;2;-22,74040646;-43,49933624;SPRF-RJ;DEL01-RJ;UOP02-DEL01-RJ
553268;06/10/2023;sexta-feira;17:40:00;RJ;116;175;RIO DE JANEIRO;Condutor deixou de manter distância do veículo da frente;Colisão traseira;Com Vítimas Feridas;Anoitecer;Crescente;Nublado;Múltipla;Reta;Sim;4;0;2;0;2;0;2;2;-22,78923555;-43,37275272;SPRF-RJ;DEL01-RJ;UOP02-DEL01-RJ
553269;06/10/2023;sexta-feira;19:07:00;MG;381;621,5;OLIVEIRA;Ausência de reação do condutor;Saída de leito carroçável;Com Vítimas Feridas;Plena Noite;Decrescente;Nublado;Dupla;Curva;Sim;1;0;1;0;0;0;1;1;-20,79358497;-44,78938914;SPRF-MG;DEL04-MG;UOP01-DEL04-MG
553271;06/10/2023;sexta-feira;18:45:00;PR;373;178,5;PONTA GROSSA;Iluminação deficiente;Atropelamento de Pedestre;Com Vítimas Fatais;Plena Noite;Crescente;Nublado;Simples;"Reta;Retorno Regulamentado    ";Sim;2;1;0;0;1;0;0;2;-25,04712243;-50,23591071;SPRF-PR;DEL03-PR;UOP01-DEL03-PR
553274;06/10/2023;sexta-feira;17:45:00;RJ;116;184;NOVA IGUACU;Reação tardia ou ineficiente do condutor;Colisão traseira;Com Vítimas Feridas;Anoitecer;Crescente;Céu Claro;Dupla;Reta;Não;2;0;2;0;0;0;2;1;-22,74647215;-43,44594311;SPRF-RJ;DEL01-RJ;UOP02-DEL01-RJ
553276;06/10/2023;sexta-feira;19:40:00;RJ;116;182;NOVA IGUACU;Trafegar com motocicleta (ou similar) entre as faixas;Colisão transversal;Com Vítimas Feridas;Plena Noite;Crescente;Céu Claro;Dupla;Reta;Não;2;0;0;1;1;0;1;2;-22,7567755;-43,43107234;SPRF-RJ;DEL01-RJ;UOP02-DEL01-RJ
553278;06/10/2023;sexta-feira;20:10:00;SC;282;502,3;XANXERE;Acessar a via sem observar a presença dos outros veículos;Colisão transversal;Com Vítimas Feridas;Plena Noite;Decrescente;Garoa/Chuvisco;Dupla;Rotatória;Sim;2;0;1;0;1;0;1;2;-26,88561443;-52,39498788;SPRF-SC;DEL07-SC;UOP01-DEL07-SC
553279;06/10/2023;sexta-feira;20:00:00;MT;163;837;SINOP;Chuva;Tombamento;Com Vítimas Feridas;Plena Noite;Crescente;Chuva;Simples;Reta;Sim;1;0;0;1;0;0;1;1;-11,842178;-55,490193;SPRF-MT;DEL06-MT;UOP02-DEL06-MT
553280;06/10/2023;sexta-feira;20:30:00;RR;401;12,6;BOA VISTA;Acessar a via sem observar a presença dos outros veículos;Colisão transversal;Com Vítimas Feridas;Plena Noite;Crescente;Céu Claro;Simples;Interseção de Vias;Sim;2;0;2;0;0;0;2;2;2,80229396;-60,68243402;SPRF-RR;DEL01-RR;UOP01-DEL01-RR
553284;06/10/2023;sexta-feira;19:10:00;SC;480;130,8;CHAPECO;Acessar a via sem observar a presença dos outros veículos;Colisão transversal;Sem Vítimas;Plena Noite;Crescente;Chuva;Simples;Interseção de Vias;Sim;2;0;0;0;2;0;0;2;-27,05534298;-52,63652069;SPRF-SC;DEL07-SC;UOP01-DEL07-SC
553285;06/10/2023;sexta-feira;22:34:00;PR;376;185;SARANDI;Demais falhas mecânicas ou elétricas;Saída de leito carroçável;Com Vítimas Feridas;Plena Noite;Crescente;Céu Claro;Dupla;Reta;Não;1;0;1;0;0;0;1;1;-23,45147413;-51,85361808;SPRF-PR;DEL09-PR;UOP01-DEL09-PR
553286;06/10/2023;sexta-feira;22:30:00;GO;50;96;CRISTALINA;Reação tardia ou ineficiente do condutor;Colisão traseira;Com Vítimas Feridas;Plena Noite;Crescente;Chuva;Simples;"Reta;Em Obras                 ";Sim;1;0;1;0;0;0;1;1;-16,9309;-47,7117;SPRF-DF;DEL01-DF;UOP02-DEL01-DF
553287;06/10/2023;sexta-feira;20:15:00;PR;376;326,8;ORTIGUEIRA;Velocidade Incompatível;Colisão com objeto;Com Vítimas Feridas;Plena Noite;Decrescente;Céu Claro;Simples;"Curva;Declive                 ";Não;1;0;0;1;0;0;1;1;-24,09427565;-51,04402976;SPRF-PR;DEL07-PR;UOP02-DEL07-PR
553288;06/10/2023;sexta-feira;17:00:00;PA;316;89;SAO FRANCISCO DO PARA;Demais falhas mecânicas ou elétricas;Incêndio;Sem Vítimas;Pleno dia;Decrescente;Céu Claro;Simples;Reta;Não;1;0;0;0;1;0;0;1;-1,320171;-47,68815;SPRF-PA;DEL01-PA;UOP02-DEL01-PA
553290;06/10/2023;sexta-feira;20:00:00;MG;50;194;DELTA;Reação tardia ou ineficiente do condutor;Colisão com objeto;Sem Vítimas;Plena Noite;Crescente;Céu Claro;Dupla;"Reta;Declive                  ";Não;2;0;0;0;2;0;0;1;-19,887439;-47,848374;SPRF-MG;DEL13-MG;UOP01-DEL13-MG
553291;06/10/2023;sexta-feira;22:50:00;GO;60;92;ANAPOLIS;Objeto estático sobre o leito carroçável;Colisão com objeto;Com Vítimas Feridas;Plena Noite;Crescente;Garoa/Chuvisco;Dupla;Curva;Sim;2;0;1;0;1;0;1;1;-16,353;-48,9178;SPRF-GO;DEL02-GO;UOP01-DEL02-GO
553296;06/10/2023;sexta-feira;07:34:00;PR;116;124;FAZENDA RIO GRANDE;Trafegar com motocicleta (ou similar) entre as faixas;Colisão traseira;Com Vítimas Feridas;Pleno dia;Decrescente;Céu Claro;Dupla;Reta;Não;3;0;2;0;1;0;2;2;-25,58620703;-49,31436887;SPRF-PR;DEL01-PR;UOP03-DEL01-PR
553297;06/10/2023;sexta-feira;21:30:00;RS;470;144,2;NOVA PRATA;Reação tardia ou ineficiente do condutor;Saída de leito carroçável;Sem Vítimas;Plena Noite;Crescente;Chuva;Simples;Curva;Não;1;0;0;0;0;1;0;1;-28,686275;-51,610825;SPRF-RS;DEL06-RS;UOP02-DEL06-RS
553298;06/10/2023;sexta-feira;22:30:00;SC;101;202,7;SAO JOSE;Manobra de mudança de faixa;Colisão traseira;Com Vítimas Feridas;Pleno dia;Crescente;Garoa/Chuvisco;Dupla;"Reta;Interseção de Vias       ";Sim;2;0;1;0;1;0;1;2;-27,55711595;-48,61897889;SPRF-SC;DEL01-SC;UOP01-DEL01-SC
553299;06/10/2023;sexta-feira;22:30:00;SC;470;63;INDAIAL;Ingestão de álcool pelo condutor;Colisão traseira;Sem Vítimas;Plena Noite;Crescente;Nublado;Simples;Reta;Não;2;0;0;0;2;0;0;2;-26,872396;-49,19228;SPRF-SC;DEL04-SC;UOP01-DEL04-SC
553301;06/10/2023;sexta-feira;21:13:00;PI;343;592;FLORIANO;Reação tardia ou ineficiente do condutor;Queda de ocupante de veículo;Com Vítimas Feridas;Plena Noite;Decrescente;Céu Claro;Dupla;"Reta;Interseção de Vias;Rotató";Sim;2;0;1;0;1;0;1;1;-6,777731;-43,031559;SPRF-PI;DEL03-PI;UOP01-DEL03-PI
553302;06/10/2023;sexta-feira;23:00:00;MG;381;492;BETIM;Condutor deixou de manter distância do veículo da frente;Engavetamento;Com Vítimas Feridas;Plena Noite;Crescente;Céu Claro;Dupla;Reta;Sim;4;0;1;0;3;0;1;3;-19,97490091;-44,19004301;SPRF-MG;DEL01-MG;UOP03-DEL01-MG
553304;06/10/2023;sexta-feira;23:30:00;RS;471;462,7;RIO GRANDE;Ausência de reação do condutor;Colisão traseira;Sem Vítimas;Plena Noite;Decrescente;Céu Claro;Simples;Reta;Não;5;0;0;0;5;0;0;2;-32,086826;-52,294773;SPRF-RS;DEL07-RS;UOP02-DEL07-RS
553306;06/10/2023;sexta-feira;21:10:00;RJ;465;13,1;SEROPEDICA;Acessar a via sem observar a presença dos outros veículos;Colisão transversal;Com Vítimas Feridas;Plena Noite;Decrescente;Nublado;Simples;Reta;Sim;2;0;1;0;1;0;1;2;-22,798468;-43,645508;SPRF-RJ;DEL01-RJ;UOP03-DEL01-RJ
553308;06/10/2023;sexta-feira;22:45:00;RS;386;290,8;POUSO NOVO;Chuva;Saída de leito carroçável;Com Vítimas Feridas;Plena Noite;Decrescente;Chuva;Simples;"Curva;Aclive                  ";Não;5;0;4;0;1;0;4;1;-29,089539;-52,253685;SPRF-RS;DEL04-RS;UOP03-DEL04-RS
553309;06/10/2023;sexta-feira;21:30:00;MT;163;62;RONDONOPOLIS;Reação tardia ou ineficiente do condutor;Capotamento;Com Vítimas Feridas;Plena Noite;Crescente;Vento;Dupla;Reta;Não;2;0;1;0;1;0;1;1;-16,97050799;-54,74467003;SPRF-MT;DEL02-MT;UOP03-DEL02-MT
553310;06/10/2023;sexta-feira;21:45:00;BA;101;496,8;ITABUNA;Ultrapassagem Indevida;Colisão frontal;Com Vítimas Fatais;Plena Noite;Decrescente;Céu Claro;Simples;"Reta;Declive                  ";Não;8;3;2;3;0;0;5;2;-14,89006594;-39,28716921;SPRF-BA;DEL05-BA;UOP01-DEL05-BA
553311;06/10/2023;sexta-feira;23:35:00;SC;116;1;MAFRA;Ingestão de álcool pelo condutor;Colisão frontal;Com Vítimas Feridas;Plena Noite;Decrescente;Nevoeiro/Neblina;Simples;"Declive;Rotatória             ";Sim;3;0;2;1;0;0;3;2;-26,1170929;-49,78694917;SPRF-SC;DEL06-SC;UOP01-DEL06-SC
553313;07/10/2023;sábado;00:10:00;SP;116;228;SAO PAULO;Reação tardia ou ineficiente do condutor;Colisão traseira;Sem Vítimas;Plena Noite;Decrescente;Nublado;Múltipla;Reta;Sim;2;0;0;0;2;0;0;2;-23,50343484;-46,56638712;SPRF-SP;DEL01-SP;UOP01-DEL01-SP
553314;07/10/2023;sábado;01:00:00;SC;101;142;BALNEARIO CAMBORIU;Demais falhas mecânicas ou elétricas;Tombamento;Com Vítimas Feridas;Plena Noite;Decrescente;Chuva;Dupla;Reta;Sim;2;0;2;0;0;0;2;1;-27,056089;-48,599449;SPRF-SC;DEL04-SC;UOP03-DEL04-SC
553315;07/10/2023;sábado;00:40:00;SC;101;282;IMBITUBA;Ingestão de álcool pelo condutor;Saída de leito carroçável;Sem Vítimas;Plena Noite;Crescente;Chuva;Dupla;Reta;Não;1;0;0;0;1;0;0;1;-28,19626005;-48,69739859;SPRF-SC;DEL02-SC;UOP03-DEL02-SC
553316;06/10/2023;sexta-feira;23:50:00;MT;163;822;SINOP;Ingestão de álcool pelo condutor;Saída de leito carroçável;Sem Vítimas;Plena Noite;Crescente;Nublado;Dupla;Reta;Não;1;0;0;0;1;0;0;1;-12,10347096;-55,51746351;SPRF-MT;DEL06-MT;UOP02-DEL06-MT
553317;07/10/2023;sábado;00:47:00;MS;163;828,8;SONORA;Ausência de reação do condutor;Saída de leito carroçável;Com Vítimas Feridas;Plena Noite;Crescente;Céu Claro;Dupla;Reta;Não;1;0;0;1;0;0;1;1;-17,681286;-54,74704178;SPRF-MS;DEL06-MS;UOP01-DEL06-MS
553318;06/10/2023;sexta-feira;23:00:00;SP;116;53;LORENA;Reação tardia ou ineficiente do condutor;Atropelamento de Pedestre;Com Vítimas Feridas;Plena Noite;Crescente;Céu Claro;Dupla;Reta;Sim;3;0;1;0;1;1;1;2;-22,75255433;-45,10741076;SPRF-SP;DEL08-SP;UOP02-DEL08-SP
553319;07/10/2023;sábado;01:50:00;BA;116;14,4;VITORIA DA CONQUISTA;Ingestão de álcool pelo condutor;Colisão traseira;Com Vítimas Feridas;Plena Noite;Crescente;Céu Claro;Simples;Reta;Não;4;0;1;2;1;0;3;2;-14,893689;-40,865105;SPRF-PE;DEL05-PE;UOP03-DEL05-PE
553320;07/10/2023;sábado;00:35:00;RS;158;507,5;SANTANA DO LIVRAMENTO;Reação tardia ou ineficiente do condutor;Colisão com objeto;Com Vítimas Feridas;Plena Noite;Crescente;Céu Claro;Simples;"Reta;Ponte                    ";Não;3;0;2;0;1;0;2;1;-30,57879064;-55,08651841;SPRF-RS;DEL11-RS;UOP01-DEL11-RS
553321;07/10/2023;sábado;02:00:00;RS;386;420;MONTENEGRO;Ingestão de álcool pelo condutor;Saída de leito carroçável;Sem Vítimas;Plena Noite;Crescente;Chuva;Simples;"Viaduto;Rotatória             ";Não;1;0;0;0;1;0;0;1;-29,81651898;-51,41756058;SPRF-RS;DEL04-RS;UOP02-DEL04-RS
553322;07/10/2023;sábado;02:50:00;RJ;101;204;CASIMIRO DE ABREU;Deficiência do Sistema de Iluminação/Sinalização;Queda de ocupante de veículo;Com Vítimas Feridas;Plena Noite;Crescente;Céu Claro;Múltipla;Reta;Sim;1;0;1;0;0;0;1;1;-22,47451129;-42,18198196;SPRF-RJ;DEL08-RJ;UOP04-DEL08-RJ
553323;07/10/2023;sábado;02:45:00;PE;101;63,3;RECIFE;Acessar a via sem observar a presença dos outros veículos;Colisão traseira;Sem Vítimas;Plena Noite;Decrescente;Garoa/Chuvisco;Múltipla;Interseção de Vias;Sim;2;0;0;0;2;0;0;2;-8,010703;-34,93742;SPRF-PE;DEL01-PE;UOP01-DEL01-PE
553325;07/10/2023;sábado;03:00:00;SC;280;47,7;GUARAMIRIM;Ingestão de álcool pelo condutor;Saída de leito carroçável;Com Vítimas Feridas;Plena Noite;Crescente;Garoa/Chuvisco;Simples;Reta;Não;1;0;1;0;0;0;1;1;-26,45353692;-48,917876;SPRF-SC;DEL03-SC;UOP03-DEL03-SC
553326;07/10/2023;sábado;02:30:00;MG;381;307;ANTONIO DIAS;Condutor Dormindo;Saída de leito carroçável;Com Vítimas Feridas;Plena Noite;Decrescente;Céu Claro;Múltipla;Curva;Não;3;0;2;0;1;0;2;1;-19,64962342;-42,93922008;SPRF-MG;DEL03-MG;UOP02-DEL03-MG
553327;07/10/2023;sábado;02:55:00;RS;290;86;PORTO ALEGRE;Ausência de reação do condutor;Saída de leito carroçável;Sem Vítimas;Plena Noite;Decrescente;Chuva;Múltipla;"Reta;Retorno Regulamentado    ";Não;1;0;0;0;0;1;0;1;-29,968412;-51,117138;SPRF-RS;DEL01-RS;UOP01-DEL01-RS
553329;07/10/2023;sábado;03:53:00;PR;277;111;CAMPO LARGO;Manobra de mudança de faixa;Colisão transversal;Com Vítimas Feridas;Plena Noite;Decrescente;Nublado;Dupla;Declive;Não;3;0;0;2;1;0;2;2;-25,443585;-49,463809;SPRF-PR;DEL03-PR;UOP03-DEL03-PR
553331;07/10/2023;sábado;04:00:00;BA;101;503,5;ITABUNA;Ultrapassagem Indevida;Colisão frontal;Com Vítimas Fatais;Plena Noite;Crescente;Céu Claro;Simples;Reta;Sim;4;2;0;1;0;1;1;3;-14,93204115;-39,30057969;SPRF-BA;DEL05-BA;UOP01-DEL05-BA
553332;07/10/2023;sábado;03:45:00;SC;101;334,8;TUBARAO;Reação tardia ou ineficiente do condutor;Saída de leito carroçável;Sem Vítimas;Plena Noite;Crescente;Chuva;Dupla;Reta;Sim;1;0;0;0;1;0;0;1;-28,4728477;-49,02418792;SPRF-SC;DEL02-SC;UOP01-DEL02-SC
553333;07/10/2023;sábado;04:20:00;RS;386;344,6;LAJEADO;Ingestão de álcool pelo condutor;Colisão traseira;Com Vítimas Feridas;Plena Noite;Decrescente;Chuva;Simples;"Reta;Aclive                   ";Sim;5;0;1;1;2;1;2;2;-29,439268;-51,993633;SPRF-RS;DEL04-RS;UOP01-DEL04-RS
553334;07/10/2023;sábado;03:00:00;SP;381;87,8;GUARULHOS;Transitar na contramão;Colisão lateral sentido oposto;Com Vítimas Feridas;Plena Noite;Decrescente;Céu Claro;Múltipla;Reta;Não;2;0;0;1;1;0;1;2;-23,46885001;-46,56996601;SPRF-SP;DEL03-SP;UOP01-DEL03-SP
553335;07/10/2023;sábado;04:05:00;PR;376;165,2;MARINGA;Ingestão de álcool pelo condutor;Colisão com objeto;Com Vítimas Feridas;Plena Noite;Decrescente;Céu Claro;Dupla;Reta;Não;1;0;1;0;0;0;1;1;-23,382182;-52,033151;SPRF-PR;DEL09-PR;UOP01-DEL09-PR
553337;06/10/2023;sexta-feira;22:00:00;SC;101;231;PALHOCA;Pedestre andava na pista;Atropelamento de Pedestre;Com Vítimas Fatais;Plena Noite;Decrescente;Chuva;Dupla;Reta;Não;3;1;0;0;2;0;0;2;-27,785544;-48,63531;SPRF-SC;DEL01-SC;UOP02-DEL01-SC
553338;07/10/2023;sábado;05:00:00;SC;101;337;TUBARAO;Demais falhas na via;Colisão com objeto;Sem Vítimas;Plena Noite;Crescente;Chuva;Múltipla;"Reta;Túnel                    ";Sim;2;0;0;0;2;0;0;1;-28,47801624;-49,03246283;SPRF-SC;DEL02-SC;UOP01-DEL02-SC
553341;07/10/2023;sábado;05:25:00;PR;376;182,4;SARANDI;Ausência de reação do condutor;Colisão com objeto;Com Vítimas Feridas;Amanhecer;Crescente;Nublado;Múltipla;"Reta;Em Obras                 ";Sim;9;0;4;1;4;0;5;4;-23,43684112;-51,87880764;SPRF-PR;DEL09-PR;UOP01-DEL09-PR
553343;07/10/2023;sábado;04:15:00;MG;381;572,3;ITAGUARA;Velocidade Incompatível;Capotamento;Com Vítimas Feridas;Plena Noite;Decrescente;Garoa/Chuvisco;Dupla;"Reta;Aclive                   ";Não;4;0;2;1;1;0;3;1;-20,45206504;-44,5689098;SPRF-MG;DEL04-MG;UOP03-DEL04-MG
553344;07/10/2023;sábado;06:20:00;MG;40;513;RIBEIRAO DAS NEVES;Condutor Dormindo;Saída de leito carroçável;Com Vítimas Feridas;Pleno dia;Decrescente;Céu Claro;Dupla;Curva;Sim;1;0;1;0;0;0;1;1;-19,7970544;-44,1080512;SPRF-MG;DEL01-MG;UOP02-DEL01-MG
553348;06/10/2023;sexta-feira;15:20:00;SP;381;1,7;VARGEM;Ausência de reação do condutor;Queda de ocupante de veículo;Com Vítimas Feridas;Pleno dia;Crescente;Céu Claro;Simples;"Curva;Declive                 ";Sim;2;0;1;0;1;0;1;1;-22,88146043;-46,38105397;SPRF-SP;DEL03-SP;UOP02-DEL03-SP
553349;07/10/2023;sábado;05:12:00;MG;50;177;UBERABA;Velocidade Incompatível;Capotamento;Com Vítimas Feridas;Amanhecer;Crescente;Céu Claro;Dupla;Reta;Não;1;0;0;1;0;0;1;1;-19,77914852;-47,95047701;SPRF-MG;DEL13-MG;UOP01-DEL13-MG
553350;07/10/2023;sábado;07:00:00;ES;101;445;MIMOSO DO SUL;Conversão proibida;Colisão transversal;Com Vítimas Feridas;Pleno dia;Decrescente;Céu Claro;Simples;Reta;Não;2;0;0;1;1;0;1;2;-21,11046291;-41,26351124;SPRF-ES;DEL03-ES;UOP02-DEL03-ES
553352;07/10/2023;sábado;00:25:00;SC;101;277;IMBITUBA;Ingestão de álcool e/ou substâncias psicoativas pelo pedestre;Saída de leito carroçável;Sem Vítimas;Plena Noite;Crescente;Chuva;Simples;Reta;Não;1;0;0;0;1;0;0;1;-28,17131302;-48,69463482;SPRF-SC;DEL02-SC;UOP03-DEL02-SC
553353;07/10/2023;sábado;04:45:00;RS;386;64;SEBERI;Ingestão de álcool pelo condutor;Colisão lateral mesmo sentido;Sem Vítimas;Plena Noite;Decrescente;Chuva;Simples;Reta;Não;1;0;0;0;1;0;0;1;-27,618511;-53,34409;SPRF-RS;DEL08-RS;UOP02-DEL08-RS
553355;07/10/2023;sábado;03:10:00;MG;40;188,5;JOAO PINHEIRO;Deficiência do Sistema de Iluminação/Sinalização;Colisão traseira;Com Vítimas Feridas;Plena Noite;Crescente;Nublado;Simples;Reta;Não;2;0;0;1;1;0;1;2;-17,99571867;-45,91597593;SPRF-MG;DEL14-MG;UOP02-DEL14-MG
553356;06/10/2023;sexta-feira;20:30:00;MA;10;118;ESTREITO;Transitar na contramão;Colisão frontal;Com Vítimas Feridas;Plena Noite;Decrescente;Céu Claro;Simples;Reta;Não;5;0;3;0;2;0;3;2;-6,64616;-47,430141;SPRF-MA;DEL04-MA;UOP02-DEL04-MA
553357;07/10/2023;sábado;05:55:00;SC;163;99,6;SAO JOSE DO CEDRO;Ausência de reação do condutor;Colisão frontal;Sem Vítimas;Amanhecer;Decrescente;Céu Claro;Simples;"Reta;Em Obras                 ";Não;2;0;0;0;1;1;0;2;-26,4861159;-53,50382419;SPRF-SC;DEL07-SC;UOP03-DEL07-SC
553359;06/10/2023;sexta-feira;16:30:00;PR;153;499,8;GENERAL CARNEIRO;Chuva;Saída de leito carroçável;Sem Vítimas;Pleno dia;Crescente;Chuva;Simples;Reta;Não;1;0;0;0;0;1;0;1;-26,50990453;-51,35421753;SPRF-PR;DEL02-PR;UOP03-DEL02-PR
553360;07/10/2023;sábado;04:40:00;PA;230;9;ALTAMIRA;Reação tardia ou ineficiente do condutor;Colisão com objeto;Com Vítimas Fatais;Plena Noite;Decrescente;Céu Claro;Simples;"Declive;Curva                 ";Sim;1;1;0;0;0;0;0;1;-3,22312933;-52,25513935;SPRF-PA;DEL03-PA;UOP01-DEL03-PA
553361;06/10/2023;sexta-feira;22:35:00;MT;364;207;RONDONOPOLIS;Ingestão de álcool pelo condutor;Colisão com objeto;Com Vítimas Feridas;Plena Noite;Crescente;Céu Claro;Dupla;"Retorno Regulamentado;Reta    ";Não;1;0;1;0;0;0;1;1;-16,44347006;-54,67236704;SPRF-MT;DEL02-MT;UOP01-DEL02-MT
553362;07/10/2023;sábado;07:45:00;ES;101;263,9;SERRA;Manobra de mudança de faixa;Colisão lateral mesmo sentido;Com Vítimas Feridas;Pleno dia;Crescente;Céu Claro;Dupla;Reta;Sim;2;0;2;0;0;0;2;2;-20,16554736;-40,27301648;SPRF-ES;DEL02-ES;UOP01-DEL02-ES
553363;07/10/2023;sábado;06:00:00;MG;40;634,9;CONSELHEIRO LAFAIETE;Falta de elemento de contenção que evite a saída do leito carroçável;Saída de leito carroçável;Com Vítimas Feridas;Amanhecer;Decrescente;Céu Claro;Simples;Curva;Não;4;0;4;0;0;0;4;1;-20,70014573;-43,79288617;SPRF-MG;DEL05-MG;UOP02-DEL05-MG
553364;07/10/2023;sábado;04:00:00;CE;20;84,9;TAUA;Ausência de reação do condutor;Colisão frontal;Com Vítimas Fatais;Plena Noite;Crescente;Céu Claro;Simples;Reta;Sim;3;1;1;0;1;0;1;2;-5,99485078;-40,27388422;SPRF-CE;DEL02-CE;UOP02-DEL02-CE
553365;07/10/2023;sábado;07:15:00;SC;101;193,4;BIGUACU;Ingestão de álcool pelo condutor;Colisão traseira;Com Vítimas Feridas;Pleno dia;Crescente;Chuva;Múltipla;Reta;Sim;2;0;1;0;1;0;1;2;-27,489574;-48,655914;SPRF-SC;DEL01-SC;UOP01-DEL01-SC
553366;07/10/2023;sábado;05:20:00;PB;361;32,8;CATINGUEIRA;Condutor Dormindo;Colisão com objeto;Com Vítimas Fatais;Pleno dia;Crescente;Céu Claro;Simples;Reta;Não;2;1;1;0;0;0;1;1;-7,0879361;-37,527634;SPRF-PB;DEL03-PB;UOP01-DEL03-PB
553367;07/10/2023;sábado;01:01:00;RS;470;285;MONTENEGRO;Ingestão de álcool pelo condutor;Colisão frontal;Com Vítimas Feridas;Plena Noite;Crescente;Chuva;Simples;Reta;Não;5;0;1;0;4;0;1;2;-29,63478984;-51,46930678;SPRF-RS;DEL06-RS;UOP01-DEL06-RS
553370;01/09/2023;sexta-feira;22:10:00;MG;381;485;BETIM;Acumulo de óleo sobre o pavimento;Tombamento;Com Vítimas Feridas;Plena Noite;Crescente;Céu Claro;Dupla;Reta;Sim;1;0;1;0;0;0;1;1;-19,95659361;-44,12622893;SPRF-MG;DEL01-MG;UOP03-DEL01-MG
553371;07/10/2023;sábado;05:40:00;PA;316;23;BENEVIDES;Transitar no Acostamento;Atropelamento de Pedestre;Com Vítimas Feridas;Pleno dia;Decrescente;Céu Claro;Dupla;Reta;Não;3;0;1;2;0;0;3;2;-1,34599732;-48,25152822;SPRF-PA;DEL01-PA;UOP01-DEL01-PA
553372;06/10/2023;sexta-feira;19:00:00;RJ;116;44;TERESOPOLIS;Ausência de reação do condutor;Colisão traseira;Com Vítimas Feridas;Plena Noite;Crescente;Nublado;Simples;Reta;Não;3;0;2;0;0;1;2;2;-22,15853413;-42,80593191;SPRF-RJ;DEL04-RJ;UOP01-DEL04-RJ
553373;06/10/2023;sexta-feira;18:30:00;RJ;116;250;PIRAI;Demais falhas mecânicas ou elétricas;Colisão com objeto;Sem Vítimas;Plena Noite;Crescente;Céu Claro;Dupla;Reta;Não;1;0;0;0;1;0;0;1;-22,59303815;-43,95591144;SPRF-RJ;DEL07-RJ;UOP01-DEL07-RJ
553374;07/10/2023;sábado;08:10:00;SP;116;189;SANTA ISABEL;Transitar na contramão;Colisão lateral sentido oposto;Com Vítimas Feridas;Pleno dia;Decrescente;Sol;Simples;Reta;Sim;6;0;1;0;3;2;1;4;-23,36435234;-46,22488684;SPRF-SP;DEL01-SP;UOP01-DEL01-SP
553376;07/10/2023;sábado;07:30:00;DF;70;19;BRASILIA;Ingestão de álcool pelo condutor;Colisão traseira;Sem Vítimas;Pleno dia;Decrescente;Céu Claro;Dupla;Reta;Não;2;0;0;0;2;0;0;2;-15,788868;-48,220242;SPRF-DF;DEL03-DF;UOP02-DEL03-DF
553377;07/10/2023;sábado;00:05:00;MS;60;578;GUIA LOPES DA LAGUNA;Reação tardia ou ineficiente do condutor;Tombamento;Com Vítimas Feridas;Plena Noite;Crescente;Céu Claro;Simples;Reta;Não;4;0;2;2;0;0;4;1;-21,401276;-56,040076;SPRF-MS;DEL05-MS;UOP01-DEL05-MS
553378;07/10/2023;sábado;07:50:00;PR;277;72;SAO JOSE DOS PINHAIS;Reação tardia ou ineficiente do condutor;Saída de leito carroçável;Com Vítimas Feridas;Pleno dia;Decrescente;Céu Claro;Dupla;Reta;Sim;3;0;2;0;1;0;2;1;-25,5057419;-49,14101958;SPRF-PR;DEL01-PR;UOP01-DEL01-PR