id;data_inversa;dia_semana;horario;uf;br;km;municipio;causa_acidente;tipo_acidente;classificacao_acidente;fase_dia;sentido_via;condicao_metereologica;tipo_pista;tracado_via;uso_solo;pessoas;mortos;feridos_leves;feridos_graves;ilesos;ignorados;feridos;veiculos;latitude;longitude;regional;delegacia;uop
553380;06/10/2023;sexta-feira;13:20:00;PR;163;86;CAPANEMA;Velocidade Incompatível;Saída de leito carroçável;Sem Vítimas;Pleno dia;Crescente;Nublado;Simples;Curva;Não;1;0;0;0;0;1;0;1;-25,716186;-53,77784798;SPRF-PR;DEL02-PR;UOP02-DEL02-PR
553381;07/10/2023;sábado;08:50:00;CE;222;125;ITAPAJE;Acessar a via sem observar a presença dos outros veículos;Colisão transversal;Com Vítimas Feridas;Pleno dia;Crescente;Céu Claro;Simples;Reta;Não;3;0;0;1;2;0;1;2;-3,689656822;-39,5968761;SPRF-CE;DEL04-CE;UOP03-DEL04-CE
553382;07/10/2023;sábado;04:30:00;CE;20;85;TAUA;Ausência de reação do condutor;Atropelamento de Pedestre;Com Vítimas Feridas;Amanhecer;Crescente;Céu Claro;Simples;Reta;Sim;3;0;0;3;0;0;3;2;-5,99485078;-40,27388422;SPRF-CE;DEL02-CE;UOP02-DEL02-CE
553385;07/10/2023;sábado;09:00:00;PI;343;306;ALTOS;Ausência de reação do condutor;Colisão transversal;Sem Vítimas;Pleno dia;Decrescente;Céu Claro;Simples;Curva;Sim;2;0;0;0;2;0;0;2;-5,038756;-42,450893;SPRF-PI;DEL01-PI;UOP01-DEL01-PI
553386;07/10/2023;sábado;01:00:00;PI;402;53;BOM PRINCIPIO DO PIAUI;Avarias e/ou desgaste excessivo no pneu;Saída de leito carroçável;Com Vítimas Feridas;Plena Noite;Crescente;Céu Claro;Simples;Reta;Não;2;0;2;0;0;0;2;1;-3,03766874;-41,6307768;SPRF-PI;DEL05-PI;UOP01-DEL05-PI
553387;07/10/2023;sábado;09:00:00;MG;365;599;UBERLANDIA;Reação tardia ou ineficiente do condutor;Capotamento;Com Vítimas Feridas;Pleno dia;Crescente;Céu Claro;Simples;Reta;Não;1;0;1;0;0;0;1;1;-18,88997892;-48,12177605;SPRF-MG;DEL15-MG;UOP01-DEL15-MG
553388;07/10/2023;sábado;09:40:00;CE;116;12;FORTALEZA;Acessar a via sem observar a presença dos outros veículos;Colisão traseira;Com Vítimas Feridas;Pleno dia;Crescente;Céu Claro;Múltipla;Reta;Não;3;0;0;1;1;1;1;3;-3,852077;-38,495525;SPRF-CE;DEL01-CE;UOP02-DEL01-CE
553389;07/10/2023;sábado;09:45:00;SC;101;423,6;ARARANGUA;Manobra de mudança de faixa;Colisão traseira;Com Vítimas Feridas;Pleno dia;Crescente;Chuva;Múltipla;"Viaduto;Reta;Aclive           ";Sim;3;0;1;0;2;0;1;2;-29,01106757;-49,57413825;SPRF-SC;DEL02-SC;UOP02-DEL02-SC
553390;07/10/2023;sábado;08:00:00;MT;174;80;CACERES;Mal súbito do condutor;Saída de leito carroçável;Com Vítimas Feridas;Pleno dia;Crescente;Céu Claro;Simples;Reta;Não;1;0;1;0;0;0;1;1;-15,982715;-57,75857199;SPRF-MT;DEL03-MT;UOP01-DEL03-MT
553392;07/10/2023;sábado;09:40:00;PE;232;31;MORENO;Manobra de mudança de faixa;Saída de leito carroçável;Com Vítimas Feridas;Pleno dia;Crescente;Céu Claro;Dupla;Curva;Não;1;0;1;0;0;0;1;1;-8,10678602;-35,15841205;SPRF-PE;DEL01-PE;UOP01-DEL01-PE
553393;07/10/2023;sábado;06:30:00;RO;364;692;PORTO VELHO;Acessar a via sem observar a presença dos outros veículos;Colisão transversal;Com Vítimas Feridas;Amanhecer;Crescente;Céu Claro;Dupla;Retorno Regulamentado;Sim;2;0;2;0;0;0;2;2;-8,79733425;-63,69814797;SPRF-RO;DEL01-RO;UOP01-DEL01-RO
553395;07/10/2023;sábado;09:40:00;GO;40;11;LUZIANIA;Reação tardia ou ineficiente do condutor;Colisão traseira;Com Vítimas Feridas;Pleno dia;Crescente;Céu Claro;Dupla;Reta;Sim;3;0;1;0;2;0;1;3;-16,138336;-47,951644;SPRF-DF;DEL01-DF;UOP01-DEL01-DF
553400;07/10/2023;sábado;10:30:00;SE;235;4,8;NOSSA SENHORA DO SOCORRO;Ausência de reação do condutor;Colisão traseira;Sem Vítimas;Pleno dia;Crescente;Céu Claro;Dupla;Reta;Não;4;0;0;0;4;0;0;4;-10,9064;-37,1197;SPRF-SE;DEL01-SE;UOP01-DEL01-SE
553401;07/10/2023;sábado;10:30:00;BA;242;879;BARREIRAS;Acessar a via sem observar a presença dos outros veículos;Colisão transversal;Com Vítimas Feridas;Pleno dia;Crescente;Céu Claro;Simples;"Reta;Interseção de Vias       ";Não;3;0;1;0;2;0;1;3;-12,06989999;-45,551569;SPRF-BA;DEL10-BA;UOP01-DEL10-BA
553404;07/10/2023;sábado;05:00:00;GO;364;16;SAO SIMAO;Reação tardia ou ineficiente do condutor;Saída de leito carroçável;Sem Vítimas;Plena Noite;Crescente;Chuva;Simples;Reta;Não;1;0;0;0;1;0;0;1;-18,955791;-50,622719;SPRF-GO;DEL05-GO;UOP02-DEL05-GO
553405;07/10/2023;sábado;05:00:00;GO;364;16;SAO SIMAO;Ausência de reação do condutor;Atropelamento de Animal;Com Vítimas Feridas;Amanhecer;Crescente;Chuva;Simples;Reta;Não;2;0;1;0;1;0;1;1;-18,95207708;-50,62671661;SPRF-GO;DEL05-GO;UOP02-DEL05-GO
553407;07/10/2023;sábado;11:30:00;SP;116;153;SAO JOSE DOS CAMPOS;Ausência de reação do condutor;Colisão traseira;Sem Vítimas;Pleno dia;Decrescente;Céu Claro;Dupla;Reta;Não;2;0;0;0;2;0;0;2;-23,23262274;-45,91372624;SPRF-SP;DEL02-SP;UOP01-DEL02-SP
553408;07/10/2023;sábado;11:37:00;SE;235;4;NOSSA SENHORA DO SOCORRO;Manobra de mudança de faixa;Colisão lateral mesmo sentido;Com Vítimas Feridas;Pleno dia;Crescente;Céu Claro;Dupla;Reta;Sim;2;0;1;0;1;0;1;2;-10,9064;-37,1197;SPRF-SE;DEL01-SE;UOP01-DEL01-SE
553410;07/10/2023;sábado;11:05:00;PR;277;593,1;CASCAVEL;Condutor usando celular;Colisão traseira;Com Vítimas Feridas;Pleno dia;Decrescente;Céu Claro;Simples;"Reta;Aclive                   ";Sim;2;0;0;1;1;0;1;2;-24,98082053;-53,48254989;SPRF-PR;DEL04-PR;UOP01-DEL04-PR
553411;07/10/2023;sábado;11:45:00;PR;277;83,1;CURITIBA;Avarias e/ou desgaste excessivo no pneu;Tombamento;Com Vítimas Feridas;Pleno dia;Crescente;Nublado;Dupla;Reta;Sim;2;0;2;0;0;0;2;1;-25,449022;-49,229076;SPRF-PR;DEL01-PR;UOP01-DEL01-PR
553414;07/10/2023;sábado;08:46:00;MT;163;1044;MATUPA;Condutor deixou de manter distância do veículo da frente;Colisão traseira;Com Vítimas Feridas;Pleno dia;Decrescente;Céu Claro;Simples;"Reta;Aclive                   ";Não;2;0;1;0;1;0;1;2;-10,129303;-54,931783;SPRF-MT;DEL06-MT;UOP03-DEL06-MT
553416;07/10/2023;sábado;12:07:00;RN;406;150;CEARA-MIRIM;Acessar a via sem observar a presença dos outros veículos;Colisão transversal;Com Vítimas Feridas;Pleno dia;Decrescente;Sol;Simples;Reta;Sim;3;0;1;1;1;0;2;2;-5,64974982;-35,43234997;SPRF-RN;DEL02-RN;UOP01-DEL02-RN
553418;07/10/2023;sábado;12:20:00;PE;232;252;ARCOVERDE;Ausência de reação do condutor;Colisão transversal;Com Vítimas Feridas;Pleno dia;Decrescente;Céu Claro;Simples;"Reta;Rotatória                ";Sim;2;0;0;1;1;0;1;2;-8,43086;-37,06536;SPRF-PE;DEL04-PE;UOP02-DEL04-PE
553419;07/10/2023;sábado;12:29:00;MG;50;189;UBERABA;Animais na Pista;Saída de leito carroçável;Com Vítimas Feridas;Pleno dia;Crescente;Céu Claro;Dupla;"Reta;Declive                  ";Não;1;0;1;0;0;0;1;1;-19,84851283;-47,87469974;SPRF-MG;DEL13-MG;UOP01-DEL13-MG
553421;07/10/2023;sábado;10:40:00;SC;101;298;LAGUNA;Condutor deixou de manter distância do veículo da frente;Colisão traseira;Com Vítimas Feridas;Pleno dia;Crescente;Garoa/Chuvisco;Múltipla;Reta;Não;6;0;1;0;5;0;1;2;-28,32102597;-48,72829906;SPRF-SC;DEL02-SC;UOP03-DEL02-SC
553423;07/10/2023;sábado;12:05:00;SC;101;138;BALNEARIO CAMBORIU;Velocidade Incompatível;Colisão com objeto;Sem Vítimas;Pleno dia;Decrescente;Chuva;Múltipla;Curva;Sim;1;0;0;0;0;1;0;1;-27,02397426;-48,60761649;SPRF-SC;DEL04-SC;UOP03-DEL04-SC
553424;07/10/2023;sábado;13:00:00;MG;381;906,6;CAMBUI;Ausência de reação do condutor;Saída de leito carroçável;Com Vítimas Feridas;Pleno dia;Decrescente;Nublado;Dupla;Curva;Não;3;0;1;0;0;2;1;2;-22,70254777;-46,11752735;SPRF-MG;DEL16-MG;UOP03-DEL16-MG
553426;07/10/2023;sábado;12:50:00;PE;232;34,9;MORENO;Reação tardia ou ineficiente do condutor;Capotamento;Com Vítimas Feridas;Pleno dia;Crescente;Céu Claro;Múltipla;Reta;Sim;2;0;2;0;0;0;2;1;-8,10702537;-35,18394691;SPRF-PE;DEL01-PE;UOP01-DEL01-PE
553428;07/10/2023;sábado;13:20:00;RJ;116;176;SAO JOAO DE MERITI;Manobra de mudança de faixa;Colisão traseira;Com Vítimas Feridas;Pleno dia;Decrescente;Céu Claro;Múltipla;Reta;Sim;3;0;1;0;2;0;1;2;-22,78055198;-43,39208599;SPRF-RJ;DEL01-RJ;UOP02-DEL01-RJ
553429;07/10/2023;sábado;13:10:00;BA;116;24,1;VITORIA DA CONQUISTA;Acesso irregular;Colisão transversal;Com Vítimas Feridas;Pleno dia;Crescente;Céu Claro;Simples;Curva;Não;4;0;2;0;2;0;2;2;-14,86439847;-40,79973146;SPRF-BA;DEL08-BA;UOP01-DEL08-BA
553430;07/10/2023;sábado;13:30:00;GO;50;130;IPAMERI;Demais falhas mecânicas ou elétricas;Saída de leito carroçável;Com Vítimas Feridas;Pleno dia;Decrescente;Céu Claro;Dupla;Reta;Não;4;0;4;0;0;0;4;1;-17,0068;-47,758;SPRF-GO;DEL06-GO;UOP01-DEL06-GO
553431;07/10/2023;sábado;07:30:00;MG;365;357;VARJAO DE MINAS;Ausência de reação do condutor;Saída de leito carroçável;Com Vítimas Fatais;Amanhecer;Crescente;Céu Claro;Simples;"Reta;Declive                  ";Não;1;1;0;0;0;0;0;1;-18,39079718;-46,04390588;SPRF-MG;DEL10-MG;UOP01-DEL10-MG
553432;13/09/2023;quarta-feira;08:05:00;PR;277;97;CURITIBA;Reação tardia ou ineficiente do condutor;Colisão lateral mesmo sentido;Com Vítimas Feridas;Pleno dia;Decrescente;Ignorado;Dupla;Reta;Sim;2;0;1;0;1;0;1;2;-25,43043411;-49,34366047;SPRF-PR;DEL01-PR;UOP06-DEL01-PR
553433;07/10/2023;sábado;14:20:00;SC;101;47;JOINVILLE;Avarias e/ou desgaste excessivo no pneu;Colisão traseira;Com Vítimas Feridas;Pleno dia;Crescente;Chuva;Dupla;Reta;Não;3;0;1;0;2;0;1;2;-26,34234997;-48,85840089;SPRF-SC;DEL03-SC;UOP01-DEL03-SC
553435;07/10/2023;sábado;13:50:00;SP;116;193;SANTA ISABEL;Demais falhas mecânicas ou elétricas;Incêndio;Com Vítimas Feridas;Pleno dia;Decrescente;Nublado;Dupla;Reta;Não;3;0;3;0;0;0;3;1;-23,380407;-46,258509;SPRF-SP;DEL01-SP;UOP01-DEL01-SP
553436;07/10/2023;sábado;12:40:00;MG;116;114;ITAOBIM;Transitar na contramão;Colisão frontal;Com Vítimas Feridas;Pleno dia;Decrescente;Céu Claro;Simples;Curva;Sim;4;0;0;1;1;2;1;3;-16,54781518;-41,50243329;SPRF-MG;DEL11-MG;UOP02-DEL11-MG
553437;07/10/2023;sábado;10:15:00;PE;232;370;FLORES;Manobra de mudança de faixa;Colisão transversal;Com Vítimas Feridas;Pleno dia;Crescente;Céu Claro;Simples;Reta;Não;2;0;1;0;1;0;1;2;-8,0321374;-37,96567213;SPRF-PE;DEL04-PE;UOP01-DEL04-PE
553438;07/10/2023;sábado;14:10:00;MG;40;349;FELIXLANDIA;Acessar a via sem observar a presença dos outros veículos;Colisão transversal;Com Vítimas Feridas;Pleno dia;Crescente;Sol;Simples;Reta;Não;2;0;1;0;1;0;1;2;-18,71901389;-44,94585289;SPRF-MG;DEL02-MG;UOP01-DEL02-MG
553439;07/10/2023;sábado;14:10:00;PR;376;617,5;SAO JOSE DOS PINHAIS;Acumulo de água sobre o pavimento;Colisão com objeto;Com Vítimas Feridas;Pleno dia;Decrescente;Chuva;Dupla;Reta;Não;4;0;1;0;3;0;1;1;-25,58426494;-49,17618795;SPRF-PR;DEL01-PR;UOP04-DEL01-PR
553440;07/10/2023;sábado;10:45:00;SC;116;245,3;LAGES;Acessar a via sem observar a presença dos outros veículos;Colisão transversal;Com Vítimas Feridas;Pleno dia;Crescente;Chuva;Simples;Rotatória;Sim;2;0;2;0;0;0;2;2;-27,79544281;-50,36187437;SPRF-SC;DEL05-SC;UOP01-DEL05-SC
553441;07/10/2023;sábado;14:40:00;MG;381;823,7;CAREACU;Acumulo de água sobre o pavimento;Colisão com objeto;Com Vítimas Feridas;Pleno dia;Decrescente;Chuva;Dupla;"Curva;Aclive                  ";Não;2;0;2;0;0;0;2;1;-22,12013067;-45,76174313;SPRF-MG;DEL16-MG;UOP01-DEL16-MG
553442;07/10/2023;sábado;14:47:00;SP;381;40;ATIBAIA;Reação tardia ou ineficiente do condutor;Queda de ocupante de veículo;Com Vítimas Fatais;Pleno dia;Crescente;Nublado;Dupla;Reta;Não;2;1;0;0;0;1;0;2;-23,12997498;-46,5767598;SPRF-SP;DEL03-SP;UOP01-DEL03-SP
553443;01/09/2023;sexta-feira;08:30:00;RJ;393;298;BARRA MANSA;Acessar a via sem observar a presença dos outros veículos;Colisão transversal;Com Vítimas Feridas;Pleno dia;Crescente;Sol;Simples;"Reta;Retorno Regulamentado    ";Não;4;0;3;0;1;0;3;2;-22,55961768;-44,11830414;SPRF-RJ;DEL07-RJ;UOP02-DEL07-RJ
553446;07/10/2023;sábado;15:20:00;RS;158;260,9;JULIO DE CASTILHOS;Afundamento ou ondulação no pavimento;Colisão traseira;Com Vítimas Feridas;Pleno dia;Crescente;Chuva;Simples;"Reta;Aclive                   ";Não;5;0;2;0;3;0;2;2;-29,210282;-53,673016;SPRF-RS;DEL10-RS;UOP02-DEL10-RS
553447;07/10/2023;sábado;14:00:00;RJ;40;74;PETROPOLIS;Velocidade Incompatível;Tombamento;Com Vítimas Feridas;Pleno dia;Decrescente;Céu Claro;Simples;Curva;Não;1;0;1;0;0;0;1;1;-22,47224973;-43,22332717;SPRF-RJ;DEL06-RJ;UOP01-DEL06-RJ
553449;07/10/2023;sábado;16:14:00;RJ;393;281;VOLTA REDONDA;Acessar a via sem observar a presença dos outros veículos;Colisão lateral mesmo sentido;Com Vítimas Feridas;Pleno dia;Crescente;Céu Claro;Simples;Reta;Sim;2;0;1;0;1;0;1;2;-22,48025569;-44,02974901;SPRF-RJ;DEL05-RJ;UOP04-DEL05-RJ
553450;07/10/2023;sábado;16:00:00;PB;230;26,3;JOAO PESSOA;Ausência de reação do condutor;Tombamento;Com Vítimas Feridas;Pleno dia;Crescente;Céu Claro;Dupla;Reta;Sim;1;0;0;1;0;0;1;1;-7,1693;-34,8782;SPRF-PB;DEL01-PB;UOP01-DEL01-PB
553452;07/10/2023;sábado;16:10:00;SC;470;67;INDAIAL;Ausência de reação do condutor;Saída de leito carroçável;Com Vítimas Feridas;Pleno dia;Crescente;Chuva;Dupla;Reta;Sim;3;0;3;0;0;0;3;1;-26,872158;-49,23127;SPRF-SC;DEL04-SC;UOP01-DEL04-SC
553453;07/10/2023;sábado;15:30:00;PB;230;134;MASSARANDUBA;Manobra de mudança de faixa;Saída de leito carroçável;Com Vítimas Feridas;Pleno dia;Crescente;Nublado;Simples;Reta;Não;1;0;1;0;0;0;1;1;-7,278811;-35,758973;SPRF-PB;DEL02-PB;UOP01-DEL02-PB
553454;07/10/2023;sábado;14:45:00;RJ;40;86;PETROPOLIS;Demais falhas mecânicas ou elétricas;Incêndio;Sem Vítimas;Pleno dia;Decrescente;Céu Claro;Dupla;Reta;Não;1;0;0;0;1;0;0;1;-22,53575484;-43,23295774;SPRF-RJ;DEL06-RJ;UOP01-DEL06-RJ
553456;07/10/2023;sábado;16:10:00;RS;293;36;CAPAO DO LEAO;Acessar a via sem observar a presença dos outros veículos;Tombamento;Com Vítimas Feridas;Pleno dia;Crescente;Céu Claro;Simples;Reta;Não;2;0;1;0;0;1;1;2;-31,73886586;-52,683306;SPRF-RS;DEL07-RS;UOP01-DEL07-RS
553457;07/10/2023;sábado;15:30:00;PR;277;728;FOZ DO IGUACU;Transitar na contramão;Colisão frontal;Com Vítimas Feridas;Pleno dia;Decrescente;Céu Claro;Simples;"Viaduto;Retorno Regulamentado ";Sim;2;0;1;0;0;1;1;2;-25,5097634;-54,57387201;SPRF-PR;DEL05-PR;UOP03-DEL05-PR
553460;07/10/2023;sábado;17:25:00;BA;324;626;SALVADOR;Avarias e/ou desgaste excessivo no pneu;Tombamento;Com Vítimas Feridas;Anoitecer;Crescente;Céu Claro;Múltipla;Reta;Sim;2;0;2;0;0;0;2;1;-12,96144;-38,475422;SPRF-BA;DEL01-BA;UOP01-DEL01-BA
553461;07/10/2023;sábado;17:10:00;SC;282;18,2;PALHOCA;Condutor deixou de manter distância do veículo da frente;Colisão traseira;Com Vítimas Feridas;Pleno dia;Decrescente;Chuva;Simples;Curva;Não;3;0;2;0;1;0;2;2;-27,672798;-48,694286;SPRF-SC;DEL01-SC;UOP02-DEL01-SC
553462;07/10/2023;sábado;15:44:00;MG;381;572;ITAGUARA;Condutor Dormindo;Saída de leito carroçável;Com Vítimas Feridas;Pleno dia;Crescente;Sol;Dupla;Reta;Não;1;0;1;0;0;0;1;1;-20,45206504;-44,5689098;SPRF-MG;DEL04-MG;UOP03-DEL04-MG
553464;07/10/2023;sábado;16:10:00;SC;101;242,8;PALHOCA;Demais falhas mecânicas ou elétricas;Tombamento;Com Vítimas Feridas;Pleno dia;Decrescente;Nublado;Múltipla;Reta;Sim;1;0;1;0;0;0;1;1;-27,87545797;-48,64678433;SPRF-SC;DEL01-SC;UOP02-DEL01-SC
553468;07/10/2023;sábado;18:00:00;PE;101;70;RECIFE;Pedestre cruzava a pista fora da faixa;Atropelamento de Pedestre;Com Vítimas Feridas;Plena Noite;Decrescente;Céu Claro;Simples;Curva;Sim;2;0;0;2;0;0;2;2;-8,06776119;-34,94265074;SPRF-PE;DEL01-PE;UOP01-DEL01-PE
553469;07/10/2023;sábado;18:30:00;ES;101;290,6;CARIACICA;Manobra de mudança de faixa;Colisão lateral mesmo sentido;Com Vítimas Feridas;Plena Noite;Decrescente;Céu Claro;Dupla;"Reta;Retorno Regulamentado    ";Sim;2;0;0;1;1;0;1;2;-20,28927747;-40,39181575;SPRF-ES;DEL01-ES;UOP01-DEL01-ES
553470;06/10/2023;sexta-feira;22:30:00;ES;262;33;DOMINGOS MARTINS;Reação tardia ou ineficiente do condutor;Saída de leito carroçável;Sem Vítimas;Plena Noite;Decrescente;Céu Claro;Simples;"Curva;Declive                 ";Não;1;0;0;0;0;1;0;1;-20,37535106;-40,58433127;SPRF-ES;DEL01-ES;UOP01-DEL01-ES
553471;07/10/2023;sábado;18:30:00;MG;153;244,2;FRONTEIRA;Acessar a via sem observar a presença dos outros veículos;Colisão transversal;Sem Vítimas;Anoitecer;Crescente;Céu Claro;Simples;Reta;Sim;5;0;0;0;5;0;0;2;-20,28453;-49,1982;SPRF-MG;DEL13-MG;UOP02-DEL13-MG
553472;07/10/2023;sábado;18:40:00;RN;304;290,2;MACAIBA;Demais falhas mecânicas ou elétricas;Eventos atípicos;Com Vítimas Feridas;Plena Noite;Crescente;Céu Claro;Simples;"Reta;Em Obras                 ";Não;2;0;2;0;0;0;2;1;-5,86659018;-35,40283899;SPRF-RN;DEL01-RN;UOP02-DEL01-RN
553473;07/10/2023;sábado;17:00:00;MG;50;177;UBERABA;Ausência de reação do condutor;Saída de leito carroçável;Sem Vítimas;Pleno dia;Decrescente;Céu Claro;Dupla;Reta;Sim;1;0;0;0;0;1;0;1;-19,77914852;-47,95047701;SPRF-MG;DEL13-MG;UOP01-DEL13-MG
553474;07/10/2023;sábado;15:30:00;PB;230;166;CAMPINA GRANDE;Ingestão de álcool pelo condutor;Colisão traseira;Com Vítimas Feridas;Pleno dia;Crescente;Céu Claro;Simples;"Reta;Aclive                   ";Sim;2;0;1;0;1;0;1;2;-7,1976;-35,955;SPRF-PB;DEL02-PB;UOP02-DEL02-PB
553476;07/10/2023;sábado;19:00:00;SC;470;62,2;INDAIAL;Acessar a via sem observar a presença dos outros veículos;Colisão transversal;Com Vítimas Feridas;Plena Noite;Crescente;Chuva;Simples;Reta;Não;2;0;2;0;0;0;2;2;-26,874521;-49,182938;SPRF-SC;DEL04-SC;UOP01-DEL04-SC
553478;07/10/2023;sábado;16:00:00;SC;282;3,7;FLORIANOPOLIS;Avarias e/ou desgaste excessivo no pneu;Colisão frontal;Com Vítimas Feridas;Pleno dia;Decrescente;Chuva;Dupla;Reta;Sim;2;0;1;0;1;0;1;2;-27,600384;-48,599705;SPRF-SC;DEL01-SC;UOP01-DEL01-SC
553480;07/10/2023;sábado;19:35:00;SP;153;49;SAO JOSE DO RIO PRETO;Acessar a via sem observar a presença dos outros veículos;Colisão transversal;Com Vítimas Feridas;Plena Noite;Decrescente;Céu Claro;Simples;"Rotatória;Reta                ";Não;5;0;4;1;0;0;5;2;-20,70000401;-49,33945823;SPRF-SP;DEL09-SP;UOP01-DEL09-SP
553481;07/10/2023;sábado;17:49:00;SC;282;6;SAO JOSE;Ingestão de álcool pelo condutor;Colisão lateral mesmo sentido;Sem Vítimas;Pleno dia;Decrescente;Garoa/Chuvisco;Dupla;Curva;Não;2;0;0;0;2;0;0;2;-27,591936;-48,618244;SPRF-SC;DEL01-SC;UOP01-DEL01-SC
553482;07/10/2023;sábado;19:30:00;GO;40;29,7;LUZIANIA;Acessar a via sem observar a presença dos outros veículos;Colisão transversal;Com Vítimas Fatais;Plena Noite;Crescente;Nublado;Dupla;Reta;Não;3;1;0;1;0;1;1;2;-16,273718;-47,871456;SPRF-DF;DEL01-DF;UOP01-DEL01-DF
553483;07/10/2023;sábado;19:30:00;SC;470;0,5;GASPAR;Acessar a via sem observar a presença dos outros veículos;Colisão transversal;Com Vítimas Feridas;Plena Noite;Decrescente;Nublado;Simples;Reta;Sim;2;0;1;0;1;0;1;2;-26,93187;-48,959316;SPRF-SC;DEL04-SC;UOP01-DEL04-SC
553484;07/10/2023;sábado;19:10:00;MA;135;21;SAO LUIS;Acessar a via sem observar a presença dos outros veículos;Atropelamento de Pedestre;Com Vítimas Feridas;Plena Noite;Decrescente;Céu Claro;Dupla;Reta;Sim;2;0;0;1;1;0;1;2;-2,53073;-44,3068;SPRF-MA;DEL01-MA;UOP01-DEL01-MA
553485;07/10/2023;sábado;20:00:00;SP;381;34;ATIBAIA;Reação tardia ou ineficiente do condutor;Saída de leito carroçável;Sem Vítimas;Plena Noite;Decrescente;Chuva;Dupla;Reta;Não;2;0;0;0;2;0;0;1;-23,079939;-46,569862;SPRF-SP;DEL03-SP;UOP02-DEL03-SP
553486;07/10/2023;sábado;19:50:00;MG;40;530,8;CONTAGEM;Ingestão de álcool pelo condutor;Queda de ocupante de veículo;Com Vítimas Feridas;Plena Noite;Crescente;Céu Claro;Dupla;"Curva;Aclive                  ";Sim;1;0;0;1;0;0;1;1;-19,92064782;-44,0335681;SPRF-MG;DEL01-MG;UOP02-DEL01-MG
553487;07/10/2023;sábado;20:15:00;PA;230;123;MARABA;Reação tardia ou ineficiente do condutor;Colisão lateral mesmo sentido;Com Vítimas Feridas;Plena Noite;Crescente;Céu Claro;Simples;Reta;Não;2;0;0;1;1;0;1;2;-5,37638;-49,14694;SPRF-PA;DEL03-PA;UOP01-DEL03-PA
553488;07/10/2023;sábado;18:30:00;MA;226;302,4;BARRA DO CORDA;Ingestão de álcool pelo condutor;Queda de ocupante de veículo;Com Vítimas Feridas;Plena Noite;Decrescente;Céu Claro;Simples;Reta;Sim;1;0;1;0;0;0;1;1;-5,49733929;-45,26542899;SPRF-MA;DEL03-MA;UOP03-DEL03-MA
553489;07/10/2023;sábado;16:40:00;RJ;101;390;RIO DE JANEIRO;Velocidade Incompatível;Colisão traseira;Com Vítimas Feridas;Pleno dia;Decrescente;Céu Claro;Dupla;Reta;Sim;6;0;3;1;0;2;4;3;-22,89346927;-43,67542992;SPRF-RJ;DEL03-RJ;UOP01-DEL03-RJ
553491;07/10/2023;sábado;20:00:00;PR;116;118;CURITIBA;Acumulo de água sobre o pavimento;Capotamento;Com Vítimas Feridas;Plena Noite;Crescente;Chuva;Dupla;Reta;Sim;2;0;2;0;0;0;2;1;-25,57115454;-49,31138813;SPRF-PR;DEL01-PR;UOP03-DEL01-PR
553492;07/10/2023;sábado;19:30:00;MG;116;506,8;UBAPORANGA;Ausência de reação do condutor;Colisão transversal;Com Vítimas Feridas;Plena Noite;Decrescente;Céu Claro;Simples;Reta;Não;3;0;2;0;1;0;2;2;-19,61173388;-42,11344072;SPRF-MG;DEL06-MG;UOP02-DEL06-MG
553493;07/10/2023;sábado;15:13:00;MG;381;656;SANTO ANTONIO DO AMPARO;Chuva;Capotamento;Sem Vítimas;Pleno dia;Decrescente;Chuva;Dupla;"Curva;Aclive                  ";Não;1;0;0;0;0;1;0;1;-21,00645107;-44,97543296;SPRF-MG;DEL04-MG;UOP02-DEL04-MG
553494;07/10/2023;sábado;20:45:00;ES;101;65;SAO MATEUS;Ingestão de álcool e/ou substâncias psicoativas pelo pedestre;Atropelamento de Pedestre;Com Vítimas Feridas;Plena Noite;Decrescente;Céu Claro;Simples;Reta;Sim;2;0;1;0;0;1;1;2;-18,70935945;-39,87762087;SPRF-ES;DEL04-ES;UOP02-DEL04-ES
553495;07/10/2023;sábado;20:00:00;PE;232;6,5;RECIFE;Reação tardia ou ineficiente do condutor;Colisão com objeto;Sem Vítimas;Plena Noite;Crescente;Céu Claro;Dupla;Reta;Sim;1;0;0;0;0;1;0;1;-8,07079525;-34,9535389;SPRF-PE;DEL01-PE;UOP01-DEL01-PE
553497;07/10/2023;sábado;20:08:00;MG;381;450;SABARA;Ausência de reação do condutor;Colisão com objeto;Com Vítimas Feridas;Plena Noite;Crescente;Céu Claro;Simples;Retorno Regulamentado;Sim;1;0;0;1;0;0;1;1;-19,82773225;-43,83869406;SPRF-MG;DEL01-MG;UOP01-DEL01-MG
553498;08/10/2023;domingo;01:20:00;PR;116;106;SAO JOSE DOS PINHAIS;Ausência de reação do condutor;Saída de leito carroçável;Sem Vítimas;Plena Noite;Decrescente;Céu Claro;Dupla;"Reta;Interseção de Vias;Viadut";Não;1;0;0;0;1;0;0;1;-25,51427646;-49,13070917;SPRF-PR;DEL01-PR;UOP07-DEL01-PR
553500;07/10/2023;sábado;20:30:00;SP;116;84;PINDAMONHANGABA;Ingestão de álcool pelo condutor;Atropelamento de Pedestre;Com Vítimas Feridas;Plena Noite;Decrescente;Chuva;Dupla;Reta;Não;3;0;1;1;0;1;2;2;-22,91777173;-45,33596814;SPRF-SP;DEL08-SP;UOP01-DEL08-SP