id;data_inversa;dia_semana;horario;uf;br;km;municipio;causa_acidente;tipo_acidente;classificacao_acidente;fase_dia;sentido_via;condicao_metereologica;tipo_pista;tracado_via;uso_solo;pessoas;mortos;feridos_leves;feridos_graves;ilesos;ignorados;feridos;veiculos;latitude;longitude;regional;delegacia;uop
553614;08/10/2023;domingo;09:15:00;MG;40;327,8;TRES MARIAS;Demais falhas mecânicas ou elétricas;Incêndio;Sem Vítimas;Pleno dia;Crescente;Céu Claro;Múltipla;Reta;Não;4;0;0;0;3;1;0;2;-18,55022585;-45,02982475;SPRF-MG;DEL14-MG;UOP02-DEL14-MG
553616;08/10/2023;domingo;11:15:00;SC;101;129;BALNEARIO CAMBORIU;Acumulo de água sobre o pavimento;Capotamento;Com Vítimas Feridas;Pleno dia;Crescente;Chuva;Dupla;Reta;Não;1;0;0;1;0;0;1;1;-26,98064277;-48,6790679;SPRF-SC;DEL04-SC;UOP03-DEL04-SC
553617;08/10/2023;domingo;11:00:00;RS;386;247,9;SOLEDADE;Acessar a via sem observar a presença dos outros veículos;Colisão transversal;Com Vítimas Feridas;Pleno dia;Decrescente;Garoa/Chuvisco;Simples;Reta;Não;2;0;1;0;1;0;1;2;-28,81749193;-52,48544455;SPRF-RS;DEL04-RS;UOP03-DEL04-RS
553618;08/10/2023;domingo;11:30:00;MG;381;938,4;EXTREMA;Velocidade Incompatível;Tombamento;Com Vítimas Feridas;Pleno dia;Crescente;Nublado;Dupla;Curva;Não;2;0;2;0;0;0;2;1;-22,83909203;-46,32850893;SPRF-MG;DEL16-MG;UOP03-DEL16-MG
553619;08/10/2023;domingo;11:30:00;RJ;101;53;CAMPOS DOS GOYTACAZES;Trafegar com motocicleta (ou similar) entre as faixas;Tombamento;Com Vítimas Feridas;Pleno dia;Decrescente;Céu Claro;Simples;Reta;Sim;1;0;1;0;0;0;1;1;-21,663391;-41,31136179;SPRF-RJ;DEL08-RJ;UOP01-DEL08-RJ
553621;08/10/2023;domingo;11:30:00;MG;262;363,2;JUATUBA;Avarias e/ou desgaste excessivo no pneu;Tombamento;Com Vítimas Feridas;Pleno dia;Decrescente;Céu Claro;Múltipla;"Reta;Declive                  ";Não;1;0;1;0;0;0;1;1;-19,98290644;-44,24492623;SPRF-MG;DEL01-MG;UOP03-DEL01-MG
553623;08/10/2023;domingo;12:40:00;PR;376;262;CALIFORNIA;Avarias e/ou desgaste excessivo no pneu;Saída de leito carroçável;Sem Vítimas;Pleno dia;Crescente;Chuva;Dupla;Reta;Não;1;0;0;0;1;0;0;1;-23,71590684;-51,31665496;SPRF-PR;DEL07-PR;UOP03-DEL07-PR
553624;08/10/2023;domingo;05:30:00;MT;163;1053;MATUPA;Condutor Dormindo;Saída de leito carroçável;Com Vítimas Feridas;Pleno dia;Crescente;Céu Claro;Simples;Reta;Não;1;0;1;0;0;0;1;1;-10,054405;-54,908598;SPRF-MT;DEL06-MT;UOP03-DEL06-MT
553625;08/10/2023;domingo;12:08:00;PE;232;490;VERDEJANTE;Ultrapassagem Indevida;Saída de leito carroçável;Com Vítimas Feridas;Pleno dia;Crescente;Céu Claro;Simples;Reta;Não;2;0;2;0;0;0;2;1;-8,00626727;-38,97264499;SPRF-PE;DEL05-PE;UOP01-DEL05-PE
553626;08/10/2023;domingo;12:10:00;PE;232;170,4;BELO JARDIM;Demais falhas mecânicas ou elétricas;Eventos atípicos;Com Vítimas Feridas;Pleno dia;Decrescente;Nublado;Simples;Reta;Não;2;0;0;1;1;0;1;2;-8,34074526;-36,34337092;SPRF-PE;DEL03-PE;UOP02-DEL03-PE
553627;13/09/2023;quarta-feira;07:50:00;SP;116;217;GUARULHOS;Ausência de reação do condutor;Colisão lateral mesmo sentido;Com Vítimas Feridas;Pleno dia;Crescente;Sol;Múltipla;Reta;Sim;4;0;0;1;2;1;1;4;-23,45423824;-46,47119028;SPRF-SP;DEL01-SP;UOP01-DEL01-SP
553628;08/10/2023;domingo;13:00:00;PR;277;42;MORRETES;Chuva;Colisão com objeto;Sem Vítimas;Pleno dia;Crescente;Chuva;Dupla;Reta;Não;1;0;0;0;1;0;0;1;-25,57361239;-48,84469597;SPRF-PR;DEL01-PR;UOP01-DEL01-PR
553629;25/09/2023;segunda-feira;20:20:00;PR;376;177,5;MARINGA;Reação tardia ou ineficiente do condutor;Colisão lateral mesmo sentido;Com Vítimas Feridas;Plena Noite;Decrescente;Céu Claro;Dupla;Reta;Sim;2;0;1;0;1;0;1;2;-23,41595855;-51,92226484;SPRF-PR;DEL09-PR;UOP01-DEL09-PR
553630;08/10/2023;domingo;13:30:00;ES;101;143;LINHARES;Ausência de reação do condutor;Capotamento;Com Vítimas Feridas;Pleno dia;Decrescente;Céu Claro;Dupla;Reta;Não;4;0;2;0;0;2;2;2;-19,34286596;-40,0638568;SPRF-ES;DEL04-ES;UOP01-DEL04-ES
553631;08/10/2023;domingo;07:20:00;MA;135;105;ITAPECURU MIRIM;Pista esburacada;Colisão com objeto;Sem Vítimas;Amanhecer;Crescente;Nublado;Simples;Reta;Não;2;0;0;0;0;2;0;1;-3,39583238;-44,50239179;SPRF-MA;DEL01-MA;UOP02-DEL01-MA
553633;08/10/2023;domingo;13:45:00;MG;365;861;SANTA VITORIA;Demais falhas mecânicas ou elétricas;Saída de leito carroçável;Sem Vítimas;Pleno dia;Crescente;Céu Claro;Simples;Reta;Não;1;0;0;0;1;0;0;1;-19,04153876;-50,41909013;SPRF-MG;DEL15-MG;UOP03-DEL15-MG
553635;08/10/2023;domingo;12:34:00;MT;163;80,1;RONDONOPOLIS;Afundamento ou ondulação no pavimento;Saída de leito carroçável;Com Vítimas Feridas;Pleno dia;Crescente;Chuva;Dupla;Reta;Não;2;0;2;0;0;0;2;1;-16,81816699;-54,69093901;SPRF-MT;DEL02-MT;UOP03-DEL02-MT
553637;08/10/2023;domingo;14:00:00;RJ;40;103;DUQUE DE CAXIAS;Avarias e/ou desgaste excessivo no pneu;Queda de ocupante de veículo;Com Vítimas Feridas;Pleno dia;Decrescente;Céu Claro;Dupla;Reta;Sim;2;0;2;0;0;0;2;1;-22,62009;-43,286922;SPRF-RJ;DEL01-RJ;UOP01-DEL01-RJ
553639;08/10/2023;domingo;10:30:00;RJ;116;280;BARRA MANSA;Ausência de reação do condutor;Colisão traseira;Com Vítimas Feridas;Pleno dia;Decrescente;Céu Claro;Simples;"Viaduto;Interseção de Vias    ";Sim;2;0;1;0;1;0;1;2;-22,54134895;-44,19176093;SPRF-RJ;DEL07-RJ;UOP02-DEL07-RJ
553641;08/10/2023;domingo;14:55:00;SC;101;189,5;BIGUACU;Ausência de reação do condutor;Saída de leito carroçável;Com Vítimas Feridas;Pleno dia;Decrescente;Chuva;Dupla;Curva;Não;1;0;1;0;0;0;1;1;-27,459393;-48,638914;SPRF-SC;DEL01-SC;UOP01-DEL01-SC
553642;08/10/2023;domingo;10:00:00;SC;101;331,5;TUBARAO;Ingestão de álcool pelo condutor;Saída de leito carroçável;Sem Vítimas;Pleno dia;Decrescente;Chuva;Simples;Reta;Sim;1;0;0;0;1;0;0;1;-28,45567521;-48,9812689;SPRF-SC;DEL02-SC;UOP01-DEL02-SC
553643;08/10/2023;domingo;15:00:00;RS;290;329;CACAPAVA DO SUL;Ultrapassagem Indevida;Colisão frontal;Com Vítimas Feridas;Pleno dia;Crescente;Nublado;Simples;"Reta;Declive                  ";Não;5;0;5;0;0;0;5;2;-30,360876;-53,484314;SPRF-RS;DEL09-RS;UOP02-DEL09-RS
553644;08/10/2023;domingo;14:43:00;GO;60;184,6;GUAPO;Acumulo de água sobre o pavimento;Capotamento;Com Vítimas Feridas;Pleno dia;Decrescente;Chuva;Dupla;Reta;Não;3;0;3;0;0;0;3;1;-16,7899;-49,5019;SPRF-GO;DEL01-GO;UOP02-DEL01-GO
553645;08/10/2023;domingo;15:10:00;ES;101;266;SERRA;Reação tardia ou ineficiente do condutor;Queda de ocupante de veículo;Com Vítimas Feridas;Pleno dia;Crescente;Nublado;Múltipla;Reta;Sim;1;0;1;0;0;0;1;1;-20,190199;-40,26828891;SPRF-ES;DEL02-ES;UOP01-DEL02-ES
553648;08/10/2023;domingo;15:00:00;ES;259;63,1;COLATINA;Acessar a via sem observar a presença dos outros veículos;Colisão transversal;Com Vítimas Feridas;Pleno dia;Crescente;Céu Claro;Simples;Interseção de Vias;Sim;2;0;1;0;1;0;1;2;-19,52380569;-40,7042706;SPRF-ES;DEL02-ES;UOP01-DEL02-ES
553649;08/10/2023;domingo;08:13:00;MT;70;530;VARZEA GRANDE;Ingestão de álcool pelo condutor;Saída de leito carroçável;Sem Vítimas;Pleno dia;Decrescente;Céu Claro;Simples;Reta;Sim;1;0;0;0;1;0;0;1;-15,6567023;-56,2117943;SPRF-MT;DEL01-MT;UOP02-DEL01-MT
553650;08/10/2023;domingo;14:45:00;PR;277;108;CAMPO LARGO;Chuva;Capotamento;Com Vítimas Feridas;Pleno dia;Crescente;Chuva;Dupla;Curva;Não;5;0;2;0;3;0;2;1;-25,46337891;-49,35755379;SPRF-PR;DEL03-PR;UOP03-DEL03-PR
553654;08/10/2023;domingo;14:40:00;RS;386;280,7;SAO JOSE DO HERVAL;Ingestão de álcool pelo condutor;Colisão lateral sentido oposto;Sem Vítimas;Pleno dia;Decrescente;Garoa/Chuvisco;Simples;Reta;Não;3;0;0;0;3;0;0;2;-29,025167;-52,311798;SPRF-RS;DEL04-RS;UOP03-DEL04-RS
553655;08/10/2023;domingo;15:30:00;CE;222;33,7;CAUCAIA;Condutor Dormindo;Queda de ocupante de veículo;Com Vítimas Feridas;Pleno dia;Decrescente;Céu Claro;Múltipla;Reta;Não;1;0;1;0;0;0;1;1;-3,70549973;-38,84675692;SPRF-CE;DEL01-CE;UOP01-DEL01-CE
553656;08/10/2023;domingo;11:30:00;PR;369;133,5;IBIPORA;Chuva;Saída de leito carroçável;Sem Vítimas;Pleno dia;Crescente;Chuva;Simples;Reta;Não;1;0;0;0;1;0;0;1;-23,2617363;-51,0192208;SPRF-PR;DEL07-PR;UOP01-DEL07-PR
553657;08/10/2023;domingo;15:30:00;SP;116;60;GUARATINGUETA;Frear bruscamente;Colisão lateral mesmo sentido;Sem Vítimas;Pleno dia;Decrescente;Céu Claro;Dupla;Reta;Sim;3;0;0;0;3;0;0;2;-22,79106843;-45,16105167;SPRF-SP;DEL08-SP;UOP01-DEL08-SP
553658;08/10/2023;domingo;14:26:00;MS;262;297;CAMPO GRANDE;Avarias e/ou desgaste excessivo no pneu;Saída de leito carroçável;Com Vítimas Feridas;Pleno dia;Crescente;Céu Claro;Simples;"Reta;Aclive                   ";Não;4;0;3;1;0;0;4;1;-20,50647192;-54,26860402;SPRF-MS;DEL01-MS;UOP01-DEL01-MS
553659;08/10/2023;domingo;16:45:00;SP;101;49,4;UBATUBA;Manobra de mudança de faixa;Colisão lateral mesmo sentido;Com Vítimas Feridas;Pleno dia;Crescente;Nublado;Simples;Reta;Sim;2;0;1;0;1;0;1;2;-23,44410908;-45,08375708;SPRF-SP;DEL06-SP;UOP01-DEL06-SP
553660;08/10/2023;domingo;13:30:00;RJ;40;5;COMENDADOR LEVY GASPARIAN;Ausência de reação do condutor;Saída de leito carroçável;Com Vítimas Feridas;Pleno dia;Crescente;Céu Claro;Dupla;Reta;Não;1;0;1;0;0;0;1;1;-22,021647;-43,23788;SPRF-RJ;DEL05-RJ;UOP02-DEL05-RJ
553662;08/10/2023;domingo;17:00:00;SP;116;208;GUARULHOS;Acesso irregular;Colisão com objeto;Com Vítimas Feridas;Pleno dia;Crescente;Céu Claro;Simples;Em Obras;Sim;1;0;1;0;0;0;1;1;-23,42222263;-46,3932771;SPRF-SP;DEL01-SP;UOP01-DEL01-SP
553663;08/10/2023;domingo;17:00:00;SC;101;235;PALHOCA;Acumulo de água sobre o pavimento;Colisão com objeto;Com Vítimas Feridas;Pleno dia;Decrescente;Chuva;Dupla;"Curva;Aclive                  ";Não;2;0;1;0;1;0;1;1;-27,8177775;-48,6315025;SPRF-SC;DEL01-SC;UOP02-DEL01-SC
553665;08/10/2023;domingo;11:30:00;BA;367;131;ITAGIMIRIM;Velocidade Incompatível;Saída de leito carroçável;Com Vítimas Feridas;Pleno dia;Decrescente;Sol;Simples;Curva;Não;2;0;2;0;0;0;2;1;-16,090789;-39,858614;SPRF-BA;DEL09-BA;UOP01-DEL09-BA
553666;08/10/2023;domingo;16:50:00;RJ;40;73;PETROPOLIS;Ausência de reação do condutor;Saída de leito carroçável;Com Vítimas Feridas;Pleno dia;Crescente;Céu Claro;Dupla;Curva;Não;1;0;0;1;0;0;1;1;-22,46352401;-43,22321103;SPRF-RJ;DEL06-RJ;UOP01-DEL06-RJ
553667;08/10/2023;domingo;16:02:00;PI;343;340,9;TERESINA;Ingestão de álcool pelo condutor;Colisão traseira;Sem Vítimas;Pleno dia;Crescente;Céu Claro;Dupla;"Curva;Aclive                  ";Sim;2;0;0;0;2;0;0;2;-5,074137;-42,73629;SPRF-PI;DEL01-PI;UOP01-DEL01-PI
553668;08/10/2023;domingo;17:00:00;MG;262;827;UBERABA;Velocidade Incompatível;Capotamento;Com Vítimas Feridas;Pleno dia;Crescente;Céu Claro;Dupla;"Reta;Interseção de Vias       ";Não;3;0;2;0;1;0;2;1;-19,763009;-48,134415;SPRF-MG;DEL13-MG;UOP01-DEL13-MG
553669;08/10/2023;domingo;16:00:00;GO;20;88;VILA BOA;Reação tardia ou ineficiente do condutor;Colisão traseira;Com Vítimas Feridas;Pleno dia;Decrescente;Sol;Dupla;Reta;Sim;3;0;2;0;1;0;2;2;-15,035155;-47,056973;SPRF-DF;DEL02-DF;UOP02-DEL02-DF
553670;08/10/2023;domingo;15:30:00;RJ;116;68;TERESOPOLIS;Reação tardia ou ineficiente do condutor;Atropelamento de Pedestre;Com Vítimas Feridas;Pleno dia;Crescente;Céu Claro;Simples;Reta;Sim;2;0;1;0;0;1;1;2;-22,30203301;-42,93608798;SPRF-RJ;DEL04-RJ;UOP01-DEL04-RJ
553672;08/10/2023;domingo;16:30:00;SP;116;98,6;PINDAMONHANGABA;Ausência de reação do condutor;Colisão lateral mesmo sentido;Sem Vítimas;Pleno dia;Crescente;Nublado;Dupla;"Reta;Aclive                   ";Não;2;0;0;0;2;0;0;2;-22,97805164;-45,45583318;SPRF-SP;DEL08-SP;UOP01-DEL08-SP
553673;08/10/2023;domingo;15:30:00;PR;376;33,4;NOVA LONDRINA;Acumulo de água sobre o pavimento;Colisão transversal;Com Vítimas Feridas;Pleno dia;Crescente;Chuva;Simples;Curva;Não;5;0;2;1;2;0;3;2;-22,79657814;-52,99569278;SPRF-PR;DEL09-PR;UOP02-DEL09-PR
553674;08/10/2023;domingo;17:25:00;PB;230;153;CAMPINA GRANDE;Ingestão de álcool pelo condutor;Saída de leito carroçável;Com Vítimas Feridas;Anoitecer;Crescente;Nublado;Simples;"Curva;Interseção de Vias;Decli";Sim;1;0;1;0;0;0;1;1;-7,2763;-35,8887;SPRF-PB;DEL02-PB;UOP01-DEL02-PB
553675;08/10/2023;domingo;16:55:00;SP;116;152,9;SAO JOSE DOS CAMPOS;Pedestre andava na pista;Atropelamento de Pedestre;Com Vítimas Feridas;Pleno dia;Decrescente;Nublado;Dupla;Reta;Sim;2;0;0;1;0;1;1;2;-23,22620401;-45,90682999;SPRF-SP;DEL02-SP;UOP01-DEL02-SP
553676;08/10/2023;domingo;17:00:00;MG;40;820,5;SIMAO PEREIRA;Mal súbito do condutor;Saída de leito carroçável;Com Vítimas Feridas;Pleno dia;Crescente;Céu Claro;Dupla;"Curva;Declive                 ";Não;4;0;4;0;0;0;4;1;-21,93762999;-43,30996199;SPRF-MG;DEL05-MG;UOP01-DEL05-MG
553677;08/10/2023;domingo;17:00:00;BA;324;617;SALVADOR;Afundamento ou ondulação no pavimento;Queda de ocupante de veículo;Com Vítimas Feridas;Pleno dia;Decrescente;Sol;Dupla;Interseção de Vias;Sim;2;0;1;0;1;0;1;1;-12,89234372;-38,44583988;SPRF-BA;DEL01-BA;UOP01-DEL01-BA
553678;08/10/2023;domingo;17:20:00;MG;146;459,5;BOTELHOS;Ingestão de álcool pelo condutor;Saída de leito carroçável;Com Vítimas Feridas;Anoitecer;Decrescente;Céu Claro;Simples;"Curva;Declive                 ";Não;1;0;0;1;0;0;1;1;-21,6070396;-46,4091575;SPRF-MG;DEL09-MG;UOP01-DEL09-MG
553681;08/10/2023;domingo;18:00:00;CE;222;3;FORTALEZA;Pedestre cruzava a pista fora da faixa;Atropelamento de Pedestre;Com Vítimas Feridas;Anoitecer;Crescente;Céu Claro;Múltipla;Reta;Sim;2;0;1;1;0;0;2;2;-3,7403769;-38,59569202;SPRF-CE;DEL01-CE;UOP01-DEL01-CE
553682;08/10/2023;domingo;17:55:00;SP;116;154;SAO JOSE DOS CAMPOS;Condutor deixou de manter distância do veículo da frente;Colisão traseira;Com Vítimas Feridas;Anoitecer;Crescente;Céu Claro;Dupla;Reta;Sim;2;0;2;0;0;0;2;1;-23,23903999;-45,92061901;SPRF-SP;DEL02-SP;UOP01-DEL02-SP
553683;08/10/2023;domingo;17:45:00;RS;116;362;TAPES;Reação tardia ou ineficiente do condutor;Colisão traseira;Com Vítimas Feridas;Anoitecer;Crescente;Garoa/Chuvisco;Simples;Rotatória;Não;2;0;0;1;1;0;1;2;-30,63994236;-51,55691954;SPRF-RS;DEL02-RS;UOP02-DEL02-RS
553685;08/10/2023;domingo;18:10:00;RS;386;155,2;ALMIRANTE TAMANDARE DO SUL;Conversão proibida;Colisão traseira;Com Vítimas Feridas;Pleno dia;Decrescente;Nublado;Simples;Reta;Não;3;0;1;1;1;0;2;2;-28,117487;-52,853813;SPRF-RS;DEL08-RS;UOP01-DEL08-RS
553686;08/10/2023;domingo;18:25:00;SP;153;72,9;SAO JOSE DO RIO PRETO;Animais na Pista;Atropelamento de Animal;Com Vítimas Feridas;Plena Noite;Crescente;Nublado;Dupla;"Reta;Declive                  ";Sim;3;0;1;0;2;0;1;1;-20,86715501;-49,41334398;SPRF-SP;DEL09-SP;UOP01-DEL09-SP
553689;08/10/2023;domingo;16:10:00;BA;101;230;SAPEACU;Acessar a via sem observar a presença dos outros veículos;Colisão transversal;Com Vítimas Feridas;Pleno dia;Decrescente;Céu Claro;Simples;Interseção de Vias;Sim;2;0;1;0;1;0;1;2;-12,72824406;-39,18000743;SPRF-BA;DEL01-BA;UOP02-DEL01-BA
553690;08/10/2023;domingo;02:00:00;RS;386;12,7;IRAI;Chuva;Saída de leito carroçável;Sem Vítimas;Pleno dia;Crescente;Nublado;Simples;"Ponte;Curva                   ";Não;1;0;0;0;0;1;0;1;-27,224037;-53,328167;SPRF-RS;DEL08-RS;UOP02-DEL08-RS
553691;08/10/2023;domingo;17:50:00;MS;163;484;CAMPO GRANDE;Pista Escorregadia;Tombamento;Com Vítimas Feridas;Anoitecer;Crescente;Chuva;Simples;Curva;Sim;2;0;0;2;0;0;2;1;-20,45104898;-54,5403266;SPRF-MS;DEL01-MS;UOP02-DEL01-MS
553692;08/10/2023;domingo;18:55:00;ES;101;299;VIANA;Manobra de mudança de faixa;Colisão lateral mesmo sentido;Com Vítimas Feridas;Plena Noite;Crescente;Céu Claro;Múltipla;Reta;Sim;2;0;1;0;1;0;1;2;-20,35860628;-40,42327504;SPRF-ES;DEL01-ES;UOP01-DEL01-ES
553693;08/10/2023;domingo;18:25:00;PE;101;43;IGARASSU;Reação tardia ou ineficiente do condutor;Tombamento;Com Vítimas Feridas;Plena Noite;Decrescente;Céu Claro;Múltipla;Reta;Não;1;0;0;1;0;0;1;1;-7,84753808;-34,90977038;SPRF-PE;DEL01-PE;UOP02-DEL01-PE
553694;08/10/2023;domingo;18:50:00;AL;316;150;PALMEIRA DOS INDIOS;Animais na Pista;Atropelamento de Animal;Com Vítimas Feridas;Plena Noite;Decrescente;Nublado;Simples;Reta;Não;2;0;1;1;0;0;2;1;-9,41682953;-36,6729327;SPRF-AL;DEL03-AL;UOP01-DEL03-AL
553695;08/10/2023;domingo;14:30:00;RJ;101;387;RIO DE JANEIRO;Reação tardia ou ineficiente do condutor;Colisão traseira;Com Vítimas Feridas;Pleno dia;Decrescente;Céu Claro;Múltipla;Reta;Sim;2;0;1;0;1;0;1;2;-22,88537839;-43,64965688;SPRF-RJ;DEL03-RJ;UOP01-DEL03-RJ
553696;08/10/2023;domingo;18:20:00;PE;101;51;PAULISTA;Acessar a via sem observar a presença dos outros veículos;Tombamento;Com Vítimas Feridas;Plena Noite;Crescente;Vento;Múltipla;Interseção de Vias;Não;3;0;1;0;1;1;1;2;-7,9169968;-34,89689272;SPRF-PE;DEL01-PE;UOP02-DEL01-PE
553698;08/10/2023;domingo;18:40:00;BA;415;22;ILHEUS;Ultrapassagem Indevida;Colisão frontal;Com Vítimas Feridas;Plena Noite;Crescente;Céu Claro;Simples;Curva;Não;2;0;0;1;0;1;1;2;-14,79870621;-39,15834744;SPRF-BA;DEL05-BA;UOP01-DEL05-BA
553699;08/10/2023;domingo;18:30:00;RN;406;96,8;JOAO CAMARA;Transitar na contramão;Colisão frontal;Com Vítimas Fatais;Plena Noite;Crescente;Céu Claro;Simples;Reta;Não;3;1;0;0;0;2;0;2;-5,50917972;-35,86669691;SPRF-RN;DEL02-RN;UOP01-DEL02-RN
553700;08/10/2023;domingo;19:00:00;PE;232;77,4;GRAVATA;Ingestão de álcool pelo condutor;Colisão lateral sentido oposto;Com Vítimas Feridas;Plena Noite;Crescente;Céu Claro;Simples;Reta;Sim;2;0;0;1;1;0;1;2;-8,19541469;-35,53424693;SPRF-PE;DEL02-PE;UOP02-DEL02PE
553703;08/10/2023;domingo;18:40:00;GO;70;0;AGUAS LINDAS DE GOIAS;Ingestão de álcool pelo condutor;Colisão lateral mesmo sentido;Com Vítimas Feridas;Plena Noite;Decrescente;Céu Claro;Múltipla;"Curva;Declive                 ";Sim;2;0;0;1;0;1;1;2;-15,783543;-48,2326;SPRF-DF;DEL03-DF;UOP02-DEL03-DF
553704;08/10/2023;domingo;19:56:00;MG;50;50;ARAGUARI;Animais na Pista;Atropelamento de Animal;Com Vítimas Feridas;Plena Noite;Decrescente;Céu Claro;Dupla;Reta;Não;1;0;1;0;0;0;1;1;-18,73632416;-48,22707877;SPRF-MG;DEL15-MG;UOP02-DEL15-MG
553706;08/10/2023;domingo;19:25:00;RN;304;69,9;MOSSORO;Reação tardia ou ineficiente do condutor;Colisão com objeto;Com Vítimas Feridas;Plena Noite;Crescente;Céu Claro;Simples;Reta;Não;1;0;1;0;0;0;1;1;-5,3941491;-37,22978817;SPRF-RN;DEL04-RN;UOP01-DEL04-RN
553707;08/10/2023;domingo;19:10:00;RS;386;444;CANOAS;Estacionar ou parar em local proibido;Colisão transversal;Com Vítimas Feridas;Plena Noite;Decrescente;Garoa/Chuvisco;Dupla;Reta;Não;5;0;0;1;4;0;1;2;-29,8931364;-51,19193316;SPRF-RS;DEL01-RS;UOP01-DEL01-RS
553708;08/10/2023;domingo;20:06:00;SE;235;27;AREIA BRANCA;Ingestão de álcool e/ou substâncias psicoativas pelo pedestre;Saída de leito carroçável;Com Vítimas Feridas;Plena Noite;Decrescente;Céu Claro;Simples;Declive;Não;2;0;2;0;0;0;2;1;-10,798957;-37,272919;SPRF-SE;DEL01-SE;UOP02-DEL01-SE
553710;08/10/2023;domingo;19:30:00;PR;277;452,2;LARANJEIRAS DO SUL;Ingestão de álcool pelo condutor;Colisão transversal;Com Vítimas Feridas;Plena Noite;Crescente;Nublado;Simples;Reta;Sim;2;0;1;0;1;0;1;2;-25,37059917;-52,36924101;SPRF-PR;DEL04-PR;UOP02-DEL04-PR
553711;08/10/2023;domingo;19:45:00;MG;381;884,3;ESTIVA;Chuva;Saída de leito carroçável;Com Vítimas Feridas;Plena Noite;Crescente;Chuva;Dupla;Reta;Não;3;0;1;0;2;0;1;1;-22,49469786;-46,01305116;SPRF-MG;DEL16-MG;UOP03-DEL16-MG
553713;08/10/2023;domingo;20:15:00;SC;480;124;CHAPECO;Reação tardia ou ineficiente do condutor;Colisão traseira;Com Vítimas Feridas;Plena Noite;Decrescente;Nublado;Dupla;Reta;Sim;4;0;1;0;3;0;1;2;-27,00359519;-52,64391044;SPRF-SC;DEL07-SC;UOP01-DEL07-SC
553715;08/10/2023;domingo;20:00:00;RJ;393;110;SAPUCAIA;Ausência de reação do condutor;Tombamento;Com Vítimas Feridas;Plena Noite;Crescente;Céu Claro;Simples;Reta;Não;1;0;1;0;0;0;1;1;-21,88984417;-42,70395997;SPRF-RJ;DEL05-RJ;UOP01-DEL05-RJ
553716;08/10/2023;domingo;19:05:00;RS;153;403,8;CACHOEIRA DO SUL;Acessar a via sem observar a presença dos outros veículos;Colisão transversal;Com Vítimas Feridas;Pleno dia;Decrescente;Chuva;Simples;Reta;Não;2;0;0;1;1;0;1;2;-29,99474918;-52,9242754;SPRF-RS;DEL02-RS;UOP03-DEL02-RS
553717;08/10/2023;domingo;19:10:00;GO;414;436;ANAPOLIS;Pista esburacada;Queda de ocupante de veículo;Com Vítimas Feridas;Pleno dia;Decrescente;Céu Claro;Simples;"Reta;Declive                  ";Sim;2;0;1;1;0;0;2;1;-16,25482505;-48,9361188;SPRF-GO;DEL02-GO;UOP01-DEL02-GO
553719;08/10/2023;domingo;16:00:00;BA;324;518,1;FEIRA DE SANTANA;Entrada inopinada do pedestre;Atropelamento de Pedestre;Com Vítimas Feridas;Pleno dia;Decrescente;Céu Claro;Simples;Reta;Sim;5;0;1;0;3;1;1;3;-12,2606;-38,9322;SPRF-BA;DEL02-BA;UOP01-DEL02-BA
553721;08/10/2023;domingo;20:20:00;BA;330;826,7;IPIAU;Transitar na contramão;Colisão frontal;Com Vítimas Feridas;Plena Noite;Crescente;Céu Claro;Simples;Reta;Não;5;0;4;1;0;0;5;2;-14,05617432;-39,80408506;SPRF-BA;DEL03-BA;UOP01-DEL03-BA
553722;08/10/2023;domingo;18:05:00;MT;163;843;SINOP;Ingestão de álcool pelo condutor;Colisão traseira;Sem Vítimas;Plena Noite;Decrescente;Céu Claro;Simples;Reta;Sim;3;0;0;0;2;1;0;2;-11,91612191;-55,50952235;SPRF-MT;DEL06-MT;UOP02-DEL06-MT
553723;08/10/2023;domingo;21:00:00;BA;324;516,5;FEIRA DE SANTANA;Ultrapassagem Indevida;Colisão transversal;Com Vítimas Feridas;Plena Noite;Crescente;Céu Claro;Simples;Reta;Sim;2;0;0;1;1;0;1;2;-12,249;-38,9337;SPRF-BA;DEL02-BA;UOP01-DEL02-BA
553724;08/10/2023;domingo;15:00:00;MG;381;371;SAO GONCALO DO RIO ABAIXO;Demais falhas mecânicas ou elétricas;Incêndio;Sem Vítimas;Pleno dia;Crescente;Céu Claro;Simples;Reta;Não;1;0;0;0;0;1;0;1;-19,84407789;-43,30732499;SPRF-MG;DEL01-MG;UOP01-DEL01-MG
553726;08/10/2023;domingo;20:58:00;RN;101;94;NATAL;Acessar a via sem observar a presença dos outros veículos;Colisão lateral mesmo sentido;Com Vítimas Feridas;Plena Noite;Decrescente;Céu Claro;Dupla;Interseção de Vias;Sim;2;0;1;0;0;1;1;2;-5,83176615;-35,21191342;SPRF-RN;DEL01-RN;UOP01-DEL01-RN
553727;08/10/2023;domingo;19:15:00;MS;262;479,9;ANASTACIO;Reação tardia ou ineficiente do condutor;Colisão com objeto;Com Vítimas Feridas;Plena Noite;Crescente;Chuva;Simples;Reta;Não;2;0;1;0;1;0;1;1;-20,505545;-55,719184;SPRF-MS;DEL03-MS;UOP01-DEL03-MS
553728;08/10/2023;domingo;20:30:00;BA;116;11;VITORIA DA CONQUISTA;Conversão proibida;Colisão transversal;Com Vítimas Feridas;Plena Noite;Crescente;Nublado;Simples;Reta;Sim;3;0;2;0;0;1;2;2;-14,86591678;-40,87212324;SPRF-BA;DEL08-BA;UOP01-DEL08-BA
553729;08/10/2023;domingo;19:26:00;PE;232;412;SERRA TALHADA;Ultrapassagem Indevida;Colisão lateral sentido oposto;Com Vítimas Feridas;Plena Noite;Decrescente;Céu Claro;Simples;Curva;Não;3;0;1;0;1;1;1;3;-7,98377927;-38,3208774;SPRF-PE;DEL04-PE;UOP01-DEL04-PE