id;data_inversa;dia_semana;horario;uf;br;km;municipio;causa_acidente;tipo_acidente;classificacao_acidente;fase_dia;sentido_via;condicao_metereologica;tipo_pista;tracado_via;uso_solo;pessoas;mortos;feridos_leves;feridos_graves;ilesos;ignorados;feridos;veiculos;latitude;longitude;regional;delegacia;uop
553988;09/10/2023;segunda-feira;19:30:00;RS;158;98;PALMEIRA DAS MISSOES;Reação tardia ou ineficiente do condutor;Saída de leito carroçável;Com Vítimas Feridas;Plena Noite;Decrescente;Céu Claro;Simples;Reta;Não;1;0;1;0;0;0;1;1;-27,88194798;-53,33522533;SPRF-RS;DEL08-RS;UOP01-DEL08-RS
553989;09/10/2023;segunda-feira;21:10:00;SP;381;88;GUARULHOS;Ausência de reação do condutor;Engavetamento;Com Vítimas Feridas;Plena Noite;Decrescente;Garoa/Chuvisco;Dupla;Reta;Sim;3;0;1;0;2;0;1;3;-23,47469314;-46,56112919;SPRF-SP;DEL03-SP;UOP01-DEL03-SP
553991;09/10/2023;segunda-feira;22:50:00;SP;116;220;GUARULHOS;Entrada inopinada do pedestre;Atropelamento de Pedestre;Com Vítimas Fatais;Plena Noite;Crescente;Garoa/Chuvisco;Múltipla;Reta;Sim;2;1;0;0;1;0;0;2;-23,46472809;-46,49793962;SPRF-SP;DEL01-SP;UOP01-DEL01-SP
553992;09/10/2023;segunda-feira;22:43:00;SC;101;46,2;JOINVILLE;Reação tardia ou ineficiente do condutor;Saída de leito carroçável;Com Vítimas Feridas;Pleno dia;Crescente;Garoa/Chuvisco;Múltipla;Curva;Sim;1;0;1;0;0;0;1;1;-26,33150083;-48,86187762;SPRF-SC;DEL03-SC;UOP01-DEL03-SC
553994;09/10/2023;segunda-feira;18:10:00;MT;70;734;CACERES;Velocidade Incompatível;Colisão transversal;Com Vítimas Feridas;Plena Noite;Crescente;Céu Claro;Simples;Reta;Sim;2;0;0;1;1;0;1;2;-16,14353201;-57,65123904;SPRF-MT;DEL03-MT;UOP01-DEL03-MT
553996;09/10/2023;segunda-feira;23:00:00;MA;316;560;CAXIAS;Ingestão de álcool e/ou substâncias psicoativas pelo pedestre;Atropelamento de Pedestre;Com Vítimas Feridas;Plena Noite;Crescente;Céu Claro;Simples;Reta;Não;2;0;0;1;1;0;1;2;-4,888779;-43,283848;SPRF-MA;DEL03-MA;UOP02-DEL03-MA
553997;09/10/2023;segunda-feira;22:30:00;RJ;101;483;ANGRA DOS REIS;Chuva;Saída de leito carroçável;Com Vítimas Feridas;Plena Noite;Crescente;Chuva;Simples;Reta;Sim;1;0;0;1;0;0;1;1;-22,99719001;-44,30136205;SPRF-RJ;DEL03-RJ;UOP03-DEL03-RJ
553999;09/10/2023;segunda-feira;20:55:00;PR;376;42,5;NOVA LONDRINA;Ultrapassagem Indevida;Colisão frontal;Com Vítimas Fatais;Plena Noite;Crescente;Céu Claro;Simples;"Reta;Declive                  ";Não;2;1;0;1;0;0;1;2;-22,8391945;-52,985534;SPRF-PR;DEL09-PR;UOP02-DEL09-PR
554000;09/10/2023;segunda-feira;20:45:00;SC;101;133;BALNEARIO CAMBORIU;Acessar a via sem observar a presença dos outros veículos;Colisão lateral mesmo sentido;Com Vítimas Feridas;Plena Noite;Crescente;Céu Claro;Múltipla;Reta;Sim;3;0;3;0;0;0;3;2;-26,99936;-48,64609;SPRF-SC;DEL04-SC;UOP03-DEL04-SC
554001;09/10/2023;segunda-feira;21:27:00;RJ;40;75,5;PETROPOLIS;Ausência de reação do condutor;Colisão com objeto;Sem Vítimas;Plena Noite;Crescente;Chuva;Simples;Curva;Não;1;0;0;0;1;0;0;1;-22,46857126;-43,22958698;SPRF-RJ;DEL06-RJ;UOP01-DEL06-RJ
554002;09/10/2023;segunda-feira;23:20:00;PR;369;168;ROLANDIA;Pedestre andava na pista;Atropelamento de Pedestre;Com Vítimas Feridas;Plena Noite;Crescente;Céu Claro;Dupla;Reta;Sim;2;0;1;1;0;0;2;2;-23,29853804;-51,32273376;SPRF-PR;DEL07-PR;UOP01-DEL07-PR
554003;10/10/2023;terça-feira;00:50:00;MG;40;822;SIMAO PEREIRA;Reação tardia ou ineficiente do condutor;Saída de leito carroçável;Com Vítimas Feridas;Plena Noite;Decrescente;Nublado;Dupla;Reta;Não;42;0;39;3;0;0;42;1;-21,95323782;-43,3008627;SPRF-MG;DEL05-MG;UOP01-DEL05-MG
554004;09/10/2023;segunda-feira;22:45:00;RS;116;425;CRISTAL;Reação tardia ou ineficiente do condutor;Saída de leito carroçável;Com Vítimas Feridas;Plena Noite;Crescente;Céu Claro;Simples;Reta;Não;2;0;1;0;1;0;1;1;-30,98193093;-52,02109003;SPRF-RS;DEL02-RS;UOP02-DEL02-RS
554006;10/10/2023;terça-feira;01:10:00;PR;376;253;CALIFORNIA;Ingestão de álcool pelo condutor;Saída de leito carroçável;Com Vítimas Feridas;Plena Noite;Decrescente;Céu Claro;Dupla;Reta;Não;1;0;1;0;0;0;1;1;-23,63299;-51,37791;SPRF-PR;DEL07-PR;UOP03-DEL07-PR
554008;10/10/2023;terça-feira;01:48:00;PR;277;660,1;MATELANDIA;Velocidade Incompatível;Saída de leito carroçável;Com Vítimas Feridas;Plena Noite;Crescente;Nublado;Dupla;Curva;Sim;1;0;0;1;0;0;1;1;-25,25136237;-53,99027796;SPRF-PR;DEL05-PR;UOP02-DEL05-PR
554010;09/10/2023;segunda-feira;10:30:00;SE;235;1,9;ARACAJU;Reação tardia ou ineficiente do condutor;Colisão traseira;Sem Vítimas;Pleno dia;Decrescente;Céu Claro;Dupla;Viaduto;Sim;5;0;0;0;5;0;0;2;-10,9073;-37,0947;SPRF-SE;DEL01-SE;UOP01-DEL01-SE
554012;10/10/2023;terça-feira;05:35:00;RN;101;73;EXTREMOZ;Acessar a via sem observar a presença dos outros veículos;Colisão transversal;Com Vítimas Fatais;Pleno dia;Crescente;Céu Claro;Simples;Reta;Não;2;1;0;0;1;0;0;2;-5,70687202;-35,26688397;SPRF-RN;DEL02-RN;UOP01-DEL02-RN
554015;10/10/2023;terça-feira;05:13:00;SP;116;230;SAO PAULO;Acumulo de areia ou detritos sobre o pavimento;Colisão com objeto;Com Vítimas Feridas;Plena Noite;Crescente;Céu Claro;Simples;Reta;Sim;1;0;1;0;0;0;1;1;-23,52251783;-46,5855702;SPRF-SP;DEL01-SP;UOP01-DEL01-SP
554017;10/10/2023;terça-feira;04:00:00;RS;392;55;RIO GRANDE;Ausência de reação do condutor;Saída de leito carroçável;Sem Vítimas;Plena Noite;Crescente;Céu Claro;Dupla;Curva;Não;1;0;0;0;1;0;0;1;-31,82930395;-52,32858415;SPRF-RS;DEL07-RS;UOP02-DEL07-RS
554018;10/10/2023;terça-feira;05:20:00;SP;381;76;SAO PAULO;Reação tardia ou ineficiente do condutor;Queda de ocupante de veículo;Com Vítimas Feridas;Amanhecer;Crescente;Garoa/Chuvisco;Múltipla;"Curva;Declive                 ";Não;1;0;1;0;0;0;1;1;-23,38372401;-46,56502116;SPRF-SP;DEL03-SP;UOP01-DEL03-SP
554020;10/10/2023;terça-feira;03:00:00;MT;70;506;CUIABA;Reação tardia ou ineficiente do condutor;Saída de leito carroçável;Com Vítimas Feridas;Plena Noite;Decrescente;Nublado;Simples;Reta;Não;2;0;1;1;0;0;2;1;-15,702929;-56,0671122;SPRF-MT;DEL01-MT;UOP02-DEL01-MT
554021;10/10/2023;terça-feira;05:30:00;MG;116;708,7;MURIAE;Chuva;Colisão com objeto;Com Vítimas Feridas;Amanhecer;Crescente;Chuva;Simples;Curva;Não;1;0;1;0;0;0;1;1;-21,16328873;-42,37968988;SPRF-MG;DEL07-MG;UOP02-DEL07-MG
554023;10/10/2023;terça-feira;06:00:00;MG;381;479,8;CONTAGEM;Ausência de reação do condutor;Colisão traseira;Sem Vítimas;Pleno dia;Decrescente;Céu Claro;Simples;"Reta;Declive                  ";Sim;2;0;0;0;2;0;0;2;-19,95889605;-44,069202;SPRF-MG;DEL01-MG;UOP03-DEL01-MG
554024;10/10/2023;terça-feira;06:10:00;MG;381;930,5;ITAPEVA;Demais falhas mecânicas ou elétricas;Queda de ocupante de veículo;Com Vítimas Feridas;Pleno dia;Crescente;Céu Claro;Dupla;Reta;Sim;2;0;2;0;0;0;2;1;-22,80188832;-46,26962063;SPRF-MG;DEL16-MG;UOP03-DEL16-MG
554025;10/10/2023;terça-feira;05:40:00;MS;463;10;DOURADOS;Conversão proibida;Colisão lateral mesmo sentido;Com Vítimas Fatais;Amanhecer;Crescente;Céu Claro;Simples;Reta;Não;2;1;0;0;1;0;0;2;-22,2440535;-54,91755366;SPRF-MS;DEL04-MS;UOP03-DEL04-MS
554026;10/10/2023;terça-feira;06:55:00;RS;470;215;BENTO GONCALVES;Conversão proibida;Colisão lateral mesmo sentido;Com Vítimas Feridas;Pleno dia;Crescente;Céu Claro;Simples;Reta;Sim;2;0;1;0;1;0;1;2;-29,160222;-51,528694;SPRF-RS;DEL06-RS;UOP01-DEL06-RS
554028;10/10/2023;terça-feira;06:30:00;SC;101;327,2;CAPIVARI DE BAIXO;Desrespeitar a preferência no cruzamento;Colisão transversal;Sem Vítimas;Amanhecer;Crescente;Céu Claro;Simples;"Interseção de Vias;Rotatória  ";Sim;2;0;0;0;1;1;0;2;-28,43927705;-48,96257222;SPRF-SC;DEL02-SC;UOP01-DEL02-SC
554029;10/10/2023;terça-feira;05:25:00;PR;277;725;FOZ DO IGUACU;Mal súbito do condutor;Queda de ocupante de veículo;Com Vítimas Fatais;Plena Noite;Crescente;Céu Claro;Dupla;Reta;Sim;1;1;0;0;0;0;0;1;-25,50823541;-54,54619865;SPRF-PR;DEL05-PR;UOP03-DEL05-PR
554030;10/10/2023;terça-feira;06:00:00;RJ;101;303;SAO GONCALO;Avarias e/ou desgaste excessivo no pneu;Colisão com objeto;Sem Vítimas;Pleno dia;Decrescente;Garoa/Chuvisco;Simples;Retorno Regulamentado;Não;1;0;0;0;1;0;0;1;-22,7828205;-42,9766681;SPRF-RJ;DEL02-RJ;UOP02-DEL02-RJ
554031;10/10/2023;terça-feira;06:50:00;PR;116;20;ANTONINA;Ausência de reação do condutor;Saída de leito carroçável;Sem Vítimas;Pleno dia;Crescente;Chuva;Dupla;Curva;Não;1;0;0;0;0;1;0;1;-25,10052421;-48,72981603;SPRF-PR;DEL01-PR;UOP02-DEL01-PR
554032;10/10/2023;terça-feira;07:15:00;SC;280;51,3;GUARAMIRIM;Manobra de mudança de faixa;Colisão lateral mesmo sentido;Com Vítimas Feridas;Amanhecer;Crescente;Nublado;Dupla;Reta;Sim;2;0;1;0;1;0;1;2;-26,467605;-48,961672;SPRF-SC;DEL03-SC;UOP03-DEL03-SC
554033;10/10/2023;terça-feira;06:30:00;GO;153;508;APARECIDA DE GOIANIA;Reação tardia ou ineficiente do condutor;Colisão traseira;Com Vítimas Feridas;Pleno dia;Decrescente;Céu Claro;Dupla;Reta;Não;2;0;1;0;1;0;1;2;-16,7804;-49,2371;SPRF-GO;DEL01-GO;UOP03-DEL01-GO
554034;10/10/2023;terça-feira;07:00:00;PE;232;34,9;MORENO;Condutor deixou de manter distância do veículo da frente;Colisão traseira;Sem Vítimas;Pleno dia;Crescente;Céu Claro;Dupla;Reta;Não;4;0;0;0;4;0;0;4;-8,10702537;-35,18394691;SPRF-PE;DEL01-PE;UOP01-DEL01-PE
554035;10/10/2023;terça-feira;07:00:00;DF;40;0;BRASILIA;Condutor deixou de manter distância do veículo da frente;Colisão traseira;Com Vítimas Feridas;Pleno dia;Decrescente;Sol;Dupla;Reta;Sim;2;0;1;0;1;0;1;2;-15,97682918;-47,98983157;SPRF-DF;DEL01-DF;UOP01-DEL01-DF
554037;10/10/2023;terça-feira;07:50:00;PR;376;178;MARINGA;Ausência de reação do condutor;Colisão traseira;Com Vítimas Feridas;Pleno dia;Decrescente;Céu Claro;Dupla;Reta;Sim;2;0;0;1;1;0;1;2;-23,41813681;-51,91660099;SPRF-PR;DEL09-PR;UOP01-DEL09-PR
554038;10/10/2023;terça-feira;06:40:00;SC;101;416,4;ARARANGUA;Ausência de reação do condutor;Saída de leito carroçável;Com Vítimas Feridas;Pleno dia;Decrescente;Sol;Múltipla;Reta;Sim;1;0;1;0;0;0;1;1;-28,96040535;-49,51653267;SPRF-SC;DEL02-SC;UOP02-DEL02-SC
554039;10/10/2023;terça-feira;07:15:00;SC;470;140;RIO DO SUL;Acessar a via sem observar a presença dos outros veículos;Colisão transversal;Com Vítimas Feridas;Pleno dia;Decrescente;Nublado;Simples;Reta;Sim;2;0;1;0;1;0;1;2;-27,222485;-49,662827;SPRF-SC;DEL04-SC;UOP02-DEL04-SC
554041;10/10/2023;terça-feira;07:50:00;RJ;40;121;DUQUE DE CAXIAS;Condutor deixou de manter distância do veículo da frente;Colisão traseira;Sem Vítimas;Pleno dia;Crescente;Chuva;Múltipla;Reta;Não;2;0;0;0;2;0;0;2;-22,78185499;-43,28571273;SPRF-RJ;DEL01-RJ;UOP01-DEL01-RJ
554043;10/10/2023;terça-feira;08:00:00;PB;230;26,9;JOAO PESSOA;Entrada inopinada do pedestre;Atropelamento de Pedestre;Com Vítimas Feridas;Pleno dia;Crescente;Céu Claro;Dupla;Reta;Sim;3;0;0;1;0;2;1;3;-7,16583394;-34,88912051;SPRF-PB;DEL01-PB;UOP01-DEL01-PB
554044;10/10/2023;terça-feira;08:00:00;AP;210;0;MACAPA;Conversão proibida;Colisão transversal;Com Vítimas Feridas;Pleno dia;Decrescente;Céu Claro;Dupla;Reta;Sim;3;0;1;0;2;0;1;2;0,07737634;-51,06724262;SPRF-AP;DEL01-AP;UOP01-DEL01-AP
554045;10/10/2023;terça-feira;08:15:00;SP;116;135;SAO JOSE DOS CAMPOS;Reação tardia ou ineficiente do condutor;Queda de ocupante de veículo;Com Vítimas Feridas;Pleno dia;Crescente;Céu Claro;Dupla;Reta;Sim;1;0;1;0;0;0;1;1;-23,144484;-45,77018;SPRF-SP;DEL02-SP;UOP01-DEL02-SP
554046;28/09/2023;quinta-feira;19:30:00;MG;381;819,5;CAREACU;Ausência de sinalização;Colisão traseira;Com Vítimas Feridas;Plena Noite;Decrescente;Nublado;Dupla;"Em Obras;Reta                 ";Não;3;0;0;2;1;0;2;3;-22,10560191;-45,73225703;SPRF-MG;DEL16-MG;UOP02-DEL16-MG
554047;08/10/2023;domingo;00:02:00;AP;210;0;MACAPA;Ausência de reação do condutor;Saída de leito carroçável;Com Vítimas Feridas;Plena Noite;Decrescente;Céu Claro;Dupla;Curva;Não;1;0;1;0;0;0;1;1;0,07780012;-51,06097;SPRF-AP;DEL01-AP;UOP01-DEL01-AP
554048;10/10/2023;terça-feira;07:00:00;RJ;101;292;ITABORAI;Reação tardia ou ineficiente do condutor;Tombamento;Com Vítimas Feridas;Pleno dia;Crescente;Garoa/Chuvisco;Múltipla;Reta;Sim;1;0;1;0;0;0;1;1;-22,76038215;-42,87856408;SPRF-RJ;DEL02-RJ;UOP02-DEL02-RJ
554049;10/10/2023;terça-feira;07:00:00;RS;392;323;SAO SEPE;Reação tardia ou ineficiente do condutor;Saída de leito carroçável;Com Vítimas Feridas;Pleno dia;Crescente;Céu Claro;Simples;Reta;Não;3;0;0;1;0;2;1;2;-29,95914689;-53,69634281;SPRF-RS;DEL09-RS;UOP01-DEL09-RS
554052;10/10/2023;terça-feira;08:30:00;SE;101;76;MARUIM;Reação tardia ou ineficiente do condutor;Queda de ocupante de veículo;Com Vítimas Feridas;Pleno dia;Decrescente;Céu Claro;Dupla;Curva;Não;2;0;2;0;0;0;2;1;-10,77357687;-37,12583705;SPRF-SE;DEL01-SE;UOP01-DEL01-SE
554053;10/10/2023;terça-feira;08:30:00;PI;316;10,7;TERESINA;Condutor deixou de manter distância do veículo da frente;Colisão traseira;Com Vítimas Feridas;Pleno dia;Decrescente;Céu Claro;Dupla;Reta;Sim;3;0;2;0;1;0;2;2;-5,18280197;-42,76350291;SPRF-PI;DEL01-PI;UOP02-DEL01-PI
554054;10/10/2023;terça-feira;08:44:00;PE;232;4,3;RECIFE;Ausência de reação do condutor;Colisão lateral mesmo sentido;Sem Vítimas;Pleno dia;Decrescente;Céu Claro;Dupla;"Reta;Declive;Viaduto          ";Sim;2;0;0;0;2;0;0;2;-8,064473;-34,936928;SPRF-PE;DEL01-PE;UOP01-DEL01-PE
554056;10/10/2023;terça-feira;08:00:00;TO;242;453;FORMOSO DO ARAGUAIA;Acessar a via sem observar a presença dos outros veículos;Colisão lateral mesmo sentido;Com Vítimas Feridas;Pleno dia;Decrescente;Céu Claro;Dupla;Curva;Não;2;0;0;1;1;0;1;2;-11,8117766;-49,5289078;SPRF-TO;DEL01-TO;UOP02-DEL01-TO
554057;10/10/2023;terça-feira;09:15:00;SC;101;214,6;PALHOCA;Condutor deixou de manter distância do veículo da frente;Colisão traseira;Com Vítimas Feridas;Pleno dia;Decrescente;Céu Claro;Múltipla;Reta;Sim;3;0;1;0;2;0;1;2;-27,64443;-48,67057;SPRF-SC;DEL01-SC;UOP02-DEL01-SC
554059;10/10/2023;terça-feira;08:40:00;PR;376;597;CURITIBA;Manobra de mudança de faixa;Colisão lateral mesmo sentido;Com Vítimas Feridas;Pleno dia;Crescente;Nublado;Dupla;Reta;Sim;3;0;1;0;2;0;1;3;-25,5205176;-49,33435321;SPRF-PR;DEL01-PR;UOP06-DEL01-PR
554065;10/10/2023;terça-feira;09:34:00;PE;232;10;JABOATAO DOS GUARARAPES;Condutor deixou de manter distância do veículo da frente;Colisão traseira;Com Vítimas Feridas;Pleno dia;Crescente;Céu Claro;Dupla;Reta;Sim;3;0;1;0;2;0;1;3;-8,07917241;-34,98718609;SPRF-PE;DEL01-PE;UOP01-DEL01-PE
554066;10/10/2023;terça-feira;09:35:00;RN;101;94;NATAL;Reação tardia ou ineficiente do condutor;Engavetamento;Sem Vítimas;Pleno dia;Decrescente;Céu Claro;Múltipla;Reta;Sim;3;0;0;0;3;0;0;3;-5,82899267;-35,21099207;SPRF-RN;DEL01-RN;UOP01-DEL01-RN
554067;10/10/2023;terça-feira;10:10:00;RN;101;94;NATAL;Condutor deixou de manter distância do veículo da frente;Colisão traseira;Sem Vítimas;Pleno dia;Decrescente;Céu Claro;Simples;Reta;Sim;3;0;0;0;3;0;0;3;-5,83176615;-35,21191342;SPRF-RN;DEL01-RN;UOP01-DEL01-RN
554068;10/10/2023;terça-feira;07:45:00;PR;277;669;MEDIANEIRA;Condutor deixou de manter distância do veículo da frente;Saída de leito carroçável;Com Vítimas Feridas;Pleno dia;Decrescente;Céu Claro;Dupla;"Reta;Declive                  ";Sim;1;0;1;0;0;0;1;1;-25,27562214;-54,0709859;SPRF-PR;DEL05-PR;UOP02-DEL05-PR
554069;10/10/2023;terça-feira;09:20:00;GO;60;164;GOIANIA;Ausência de reação do condutor;Colisão lateral mesmo sentido;Com Vítimas Feridas;Pleno dia;Decrescente;Céu Claro;Dupla;"Reta;Declive                  ";Não;2;0;1;0;1;0;1;2;-16,7002;-49,3335;SPRF-GO;DEL01-GO;UOP02-DEL01-GO
554070;10/10/2023;terça-feira;09:20:00;PB;230;292;SANTA LUZIA;Acessar a via sem observar a presença dos outros veículos;Colisão transversal;Com Vítimas Feridas;Pleno dia;Decrescente;Céu Claro;Simples;Reta;Sim;2;0;2;0;0;0;2;2;-6,8684;-36,9222;SPRF-PB;DEL03-PB;UOP01-DEL03-PB
554071;28/09/2023;quinta-feira;17:30:00;RJ;116;176;SAO JOAO DE MERITI;Acesso irregular;Colisão transversal;Com Vítimas Feridas;Pleno dia;Crescente;Céu Claro;Múltipla;"Reta;Interseção de Vias       ";Não;1;0;1;0;0;0;1;1;-22,7839538;-43,38195488;SPRF-RJ;DEL01-RJ;UOP02-DEL01-RJ
554072;10/10/2023;terça-feira;11:10:00;PB;230;16,8;JOAO PESSOA;Ausência de reação do condutor;Engavetamento;Com Vítimas Feridas;Pleno dia;Decrescente;Céu Claro;Dupla;Reta;Não;4;0;1;0;3;0;1;3;-7,1039;-34,8458;SPRF-PB;DEL01-PB;UOP01-DEL01-PB
554074;10/10/2023;terça-feira;11:07:00;RN;101;96,5;NATAL;Manobra de mudança de faixa;Colisão traseira;Com Vítimas Feridas;Pleno dia;Decrescente;Céu Claro;Múltipla;Reta;Sim;2;0;1;0;1;0;1;2;-5,85217339;-35,2100122;SPRF-RN;DEL01-RN;UOP01-DEL01-RN
554076;10/10/2023;terça-feira;12:00:00;SC;101;333,7;TUBARAO;Desrespeitar a preferência no cruzamento;Colisão transversal;Com Vítimas Feridas;Pleno dia;Decrescente;Céu Claro;Múltipla;"Interseção de Vias;Viaduto    ";Sim;2;0;0;1;1;0;1;2;-28,46630107;-48,99653096;SPRF-SC;DEL02-SC;UOP01-DEL02-SC
554077;10/10/2023;terça-feira;12:00:00;SP;116;147;SAO JOSE DOS CAMPOS;Trafegar com motocicleta (ou similar) entre as faixas;Colisão lateral mesmo sentido;Com Vítimas Feridas;Pleno dia;Decrescente;Céu Claro;Dupla;Reta;Sim;3;0;0;1;2;0;1;3;-23,19542994;-45,87176303;SPRF-SP;DEL02-SP;UOP01-DEL02-SP
554079;10/10/2023;terça-feira;10:15:00;RJ;101;574;PARATY;Acessar a via sem observar a presença dos outros veículos;Colisão lateral mesmo sentido;Com Vítimas Feridas;Pleno dia;Crescente;Nublado;Simples;Curva;Sim;4;0;0;1;1;2;1;3;-23,21358252;-44,73484755;SPRF-RJ;DEL03-RJ;UOP04-DEL03-RJ
554080;09/10/2023;segunda-feira;17:40:00;AL;316;269;SATUBA;Ingestão de álcool ou de substâncias psicoativas pelo pedestre;Atropelamento de Pedestre;Com Vítimas Feridas;Anoitecer;Crescente;Céu Claro;Simples;Reta;Sim;2;0;0;1;1;0;1;2;-9,57589005;-35,83163597;SPRF-AL;DEL02-AL;UOP01-DEL02-AL
554081;09/10/2023;segunda-feira;06:50:00;RS;470;216;BENTO GONCALVES;Condutor deixou de manter distância do veículo da frente;Colisão traseira;Sem Vítimas;Pleno dia;Decrescente;Céu Claro;Dupla;Reta;Sim;3;0;0;0;3;0;0;2;-29,15887096;-51,53142395;SPRF-RS;DEL06-RS;UOP01-DEL06-RS
554082;26/09/2023;terça-feira;19:00:00;SC;116;112,5;SANTA CECILIA;Reação tardia ou ineficiente do condutor;Saída de leito carroçável;Com Vítimas Feridas;Plena Noite;Decrescente;Chuva;Simples;"Declive;Reta                  ";Não;2;0;2;0;0;0;2;1;-26,77723709;-50,3477023;SPRF-SC;DEL06-SC;UOP02-DEL06-SC
554086;10/10/2023;terça-feira;10:55:00;RO;364;423;JARU;Acesso irregular;Colisão com objeto;Com Vítimas Feridas;Pleno dia;Decrescente;Sol;Simples;Reta;Não;2;0;1;0;1;0;1;2;-10,45220802;-62,46072003;SPRF-RO;DEL03-RO;UOP02-DEL03-RO
554087;10/10/2023;terça-feira;13:10:00;MG;40;46,6;PARACATU;Acessar a via sem observar a presença dos outros veículos;Colisão transversal;Com Vítimas Feridas;Pleno dia;Crescente;Sol;Simples;"Reta;Aclive                   ";Não;2;0;1;0;1;0;1;2;-17,23875763;-46,83697693;SPRF-MG;DEL14-MG;UOP01-DEL14-MG
554088;06/10/2023;sexta-feira;01:30:00;SC;101;372;ICARA;Chuva;Saída de leito carroçável;Com Vítimas Feridas;Plena Noite;Crescente;Chuva;Dupla;Reta;Sim;2;0;2;0;0;0;2;1;-28,70864509;-49,20924696;SPRF-SC;DEL02-SC;UOP01-DEL02-SC
554089;10/10/2023;terça-feira;09:00:00;RJ;116;173;SAO JOAO DE MERITI;Trafegar com motocicleta (ou similar) entre as faixas;Colisão traseira;Com Vítimas Feridas;Pleno dia;Decrescente;Nublado;Dupla;Reta;Sim;3;0;1;0;1;1;1;3;-22,79810324;-43,35726614;SPRF-RJ;DEL01-RJ;UOP02-DEL01-RJ
554090;29/09/2023;sexta-feira;06:00:00;SC;282;17;PALHOCA;Reação tardia ou ineficiente do condutor;Colisão lateral mesmo sentido;Com Vítimas Feridas;Pleno dia;Crescente;Nublado;Simples;Reta;Não;2;0;1;0;1;0;1;2;-27,665707;-48,688065;SPRF-SC;DEL01-SC;UOP02-DEL01-SC
554091;10/10/2023;terça-feira;12:10:00;GO;40;1,7;VALPARAISO DE GOIAS;Condutor deixou de manter distância do veículo da frente;Colisão traseira;Com Vítimas Feridas;Pleno dia;Crescente;Céu Claro;Dupla;Reta;Sim;2;0;1;0;1;0;1;2;-16,058245;-47,982825;SPRF-DF;DEL01-DF;UOP01-DEL01-DF
554092;10/10/2023;terça-feira;13:00:00;MG;116;276;TEOFILO OTONI;Manobra de mudança de faixa;Colisão lateral mesmo sentido;Com Vítimas Feridas;Pleno dia;Crescente;Céu Claro;Simples;Reta;Sim;3;0;2;0;1;0;2;2;-17,85105696;-41,51454492;SPRF-MG;DEL11-MG;UOP01-DEL11-MG
554094;10/10/2023;terça-feira;09:05:00;AP;210;105;PORTO GRANDE;Reação tardia ou ineficiente do condutor;Colisão transversal;Com Vítimas Feridas;Pleno dia;Crescente;Céu Claro;Simples;"Curva;Interseção de Vias      ";Sim;2;0;0;1;1;0;1;2;0,70239423;-51,40504681;SPRF-AP;DEL01-AP;UOP01-DEL01-AP
554095;10/10/2023;terça-feira;14:00:00;PE;101;40;IGARASSU;Transitar no Acostamento;Atropelamento de Pedestre;Com Vítimas Feridas;Pleno dia;Decrescente;Céu Claro;Dupla;Reta;Sim;2;0;1;0;1;0;1;2;-7,821475;-34,916545;SPRF-PE;DEL01-PE;UOP02-DEL01-PE
554097;30/09/2023;sábado;17:51:00;DF;20;4;BRASILIA;Ausência de reação do condutor;Colisão traseira;Com Vítimas Feridas;Pleno dia;Decrescente;Céu Claro;Dupla;Reta;Sim;2;0;1;0;1;0;1;2;-15,675484;-47,823761;SPRF-DF;DEL02-DF;UOP01-DEL02-DF
554098;10/10/2023;terça-feira;14:25:00;RS;116;247;SAO LEOPOLDO;Declive acentuado;Colisão com objeto;Com Vítimas Feridas;Pleno dia;Decrescente;Céu Claro;Dupla;"Viaduto;Reta;Declive          ";Sim;2;0;2;0;0;0;2;1;-29,77241454;-51,15406036;SPRF-RS;DEL01-RS;UOP02-DEL01-RS
554099;10/10/2023;terça-feira;09:10:00;RJ;465;4;SEROPEDICA;Conversão proibida;Colisão lateral mesmo sentido;Com Vítimas Feridas;Pleno dia;Decrescente;Nublado;Simples;Reta;Não;2;0;1;0;1;0;1;2;-22,740971;-43,705597;SPRF-RJ;DEL01-RJ;UOP03-DEL01-RJ
554102;10/10/2023;terça-feira;13:50:00;RN;101;95;NATAL;Condutor deixou de manter distância do veículo da frente;Colisão traseira;Sem Vítimas;Pleno dia;Decrescente;Céu Claro;Múltipla;Reta;Sim;4;0;0;0;4;0;0;4;-5,84076841;-35,21035949;SPRF-RN;DEL01-RN;UOP01-DEL01-RN
554103;10/10/2023;terça-feira;14:30:00;RJ;101;66;CAMPOS DOS GOYTACAZES;Transitar no Acostamento;Colisão transversal;Com Vítimas Feridas;Pleno dia;Crescente;Céu Claro;Dupla;Reta;Sim;3;0;1;0;2;0;1;3;-21,76090387;-41,34788959;SPRF-RJ;DEL08-RJ;UOP02-DEL08-RJ
554107;10/10/2023;terça-feira;14:10:00;BA;324;618;SALVADOR;Demais falhas mecânicas ou elétricas;Tombamento;Com Vítimas Feridas;Pleno dia;Decrescente;Céu Claro;Dupla;Reta;Sim;2;0;2;0;0;0;2;1;-12,891109;-38,445374;SPRF-BA;DEL01-BA;UOP01-DEL01-BA