id;data_inversa;dia_semana;horario;uf;br;km;municipio;causa_acidente;tipo_acidente;classificacao_acidente;fase_dia;sentido_via;condicao_metereologica;tipo_pista;tracado_via;uso_solo;pessoas;mortos;feridos_leves;feridos_graves;ilesos;ignorados;feridos;veiculos;latitude;longitude;regional;delegacia;uop
554242;11/10/2023;quarta-feira;08:30:00;CE;116;20;EUSEBIO;Manobra de mudança de faixa;Atropelamento de Pedestre;Com Vítimas Feridas;Pleno dia;Decrescente;Céu Claro;Dupla;"Reta;Interseção de Vias       ";Sim;2;0;0;1;1;0;1;2;-3,92277497;-38,50762327;SPRF-CE;DEL01-CE;UOP02-DEL01-CE
554243;11/10/2023;quarta-feira;07:45:00;RJ;101;489;ANGRA DOS REIS;Reação tardia ou ineficiente do condutor;Colisão lateral mesmo sentido;Com Vítimas Feridas;Pleno dia;Crescente;Céu Claro;Simples;Reta;Sim;2;0;1;0;1;0;1;2;-22,95605138;-44,30404997;SPRF-RJ;DEL03-RJ;UOP03-DEL03-RJ
554244;11/10/2023;quarta-feira;07:30:00;PR;116;120;CURITIBA;Condutor deixou de manter distância do veículo da frente;Colisão lateral mesmo sentido;Com Vítimas Feridas;Pleno dia;Decrescente;Céu Claro;Dupla;Reta;Não;3;0;3;0;0;0;3;2;-25,55212815;-49,30503666;SPRF-PR;DEL01-PR;UOP03-DEL01-PR
554245;11/10/2023;quarta-feira;07:39:00;MG;381;478,4;CONTAGEM;Reação tardia ou ineficiente do condutor;Colisão traseira;Com Vítimas Feridas;Pleno dia;Decrescente;Céu Claro;Dupla;Reta;Sim;2;0;1;0;1;0;1;2;-19,95826094;-44,05921101;SPRF-MG;DEL01-MG;UOP03-DEL01-MG
554246;11/10/2023;quarta-feira;07:17:00;BA;367;83;EUNAPOLIS;Ausência de sinalização;Colisão transversal;Com Vítimas Feridas;Pleno dia;Decrescente;Céu Claro;Simples;"Reta;Interseção de Vias       ";Sim;6;0;1;1;4;0;2;2;-16,37256267;-39,57064408;SPRF-BA;DEL09-BA;UOP03-DEL09-BA
554248;11/10/2023;quarta-feira;08:10:00;MS;163;375,3;NOVA ALVORADA DO SUL;Demais falhas mecânicas ou elétricas;Tombamento;Com Vítimas Feridas;Pleno dia;Crescente;Céu Claro;Simples;Aclive;Não;2;0;1;1;0;0;2;1;-21,3846679;-54,4105737;SPRF-MS;DEL02-MS;UOP01-DEL02-MS
554249;11/10/2023;quarta-feira;07:30:00;RJ;116;172;RIO DE JANEIRO;Manobra de mudança de faixa;Queda de ocupante de veículo;Com Vítimas Feridas;Pleno dia;Decrescente;Céu Claro;Dupla;Reta;Sim;1;0;1;0;0;0;1;1;-22,80188151;-43,35043673;SPRF-RJ;DEL01-RJ;UOP02-DEL01-RJ
554251;27/09/2023;quarta-feira;06:50:00;BA;324;622;SALVADOR;Frear bruscamente;Queda de ocupante de veículo;Com Vítimas Feridas;Pleno dia;Crescente;Céu Claro;Dupla;Reta;Não;1;0;1;0;0;0;1;1;-12,91888605;-38,46502095;SPRF-BA;DEL01-BA;UOP01-DEL01-BA
554252;11/10/2023;quarta-feira;09:00:00;SC;101;238,4;PALHOCA;Reação tardia ou ineficiente do condutor;Tombamento;Com Vítimas Feridas;Pleno dia;Decrescente;Nublado;Dupla;Curva;Não;1;0;0;1;0;0;1;1;-27,84293889;-48,63471922;SPRF-SC;DEL01-SC;UOP02-DEL01-SC
554255;11/10/2023;quarta-feira;08:50:00;PE;428;180;PETROLINA;Condutor deixou de manter distância do veículo da frente;Colisão traseira;Sem Vítimas;Pleno dia;Crescente;Sol;Simples;Reta;Não;3;0;0;0;3;0;0;2;-9,313445;-40,456611;SPRF-PE;DEL06-PE;UOP01-DEL06-PE
554257;11/10/2023;quarta-feira;07:30:00;SC;470;18;ILHOTA;Objeto estático sobre o leito carroçável;Colisão com objeto;Com Vítimas Feridas;Pleno dia;Crescente;Nublado;Dupla;Reta;Não;1;0;1;0;0;0;1;1;-26,855534;-48,808922;SPRF-SC;DEL04-SC;UOP04-DEL04-SC
554258;11/10/2023;quarta-feira;07:55:00;RJ;116;135,7;MAGE;Acumulo de óleo sobre o pavimento;Queda de ocupante de veículo;Com Vítimas Feridas;Pleno dia;Decrescente;Céu Claro;Dupla;Curva;Sim;1;0;1;0;0;0;1;1;-22,65225773;-43,16309893;SPRF-RJ;DEL04-RJ;UOP02-DEL04-RJ
554259;11/10/2023;quarta-feira;09:00:00;MG;381;532;ITATIAIUCU;Condutor Dormindo;Saída de leito carroçável;Com Vítimas Feridas;Pleno dia;Crescente;Sol;Dupla;Curva;Não;1;0;1;0;0;0;1;1;-20,1904316;-44,38268793;SPRF-MG;DEL04-MG;UOP03-DEL04-MG
554260;11/10/2023;quarta-feira;07:30:00;AC;364;126;RIO BRANCO;Manobra de mudança de faixa;Colisão lateral mesmo sentido;Com Vítimas Feridas;Pleno dia;Crescente;Céu Claro;Simples;Reta;Não;2;0;1;0;1;0;1;2;-10,00010101;-67,83832035;SPRF-AC;DEL01-AC;UOP01-DEL01-AC
554261;11/10/2023;quarta-feira;09:00:00;PI;343;341;TERESINA;Ausência de reação do condutor;Colisão lateral mesmo sentido;Com Vítimas Feridas;Pleno dia;Crescente;Sol;Dupla;Reta;Sim;3;0;2;0;0;1;2;2;-5,076877;-42,741643;SPRF-PI;DEL01-PI;UOP01-DEL01-PI
554263;11/10/2023;quarta-feira;10:00:00;MG;116;704;MURIAE;Manobra de mudança de faixa;Colisão lateral mesmo sentido;Com Vítimas Feridas;Pleno dia;Crescente;Céu Claro;Simples;"Reta;Interseção de Vias       ";Sim;3;0;2;0;1;0;2;2;-21,14045852;-42,38155246;SPRF-MG;DEL07-MG;UOP02-DEL07-MG
554265;11/10/2023;quarta-feira;09:20:00;MS;262;326,2;CAMPO GRANDE;Acessar a via sem observar a presença dos outros veículos;Colisão lateral sentido oposto;Com Vítimas Feridas;Pleno dia;Decrescente;Céu Claro;Dupla;Reta;Sim;2;0;1;0;1;0;1;2;-20,467695;-54,538987;SPRF-MS;DEL01-MS;UOP01-DEL01-MS
554266;11/10/2023;quarta-feira;10:25:00;SC;101;204,4;SAO JOSE;Acesso irregular;Colisão com objeto;Com Vítimas Feridas;Pleno dia;Crescente;Céu Claro;Múltipla;Interseção de Vias;Sim;1;0;1;0;0;0;1;1;-27,57413014;-48,61363083;SPRF-SC;DEL01-SC;UOP01-DEL01-SC
554267;11/10/2023;quarta-feira;10:00:00;RN;101;125,6;SAO JOSE DE MIPIBU;Manobra de mudança de faixa;Colisão transversal;Com Vítimas Feridas;Pleno dia;Crescente;Nublado;Dupla;Retorno Regulamentado;Sim;2;0;1;0;1;0;1;2;-6,07815599;-35,23412006;SPRF-RN;DEL01-RN;UOP01-DEL01-RN
554269;11/10/2023;quarta-feira;09:30:00;TO;226;39;DARCINOPOLIS;Acessar a via sem observar a presença dos outros veículos;Colisão transversal;Com Vítimas Feridas;Pleno dia;Crescente;Sol;Simples;Reta;Não;3;0;0;1;2;0;1;2;-6,705505;-47,753178;SPRF-TO;DEL02-TO;UOP03-DEL02-TO
554273;05/09/2023;terça-feira;09:50:00;RN;226;2,9;NATAL;Acessar a via sem observar a presença dos outros veículos;Colisão transversal;Com Vítimas Feridas;Pleno dia;Decrescente;Céu Claro;Simples;Reta;Sim;2;0;0;1;1;0;1;2;-5,81364934;-35,2466547;SPRF-RN;DEL01-RN;UOP02-DEL01-RN
554274;08/10/2023;domingo;01:38:00;SC;282;554;CHAPECO;Fumaça;Incêndio;Sem Vítimas;Plena Noite;Crescente;Chuva;Simples;Reta;Não;1;0;0;0;0;1;0;1;-26,936268;-52,800812;SPRF-SC;DEL07-SC;UOP01-DEL07-SC
554275;11/10/2023;quarta-feira;09:30:00;TO;153;516;PUGMIL;Condutor usando celular;Saída de leito carroçável;Com Vítimas Feridas;Pleno dia;Decrescente;Nublado;Simples;Reta;Não;1;0;1;0;0;0;1;1;-10,34429201;-48,88909388;SPRF-TO;DEL01-TO;UOP01-DEL01-TO
554278;11/10/2023;quarta-feira;11:05:00;GO;153;509,5;APARECIDA DE GOIANIA;Manobra de mudança de faixa;Colisão com objeto;Com Vítimas Feridas;Pleno dia;Decrescente;Sol;Dupla;"Reta;Desvio Temporário;Em Obra";Sim;4;0;0;1;0;3;1;2;-16,7888;-49,2379;SPRF-GO;DEL01-GO;UOP03-DEL01-GO
554279;26/09/2023;terça-feira;11:10:00;RS;101;64,3;MAQUINE;Acumulo de água sobre o pavimento;Saída de leito carroçável;Com Vítimas Feridas;Pleno dia;Crescente;Chuva;Dupla;Reta;Não;1;0;0;1;0;0;1;1;-29,705374;-50,180294;SPRF-RS;DEL03-RS;UOP02-DEL03-RS
554280;11/10/2023;quarta-feira;11:15:00;PB;230;18,4;JOAO PESSOA;Condutor deixou de manter distância do veículo da frente;Colisão traseira;Com Vítimas Feridas;Pleno dia;Decrescente;Sol;Dupla;Reta;Sim;2;0;1;0;1;0;1;2;-7,12567585;-34,84513159;SPRF-PB;DEL01-PB;UOP01-DEL01-PB
554281;11/10/2023;quarta-feira;09:45:00;SC;282;196;LAGES;Acessar a via sem observar a presença dos outros veículos;Saída de leito carroçável;Com Vítimas Feridas;Pleno dia;Decrescente;Nublado;Simples;Reta;Não;2;0;1;0;1;0;1;2;-27,750381;-50,094074;SPRF-SC;DEL05-SC;UOP01-DEL05-SC
554284;11/05/2023;quinta-feira;16:07:00;RN;226;73,5;SERRA CAIADA;Velocidade Incompatível;Saída de leito carroçável;Com Vítimas Feridas;Pleno dia;Decrescente;Céu Claro;Simples;Curva;Não;1;0;0;1;0;0;1;1;-6,13998101;-35,73043398;SPRF-RN;DEL01-RN;UOP02-DEL01-RN
554285;11/10/2023;quarta-feira;12:17:00;PR;376;657,8;TIJUCAS DO SUL;Acessar a via sem observar a presença dos outros veículos;Atropelamento de Pedestre;Com Vítimas Feridas;Pleno dia;Crescente;Céu Claro;Dupla;"Declive;Curva                 ";Não;3;0;1;1;1;0;2;2;-25,84978783;-49,01642025;SPRF-PR;DEL01-PR;UOP04-DEL01-PR
554286;11/10/2023;quarta-feira;12:00:00;SC;101;148;ITAPEMA;Condutor deixou de manter distância do veículo da frente;Colisão lateral mesmo sentido;Com Vítimas Feridas;Pleno dia;Decrescente;Céu Claro;Dupla;Reta;Sim;2;0;1;0;1;0;1;2;-27,10123686;-48,61807962;SPRF-SC;DEL04-SC;UOP03-DEL04-SC
554287;11/10/2023;quarta-feira;12:00:00;PR;116;131;FAZENDA RIO GRANDE;Reação tardia ou ineficiente do condutor;Colisão traseira;Com Vítimas Feridas;Pleno dia;Crescente;Céu Claro;Múltipla;Reta;Sim;2;0;1;0;1;0;1;2;-25,681914;-49,316253;SPRF-PR;DEL01-PR;UOP03-DEL01-PR
554288;11/10/2023;quarta-feira;12:40:00;BA;324;519;FEIRA DE SANTANA;Acessar a via sem observar a presença dos outros veículos;Colisão transversal;Com Vítimas Feridas;Pleno dia;Decrescente;Céu Claro;Simples;Reta;Sim;2;0;0;1;1;0;1;2;-12,26687642;-38,93349875;SPRF-BA;DEL02-BA;UOP01-DEL02-BA
554291;05/09/2023;terça-feira;19:10:00;AL;423;14;OURO BRANCO;Animais na Pista;Atropelamento de Animal;Sem Vítimas;Plena Noite;Crescente;Céu Claro;Simples;Reta;Não;1;0;0;0;1;0;0;1;-9,15982903;-37,41136499;SPRF-AL;DEL03-AL;UOP02-DEL03-AL
554294;11/10/2023;quarta-feira;13:00:00;MG;381;630;OLIVEIRA;Velocidade Incompatível;Saída de leito carroçável;Com Vítimas Feridas;Pleno dia;Crescente;Sol;Dupla;"Declive;Curva                 ";Não;2;0;1;0;1;0;1;1;-20,84702065;-44,83281432;SPRF-MG;DEL04-MG;UOP01-DEL04-MG
554297;19/09/2023;terça-feira;15:40:00;PR;467;109,5;CASCAVEL;Velocidade Incompatível;Saída de leito carroçável;Com Vítimas Feridas;Pleno dia;Crescente;Sol;Dupla;Curva;Não;3;0;1;0;2;0;1;3;-24,9261;-53,4589;SPRF-PR;DEL04-PR;UOP01-DEL04-PR
554298;11/10/2023;quarta-feira;14:00:00;MG;40;565,2;NOVA LIMA;Conversão proibida;Colisão transversal;Com Vítimas Fatais;Pleno dia;Decrescente;Nublado;Simples;"Reta;Declive                  ";Sim;6;2;1;2;0;1;3;3;-20,16985101;-43,96554788;SPRF-MG;DEL01-MG;UOP02-DEL01-MG
554300;28/09/2023;quinta-feira;00:45:00;RJ;101;329;NITEROI;Ausência de reação do condutor;Capotamento;Com Vítimas Feridas;Plena Noite;Decrescente;Chuva;Múltipla;Reta;Não;3;0;3;0;0;0;3;2;-22,86939305;-43,175642;SPRF-RJ;DEL02-RJ;UOP01-DEL02-RJ
554303;11/10/2023;quarta-feira;09:00:00;PB;230;5,2;CABEDELO;Pista esburacada;Tombamento;Com Vítimas Feridas;Pleno dia;Crescente;Céu Claro;Dupla;Reta;Sim;1;0;1;0;0;0;1;1;-7,01;-34,8312;SPRF-PB;DEL01-PB;UOP01-DEL01-PB
554305;11/10/2023;quarta-feira;13:20:00;MG;262;446;NOVA SERRANA;Ausência de reação do condutor;Colisão com objeto;Sem Vítimas;Pleno dia;Crescente;Céu Claro;Dupla;Aclive;Sim;1;0;0;0;1;0;0;1;-19,87514825;-44,95031205;SPRF-MG;DEL08-MG;UOP03-DEL08-MG
554307;11/10/2023;quarta-feira;15:00:00;MG;381;485;BETIM;Ausência de reação do condutor;Colisão traseira;Com Vítimas Feridas;Pleno dia;Crescente;Céu Claro;Dupla;"Reta;Aclive                   ";Sim;1;0;1;0;0;0;1;1;-19,95659361;-44,12622893;SPRF-MG;DEL01-MG;UOP03-DEL01-MG
554309;11/10/2023;quarta-feira;15:10:00;RJ;101;381;RIO DE JANEIRO;Frear bruscamente;Colisão traseira;Com Vítimas Feridas;Pleno dia;Crescente;Céu Claro;Múltipla;Reta;Sim;3;0;1;0;2;0;1;3;-22,86665409;-43,58896989;SPRF-RJ;DEL03-RJ;UOP01-DEL03-RJ
554310;11/10/2023;quarta-feira;14:50:00;RJ;465;21;NOVA IGUACU;Trafegar com motocicleta (ou similar) entre as faixas;Colisão lateral mesmo sentido;Com Vítimas Feridas;Pleno dia;Decrescente;Céu Claro;Simples;Reta;Não;2;0;0;1;1;0;1;2;-22,854782;-43,601933;SPRF-RJ;DEL03-RJ;UOP01-DEL03-RJ
554311;11/10/2023;quarta-feira;12:00:00;MG;381;766;CAMPANHA;Acessar a via sem observar a presença dos outros veículos;Colisão lateral mesmo sentido;Com Vítimas Feridas;Pleno dia;Crescente;Céu Claro;Dupla;Reta;Não;3;0;0;2;1;0;2;2;-21,76294597;-45,41241603;SPRF-MG;DEL16-MG;UOP02-DEL16-MG
554313;11/10/2023;quarta-feira;15:10:00;SP;153;61,8;SAO JOSE DO RIO PRETO;Reação tardia ou ineficiente do condutor;Colisão traseira;Com Vítimas Feridas;Pleno dia;Crescente;Céu Claro;Dupla;Reta;Sim;2;0;0;1;1;0;1;2;-20,80502876;-49,35574909;SPRF-SP;DEL09-SP;UOP01-DEL09-SP
554314;11/10/2023;quarta-feira;15:45:00;MG;381;495;BETIM;Ausência de reação do condutor;Queda de ocupante de veículo;Com Vítimas Feridas;Pleno dia;Decrescente;Céu Claro;Dupla;Reta;Sim;1;0;1;0;0;0;1;1;-19,98890883;-44,20522016;SPRF-MG;DEL01-MG;UOP03-DEL01-MG
554315;11/10/2023;quarta-feira;14:00:00;ES;101;291;CARIACICA;Reação tardia ou ineficiente do condutor;Colisão lateral mesmo sentido;Com Vítimas Feridas;Pleno dia;Decrescente;Céu Claro;Dupla;Reta;Sim;2;0;1;0;1;0;1;2;-20,29755744;-40,39445616;SPRF-ES;DEL01-ES;UOP01-DEL01-ES
554316;11/10/2023;quarta-feira;14:00:00;SC;101;383,1;ICARA;Reação tardia ou ineficiente do condutor;Colisão traseira;Com Vítimas Feridas;Pleno dia;Decrescente;Chuva;Dupla;Reta;Sim;2;0;1;0;1;0;1;2;-28,75478409;-49,27732095;SPRF-SC;DEL02-SC;UOP02-DEL02-SC
554317;11/10/2023;quarta-feira;15:15:00;SC;470;57,9;BLUMENAU;Acessar a via sem observar a presença dos outros veículos;Colisão transversal;Com Vítimas Feridas;Pleno dia;Decrescente;Céu Claro;Simples;"Reta;Em Obras                 ";Sim;3;0;1;0;2;0;1;2;-26,88410966;-49,14659347;SPRF-SC;DEL04-SC;UOP01-DEL04-SC
554321;11/10/2023;quarta-feira;15:30:00;SP;116;101;PINDAMONHANGABA;Manobra de mudança de faixa;Colisão lateral mesmo sentido;Com Vítimas Feridas;Pleno dia;Crescente;Céu Claro;Simples;Reta;Não;2;0;0;1;1;0;1;2;-22,99074204;-45,48115098;SPRF-SP;DEL08-SP;UOP01-DEL08-SP
554323;11/10/2023;quarta-feira;15:40:00;MG;262;421,1;IGARATINGA;Transitar na contramão;Colisão frontal;Com Vítimas Feridas;Pleno dia;Decrescente;Sol;Dupla;"Reta;Declive                  ";Não;2;0;0;1;1;0;1;2;-19,88573008;-44,72054503;SPRF-MG;DEL08-MG;UOP03-DEL08-MG
554325;11/10/2023;quarta-feira;13:35:00;MG;40;768;JUIZ DE FORA;Conversão proibida;Colisão traseira;Com Vítimas Feridas;Pleno dia;Decrescente;Céu Claro;Simples;Reta;Não;3;0;1;0;2;0;1;2;-21,58240015;-43,46596328;SPRF-MG;DEL05-MG;UOP01-DEL05-MG
554326;11/10/2023;quarta-feira;15:40:00;RS;386;396,5;TRIUNFO;Acumulo de água sobre o pavimento;Colisão transversal;Com Vítimas Feridas;Pleno dia;Crescente;Chuva;Simples;Reta;Não;4;0;0;1;3;0;1;2;-29,732574;-51,631935;SPRF-RS;DEL04-RS;UOP02-DEL04-RS
554328;11/10/2023;quarta-feira;15:40:00;MG;381;290,5;ANTONIO DIAS;Velocidade Incompatível;Capotamento;Com Vítimas Feridas;Pleno dia;Crescente;Céu Claro;Dupla;"Reta;Em Obras                 ";Não;4;0;2;0;2;0;2;1;-19,63642897;-42,83024696;SPRF-MG;DEL03-MG;UOP02-DEL03-MG
554329;11/10/2023;quarta-feira;15:00:00;MS;267;473,5;GUIA LOPES DA LAGUNA;Acessar a via sem observar a presença dos outros veículos;Colisão transversal;Sem Vítimas;Pleno dia;Decrescente;Céu Claro;Simples;Reta;Não;5;0;0;0;5;0;0;2;-21,43417506;-56,08103496;SPRF-MS;DEL05-MS;UOP01-DEL05-MS
554330;11/10/2023;quarta-feira;17:00:00;RJ;116;175;SAO JOAO DE MERITI;Condutor deixou de manter distância do veículo da frente;Colisão lateral mesmo sentido;Com Vítimas Feridas;Pleno dia;Crescente;Céu Claro;Dupla;Reta;Não;2;0;1;0;1;0;1;2;-22,78923555;-43,37275272;SPRF-RJ;DEL01-RJ;UOP02-DEL01-RJ
554331;11/10/2023;quarta-feira;16:30:00;SC;101;151;ITAPEMA;Acessar a via sem observar a presença dos outros veículos;Colisão frontal;Com Vítimas Feridas;Pleno dia;Crescente;Nublado;Múltipla;Interseção de Vias;Sim;3;0;1;1;1;0;2;3;-27,126536;-48,609642;SPRF-SC;DEL04-SC;UOP03-DEL04-SC
554332;11/10/2023;quarta-feira;16:45:00;PE;101;79,8;JABOATAO DOS GUARARAPES;Carga excessiva e/ou mal acondicionada;Colisão traseira;Com Vítimas Feridas;Pleno dia;Crescente;Céu Claro;Dupla;Reta;Não;2;0;1;0;1;0;1;2;-8,14366112;-34,94723453;SPRF-PE;DEL01-PE;UOP01-DEL01-PE
554333;15/06/2023;quinta-feira;09:00:00;BA;324;620;SALVADOR;Ausência de reação do condutor;Colisão lateral mesmo sentido;Sem Vítimas;Pleno dia;Decrescente;Nublado;Múltipla;Reta;Sim;5;0;0;0;5;0;0;2;-12,90482172;-38,45556535;SPRF-BA;DEL01-BA;UOP01-DEL01-BA
554334;11/10/2023;quarta-feira;17:22:00;MG;40;486;CAPIM BRANCO;Reação tardia ou ineficiente do condutor;Colisão lateral mesmo sentido;Com Vítimas Feridas;Pleno dia;Crescente;Céu Claro;Dupla;Reta;Não;3;0;2;0;1;0;2;2;-19,57299;-44,23021;SPRF-MG;DEL02-MG;UOP01-DEL02-MG
554335;11/10/2023;quarta-feira;16:30:00;SC;101;117,4;ITAJAI;Acessar a via sem observar a presença dos outros veículos;Colisão lateral mesmo sentido;Com Vítimas Feridas;Pleno dia;Crescente;Céu Claro;Múltipla;Reta;Não;2;0;1;0;1;0;1;2;-26,88747187;-48,72252969;SPRF-SC;DEL04-SC;UOP04-DEL04-SC
554341;11/10/2023;quarta-feira;17:12:00;PR;153;336,8;IRATI;Acessar a via sem observar a presença dos outros veículos;Colisão transversal;Sem Vítimas;Pleno dia;Crescente;Céu Claro;Simples;"Reta;Interseção de Vias       ";Sim;14;0;0;0;14;0;0;2;-25,49753795;-50,64815515;SPRF-PR;DEL08-PR;UOP02-DEL08-PR
554342;11/10/2023;quarta-feira;17:50:00;SE;235;1;ARACAJU;Acessar a via sem observar a presença dos outros veículos;Atropelamento de Pedestre;Com Vítimas Feridas;Anoitecer;Crescente;Céu Claro;Dupla;Reta;Sim;2;0;2;0;0;0;2;2;-10,9073;-37,0947;SPRF-SE;DEL01-SE;UOP01-DEL01-SE
554344;11/10/2023;quarta-feira;18:00:00;SC;101;120,8;ITAJAI;Condutor deixou de manter distância do veículo da frente;Colisão traseira;Com Vítimas Feridas;Anoitecer;Crescente;Céu Claro;Dupla;Reta;Não;2;0;1;0;1;0;1;2;-26,912758;-48,711998;SPRF-SC;DEL04-SC;UOP04-DEL04-SC
554345;11/10/2023;quarta-feira;18:00:00;RN;101;97;NATAL;Condutor deixou de manter distância do veículo da frente;Colisão traseira;Com Vítimas Feridas;Plena Noite;Crescente;Céu Claro;Dupla;Reta;Sim;3;0;2;0;1;0;2;2;-5,85758898;-35,21271205;SPRF-RN;DEL01-RN;UOP01-DEL01-RN
554348;11/10/2023;quarta-feira;18:00:00;CE;222;47,8;SAO GONCALO DO AMARANTE;Animais na Pista;Atropelamento de Animal;Com Vítimas Feridas;Pleno dia;Crescente;Céu Claro;Simples;"Reta;Declive                  ";Não;2;0;2;0;0;0;2;1;-3,67128381;-38,96679811;SPRF-CE;DEL01-CE;UOP03-DEL01-CE
554352;11/10/2023;quarta-feira;18:20:00;SC;470;70;INDAIAL;Retorno proibido;Colisão transversal;Com Vítimas Feridas;Plena Noite;Decrescente;Céu Claro;Simples;"Reta;Aclive                   ";Sim;2;0;1;0;1;0;1;2;-26,889374;-49,254478;SPRF-SC;DEL04-SC;UOP01-DEL04-SC
554353;11/10/2023;quarta-feira;16:30:00;SC;101;436,1;SOMBRIO;Condutor deixou de manter distância do veículo da frente;Colisão traseira;Com Vítimas Feridas;Pleno dia;Crescente;Chuva;Múltipla;Reta;Sim;2;0;1;0;1;0;1;2;-29,10817487;-49,63739835;SPRF-SC;DEL02-SC;UOP02-DEL02-SC
554354;11/10/2023;quarta-feira;18:00:00;PE;423;185,5;AGUAS BELAS;Reação tardia ou ineficiente do condutor;Colisão frontal;Com Vítimas Fatais;Plena Noite;Crescente;Céu Claro;Simples;Reta;Não;3;2;1;0;0;0;1;2;-9,13262895;-37,186385;SPRF-AL;DEL03-AL;UOP02-DEL03-AL
554356;11/10/2023;quarta-feira;18:30:00;GO;414;310,9;VILA PROPICIO;Animais na Pista;Atropelamento de Animal;Com Vítimas Feridas;Plena Noite;Crescente;Céu Claro;Simples;Reta;Não;2;0;1;1;0;0;2;1;-15,20091703;-48,70185812;SPRF-GO;DEL02-GO;UOP01-DEL02-GO
554357;11/10/2023;quarta-feira;13:00:00;GO;60;112;GOIANAPOLIS;Demais falhas na via;Queda de ocupante de veículo;Com Vítimas Feridas;Pleno dia;Crescente;Céu Claro;Dupla;Declive;Não;1;0;1;0;0;0;1;1;-16,4511;-49,0498;SPRF-GO;DEL01-GO;UOP01-DEL01-GO
554359;11/10/2023;quarta-feira;18:40:00;TO;153;414;MIRANORTE;Ausência de sinalização;Colisão lateral mesmo sentido;Com Vítimas Feridas;Plena Noite;Crescente;Céu Claro;Dupla;Interseção de Vias;Sim;4;0;2;0;2;0;2;2;-9,53069144;-48,59351635;SPRF-TO;DEL02-TO;UOP02-DEL02-TO
554361;11/10/2023;quarta-feira;16:30:00;MG;50;169;UBERABA;Condutor deixou de manter distância do veículo da frente;Colisão traseira;Com Vítimas Feridas;Pleno dia;Crescente;Céu Claro;Dupla;Reta;Sim;3;0;1;0;2;0;1;2;-19,72771598;-47,98120608;SPRF-MG;DEL13-MG;UOP01-DEL13-MG
554363;29/09/2023;sexta-feira;05:20:00;BA;20;189;LUIS EDUARDO MAGALHAES;Transitar na contramão;Colisão frontal;Com Vítimas Fatais;Amanhecer;Crescente;Sol;Simples;Reta;Não;9;3;0;4;1;1;4;3;-12,2830974;-45,8453417;SPRF-BA;DEL10-BA;UOP01-DEL10-BA
554364;21/09/2023;quinta-feira;08:15:00;PR;476;159,7;ARAUCARIA;Ultrapassagem Indevida;Colisão lateral mesmo sentido;Com Vítimas Feridas;Pleno dia;Crescente;Céu Claro;Simples;"Reta;Declive                  ";Sim;2;0;0;2;0;0;2;2;-25,617157;-49,43169;SPRF-PR;DEL01-PR;UOP06-DEL01-PR
554365;11/10/2023;quarta-feira;18:30:00;SE;235;103;CARIRA;Transitar no Acostamento;Atropelamento de Pedestre;Com Vítimas Fatais;Plena Noite;Crescente;Céu Claro;Simples;Reta;Não;2;1;0;1;0;0;1;2;-10,391935;-37,678921;SPRF-SE;DEL01-SE;UOP02-DEL01-SE
554366;11/10/2023;quarta-feira;19:10:00;DF;20;3;BRASILIA;Trafegar com motocicleta (ou similar) entre as faixas;Queda de ocupante de veículo;Com Vítimas Feridas;Plena Noite;Crescente;Céu Claro;Múltipla;Declive;Não;1;0;1;0;0;0;1;1;-15,679851;-47,832211;SPRF-DF;DEL02-DF;UOP01-DEL02-DF
554367;11/10/2023;quarta-feira;18:30:00;SC;101;328,7;CAPIVARI DE BAIXO;Objeto estático sobre o leito carroçável;Colisão com objeto;Com Vítimas Feridas;Anoitecer;Decrescente;Garoa/Chuvisco;Dupla;Reta;Não;1;0;1;0;0;0;1;1;-28,44930783;-48,97040963;SPRF-SC;DEL02-SC;UOP01-DEL02-SC
554371;11/10/2023;quarta-feira;19:04:00;SC;163;84;GUARACIABA;Ingestão de álcool pelo condutor;Saída de leito carroçável;Com Vítimas Feridas;Pleno dia;Decrescente;Chuva;Simples;Reta;Não;1;0;1;0;0;0;1;1;-26,61594101;-53,51942819;SPRF-SC;DEL07-SC;UOP03-DEL07-SC
554372;11/10/2023;quarta-feira;18:15:00;MT;163;833;SINOP;Ausência de reação do condutor;Colisão traseira;Com Vítimas Feridas;Anoitecer;Crescente;Céu Claro;Dupla;"Reta;Retorno Regulamentado    ";Sim;9;0;2;0;7;0;2;4;-11,87446949;-55,49868107;SPRF-MT;DEL06-MT;UOP02-DEL06-MT
554374;11/10/2023;quarta-feira;18:50:00;SP;116;280;EMBU DAS ARTES;Reação tardia ou ineficiente do condutor;Colisão traseira;Com Vítimas Feridas;Anoitecer;Crescente;Céu Claro;Dupla;Declive;Sim;2;0;1;0;1;0;1;2;-23,66996108;-46,85590758;SPRF-SP;DEL04-SP;UOP01-DEL04-SP
554375;11/10/2023;quarta-feira;19:00:00;TO;235;172;TUPIRAMA;Animais na Pista;Atropelamento de Animal;Com Vítimas Feridas;Plena Noite;Crescente;Céu Claro;Simples;Reta;Não;2;0;1;1;0;0;2;1;-8,97543157;-48,35706711;SPRF-TO;DEL02-TO;UOP02-DEL02-TO