id;data_inversa;dia_semana;horario;uf;br;km;municipio;causa_acidente;tipo_acidente;classificacao_acidente;fase_dia;sentido_via;condicao_metereologica;tipo_pista;tracado_via;uso_solo;pessoas;mortos;feridos_leves;feridos_graves;ilesos;ignorados;feridos;veiculos;latitude;longitude;regional;delegacia;uop
554376;11/10/2023;quarta-feira;19:00:00;GO;60;96,4;ANAPOLIS;Acessar a via sem observar a presença dos outros veículos;Colisão lateral mesmo sentido;Com Vítimas Feridas;Plena Noite;Crescente;Nublado;Múltipla;"Reta;Retorno Regulamentado    ";Sim;3;0;2;0;1;0;2;3;-16,371;-48,9422;SPRF-GO;DEL02-GO;UOP01-DEL02-GO
554378;11/10/2023;quarta-feira;18:30:00;BA;101;196;CONCEICAO DA FEIRA;Ausência de reação do condutor;Colisão traseira;Com Vítimas Feridas;Plena Noite;Crescente;Céu Claro;Simples;Reta;Não;4;0;1;0;2;1;1;3;-12,59679696;-39,038245;SPRF-BA;DEL01-BA;UOP03-DEL01-BA
554379;11/10/2023;quarta-feira;17:30:00;SP;116;270,5;TABOAO DA SERRA;Ausência de reação do condutor;Colisão traseira;Com Vítimas Feridas;Plena Noite;Decrescente;Céu Claro;Dupla;Reta;Sim;2;0;0;1;1;0;1;2;-23,61799728;-46,79677694;SPRF-SP;DEL04-SP;UOP01-DEL04-SP
554380;11/10/2023;quarta-feira;18:00:00;BA;101;207,5;CRUZ DAS ALMAS;Acessar a via sem observar a presença dos outros veículos;Colisão transversal;Com Vítimas Feridas;Plena Noite;Decrescente;Nublado;Simples;Reta;Sim;2;0;1;0;1;0;1;2;-12,64807481;-39,11532806;SPRF-BA;DEL01-BA;UOP02-DEL01-BA
554381;11/10/2023;quarta-feira;18:55:00;DF;80;19;BRASILIA;Ausência de reação do condutor;Saída de leito carroçável;Com Vítimas Feridas;Plena Noite;Crescente;Céu Claro;Dupla;Retorno Regulamentado;Sim;4;0;2;0;2;0;2;1;-15,675205;-48,204636;SPRF-DF;DEL03-DF;UOP02-DEL03-DF
554382;11/10/2023;quarta-feira;19:35:00;DF;20;4;BRASILIA;Ingestão de álcool pelo condutor;Colisão traseira;Sem Vítimas;Plena Noite;Crescente;Céu Claro;Dupla;Reta;Sim;3;0;0;0;3;0;0;3;-15,675484;-47,823761;SPRF-DF;DEL02-DF;UOP01-DEL02-DF
554383;11/10/2023;quarta-feira;13:50:00;SC;282;274,5;SAO JOSE DO CERRITO;Velocidade Incompatível;Colisão frontal;Com Vítimas Fatais;Pleno dia;Crescente;Nublado;Simples;"Declive;Curva                 ";Não;5;2;1;0;2;0;1;2;-27,6079413;-50,71849108;SPRF-SC;DEL05-SC;UOP02-DEL05-SC
554384;11/10/2023;quarta-feira;19:45:00;RS;293;0,9;PELOTAS;Reação tardia ou ineficiente do condutor;Engavetamento;Sem Vítimas;Plena Noite;Crescente;Chuva;Simples;Reta;Sim;3;0;0;0;2;1;0;3;-31,75477311;-52,35783577;SPRF-RS;DEL07-RS;UOP01-DEL07-RS
554387;11/10/2023;quarta-feira;18:00:00;GO;153;690;ITUMBIARA;Velocidade Incompatível;Saída de leito carroçável;Com Vítimas Feridas;Pleno dia;Decrescente;Sol;Dupla;Reta;Não;1;0;1;0;0;0;1;1;-18,3085;-49,233;SPRF-GO;DEL03-GO;UOP02-DEL03-GO
554388;11/10/2023;quarta-feira;14:10:00;BA;101;942;MUCURI;Afundamento ou ondulação no pavimento;Tombamento;Com Vítimas Feridas;Pleno dia;Crescente;Céu Claro;Simples;Reta;Não;1;0;0;1;0;0;1;1;-18,16840196;-39,91873914;SPRF-BA;DEL09-BA;UOP02-DEL09-BA
554389;11/10/2023;quarta-feira;18:00:00;SP;116;285;ITAPECERICA DA SERRA;Reação tardia ou ineficiente do condutor;Tombamento;Com Vítimas Feridas;Anoitecer;Decrescente;Céu Claro;Dupla;Reta;Sim;1;0;0;1;0;0;1;1;-23,70407794;-46,87249709;SPRF-SP;DEL04-SP;UOP01-DEL04-SP
554392;11/10/2023;quarta-feira;17:30:00;RJ;393;179;PARAIBA DO SUL;Reação tardia ou ineficiente do condutor;Saída de leito carroçável;Com Vítimas Feridas;Anoitecer;Crescente;Céu Claro;Simples;"Reta;Aclive                   ";Não;2;0;2;0;0;0;2;1;-22,1394335;-43,27038288;SPRF-RJ;DEL05-RJ;UOP03-DEL05-RJ
554394;11/10/2023;quarta-feira;17:40:00;PE;232;125;CARUARU;Acessar a via sem observar a presença dos outros veículos;Colisão transversal;Sem Vítimas;Anoitecer;Crescente;Céu Claro;Simples;Curva;Sim;2;0;0;0;2;0;0;2;-8,30807114;-35,94580097;SPRF-PE;DEL02-PE;UOP01-DEL02-PE
554395;11/10/2023;quarta-feira;19:00:00;RO;364;15;VILHENA;Ausência de reação do condutor;Colisão lateral mesmo sentido;Com Vítimas Feridas;Plena Noite;Crescente;Céu Claro;Simples;Reta;Sim;2;0;1;0;1;0;1;2;-12,73672751;-60,14804088;SPRF-RO;DEL04-RO;UOP01-DEL04-RO
554397;11/10/2023;quarta-feira;18:00:00;MS;158;270;TRES LAGOAS;Ausência de reação do condutor;Engavetamento;Com Vítimas Feridas;Anoitecer;Crescente;Céu Claro;Simples;Reta;Sim;5;0;2;0;3;0;2;4;-20,77842452;-51,67007446;SPRF-MS;DEL07-MS;UOP01-DEL07-MS
554398;11/10/2023;quarta-feira;20:50:00;SP;116;207;GUARULHOS;Ausência de reação do condutor;Queda de ocupante de veículo;Com Vítimas Feridas;Anoitecer;Decrescente;Céu Claro;Múltipla;Reta;Não;1;0;1;0;0;0;1;1;-23,41972188;-46,38419203;SPRF-SP;DEL01-SP;UOP01-DEL01-SP
554399;11/10/2023;quarta-feira;20:12:00;DF;40;6;BRASILIA;Trafegar com motocicleta (ou similar) entre as faixas;Colisão lateral mesmo sentido;Com Vítimas Feridas;Plena Noite;Crescente;Céu Claro;Dupla;Reta;Não;3;0;1;0;2;0;1;2;-16,029741;-47,978867;SPRF-DF;DEL01-DF;UOP01-DEL01-DF
554401;11/10/2023;quarta-feira;18:20:00;MG;153;29;CENTRALINA;Velocidade Incompatível;Saída de leito carroçável;Com Vítimas Feridas;Anoitecer;Decrescente;Céu Claro;Dupla;Reta;Não;1;0;1;0;0;0;1;1;-18,67127517;-49,16066329;SPRF-MG;DEL15-MG;UOP03-DEL15-MG
554402;11/10/2023;quarta-feira;19:50:00;MA;10;322;ACAILANDIA;Ausência de reação do condutor;Atropelamento de Pedestre;Com Vítimas Feridas;Plena Noite;Crescente;Céu Claro;Simples;Reta;Sim;2;0;0;1;0;1;1;2;-4,934355;-47,502777;SPRF-MA;DEL04-MA;UOP03-DEL04-MA
554404;11/10/2023;quarta-feira;19:45:00;SC;116;3,8;MAFRA;Ingestão de álcool pelo condutor;Colisão lateral mesmo sentido;Sem Vítimas;Plena Noite;Crescente;Céu Claro;Simples;"Reta;Aclive                   ";Sim;2;0;0;0;2;0;0;2;-26,13073161;-49,79922442;SPRF-SC;DEL06-SC;UOP01-DEL06-SC
554406;11/10/2023;quarta-feira;20:50:00;MG;40;502;ESMERALDAS;Problema com o freio;Tombamento;Com Vítimas Feridas;Plena Noite;Decrescente;Céu Claro;Dupla;Reta;Não;1;0;1;0;0;0;1;1;-19,714002;-44,160929;SPRF-MG;DEL02-MG;UOP01-DEL02-MG
554408;11/10/2023;quarta-feira;21:10:00;PE;232;100,6;BEZERROS;Manobra de mudança de faixa;Colisão frontal;Com Vítimas Feridas;Plena Noite;Decrescente;Céu Claro;Simples;Reta;Sim;3;0;0;2;1;0;2;2;-8,23791176;-35,74297705;SPRF-PE;DEL02-PE;UOP02-DEL02PE
554409;11/10/2023;quarta-feira;17:30:00;MG;40;652,4;CRISTIANO OTONI;Demais falhas mecânicas ou elétricas;Tombamento;Com Vítimas Feridas;Pleno dia;Crescente;Céu Claro;Simples;Reta;Não;1;0;0;1;0;0;1;1;-20,84838175;-43,79860288;SPRF-MG;DEL05-MG;UOP02-DEL05-MG
554410;11/10/2023;quarta-feira;21:20:00;MG;381;498;BETIM;Ingestão de álcool e/ou substâncias psicoativas pelo pedestre;Saída de leito carroçável;Sem Vítimas;Plena Noite;Crescente;Céu Claro;Dupla;Curva;Não;1;0;0;0;1;0;0;1;-20,01172662;-44,21976041;SPRF-MG;DEL01-MG;UOP03-DEL01-MG
554412;11/10/2023;quarta-feira;21:00:00;MG;40;413,8;CURVELO;Acessar a via sem observar a presença dos outros veículos;Colisão transversal;Com Vítimas Feridas;Plena Noite;Decrescente;Céu Claro;Simples;"Reta;Interseção de Vias       ";Não;5;0;3;0;2;0;3;2;-19,13248388;-44,62252053;SPRF-MG;DEL02-MG;UOP01-DEL02-MG
554413;06/10/2023;sexta-feira;06:30:00;PA;230;730;MEDICILANDIA;Pista esburacada;Saída de leito carroçável;Com Vítimas Feridas;Pleno dia;Crescente;Ignorado;Simples;"Reta;Declive                  ";Não;3;0;3;0;0;0;3;1;-3,40953413;-52,77087895;SPRF-PA;DEL04-PA;UOP01-DEL04-PA
554414;11/10/2023;quarta-feira;18:40:00;ES;393;10;CACHOEIRO DE ITAPEMIRIM;Acumulo de areia ou detritos sobre o pavimento;Queda de ocupante de veículo;Com Vítimas Feridas;Plena Noite;Crescente;Nublado;Simples;Reta;Não;1;0;1;0;0;0;1;1;-20,84255004;-41,24026997;SPRF-ES;DEL03-ES;UOP02-DEL03-ES
554416;11/10/2023;quarta-feira;18:40:00;MG;116;9,9;DIVISA ALEGRE;Pedestre andava na pista;Atropelamento de Pedestre;Com Vítimas Fatais;Plena Noite;Crescente;Céu Claro;Simples;Reta;Não;2;1;1;0;0;0;1;2;-15,77536218;-41,33750254;SPRF-BA;DEL08-BA;UOP03-DEL08-BA
554417;11/10/2023;quarta-feira;21:40:00;PI;343;100,1;COCAL;Transitar no Acostamento;Colisão frontal;Com Vítimas Fatais;Plena Noite;Crescente;Céu Claro;Simples;Reta;Não;2;1;0;1;0;0;1;2;-3,575312;-41,707027;SPRF-PI;DEL05-PI;UOP01-DEL05-PI
554418;11/10/2023;quarta-feira;22:20:00;MG;381;487;BETIM;Ausência de reação do condutor;Colisão traseira;Com Vítimas Feridas;Plena Noite;Decrescente;Céu Claro;Dupla;Reta;Sim;1;0;1;0;0;0;1;1;-19,95586853;-44,14609501;SPRF-MG;DEL01-MG;UOP03-DEL01-MG
554419;02/09/2023;sábado;07:40:00;DF;60;16;BRASILIA;Ausência de reação do condutor;Saída de leito carroçável;Com Vítimas Feridas;Pleno dia;Decrescente;Céu Claro;Dupla;"Curva;Aclive                  ";Não;1;0;1;0;0;0;1;1;-15,952254;-48,174343;SPRF-DF;DEL03-DF;UOP01-DEL03-DF
554421;08/10/2023;domingo;15:10:00;MA;230;407;BALSAS;Condutor deixou de manter distância do veículo da frente;Colisão traseira;Com Vítimas Feridas;Pleno dia;Decrescente;Céu Claro;Simples;Reta;Sim;3;0;0;1;2;0;1;2;-7,51919168;-46,06740888;SPRF-MA;DEL05-MA;UOP01-DEL05-MA
554422;11/10/2023;quarta-feira;22:00:00;PR;376;3;SAO JOSE DOS PINHAIS;Reação tardia ou ineficiente do condutor;Colisão traseira;Com Vítimas Feridas;Plena Noite;Decrescente;Nublado;Dupla;Reta;Sim;4;0;3;0;0;1;3;4;-25,5307;-49,1958;SPRF-PR;DEL01-PR;UOP04-DEL01-PR
554423;11/10/2023;quarta-feira;19:30:00;RJ;493;91;SEROPEDICA;Ausência de reação do condutor;Queda de ocupante de veículo;Com Vítimas Feridas;Plena Noite;Crescente;Céu Claro;Dupla;Reta;Não;2;0;1;0;1;0;1;1;-22,68844869;-43,68171573;SPRF-RJ;DEL03-RJ;UOP01-DEL03-RJ
554425;11/10/2023;quarta-feira;22:37:00;PE;101;80,5;JABOATAO DOS GUARARAPES;Demais falhas na via;Colisão com objeto;Com Vítimas Feridas;Plena Noite;Crescente;Céu Claro;Múltipla;Reta;Sim;1;0;0;1;0;0;1;1;-8,157822;-34,940993;SPRF-PE;DEL01-PE;UOP01-DEL01-PE
554426;11/10/2023;quarta-feira;21:25:00;GO;60;27;ALEXANIA;Animais na Pista;Atropelamento de Animal;Com Vítimas Feridas;Plena Noite;Crescente;Céu Claro;Múltipla;"Reta;Aclive                   ";Não;4;0;3;0;1;0;3;3;-16,10124718;-48,46467376;SPRF-DF;DEL03-DF;UOP01-DEL03-DF
554427;11/10/2023;quarta-feira;21:30:00;MG;40;413;CURVELO;Manobra de mudança de faixa;Atropelamento de Pedestre;Com Vítimas Feridas;Plena Noite;Decrescente;Céu Claro;Simples;Reta;Não;2;0;1;0;1;0;1;2;-19,13248388;-44,62252053;SPRF-MG;DEL02-MG;UOP01-DEL02-MG
554428;11/10/2023;quarta-feira;22:20:00;RS;116;253,5;SAPUCAIA DO SUL;Avarias e/ou desgaste excessivo no pneu;Colisão lateral mesmo sentido;Sem Vítimas;Plena Noite;Decrescente;Chuva;Múltipla;"Reta;Aclive;Viaduto           ";Sim;2;0;0;0;1;1;0;2;-29,81784209;-51,16996166;SPRF-RS;DEL01-RS;UOP02-DEL01-RS
554429;11/10/2023;quarta-feira;23:25:00;MG;365;612;UBERLANDIA;Ausência de reação do condutor;Colisão traseira;Com Vítimas Fatais;Plena Noite;Crescente;Céu Claro;Dupla;Reta;Sim;3;1;0;1;0;1;1;2;-18,92793854;-48,19198317;SPRF-MG;DEL15-MG;UOP01-DEL15-MG
554430;11/10/2023;quarta-feira;19:00:00;BA;415;60,5;ITAPE;Mal súbito do condutor;Saída de leito carroçável;Com Vítimas Fatais;Plena Noite;Crescente;Nublado;Simples;Reta;Não;3;1;1;1;0;0;2;1;-14,856339;-39,398916;SPRF-BA;DEL05-BA;UOP01-DEL05-BA
554431;11/10/2023;quarta-feira;22:59:00;GO;40;19;LUZIANIA;Acessar a via sem observar a presença dos outros veículos;Colisão transversal;Com Vítimas Feridas;Plena Noite;Crescente;Céu Claro;Múltipla;Reta;Sim;2;0;1;1;0;0;2;2;-16,201556;-47,921314;SPRF-DF;DEL01-DF;UOP01-DEL01-DF
554432;11/10/2023;quarta-feira;23:00:00;RJ;40;102,5;DUQUE DE CAXIAS;Ausência de reação do condutor;Atropelamento de Pedestre;Com Vítimas Fatais;Plena Noite;Decrescente;Céu Claro;Simples;Reta;Sim;2;1;0;0;0;1;0;2;-22,61089297;-43,28656077;SPRF-RJ;DEL01-RJ;UOP01-DEL01-RJ
554433;12/10/2023;quinta-feira;00:10:00;SP;153;55;SAO JOSE DO RIO PRETO;Animais na Pista;Atropelamento de Animal;Com Vítimas Feridas;Plena Noite;Decrescente;Céu Claro;Dupla;Reta;Não;2;0;1;1;0;0;2;1;-20,75321697;-49,34260108;SPRF-SP;DEL09-SP;UOP01-DEL09-SP
554436;12/10/2023;quinta-feira;00:50:00;PE;232;142,8;SAO CAITANO;Animais na Pista;Atropelamento de Animal;Com Vítimas Feridas;Plena Noite;Decrescente;Céu Claro;Dupla;"Reta;Declive                  ";Não;3;0;1;0;2;0;1;1;-8,32242118;-36,09480698;SPRF-PE;DEL03-PE;UOP02-DEL03-PE
554437;12/10/2023;quinta-feira;00:56:00;PE;232;6;RECIFE;Frear bruscamente;Saída de leito carroçável;Com Vítimas Feridas;Plena Noite;Crescente;Céu Claro;Múltipla;Reta;Não;5;0;1;0;3;1;1;2;-8,07079525;-34,9535389;SPRF-PE;DEL01-PE;UOP01-DEL01-PE
554439;11/10/2023;quarta-feira;21:35:00;MT;174;7;PONTES E LACERDA;Ingestão de álcool pelo condutor;Queda de ocupante de veículo;Com Vítimas Feridas;Plena Noite;Crescente;Céu Claro;Simples;Reta;Não;1;0;1;0;0;0;1;1;-15,214052;-59,354372;SPRF-MT;DEL04-MT;UOP01-DEL04-MT
554441;11/10/2023;quarta-feira;23:30:00;PB;230;458;SOUSA;Ausência de reação do condutor;Saída de leito carroçável;Com Vítimas Feridas;Plena Noite;Decrescente;Céu Claro;Simples;Reta;Não;1;0;1;0;0;0;1;1;-6,7774;-38,1808;SPRF-PB;DEL03-PB;UOP03-DEL03-PB
554442;12/10/2023;quinta-feira;00:30:00;PR;277;14;PARANAGUA;Reação tardia ou ineficiente do condutor;Saída de leito carroçável;Com Vítimas Feridas;Plena Noite;Decrescente;Garoa/Chuvisco;Dupla;Reta;Não;2;0;2;0;0;0;2;1;-25,5601744;-48,64876986;SPRF-PR;DEL01-PR;UOP05-DEL01-PR
554445;12/10/2023;quinta-feira;00:25:00;MS;163;251;DOURADOS;Ausência de reação do condutor;Colisão traseira;Com Vítimas Feridas;Plena Noite;Crescente;Céu Claro;Simples;Reta;Não;2;0;1;0;1;0;1;2;-22,29688701;-54,82117014;SPRF-MS;DEL04-MS;UOP02-DEL04-MS
554446;12/10/2023;quinta-feira;02:15:00;CE;116;3;FORTALEZA;Ingestão de álcool pelo condutor;Tombamento;Com Vítimas Feridas;Plena Noite;Crescente;Céu Claro;Múltipla;"Viaduto;Curva                 ";Não;1;0;1;0;0;0;1;1;-3,77866493;-38,51490171;SPRF-CE;DEL01-CE;UOP02-DEL01-CE
554447;12/10/2023;quinta-feira;03:00:00;PR;116;126;FAZENDA RIO GRANDE;Manobra de mudança de faixa;Colisão lateral mesmo sentido;Com Vítimas Feridas;Plena Noite;Crescente;Chuva;Dupla;Reta;Sim;2;0;1;0;0;1;1;2;-25,64276441;-49,3129921;SPRF-PR;DEL01-PR;UOP03-DEL01-PR
554448;12/10/2023;quinta-feira;02:40:00;SP;116;155;SAO JOSE DOS CAMPOS;Acessar a via sem observar a presença dos outros veículos;Colisão lateral mesmo sentido;Com Vítimas Feridas;Plena Noite;Decrescente;Céu Claro;Múltipla;"Reta;Em Obras;Desvio Temporári";Sim;1;0;0;1;0;0;1;1;-23,24524337;-45,92772774;SPRF-SP;DEL02-SP;UOP01-DEL02-SP
554449;12/10/2023;quinta-feira;03:10:00;SC;282;51,1;AGUAS MORNAS;Velocidade Incompatível;Saída de leito carroçável;Com Vítimas Feridas;Plena Noite;Decrescente;Chuva;Simples;Reta;Não;3;0;3;0;0;0;3;1;-27,703712;-48,959267;SPRF-SC;DEL01-SC;UOP03-DEL01-SC
554450;12/10/2023;quinta-feira;02:50:00;PR;369;161,2;CAMBE;Desrespeitar a preferência no cruzamento;Colisão transversal;Com Vítimas Feridas;Plena Noite;Crescente;Céu Claro;Dupla;"Reta;Interseção de Vias       ";Sim;8;0;2;1;2;3;3;3;-23,288537;-51,261797;SPRF-PR;DEL07-PR;UOP01-DEL07-PR
554451;12/10/2023;quinta-feira;03:40:00;PR;277;579,6;CASCAVEL;Ingestão de álcool e/ou substâncias psicoativas pelo pedestre;Queda de ocupante de veículo;Com Vítimas Feridas;Plena Noite;Crescente;Céu Claro;Dupla;"Reta;Em Obras                 ";Não;1;0;0;1;0;0;1;1;-24,984741;-53,368952;SPRF-PR;DEL04-PR;UOP01-DEL04-PR
554454;12/10/2023;quinta-feira;04:30:00;MG;40;502;ESMERALDAS;Manobra de mudança de faixa;Queda de ocupante de veículo;Com Vítimas Feridas;Amanhecer;Crescente;Céu Claro;Dupla;Reta;Não;1;0;1;0;0;0;1;1;-19,714002;-44,160929;SPRF-MG;DEL02-MG;UOP01-DEL02-MG
554455;12/10/2023;quinta-feira;02:00:00;SP;116;222;GUARULHOS;Entrada inopinada do pedestre;Atropelamento de Pedestre;Com Vítimas Fatais;Plena Noite;Crescente;Nublado;Múltipla;Reta;Sim;2;1;0;0;1;0;0;2;-23,47093408;-46,51631097;SPRF-SP;DEL01-SP;UOP01-DEL01-SP
554457;12/10/2023;quinta-feira;04:50:00;MG;381;494,5;BETIM;Objeto estático sobre o leito carroçável;Tombamento;Com Vítimas Feridas;Amanhecer;Crescente;Céu Claro;Dupla;Reta;Sim;1;0;1;0;0;0;1;1;-19,985563;-44,20318;SPRF-MG;DEL01-MG;UOP03-DEL01-MG
554458;12/10/2023;quinta-feira;00:16:00;AL;316;103,3;DOIS RIACHOS;Ingestão de álcool pelo condutor;Tombamento;Com Vítimas Feridas;Plena Noite;Crescente;Céu Claro;Simples;"Reta;Ponte                    ";Sim;1;0;1;0;0;0;1;1;-9,389313;-37,0887;SPRF-AL;DEL03-AL;UOP01-DEL03-AL
554460;12/10/2023;quinta-feira;03:00:00;PR;376;173;MARINGA;Reação tardia ou ineficiente do condutor;Queda de ocupante de veículo;Sem Vítimas;Plena Noite;Decrescente;Céu Claro;Dupla;Declive;Sim;1;0;0;0;0;1;0;1;-23,41862;-51,96305;SPRF-PR;DEL09-PR;UOP01-DEL09-PR
554461;12/10/2023;quinta-feira;04:00:00;SC;101;371;ICARA;Ausência de reação do condutor;Saída de leito carroçável;Sem Vítimas;Plena Noite;Crescente;Chuva;Dupla;Reta;Sim;1;0;0;0;1;0;0;1;-28,70403682;-49,2008731;SPRF-SC;DEL02-SC;UOP01-DEL02-SC
554462;06/05/2023;sábado;19:30:00;MG;50;177;UBERABA;Reação tardia ou ineficiente do condutor;Queda de ocupante de veículo;Com Vítimas Feridas;Plena Noite;Crescente;Ignorado;Dupla;Reta;Sim;1;0;1;0;0;0;1;1;-19,77914852;-47,95047701;SPRF-MG;DEL13-MG;UOP01-DEL13-MG
554463;12/10/2023;quinta-feira;04:10:00;RS;471;165,9;RIO PARDO;Ingestão de álcool pelo condutor;Saída de leito carroçável;Com Vítimas Feridas;Plena Noite;Crescente;Chuva;Simples;Declive;Não;1;0;1;0;0;0;1;1;-29,902232;-52,39203729;SPRF-RS;DEL02-RS;UOP03-DEL02-RS
554465;12/10/2023;quinta-feira;05:00:00;PR;277;576,9;CASCAVEL;Pedestre cruzava a pista fora da faixa;Atropelamento de Pedestre;Com Vítimas Feridas;Plena Noite;Crescente;Céu Claro;Dupla;Reta;Sim;2;0;1;0;1;0;1;2;-24,9850063;-53,33899051;SPRF-PR;DEL04-PR;UOP01-DEL04-PR
554466;11/10/2023;quarta-feira;01:00:00;RN;226;257,7;JUCURUTU;Velocidade Incompatível;Colisão com objeto;Sem Vítimas;Plena Noite;Crescente;Ignorado;Simples;"Curva;Em Obras                ";Não;6;0;0;0;0;6;0;1;-5,94262646;-37,05274129;SPRF-RN;DEL03-RN;UOP01-DEL03-RN
554467;12/10/2023;quinta-feira;03:54:00;RS;470;155,2;NOVA PRATA;Ingestão de álcool pelo condutor;Saída de leito carroçável;Com Vítimas Feridas;Plena Noite;Crescente;Garoa/Chuvisco;Simples;Reta;Sim;1;0;1;0;0;0;1;1;-28,78243906;-51,61511825;SPRF-RS;DEL06-RS;UOP02-DEL06-RS
554469;12/10/2023;quinta-feira;04:30:00;MT;163;620;NOVA MUTUM;Ausência de reação do condutor;Colisão traseira;Com Vítimas Fatais;Amanhecer;Decrescente;Ignorado;Simples;Reta;Não;3;1;0;1;1;0;1;2;-13,73528688;-56,04882247;SPRF-MT;DEL01-MT;UOP01-DEL01-MT
554470;11/10/2023;quarta-feira;23:30:00;MG;40;525;CONTAGEM;Demais falhas mecânicas ou elétricas;Incêndio;Sem Vítimas;Plena Noite;Crescente;Céu Claro;Dupla;Reta;Sim;1;0;0;0;0;1;0;1;-19,88361702;-44,05039336;SPRF-MG;DEL01-MG;UOP02-DEL01-MG
554471;12/10/2023;quinta-feira;05:10:00;SC;163;75,5;SAO MIGUEL DO OESTE;Pista Escorregadia;Saída de leito carroçável;Com Vítimas Fatais;Amanhecer;Crescente;Chuva;Simples;"Declive;Curva                 ";Não;3;1;1;1;0;0;2;2;-26,6895781;-53,5142024;SPRF-SC;DEL07-SC;UOP03-DEL07-SC
554472;12/10/2023;quinta-feira;03:00:00;MG;40;524,5;CONTAGEM;Pedestre andava na pista;Atropelamento de Pedestre;Com Vítimas Fatais;Plena Noite;Crescente;Céu Claro;Dupla;Curva;Sim;2;1;0;0;0;1;0;2;-19,87908013;-44,05092033;SPRF-MG;DEL01-MG;UOP02-DEL01-MG
554473;12/10/2023;quinta-feira;05:15:00;PI;316;371;VILA NOVA DO PIAUI;Animais na Pista;Atropelamento de Animal;Com Vítimas Feridas;Amanhecer;Decrescente;Céu Claro;Simples;Curva;Não;2;0;2;0;0;0;2;1;-7,14399841;-40,93032894;SPRF-PI;DEL04-PI;UOP03-DEL04-PI
554474;12/10/2023;quinta-feira;01:30:00;PR;376;386,1;IMBAU;Ausência de reação do condutor;Colisão com objeto;Sem Vítimas;Plena Noite;Decrescente;Nublado;Dupla;Reta;Não;1;0;0;0;1;0;0;1;-24,449156;-50,759435;SPRF-PR;DEL03-PR;UOP02-DEL03-PR
554475;12/10/2023;quinta-feira;00:10:00;SP;116;144;SAO JOSE DOS CAMPOS;Ausência de reação do condutor;Colisão lateral mesmo sentido;Com Vítimas Feridas;Plena Noite;Decrescente;Nublado;Dupla;Reta;Não;2;0;1;0;0;1;1;2;-23,18274416;-45,84633592;SPRF-SP;DEL02-SP;UOP01-DEL02-SP
554477;12/10/2023;quinta-feira;06:20:00;SP;116;158;JACAREI;Reação tardia ou ineficiente do condutor;Engavetamento;Com Vítimas Feridas;Amanhecer;Decrescente;Céu Claro;Dupla;Reta;Não;7;0;1;0;6;0;1;3;-23,26072137;-45,95179176;SPRF-SP;DEL02-SP;UOP01-DEL02-SP
554478;12/10/2023;quinta-feira;06:15:00;RS;448;0;SAPUCAIA DO SUL;Ausência de reação do condutor;Saída de leito carroçável;Sem Vítimas;Amanhecer;Crescente;Chuva;Múltipla;Curva;Não;1;0;0;0;0;1;0;1;-29,827246;-51,173317;SPRF-RS;DEL01-RS;UOP02-DEL01-RS
554479;12/10/2023;quinta-feira;05:00:00;PB;230;78,3;RIACHAO DO POCO;Mal súbito do condutor;Saída de leito carroçável;Com Vítimas Fatais;Pleno dia;Crescente;Céu Claro;Dupla;"Reta;Declive                  ";Não;40;1;2;0;37;0;2;1;-7,1849;-35,2955;SPRF-PB;DEL01-PB;UOP03-DEL01-PB
554480;12/10/2023;quinta-feira;00:20:00;MG;116;702,7;MURIAE;Acesso irregular;Colisão frontal;Com Vítimas Feridas;Plena Noite;Crescente;Céu Claro;Simples;"Reta;Interseção de Vias       ";Não;4;0;1;0;0;3;1;3;-21,12709739;-42,38339338;SPRF-MG;DEL07-MG;UOP02-DEL07-MG
554481;12/10/2023;quinta-feira;05:35:00;PR;277;103,1;CAMPO LARGO;Chuva;Saída de leito carroçável;Com Vítimas Feridas;Amanhecer;Decrescente;Chuva;Dupla;"Reta;Declive                  ";Não;3;0;3;0;0;0;3;1;-25,43120925;-49,39824879;SPRF-PR;DEL01-PR;UOP06-DEL01-PR
554483;12/10/2023;quinta-feira;06:35:00;SC;101;88;BARRA VELHA;Ausência de reação do condutor;Colisão com objeto;Sem Vítimas;Pleno dia;Crescente;Chuva;Múltipla;"Curva;Aclive;Viaduto          ";Sim;2;0;0;0;2;0;0;2;-26,64925577;-48,68686795;SPRF-SC;DEL03-SC;UOP02-DEL03-SC
554485;12/10/2023;quinta-feira;06:00:00;PR;277;167,8;PALMEIRA;Reação tardia ou ineficiente do condutor;Colisão com objeto;Com Vítimas Feridas;Amanhecer;Decrescente;Chuva;Dupla;Rotatória;Não;5;0;4;1;0;0;5;1;-25,46815033;-49,9043132;SPRF-PR;DEL03-PR;UOP03-DEL03-PR
554486;12/10/2023;quinta-feira;06:20:00;SP;116;148;SAO JOSE DOS CAMPOS;Reação tardia ou ineficiente do condutor;Tombamento;Com Vítimas Feridas;Pleno dia;Crescente;Sol;Dupla;Reta;Sim;1;0;1;0;0;0;1;1;-23,20067421;-45,8795018;SPRF-SP;DEL02-SP;UOP01-DEL02-SP