id;data_inversa;dia_semana;horario;uf;br;km;municipio;causa_acidente;tipo_acidente;classificacao_acidente;fase_dia;sentido_via;condicao_metereologica;tipo_pista;tracado_via;uso_solo;pessoas;mortos;feridos_leves;feridos_graves;ilesos;ignorados;feridos;veiculos;latitude;longitude;regional;delegacia;uop
554487;30/07/2023;domingo;07:15:00;RS;287;391,8;SANTIAGO;Manobra de mudança de faixa;Colisão lateral mesmo sentido;Com Vítimas Feridas;Amanhecer;Crescente;Céu Claro;Simples;"Declive;Reta                  ";Não;4;0;1;0;3;0;1;2;-29,22926496;-54,83801589;SPRF-RS;DEL12-RS;UOP02-DEL12-RS
554489;12/10/2023;quinta-feira;04:35:00;RS;158;384,2;DILERMANDO DE AGUIAR;Ausência de reação do condutor;Saída de leito carroçável;Com Vítimas Feridas;Plena Noite;Crescente;Céu Claro;Simples;"Reta;Declive                  ";Não;27;0;19;0;8;0;19;1;-29,90124314;-54,29664093;SPRF-RS;DEL09-RS;UOP01-DEL09-RS
554490;08/09/2023;sexta-feira;22:20:00;PI;316;314;PICOS;Manobra de mudança de faixa;Colisão com objeto;Com Vítimas Feridas;Plena Noite;Crescente;Céu Claro;Simples;Reta;Sim;1;0;0;1;0;0;1;1;-7,0776992;-41,44117384;SPRF-PI;DEL04-PI;UOP01-DEL04-PI
554493;23/09/2023;sábado;20:30:00;PI;343;12;PARNAIBA;Condutor desrespeitou a iluminação vermelha do semáforo;Colisão transversal;Com Vítimas Feridas;Plena Noite;Crescente;Céu Claro;Dupla;Rotatória;Sim;4;0;1;0;0;3;1;3;-2,90954751;-41,75377393;SPRF-PI;DEL05-PI;UOP01-DEL05-PI
554494;12/10/2023;quinta-feira;08:32:00;MG;153;10;ARAPORA;Demais falhas mecânicas ou elétricas;Saída de leito carroçável;Com Vítimas Feridas;Pleno dia;Crescente;Sol;Dupla;Reta;Não;2;0;1;0;1;0;1;1;-18,50602699;-49,18897335;SPRF-MG;DEL15-MG;UOP03-DEL15-MG
554495;12/10/2023;quinta-feira;07:20:00;PR;116;98;SAO JOSE DOS PINHAIS;Velocidade Incompatível;Saída de leito carroçável;Sem Vítimas;Pleno dia;Crescente;Chuva;Dupla;Curva;Não;2;0;0;0;2;0;0;1;-25,554909;-49,149958;SPRF-PR;DEL01-PR;UOP07-DEL01-PR
554499;12/10/2023;quinta-feira;07:50:00;MG;381;452;SABARA;Acessar a via sem observar a presença dos outros veículos;Colisão lateral mesmo sentido;Com Vítimas Feridas;Pleno dia;Crescente;Céu Claro;Simples;Reta;Não;2;0;1;0;1;0;1;2;-19,84339604;-43,88596993;SPRF-MG;DEL01-MG;UOP01-DEL01-MG
554500;12/10/2023;quinta-feira;07:15:00;MT;364;386;SANTO ANTONIO DO LEVERGER;Pedestre andava na pista;Atropelamento de Pedestre;Com Vítimas Feridas;Pleno dia;Decrescente;Céu Claro;Dupla;Reta;Não;2;0;0;1;0;1;1;2;-15,70220342;-55,81848;SPRF-MT;DEL01-MT;UOP02-DEL01-MT
554501;12/10/2023;quinta-feira;08:50:00;TO;153;498;PARAISO DO TOCANTINS;Acessar a via sem observar a presença dos outros veículos;Colisão transversal;Com Vítimas Feridas;Pleno dia;Decrescente;Nublado;Simples;"Aclive;Interseção de Vias;Curv";Não;3;0;0;1;1;1;1;3;-10,18390502;-48,88017144;SPRF-TO;DEL01-TO;UOP01-DEL01-TO
554504;12/10/2023;quinta-feira;08:45:00;BA;101;169;FEIRA DE SANTANA;Ausência de sinalização;Colisão transversal;Com Vítimas Feridas;Pleno dia;Crescente;Céu Claro;Simples;"Reta;Declive                  ";Não;3;0;1;0;2;0;1;2;-12,35756559;-38,8615948;SPRF-BA;DEL01-BA;UOP03-DEL01-BA
554505;12/10/2023;quinta-feira;07:10:00;GO;153;617;MORRINHOS;Acessar a via sem observar a presença dos outros veículos;Colisão transversal;Com Vítimas Feridas;Pleno dia;Crescente;Chuva;Dupla;"Retorno Regulamentado;Reta    ";Não;3;0;1;0;2;0;1;2;-17,6951;-49,1559;SPRF-GO;DEL03-GO;UOP01-DEL03-GO
554506;12/10/2023;quinta-feira;08:30:00;DF;60;2,3;BRASILIA;Acessar a via sem observar a presença dos outros veículos;Colisão com objeto;Com Vítimas Feridas;Pleno dia;Decrescente;Céu Claro;Dupla;Reta;Sim;2;0;0;1;0;1;1;2;-15,887383;-48,077988;SPRF-DF;DEL03-DF;UOP01-DEL03-DF
554507;12/10/2023;quinta-feira;09:00:00;SP;116;107;TAUBATE;Trafegar com motocicleta (ou similar) entre as faixas;Colisão lateral mesmo sentido;Com Vítimas Feridas;Pleno dia;Decrescente;Nublado;Dupla;Reta;Não;3;0;1;0;2;0;1;2;-23,01791287;-45,53009409;SPRF-SP;DEL02-SP;UOP02-DEL02-SP
554511;11/10/2023;quarta-feira;08:15:00;MG;116;414;GOVERNADOR VALADARES;Ultrapassagem Indevida;Colisão transversal;Com Vítimas Feridas;Pleno dia;Crescente;Céu Claro;Simples;Interseção de Vias;Sim;2;0;1;0;1;0;1;2;-18,88102703;-41,95910802;SPRF-MG;DEL06-MG;UOP01-DEL06-MG
554512;12/10/2023;quinta-feira;04:30:00;MA;10;127,1;ESTREITO;Pedestre cruzava a pista fora da faixa;Atropelamento de Pedestre;Com Vítimas Fatais;Plena Noite;Crescente;Céu Claro;Simples;Reta;Sim;2;1;0;0;0;1;0;2;-6,572875;-47,444546;SPRF-MA;DEL04-MA;UOP02-DEL04-MA
554513;12/10/2023;quinta-feira;10:05:00;ES;101;159;LINHARES;Acessar a via sem observar a presença dos outros veículos;Colisão transversal;Com Vítimas Fatais;Pleno dia;Decrescente;Céu Claro;Simples;Reta;Sim;7;1;1;3;1;1;4;4;-19,47662979;-40,11402541;SPRF-ES;DEL04-ES;UOP01-DEL04-ES
554514;11/10/2023;quarta-feira;18:30:00;PR;163;110;CAPANEMA;Retorno proibido;Colisão transversal;Com Vítimas Feridas;Anoitecer;Decrescente;Chuva;Simples;Curva;Não;2;0;0;1;1;0;1;2;-25,61306367;-53,69744485;SPRF-PR;DEL02-PR;UOP02-DEL02-PR
554515;22/09/2023;sexta-feira;19:10:00;RO;364;350;JI-PARANA;Ingestão de álcool pelo condutor;Colisão lateral sentido oposto;Com Vítimas Feridas;Plena Noite;Crescente;Céu Claro;Simples;Reta;Não;4;0;0;1;3;0;1;4;-10,84541153;-61,99883268;SPRF-RO;DEL02-RO;UOP01-DEL02-RO
554519;12/10/2023;quinta-feira;10:00:00;PB;230;12;CABEDELO;Condutor deixou de manter distância do veículo da frente;Colisão traseira;Com Vítimas Feridas;Pleno dia;Decrescente;Céu Claro;Dupla;Reta;Sim;3;0;1;0;2;0;1;2;-7,068;-34,85;SPRF-PB;DEL01-PB;UOP01-DEL01-PB
554521;12/10/2023;quinta-feira;08:45:00;PR;376;474,5;PONTA GROSSA;Chuva;Colisão traseira;Com Vítimas Feridas;Pleno dia;Crescente;Chuva;Dupla;"Viaduto;Curva                 ";Não;3;0;2;0;1;0;2;2;-25,03659313;-50,29759884;SPRF-PR;DEL03-PR;UOP01-DEL03-PR
554522;11/10/2023;quarta-feira;19:00:00;PR;163;126;REALEZA;Avarias e/ou desgaste excessivo no pneu;Saída de leito carroçável;Com Vítimas Feridas;Plena Noite;Crescente;Chuva;Simples;Reta;Não;1;0;1;0;0;0;1;1;-25,60561625;-53,56781205;SPRF-PR;DEL02-PR;UOP02-DEL02-PR
554523;12/10/2023;quinta-feira;09:25:00;ES;101;147;LINHARES;Pista Escorregadia;Queda de ocupante de veículo;Com Vítimas Feridas;Pleno dia;Crescente;Céu Claro;Dupla;Reta;Sim;1;0;1;0;0;0;1;1;-19,37887202;-40,06657892;SPRF-ES;DEL04-ES;UOP01-DEL04-ES
554526;12/10/2023;quinta-feira;11:00:00;PB;101;85,8;BAYEUX;Manobra de mudança de faixa;Colisão traseira;Com Vítimas Feridas;Pleno dia;Decrescente;Céu Claro;Dupla;"Reta;Declive;Em Obras         ";Sim;2;0;1;0;1;0;1;2;-7,14538184;-34,91662887;SPRF-PB;DEL01-PB;UOP01-DEL01-PB
554529;12/10/2023;quinta-feira;11:15:00;BA;116;710,2;MANOEL VITORINO;Desrespeitar a preferência no cruzamento;Colisão transversal;Sem Vítimas;Pleno dia;Crescente;Céu Claro;Simples;Reta;Sim;2;0;0;0;2;0;0;2;-14,11581891;-40,22867919;SPRF-BA;DEL03-BA;UOP01-DEL03-BA
554530;12/10/2023;quinta-feira;10:20:00;RJ;101;262;RIO BONITO;Ausência de reação do condutor;Capotamento;Com Vítimas Feridas;Pleno dia;Decrescente;Céu Claro;Dupla;Reta;Não;2;0;1;0;1;0;1;1;-22,71367506;-42,62052996;SPRF-RJ;DEL02-RJ;UOP03-DEL02-RJ
554531;12/10/2023;quinta-feira;10:30:00;MA;10;257,3;IMPERATRIZ;Manobra de mudança de faixa;Colisão lateral mesmo sentido;Com Vítimas Feridas;Pleno dia;Decrescente;Céu Claro;Dupla;Reta;Sim;4;0;1;0;3;0;1;2;-5,550874;-47,459305;SPRF-MA;DEL04-MA;UOP01-DEL04-MA
554533;12/10/2023;quinta-feira;08:35:00;MT;174;5;PONTES E LACERDA;Acesso irregular;Colisão lateral mesmo sentido;Com Vítimas Feridas;Pleno dia;Crescente;Céu Claro;Simples;Reta;Sim;3;0;3;0;0;0;3;1;-15,22940916;-59,34831619;SPRF-MT;DEL03-MT;UOP01-DEL03-MT
554534;12/10/2023;quinta-feira;12:05:00;PE;101;68,1;RECIFE;Acessar a via sem observar a presença dos outros veículos;Colisão lateral mesmo sentido;Com Vítimas Feridas;Pleno dia;Crescente;Céu Claro;Dupla;Rotatória;Não;3;0;1;0;2;0;1;2;-8,05074296;-34,94580619;SPRF-PE;DEL01-PE;UOP01-DEL01-PE
554536;12/10/2023;quinta-feira;12:20:00;CE;222;4;CAUCAIA;Velocidade Incompatível;Colisão traseira;Com Vítimas Feridas;Pleno dia;Decrescente;Céu Claro;Múltipla;Reta;Sim;2;0;1;0;1;0;1;2;-3,74164754;-38,60449792;SPRF-CE;DEL01-CE;UOP01-DEL01-CE
554537;12/10/2023;quinta-feira;10:30:00;MS;262;648;MIRANDA;Avarias e/ou desgaste excessivo no pneu;Saída de leito carroçável;Com Vítimas Feridas;Pleno dia;Crescente;Céu Claro;Simples;Reta;Não;5;0;4;0;1;0;4;1;-19,72238377;-56,9852046;SPRF-MS;DEL03-MS;UOP02-DEL03-MS
554539;12/10/2023;quinta-feira;09:15:00;MG;381;313;ANTONIO DIAS;Velocidade Incompatível;Colisão traseira;Com Vítimas Feridas;Pleno dia;Crescente;Céu Claro;Simples;"Ponte;Reta;Em Obras           ";Não;3;0;1;0;2;0;1;3;-19,65662;-42,96046;SPRF-MG;DEL03-MG;UOP02-DEL03-MG
554542;12/10/2023;quinta-feira;12:00:00;PE;101;43,4;IGARASSU;Acessar a via sem observar a presença dos outros veículos;Colisão lateral mesmo sentido;Com Vítimas Feridas;Pleno dia;Crescente;Céu Claro;Múltipla;Reta;Não;2;0;1;0;1;0;1;2;-7,84753808;-34,90977038;SPRF-PE;DEL01-PE;UOP02-DEL01-PE
554543;12/10/2023;quinta-feira;12:00:00;MG;40;809;MATIAS BARBOSA;Avarias e/ou desgaste excessivo no pneu;Tombamento;Com Vítimas Feridas;Pleno dia;Decrescente;Céu Claro;Dupla;Aclive;Não;2;0;2;0;0;0;2;1;-21,87077676;-43,34388381;SPRF-MG;DEL05-MG;UOP01-DEL05-MG
554547;12/10/2023;quinta-feira;13:10:00;SP;116;86;PINDAMONHANGABA;Manobra de mudança de faixa;Colisão traseira;Com Vítimas Feridas;Pleno dia;Crescente;Nublado;Dupla;Reta;Sim;3;0;2;0;1;0;2;3;-22,92639476;-45,35307511;SPRF-SP;DEL08-SP;UOP01-DEL08-SP
554548;12/10/2023;quinta-feira;12:59:00;SP;116;139;SAO JOSE DOS CAMPOS;Ausência de reação do condutor;Colisão traseira;Com Vítimas Feridas;Pleno dia;Decrescente;Chuva;Dupla;Reta;Sim;4;0;0;2;2;0;2;3;-23,16153216;-45,80400592;SPRF-SP;DEL02-SP;UOP01-DEL02-SP
554550;12/10/2023;quinta-feira;13:00:00;MG;153;169;COMENDADOR GOMES;Reação tardia ou ineficiente do condutor;Saída de leito carroçável;Com Vítimas Feridas;Pleno dia;Crescente;Céu Claro;Simples;Reta;Não;3;0;3;0;0;0;3;1;-19,75822688;-48,96706362;SPRF-MG;DEL13-MG;UOP02-DEL13-MG
554551;12/10/2023;quinta-feira;13:20:00;GO;60;172,9;GOIANIA;Velocidade Incompatível;Capotamento;Com Vítimas Fatais;Pleno dia;Decrescente;Céu Claro;Dupla;Reta;Não;1;1;0;0;0;0;0;1;-16,738;-49,4076;SPRF-GO;DEL01-GO;UOP02-DEL01-GO
554552;12/10/2023;quinta-feira;13:00:00;PR;476;110;COLOMBO;Acessar a via sem observar a presença dos outros veículos;Colisão transversal;Sem Vítimas;Pleno dia;Decrescente;Chuva;Simples;Curva;Sim;2;0;0;0;1;1;0;2;-25,31179356;-49,14526623;SPRF-PR;DEL01-PR;UOP01-DEL01-PR
554554;12/10/2023;quinta-feira;14:10:00;RS;470;217;BENTO GONCALVES;Acessar a via sem observar a presença dos outros veículos;Colisão transversal;Com Vítimas Feridas;Pleno dia;Decrescente;Garoa/Chuvisco;Simples;"Interseção de Vias;Rotatória  ";Sim;3;0;1;0;2;0;1;2;-29,16462512;-51,52551964;SPRF-RS;DEL06-RS;UOP01-DEL06-RS
554555;12/10/2023;quinta-feira;07:35:00;PR;476;330;PAULA FREITAS;Acumulo de água sobre o pavimento;Capotamento;Com Vítimas Feridas;Pleno dia;Crescente;Chuva;Simples;Reta;Não;1;0;1;0;0;0;1;1;-26,110893;-50,813488;SPRF-PR;DEL02-PR;UOP03-DEL02-PR
554556;12/10/2023;quinta-feira;13:00:00;PB;101;1,9;MATARACA;Acessar a via sem observar a presença dos outros veículos;Colisão transversal;Com Vítimas Fatais;Pleno dia;Decrescente;Sol;Dupla;"Reta;Retorno Regulamentado    ";Não;6;1;0;0;3;2;0;3;-6,51423092;-35,11133633;SPRF-PB;DEL01-PB;UOP04-DEL01-PB
554558;12/10/2023;quinta-feira;14:20:00;RJ;101;330;RIO DE JANEIRO;Objeto estático sobre o leito carroçável;Colisão traseira;Com Vítimas Feridas;Pleno dia;Decrescente;Céu Claro;Dupla;Reta;Não;2;0;1;0;1;0;1;2;-22,8684989;-43,18548699;SPRF-RJ;DEL02-RJ;UOP01-DEL02-RJ
554559;12/10/2023;quinta-feira;13:40:00;RS;285;334,3;CARAZINHO;Condutor deixou de manter distância do veículo da frente;Colisão traseira;Sem Vítimas;Pleno dia;Crescente;Nublado;Simples;"Reta;Em Obras                 ";Não;2;0;0;0;2;0;0;2;-28,306229;-52,746593;SPRF-RS;DEL08-RS;UOP03-DEL08-RS
554561;12/10/2023;quinta-feira;15:15:00;ES;101;301;VIANA;Avarias e/ou desgaste excessivo no pneu;Tombamento;Com Vítimas Feridas;Pleno dia;Decrescente;Céu Claro;Dupla;Curva;Não;1;0;1;0;0;0;1;1;-20,36278187;-40,4401343;SPRF-ES;DEL01-ES;UOP01-DEL01-ES
554562;12/10/2023;quinta-feira;13:00:00;BA;101;185,3;SAO GONCALO DOS CAMPOS;Conversão proibida;Colisão transversal;Com Vítimas Fatais;Pleno dia;Decrescente;Céu Claro;Simples;"Reta;Interseção de Vias;Aclive";Não;8;2;3;2;0;1;5;3;-12,465705;-38,934953;SPRF-BA;DEL01-BA;UOP03-DEL01-BA
554563;12/10/2023;quinta-feira;14:15:00;PB;230;41;SANTA RITA;Acesso irregular;Colisão transversal;Com Vítimas Fatais;Pleno dia;Decrescente;Céu Claro;Dupla;Reta;Sim;2;1;0;0;1;0;0;2;-7,1432;-34,9869;SPRF-PB;DEL01-PB;UOP03-DEL01-PB
554565;12/10/2023;quinta-feira;14:56:00;SP;116;117;TAUBATE;Ausência de reação do condutor;Colisão com objeto;Com Vítimas Feridas;Pleno dia;Crescente;Céu Claro;Dupla;Reta;Não;1;0;1;0;0;0;1;1;-23,0582298;-45,6176951;SPRF-SP;DEL02-SP;UOP02-DEL02-SP
554566;12/10/2023;quinta-feira;13:35:00;PE;424;86,4;GARANHUNS;Acessar a via sem observar a presença dos outros veículos;Colisão transversal;Com Vítimas Feridas;Pleno dia;Decrescente;Céu Claro;Simples;Interseção de Vias;Sim;5;0;2;0;2;1;2;3;-8,86552886;-36,50934159;SPRF-PE;DEL03-PE;UOP01-DEL03-PE
554567;12/10/2023;quinta-feira;14:45:00;SC;280;56;GUARAMIRIM;Acesso irregular;Colisão transversal;Com Vítimas Feridas;Pleno dia;Crescente;Garoa/Chuvisco;Simples;Rotatória;Sim;3;0;1;0;2;0;1;2;-26,47947677;-49,00298702;SPRF-SC;DEL03-SC;UOP03-DEL03-SC
554568;12/10/2023;quinta-feira;15:00:00;MG;381;480,2;CONTAGEM;Ausência de reação do condutor;Saída de leito carroçável;Com Vítimas Feridas;Pleno dia;Decrescente;Sol;Múltipla;Curva;Sim;2;0;2;0;0;0;2;1;-19,9643137;-44,04406071;SPRF-MG;DEL01-MG;UOP03-DEL01-MG
554570;12/10/2023;quinta-feira;15:30:00;SP;116;197;ARUJA;Chuva;Saída de leito carroçável;Com Vítimas Feridas;Pleno dia;Decrescente;Chuva;Múltipla;Curva;Não;1;0;1;0;0;0;1;1;-23,39721625;-46,29284287;SPRF-SP;DEL01-SP;UOP01-DEL01-SP
554571;12/10/2023;quinta-feira;15:00:00;PB;230;335,3;PATOS;Acessar a via sem observar a presença dos outros veículos;Colisão transversal;Com Vítimas Feridas;Pleno dia;Decrescente;Nublado;Simples;Reta;Sim;3;0;2;0;1;0;2;2;-7,0128;-37,2644;SPRF-PB;DEL03-PB;UOP01-DEL03-PB
554572;12/10/2023;quinta-feira;15:10:00;SP;381;60,9;MAIRIPORA;Reação tardia ou ineficiente do condutor;Capotamento;Com Vítimas Feridas;Pleno dia;Crescente;Chuva;Dupla;"Curva;Declive                 ";Não;2;0;1;0;1;0;1;1;-23,28957673;-46,58729853;SPRF-SP;DEL03-SP;UOP01-DEL03-SP
554573;12/10/2023;quinta-feira;10:40:00;SC;153;74;IRANI;Chuva;Capotamento;Com Vítimas Feridas;Pleno dia;Decrescente;Chuva;Simples;"Curva;Aclive                  ";Não;1;0;1;0;0;0;1;1;-27,078651;-51,904682;SPRF-SC;DEL07-SC;UOP04-DEL07-SC
554574;12/10/2023;quinta-feira;15:26:00;PE;408;99;SAO LOURENCO DA MATA;Animais na Pista;Atropelamento de Animal;Com Vítimas Feridas;Pleno dia;Decrescente;Céu Claro;Dupla;Reta;Não;2;0;2;0;0;0;2;1;-8,04133634;-35,02531212;SPRF-PE;DEL01-PE;UOP01-DEL01-PE
554581;12/10/2023;quinta-feira;09:18:00;MG;40;39,3;PARACATU;Reação tardia ou ineficiente do condutor;Tombamento;Com Vítimas Feridas;Pleno dia;Crescente;Céu Claro;Simples;Reta;Sim;2;0;2;0;0;0;2;1;-17,21128483;-46,89011999;SPRF-MG;DEL14-MG;UOP01-DEL14-MG
554583;12/10/2023;quinta-feira;15:20:00;MS;267;518,5;JARDIM;Reação tardia ou ineficiente do condutor;Saída de leito carroçável;Com Vítimas Fatais;Pleno dia;Decrescente;Nublado;Simples;Reta;Não;1;1;0;0;0;0;0;1;-21,50010587;-56,46473704;SPRF-MS;DEL05-MS;UOP01-DEL05-MS
554584;12/10/2023;quinta-feira;16:55:00;PI;343;332;TERESINA;Ultrapassagem Indevida;Colisão lateral mesmo sentido;Sem Vítimas;Anoitecer;Crescente;Céu Claro;Simples;Reta;Não;3;0;0;0;2;1;0;3;-5,058209;-42,66679;SPRF-PI;DEL01-PI;UOP01-DEL01-PI
554589;12/10/2023;quinta-feira;17:20:00;PA;230;120;MARABA;Ingestão de álcool pelo condutor;Colisão traseira;Sem Vítimas;Anoitecer;Decrescente;Céu Claro;Dupla;Reta;Sim;2;0;0;0;2;0;0;2;-5,35038318;-49,11434;SPRF-PA;DEL03-PA;UOP01-DEL03-PA
554590;12/10/2023;quinta-feira;17:25:00;PI;316;7;TERESINA;Ausência de reação do condutor;Colisão traseira;Com Vítimas Feridas;Pleno dia;Crescente;Céu Claro;Dupla;Reta;Sim;2;0;1;0;1;0;1;2;-5,15584638;-42,77173332;SPRF-PI;DEL01-PI;UOP02-DEL01-PI
554591;12/10/2023;quinta-feira;16:50:00;PR;277;32;MORRETES;Reação tardia ou ineficiente do condutor;Saída de leito carroçável;Com Vítimas Feridas;Pleno dia;Decrescente;Chuva;Dupla;Curva;Não;3;0;2;0;1;0;2;1;-25,547373;-48,790559;SPRF-PR;DEL01-PR;UOP05-DEL01-PR
554593;03/10/2023;terça-feira;06:45:00;BA;101;104;ALAGOINHAS;Acesso irregular;Colisão transversal;Sem Vítimas;Pleno dia;Crescente;Céu Claro;Simples;Reta;Sim;2;0;0;0;2;0;0;2;-12,15963868;-38,41162324;SPRF-BA;DEL01-BA;UOP04-DEL01-BA
554594;12/10/2023;quinta-feira;17:30:00;CE;116;14;FORTALEZA;Acessar a via sem observar a presença dos outros veículos;Colisão transversal;Com Vítimas Feridas;Plena Noite;Crescente;Céu Claro;Múltipla;Reta;Sim;2;0;0;1;1;0;1;2;-3,86880145;-38,49811788;SPRF-CE;DEL01-CE;UOP02-DEL01-CE
554595;12/10/2023;quinta-feira;15:40:00;MG;40;778;JUIZ DE FORA;Acessar a via sem observar a presença dos outros veículos;Capotamento;Com Vítimas Feridas;Pleno dia;Decrescente;Céu Claro;Dupla;Interseção de Vias;Não;1;0;1;0;0;0;1;1;-21,678277;-43,44822407;SPRF-MG;DEL05-MG;UOP01-DEL05-MG
554596;12/10/2023;quinta-feira;16:00:00;GO;50;109,3;CRISTALINA;Condutor Dormindo;Saída de leito carroçável;Com Vítimas Feridas;Pleno dia;Decrescente;Céu Claro;Dupla;Reta;Não;2;0;2;0;0;0;2;1;-16,9309;-47,7117;SPRF-DF;DEL01-DF;UOP02-DEL01-DF
554597;12/10/2023;quinta-feira;13:30:00;SP;116;515;CAJATI;Pista Escorregadia;Saída de leito carroçável;Com Vítimas Feridas;Pleno dia;Decrescente;Chuva;Dupla;Curva;Não;2;0;2;0;0;0;2;1;-24,86704083;-48,21738184;SPRF-SP;DEL05-SP;UOP02-DEL05-SP
554599;12/10/2023;quinta-feira;17:45:00;GO;60;12,1;SANTO ANTONIO DO DESCOBERTO;Reação tardia ou ineficiente do condutor;Saída de leito carroçável;Com Vítimas Feridas;Pleno dia;Crescente;Céu Claro;Dupla;"Declive;Curva                 ";Não;5;0;2;3;0;0;5;1;-16,114473;-48,334856;SPRF-DF;DEL03-DF;UOP01-DEL03-DF
554600;12/10/2023;quinta-feira;17:30:00;SE;101;87,7;NOSSA SENHORA DO SOCORRO;Ausência de reação do condutor;Saída de leito carroçável;Sem Vítimas;Anoitecer;Decrescente;Céu Claro;Dupla;"Reta;Declive                  ";Não;1;0;0;0;0;1;0;1;-10,86174498;-37,13526579;SPRF-SE;DEL01-SE;UOP01-DEL01-SE
554601;12/10/2023;quinta-feira;18:00:00;PR;277;660,5;MATELANDIA;Condutor usando celular;Colisão com objeto;Com Vítimas Feridas;Pleno dia;Decrescente;Nublado;Dupla;"Curva;Aclive                  ";Não;2;0;2;0;0;0;2;1;-25,25377872;-53,99389744;SPRF-PR;DEL05-PR;UOP02-DEL05-PR
554604;12/10/2023;quinta-feira;19:00:00;ES;101;266,5;SERRA;Acessar a via sem observar a presença dos outros veículos;Colisão transversal;Com Vítimas Feridas;Plena Noite;Decrescente;Céu Claro;Múltipla;Reta;Sim;3;0;2;0;1;0;2;2;-20,190199;-40,26828891;SPRF-ES;DEL02-ES;UOP01-DEL02-ES
554606;12/10/2023;quinta-feira;19:10:00;SP;488;4,1;APARECIDA;Ausência de reação do condutor;Colisão transversal;Com Vítimas Feridas;Plena Noite;Crescente;Chuva;Dupla;"Declive;Interseção de Vias;Cur";Sim;2;0;1;0;1;0;1;2;-22,858398;-45,251377;SPRF-SP;DEL08-SP;UOP01-DEL08-SP
554607;12/10/2023;quinta-feira;16:30:00;SC;280;1,2;DIONISIO CERQUEIRA;Acessar a via sem observar a presença dos outros veículos;Colisão transversal;Com Vítimas Feridas;Pleno dia;Crescente;Nublado;Simples;Rotatória;Sim;3;0;1;0;2;0;1;2;-26,26631567;-53,62623096;SPRF-SC;DEL03-SC;UOP03-DEL03-SC
554608;15/07/2023;sábado;19:00:00;BA;30;255;CAETITE;Animais na Pista;Atropelamento de Animal;Com Vítimas Feridas;Plena Noite;Crescente;Céu Claro;Simples;Reta;Não;5;0;2;1;2;0;3;2;-14,10458029;-42,58795105;SPRF-BA;DEL08-BA;UOP01-DEL08-BA
554609;12/10/2023;quinta-feira;11:15:00;RJ;101;318;SAO GONCALO;Avarias e/ou desgaste excessivo no pneu;Queda de ocupante de veículo;Com Vítimas Feridas;Pleno dia;Crescente;Céu Claro;Dupla;Reta;Sim;1;0;1;0;0;0;1;1;-22,84562994;-43,09841211;SPRF-RJ;DEL02-RJ;UOP02-DEL02-RJ
554611;12/10/2023;quinta-feira;19:50:00;GO;70;8;AGUAS LINDAS DE GOIAS;Ingestão de álcool e/ou substâncias psicoativas pelo pedestre;Atropelamento de Pedestre;Com Vítimas Feridas;Plena Noite;Decrescente;Céu Claro;Dupla;Declive;Sim;3;0;1;0;2;0;1;3;-15,73733681;-48,27407468;SPRF-DF;DEL03-DF;UOP02-DEL03-DF
554612;12/10/2023;quinta-feira;16:30:00;MG;354;730;POUSO ALTO;Velocidade Incompatível;Tombamento;Com Vítimas Feridas;Pleno dia;Decrescente;Nublado;Simples;Curva;Não;1;0;1;0;0;0;1;1;-22,1646781;-44,96415906;SPRF-MG;DEL17-MG;UOP01-DEL17-MG
554613;12/10/2023;quinta-feira;18:40:00;SC;101;258,4;PAULO LOPES;Entrada inopinada do pedestre;Atropelamento de Pedestre;Com Vítimas Feridas;Plena Noite;Crescente;Chuva;Dupla;Reta;Não;4;0;0;1;1;2;1;2;-28,00482282;-48,69190437;SPRF-SC;DEL02-SC;UOP03-DEL02-SC
554614;12/10/2023;quinta-feira;18:40:00;SC;101;258;PAULO LOPES;Ausência de reação do condutor;Colisão com objeto;Sem Vítimas;Plena Noite;Crescente;Chuva;Dupla;"Curva;Declive                 ";Não;1;0;0;0;1;0;0;1;-28,00482282;-48,69190437;SPRF-SC;DEL02-SC;UOP03-DEL02-SC
554616;12/10/2023;quinta-feira;13:51:00;PR;376;638;TIJUCAS DO SUL;Velocidade Incompatível;Saída de leito carroçável;Com Vítimas Feridas;Pleno dia;Decrescente;Chuva;Dupla;Curva;Não;2;0;1;0;1;0;1;1;-25,76503801;-49,12449804;SPRF-PR;DEL01-PR;UOP04-DEL01-PR
554618;12/10/2023;quinta-feira;08:15:00;SC;282;632;DESCANSO;Reação tardia ou ineficiente do condutor;Saída de leito carroçável;Sem Vítimas;Pleno dia;Decrescente;Chuva;Simples;"Declive;Curva                 ";Não;1;0;0;0;1;0;0;1;-26,8253;-53,404217;SPRF-SC;DEL07-SC;UOP03-DEL07-SC
554619;12/10/2023;quinta-feira;20:30:00;PR;376;114,9;CURITIBA;Manobra de mudança de faixa;Colisão lateral mesmo sentido;Com Vítimas Feridas;Plena Noite;Crescente;Nublado;Dupla;Reta;Sim;2;0;1;0;1;0;1;2;-25,5449;-49,2995;SPRF-PR;DEL09-PR;UOP02-DEL09-PR