id;data_inversa;dia_semana;horario;uf;br;km;municipio;causa_acidente;tipo_acidente;classificacao_acidente;fase_dia;sentido_via;condicao_metereologica;tipo_pista;tracado_via;uso_solo;pessoas;mortos;feridos_leves;feridos_graves;ilesos;ignorados;feridos;veiculos;latitude;longitude;regional;delegacia;uop
554620;12/10/2023;quinta-feira;20:30:00;RN;406;138;TAIPU;Ausência de reação do condutor;Colisão lateral sentido oposto;Com Vítimas Feridas;Plena Noite;Crescente;Céu Claro;Simples;Reta;Não;5;0;1;0;4;0;1;2;-5,65361521;-35,53955498;SPRF-RN;DEL02-RN;UOP01-DEL02-RN
554622;12/10/2023;quinta-feira;20:20:00;MG;381;449;SABARA;Transitar na contramão;Colisão transversal;Com Vítimas Feridas;Plena Noite;Decrescente;Céu Claro;Simples;Declive;Não;2;0;1;0;1;0;1;2;-19,84164036;-43,86232683;SPRF-MG;DEL01-MG;UOP01-DEL01-MG
554623;12/10/2023;quinta-feira;19:00:00;BA;324;554;AMELIA RODRIGUES;Reação tardia ou ineficiente do condutor;Saída de leito carroçável;Com Vítimas Feridas;Plena Noite;Decrescente;Nublado;Dupla;Reta;Não;3;0;1;0;2;0;1;1;-12,46037726;-38,69681519;SPRF-BA;DEL01-BA;UOP03-DEL01-BA
554625;12/10/2023;quinta-feira;20:30:00;GO;251;26;CRISTALINA;Demais falhas na via;Colisão frontal;Com Vítimas Feridas;Plena Noite;Decrescente;Céu Claro;Simples;Reta;Não;2;0;2;0;0;0;2;2;-16,10610344;-47,49477642;SPRF-DF;DEL01-DF;UOP01-DEL01-DF
554626;12/10/2023;quinta-feira;18:35:00;PB;230;159,1;CAMPINA GRANDE;Conversão proibida;Colisão transversal;Com Vítimas Feridas;Plena Noite;Decrescente;Céu Claro;Simples;Reta;Sim;2;0;0;1;0;1;1;2;-7,252;-35,9334;SPRF-PB;DEL02-PB;UOP01-DEL02-PB
554627;12/10/2023;quinta-feira;20:00:00;GO;414;439,2;ANAPOLIS;Entrada inopinada do pedestre;Atropelamento de Pedestre;Com Vítimas Feridas;Plena Noite;Crescente;Céu Claro;Simples;Reta;Não;2;0;0;1;0;1;1;2;-16,275714;-48,941217;SPRF-GO;DEL02-GO;UOP01-DEL02-GO
554628;12/10/2023;quinta-feira;21:40:00;RJ;356;148;CAMPOS DOS GOYTACAZES;Reação tardia ou ineficiente do condutor;Saída de leito carroçável;Com Vítimas Feridas;Plena Noite;Decrescente;Céu Claro;Dupla;"Reta;Rotatória                ";Não;1;0;0;1;0;0;1;1;-21,766476;-41,278232;SPRF-RJ;DEL08-RJ;UOP02-DEL08-RJ
554629;12/10/2023;quinta-feira;21:00:00;PR;277;598,6;CASCAVEL;Reação tardia ou ineficiente do condutor;Capotamento;Sem Vítimas;Plena Noite;Crescente;Céu Claro;Dupla;Reta;Não;1;0;0;0;1;0;0;1;-24,99599861;-53,51520034;SPRF-PR;DEL04-PR;UOP01-DEL04-PR
554630;12/10/2023;quinta-feira;19:18:00;MT;364;543;ROSARIO OESTE;Iluminação deficiente;Atropelamento de Pedestre;Com Vítimas Feridas;Plena Noite;Crescente;Céu Claro;Simples;Reta;Sim;3;0;2;0;1;0;2;2;-14,90512097;-56,4679881;SPRF-MT;DEL01-MT;UOP01-DEL01-MT
554631;12/10/2023;quinta-feira;17:45:00;ES;262;165;IBATIBA;Transitar na contramão;Colisão frontal;Com Vítimas Feridas;Anoitecer;Crescente;Céu Claro;Simples;"Curva;Declive                 ";Não;4;0;1;1;1;1;2;3;-20,24911466;-41,55151398;SPRF-ES;DEL01-ES;UOP02-DEL01-ES
554632;12/10/2023;quinta-feira;19:40:00;MT;70;277;PRIMAVERA DO LESTE;Condutor deixou de manter distância do veículo da frente;Colisão transversal;Com Vítimas Feridas;Plena Noite;Decrescente;Céu Claro;Simples;Reta;Sim;2;0;2;0;0;0;2;2;-15,55572064;-54,27085588;SPRF-MT;DEL05-MT;UOP01-DEL05-MT
554633;08/07/2023;sábado;05:30:00;PI;343;2,8;TERESINA;Ingestão de álcool pelo condutor;Colisão traseira;Com Vítimas Feridas;Amanhecer;Decrescente;Céu Claro;Dupla;Rotatória;Sim;3;0;0;2;0;1;2;2;-5,081531;-42,774826;SPRF-PI;DEL01-PI;UOP01-DEL01-PI
554634;12/10/2023;quinta-feira;20:35:00;SC;116;7;MAFRA;Ingestão de álcool pelo condutor;Colisão transversal;Sem Vítimas;Plena Noite;Decrescente;Nublado;Simples;"Reta;Interseção de Vias       ";Sim;2;0;0;0;2;0;0;2;-26,15196176;-49,83102416;SPRF-SC;DEL06-SC;UOP01-DEL06-SC
554636;12/10/2023;quinta-feira;18:00:00;RJ;465;16;NOVA IGUACU;Transitar na contramão;Colisão frontal;Com Vítimas Feridas;Plena Noite;Crescente;Céu Claro;Simples;Reta;Sim;3;0;0;2;1;0;2;2;-22,815538;-43,624565;SPRF-RJ;DEL03-RJ;UOP01-DEL03-RJ
554637;12/10/2023;quinta-feira;20:20:00;MT;163;812;SINOP;Reação tardia ou ineficiente do condutor;Saída de leito carroçável;Com Vítimas Feridas;Plena Noite;Crescente;Céu Claro;Simples;Reta;Não;1;0;1;0;0;0;1;1;-12,065;-55,517;SPRF-MT;DEL06-MT;UOP02-DEL06-MT
554638;12/10/2023;quinta-feira;20:50:00;MT;364;198,5;RONDONOPOLIS;Ingestão de álcool ou de substâncias psicoativas pelo pedestre;Queda de ocupante de veículo;Com Vítimas Feridas;Plena Noite;Decrescente;Nublado;Dupla;"Reta;Declive                  ";Sim;1;0;1;0;0;0;1;1;-16,50621198;-54,62294799;SPRF-MT;DEL02-MT;UOP01-DEL02-MT
554640;12/10/2023;quinta-feira;22:30:00;RJ;116;81;TERESOPOLIS;Reação tardia ou ineficiente do condutor;Colisão traseira;Com Vítimas Feridas;Plena Noite;Crescente;Chuva;Simples;Reta;Sim;3;0;1;0;2;0;1;2;-22,39843405;-42,95507553;SPRF-RJ;DEL04-RJ;UOP01-DEL04-RJ
554641;12/10/2023;quinta-feira;18:50:00;PB;230;165,6;CAMPINA GRANDE;Reação tardia ou ineficiente do condutor;Colisão com objeto;Com Vítimas Feridas;Plena Noite;Crescente;Céu Claro;Simples;"Reta;Declive                  ";Sim;2;0;1;0;1;0;1;1;-7,2051;-35,951;SPRF-PB;DEL02-PB;UOP02-DEL02-PB
554643;12/10/2023;quinta-feira;18:30:00;SP;116;484;CAJATI;Velocidade Incompatível;Queda de ocupante de veículo;Com Vítimas Feridas;Plena Noite;Decrescente;Chuva;Dupla;Reta;Não;2;0;0;2;0;0;2;1;-24,72231195;-48,062511;SPRF-SP;DEL05-SP;UOP01-DEL05-SP
554644;12/10/2023;quinta-feira;19:15:00;RR;174;622;AMAJARI;Animais na Pista;Atropelamento de Animal;Com Vítimas Fatais;Plena Noite;Decrescente;Céu Claro;Simples;Reta;Não;1;1;0;0;0;0;0;1;3,78758;-60,994602;SPRF-RR;DEL01-RR;UOP01-DEL01-RR
554645;12/10/2023;quinta-feira;22:44:00;GO;153;145;CAMPINORTE;Animais na Pista;Atropelamento de Animal;Com Vítimas Feridas;Plena Noite;Crescente;Céu Claro;Simples;Reta;Não;1;0;1;0;0;0;1;1;-14,038253;-49,088352;SPRF-GO;DEL07-GO;UOP02-DEL07-GO
554646;12/10/2023;quinta-feira;22:50:00;SP;153;56,5;SAO JOSE DO RIO PRETO;Entrada inopinada do pedestre;Atropelamento de Pedestre;Com Vítimas Fatais;Plena Noite;Decrescente;Nublado;Dupla;Reta;Não;2;1;0;0;0;1;0;2;-20,7615601;-49,34622278;SPRF-SP;DEL09-SP;UOP01-DEL09-SP
554647;12/10/2023;quinta-feira;21:50:00;RJ;101;317;NITEROI;Condutor Dormindo;Colisão com objeto;Com Vítimas Feridas;Pleno dia;Crescente;Chuva;Dupla;Reta;Sim;1;0;0;1;0;0;1;1;-22,83707798;-43,09492006;SPRF-RJ;DEL02-RJ;UOP02-DEL02-RJ
554649;12/10/2023;quinta-feira;22:40:00;PB;230;151,2;CAMPINA GRANDE;Animais na Pista;Atropelamento de Animal;Com Vítimas Feridas;Plena Noite;Decrescente;Céu Claro;Simples;"Reta;Declive                  ";Sim;1;0;1;0;0;0;1;1;-7,2587;-35,8778;SPRF-PB;DEL02-PB;UOP01-DEL02-PB
554650;12/10/2023;quinta-feira;23:00:00;SP;381;61,5;MAIRIPORA;Reação tardia ou ineficiente do condutor;Colisão com objeto;Com Vítimas Feridas;Plena Noite;Crescente;Chuva;Dupla;"Declive;Curva                 ";Não;2;0;1;0;1;0;1;1;-23,29011611;-46,5800681;SPRF-SP;DEL03-SP;UOP01-DEL03-SP
554653;12/10/2023;quinta-feira;21:30:00;SP;116;271,9;EMBU DAS ARTES;Chuva;Colisão traseira;Com Vítimas Feridas;Plena Noite;Decrescente;Chuva;Dupla;Reta;Não;2;0;1;0;1;0;1;2;-23,61809286;-46,80556302;SPRF-SP;DEL04-SP;UOP01-DEL04-SP
554655;12/10/2023;quinta-feira;22:35:00;PR;277;366,5;GUARAPUAVA;Transitar na contramão;Colisão frontal;Com Vítimas Fatais;Plena Noite;Crescente;Nublado;Simples;"Reta;Declive                  ";Não;8;2;2;4;0;0;6;2;-25,4361566;-51,6166702;SPRF-PR;DEL08-PR;UOP01-DEL08-PR
554656;12/10/2023;quinta-feira;22:30:00;MS;163;63;ELDORADO;Reação tardia ou ineficiente do condutor;Colisão com objeto;Com Vítimas Feridas;Plena Noite;Crescente;Céu Claro;Simples;Declive;Não;2;0;2;0;0;0;2;1;-23,5994519;-54,21934816;SPRF-MS;DEL09-MS;UOP02-DEL09-MS
554657;12/10/2023;quinta-feira;15:40:00;MT;70;670,1;CACERES;Avarias e/ou desgaste excessivo no pneu;Saída de leito carroçável;Com Vítimas Feridas;Pleno dia;Decrescente;Chuva;Simples;Reta;Não;4;0;2;1;1;0;3;1;-16,04706801;-57,26586799;SPRF-MT;DEL03-MT;UOP02-DEL03-MT
554658;13/10/2023;sexta-feira;00:30:00;ES;259;57,7;COLATINA;Ingestão de álcool pelo condutor;Colisão com objeto;Com Vítimas Feridas;Plena Noite;Decrescente;Céu Claro;Simples;"Aclive;Rotatória              ";Sim;1;0;1;0;0;0;1;1;-19,518089;-40,663174;SPRF-ES;DEL02-ES;UOP01-DEL02-ES
554661;13/10/2023;sexta-feira;01:25:00;RS;116;252;SAPUCAIA DO SUL;Animais na Pista;Atropelamento de Animal;Com Vítimas Feridas;Plena Noite;Crescente;Nublado;Dupla;Reta;Sim;4;0;2;0;2;0;2;1;-29,80943491;-51,16777182;SPRF-RS;DEL01-RS;UOP02-DEL01-RS
554662;12/10/2023;quinta-feira;23:15:00;MG;116;765,3;LEOPOLDINA;Condutor Dormindo;Colisão com objeto;Com Vítimas Feridas;Plena Noite;Crescente;Garoa/Chuvisco;Simples;Curva;Não;1;0;1;0;0;0;1;1;-21,5197389;-42,6491103;SPRF-MG;DEL07-MG;UOP01-DEL07-MG
554663;13/10/2023;sexta-feira;02:00:00;RS;290;89;PORTO ALEGRE;Ingestão de álcool pelo condutor;Colisão traseira;Com Vítimas Feridas;Plena Noite;Decrescente;Céu Claro;Múltipla;"Reta;Em Obras                 ";Não;2;0;0;1;1;0;1;2;-29,967892;-51,147331;SPRF-RS;DEL01-RS;UOP01-DEL01-RS
554664;13/10/2023;sexta-feira;01:45:00;MA;316;554,9;CAXIAS;Ingestão de álcool pelo condutor;Colisão frontal;Com Vítimas Feridas;Plena Noite;Crescente;Céu Claro;Simples;Curva;Não;3;0;0;2;1;0;2;2;-4,87351;-43,330151;SPRF-MA;DEL03-MA;UOP02-DEL03-MA
554666;13/10/2023;sexta-feira;03:35:00;SC;101;195,3;BIGUACU;Ausência de reação do condutor;Colisão com objeto;Com Vítimas Feridas;Plena Noite;Decrescente;Céu Claro;Simples;"Retorno Regulamentado;Reta;Tún";Sim;1;0;1;0;0;0;1;1;-27,5047092;-48,65010819;SPRF-SC;DEL01-SC;UOP01-DEL01-SC
554668;13/10/2023;sexta-feira;04:00:00;MT;158;577,3;AGUA BOA;Manobra de mudança de faixa;Eventos atípicos;Com Vítimas Feridas;Plena Noite;Decrescente;Céu Claro;Simples;Reta;Não;4;0;3;0;1;0;3;1;-14,12724684;-52,18713907;SPRF-MT;DEL07-MT;UOP02-DEL07-MT
554669;01/10/2023;domingo;02:50:00;AL;101;101,5;PILAR;Transitar no Acostamento;Colisão frontal;Com Vítimas Fatais;Plena Noite;Decrescente;Céu Claro;Simples;Curva;Sim;2;1;0;0;0;1;0;2;-9,56416014;-35,96916436;SPRF-AL;DEL01-AL;UOP01-DEL01-AL
554670;13/10/2023;sexta-feira;04:17:00;SC;101;5,9;ARARANGUA;Animais na Pista;Atropelamento de Animal;Com Vítimas Feridas;Plena Noite;Decrescente;Chuva;Simples;Reta;Não;1;0;1;0;0;0;1;1;-28,95995727;-49,51596022;SPRF-SC;DEL03-SC;UOP01-DEL03-SC
554671;12/10/2023;quinta-feira;20:50:00;SC;101;248,4;PAULO LOPES;Reação tardia ou ineficiente do condutor;Saída de leito carroçável;Sem Vítimas;Plena Noite;Crescente;Chuva;Dupla;Reta;Não;1;0;0;0;0;1;0;1;-27,92619305;-48,65828191;SPRF-SC;DEL02-SC;UOP03-DEL02-SC
554672;13/10/2023;sexta-feira;05:20:00;RS;290;113;ELDORADO DO SUL;Ausência de reação do condutor;Saída de leito carroçável;Com Vítimas Fatais;Amanhecer;Decrescente;Nublado;Simples;Reta;Não;5;1;2;2;0;0;4;1;-30,043636;-51,337456;SPRF-RS;DEL02-RS;UOP01-DEL02-RS
554673;13/10/2023;sexta-feira;05:15:00;RS;116;266,6;CANOAS;Condutor Dormindo;Colisão com objeto;Sem Vítimas;Amanhecer;Crescente;Ignorado;Dupla;Reta;Sim;1;0;0;0;1;0;0;1;-29,93265035;-51,17755651;SPRF-RS;DEL01-RS;UOP01-DEL01-RS
554675;12/10/2023;quinta-feira;23:00:00;SC;163;81;GUARACIABA;Condutor deixou de manter distância do veículo da frente;Engavetamento;Sem Vítimas;Plena Noite;Decrescente;Nublado;Simples;Curva;Não;3;0;0;0;2;1;0;3;-26,64162493;-53,51842645;SPRF-SC;DEL07-SC;UOP03-DEL07-SC
554676;13/10/2023;sexta-feira;06:10:00;ES;101;53,3;SAO MATEUS;Avarias e/ou desgaste excessivo no pneu;Capotamento;Com Vítimas Feridas;Pleno dia;Crescente;Céu Claro;Simples;Declive;Não;2;0;1;0;1;0;1;1;-18,61198007;-39,88449824;SPRF-ES;DEL04-ES;UOP02-DEL04-ES
554677;12/10/2023;quinta-feira;22:00:00;RS;386;26;FREDERICO WESTPHALEN;Manobra de mudança de faixa;Colisão frontal;Com Vítimas Feridas;Plena Noite;Decrescente;Céu Claro;Simples;"Reta;Declive                  ";Não;4;0;0;2;2;0;2;2;-27,300388;-53,363838;SPRF-RS;DEL08-RS;UOP02-DEL08-RS
554682;12/10/2023;quinta-feira;16:37:00;BA;242;372;PALMEIRAS;Ausência de reação do condutor;Saída de leito carroçável;Com Vítimas Feridas;Pleno dia;Crescente;Céu Claro;Simples;Curva;Não;2;0;0;2;0;0;2;1;-12,45491007;-41,48413406;SPRF-BA;DEL08-BA;UOP04-DEL08-BA
554683;13/10/2023;sexta-feira;07:25:00;SC;101;233,8;PALHOCA;Velocidade Incompatível;Colisão com objeto;Com Vítimas Feridas;Pleno dia;Crescente;Garoa/Chuvisco;Dupla;Curva;Não;4;0;1;0;3;0;1;2;-27,80376397;-48,63826211;SPRF-SC;DEL01-SC;UOP02-DEL01-SC
554685;13/10/2023;sexta-feira;07:20:00;PB;230;132,8;CAMPINA GRANDE;Condutor Dormindo;Saída de leito carroçável;Com Vítimas Feridas;Pleno dia;Decrescente;Céu Claro;Dupla;Curva;Não;1;0;1;0;0;0;1;1;-7,272673;-35,752073;SPRF-PB;DEL02-PB;UOP01-DEL02-PB
554686;13/10/2023;sexta-feira;03:00:00;PI;343;2;TERESINA;Reação tardia ou ineficiente do condutor;Colisão com objeto;Sem Vítimas;Plena Noite;Crescente;Céu Claro;Simples;Rotatória;Sim;1;0;0;0;0;1;0;1;-5,089569;-42,802288;SPRF-PI;DEL01-PI;UOP01-DEL01-PI
554688;13/10/2023;sexta-feira;05:20:00;GO;153;596;MORRINHOS;Avarias e/ou desgaste excessivo no pneu;Queda de ocupante de veículo;Com Vítimas Feridas;Amanhecer;Crescente;Céu Claro;Dupla;Reta;Não;1;0;0;1;0;0;1;1;-17,5178;-49,2162;SPRF-GO;DEL03-GO;UOP01-DEL03-GO
554691;13/10/2023;sexta-feira;07:40:00;RS;116;270;CANOAS;Ausência de reação do condutor;Queda de ocupante de veículo;Com Vítimas Feridas;Pleno dia;Decrescente;Céu Claro;Múltipla;Reta;Sim;1;0;1;0;0;0;1;1;-29,96839095;-51,17623895;SPRF-RS;DEL01-RS;UOP01-DEL01-RS
554692;13/10/2023;sexta-feira;07:00:00;SC;282;407;CATANDUVAS;Chuva;Saída de leito carroçável;Sem Vítimas;Pleno dia;Decrescente;Chuva;Simples;"Reta;Aclive                   ";Não;1;0;0;0;1;0;0;1;-27,083517;-51,662014;SPRF-SC;DEL07-SC;UOP05-DEL07-SC
554693;13/10/2023;sexta-feira;07:10:00;MG;262;130,2;RIO CASCA;Acesso irregular;Colisão traseira;Com Vítimas Feridas;Pleno dia;Crescente;Céu Claro;Simples;"Reta;Aclive                   ";Não;2;0;1;1;0;0;2;2;-20,155386;-42,69490205;SPRF-MG;DEL03-MG;UOP03-DEL03-MG
554695;21/07/2023;sexta-feira;21:10:00;SC;101;409,2;ARARANGUA;Pedestre andava na pista;Atropelamento de Pedestre;Com Vítimas Fatais;Plena Noite;Decrescente;Céu Claro;Simples;Reta;Não;2;1;0;1;0;0;1;2;-28,93366;-49,494852;SPRF-SC;DEL02-SC;UOP02-DEL02-SC
554696;13/10/2023;sexta-feira;07:30:00;PR;116;12;COLOMBO;Ingestão de álcool pelo condutor;Colisão com objeto;Com Vítimas Feridas;Pleno dia;Crescente;Chuva;Múltipla;"Declive;Curva                 ";Sim;2;0;1;0;1;0;1;2;-25,3755;-49,1496;SPRF-PR;DEL01-PR;UOP02-DEL01-PR
554697;12/10/2023;quinta-feira;18:00:00;BA;101;526;BUERAREMA;Velocidade Incompatível;Colisão traseira;Com Vítimas Feridas;Plena Noite;Decrescente;Céu Claro;Simples;Reta;Não;2;0;1;0;1;0;1;2;-14,97475;-39,32637;SPRF-BA;DEL05-BA;UOP01-DEL05-BA
554698;06/10/2023;sexta-feira;06:10:00;MG;365;628;UBERLANDIA;Manobra de mudança de faixa;Tombamento;Com Vítimas Feridas;Amanhecer;Crescente;Ignorado;Dupla;"Em Obras;Reta;Declive         ";Não;1;0;1;0;0;0;1;1;-18,90197361;-48,35094907;SPRF-MG;DEL15-MG;UOP01-DEL15-MG
554699;13/10/2023;sexta-feira;08:20:00;PR;116;33;CAMPINA GRANDE DO SUL;Curva acentuada;Saída de leito carroçável;Com Vítimas Feridas;Pleno dia;Decrescente;Chuva;Simples;"Declive;Ponte;Curva           ";Não;2;0;1;0;1;0;1;1;-25,11381335;-48,84693146;SPRF-PR;DEL01-PR;UOP02-DEL01-PR
554700;11/10/2023;quarta-feira;23:49:00;SP;116;274,5;TABOAO DA SERRA;Frear bruscamente;Colisão traseira;Com Vítimas Feridas;Plena Noite;Decrescente;Céu Claro;Dupla;Reta;Sim;3;0;0;1;1;1;1;2;-23,63445084;-46,82418514;SPRF-SP;DEL04-SP;UOP01-DEL04-SP
554702;13/10/2023;sexta-feira;07:05:00;PR;116;10;COLOMBO;Ingestão de álcool pelo condutor;Colisão traseira;Com Vítimas Feridas;Pleno dia;Crescente;Chuva;Dupla;Viaduto;Sim;3;0;2;0;1;0;2;2;-25,3719;-49,134;SPRF-PR;DEL01-PR;UOP02-DEL01-PR
554703;13/10/2023;sexta-feira;09:40:00;PR;153;350;REBOUCAS;Velocidade Incompatível;Saída de leito carroçável;Sem Vítimas;Pleno dia;Crescente;Chuva;Simples;Reta;Não;1;0;0;0;0;1;0;1;-25,60905442;-50,6997648;SPRF-PR;DEL08-PR;UOP02-DEL08-PR
554705;12/09/2023;terça-feira;19:00:00;PR;467;72,5;TOLEDO;Acessar a via sem observar a presença dos outros veículos;Colisão transversal;Com Vítimas Feridas;Plena Noite;Crescente;Ignorado;Dupla;Reta;Não;2;0;0;1;0;1;1;2;-24,7253;-53,7052;SPRF-PR;DEL04-PR;UOP01-DEL04-PR
554706;13/10/2023;sexta-feira;10:00:00;MG;381;360;JOAO MONLEVADE;Acessar a via sem observar a presença dos outros veículos;Colisão transversal;Com Vítimas Feridas;Pleno dia;Crescente;Céu Claro;Simples;Reta;Sim;5;0;4;0;1;0;4;2;-19,85985912;-43,22566968;SPRF-MG;DEL03-MG;UOP01-DEL03-MG
554707;13/10/2023;sexta-feira;09:45:00;RS;386;34,1;FREDERICO WESTPHALEN;Acessar a via sem observar a presença dos outros veículos;Colisão transversal;Com Vítimas Feridas;Pleno dia;Decrescente;Céu Claro;Simples;Interseção de Vias;Sim;2;0;2;0;0;0;2;2;-27,358442;-53,388298;SPRF-RS;DEL08-RS;UOP02-DEL08-RS
554708;13/10/2023;sexta-feira;09:00:00;MG;40;531;CONTAGEM;Acesso irregular;Tombamento;Com Vítimas Feridas;Pleno dia;Crescente;Céu Claro;Dupla;Reta;Sim;1;0;0;1;0;0;1;1;-19,92138997;-44,02324677;SPRF-MG;DEL01-MG;UOP02-DEL01-MG
554709;13/10/2023;sexta-feira;08:50:00;AL;423;102,9;DELMIRO GOUVEIA;Manobra de mudança de faixa;Colisão frontal;Com Vítimas Feridas;Pleno dia;Crescente;Céu Claro;Simples;Reta;Não;2;0;0;1;1;0;1;2;-9,39859232;-38,17365983;SPRF-BA;DEL07-BA;UOP01-DEL07-BA
554710;13/10/2023;sexta-feira;09:50:00;RJ;393;176;TRES RIOS;Reação tardia ou ineficiente do condutor;Colisão lateral mesmo sentido;Com Vítimas Feridas;Pleno dia;Crescente;Nublado;Simples;Rotatória;Sim;2;0;1;0;1;0;1;2;-22,12586166;-43,21215519;SPRF-RJ;DEL05-RJ;UOP03-DEL05-RJ
554711;13/10/2023;sexta-feira;10:50:00;RS;392;77,4;PELOTAS;Transitar na contramão;Colisão lateral sentido oposto;Com Vítimas Feridas;Pleno dia;Decrescente;Céu Claro;Simples;Reta;Não;4;0;2;0;2;0;2;3;-31,69231175;-52,42949285;SPRF-RS;DEL07-RS;UOP01-DEL07-RS
554712;12/10/2023;quinta-feira;19:50:00;MT;364;204;RONDONOPOLIS;Ausência de reação do condutor;Queda de ocupante de veículo;Com Vítimas Feridas;Plena Noite;Decrescente;Nublado;Dupla;Curva;Sim;1;0;1;0;0;0;1;1;-16,467325;-54,657196;SPRF-MT;DEL02-MT;UOP01-DEL02-MT
554713;13/10/2023;sexta-feira;10:30:00;PA;230;122;MARABA;Acessar a via sem observar a presença dos outros veículos;Colisão transversal;Com Vítimas Feridas;Pleno dia;Crescente;Sol;Dupla;Reta;Sim;2;0;1;0;1;0;1;2;-5,36733307;-49,12750125;SPRF-PA;DEL03-PA;UOP01-DEL03-PA
554714;23/09/2023;sábado;09:00:00;PE;104;134;QUIPAPA;Pista Escorregadia;Tombamento;Com Vítimas Feridas;Pleno dia;Crescente;Ignorado;Simples;"Reta;Declive                  ";Não;2;0;0;1;1;0;1;1;-8,809525;-36,012314;SPRF-PE;DEL02-PE;UOP03-DEL02-PE
554715;13/10/2023;sexta-feira;11:15:00;RS;158;145,9;PANAMBI;Velocidade Incompatível;Capotamento;Com Vítimas Feridas;Pleno dia;Crescente;Sol;Simples;"Curva;Aclive                  ";Não;1;0;1;0;0;0;1;1;-28,24134706;-53,48065714;SPRF-RS;DEL10-RS;UOP02-DEL10-RS
554716;13/10/2023;sexta-feira;11:09:00;SC;101;5,6;ARARANGUA;Acumulo de areia ou detritos sobre o pavimento;Tombamento;Com Vítimas Feridas;Pleno dia;Crescente;Nublado;Simples;"Reta;Rotatória                ";Sim;1;0;1;0;0;0;1;1;-28,95834924;-49,51427042;SPRF-SC;DEL03-SC;UOP01-DEL03-SC
554718;13/10/2023;sexta-feira;10:50:00;TO;10;456;PALMAS;Condutor deixou de manter distância do veículo da frente;Queda de ocupante de veículo;Com Vítimas Feridas;Pleno dia;Crescente;Céu Claro;Múltipla;Reta;Sim;1;0;1;0;0;0;1;1;-10,20863984;-48,15545194;SPRF-TO;DEL01-TO;UOP03-DEL01-TO
554719;13/10/2023;sexta-feira;10:20:00;PR;376;439,7;TIBAGI;Chuva;Colisão com objeto;Com Vítimas Feridas;Pleno dia;Decrescente;Chuva;Dupla;"Declive;Curva                 ";Não;1;0;0;1;0;0;1;1;-24,84948603;-50,46524763;SPRF-PR;DEL03-PR;UOP02-DEL03-PR
554720;13/10/2023;sexta-feira;11:40:00;PE;101;39;IGARASSU;Reação tardia ou ineficiente do condutor;Colisão lateral mesmo sentido;Sem Vítimas;Pleno dia;Crescente;Sol;Dupla;Retorno Regulamentado;Não;2;0;0;0;2;0;0;2;-7,81259899;-34,91890497;SPRF-PE;DEL01-PE;UOP02-DEL01-PE
554721;13/10/2023;sexta-feira;11:59:00;PE;232;9,7;JABOATAO DOS GUARARAPES;Ausência de reação do condutor;Colisão lateral mesmo sentido;Sem Vítimas;Pleno dia;Crescente;Céu Claro;Múltipla;"Interseção de Vias;Reta       ";Sim;3;0;0;0;3;0;0;2;-8,07764447;-34,97863609;SPRF-PE;DEL01-PE;UOP01-DEL01-PE
554722;13/10/2023;sexta-feira;09:45:00;AL;101;238,5;PORTO REAL DO COLEGIO;Ausência de reação do condutor;Colisão com objeto;Com Vítimas Feridas;Pleno dia;Decrescente;Céu Claro;Dupla;Curva;Não;1;0;1;0;0;0;1;1;-10,12962886;-36,79709715;SPRF-AL;DEL02-AL;UOP02-DEL02-AL
554723;13/10/2023;sexta-feira;10:00:00;BA;116;822,5;VITORIA DA CONQUISTA;Pedestre cruzava a pista fora da faixa;Atropelamento de Pedestre;Com Vítimas Feridas;Pleno dia;Crescente;Céu Claro;Dupla;Reta;Sim;2;0;1;0;0;1;1;2;-14,80363418;-40,78042987;SPRF-BA;DEL08-BA;UOP01-DEL08-BA
554725;13/10/2023;sexta-feira;12:45:00;MG;381;929,8;ITAPEVA;Velocidade Incompatível;Colisão com objeto;Com Vítimas Feridas;Pleno dia;Crescente;Nublado;Dupla;"Declive;Curva                 ";Não;4;0;1;0;3;0;1;2;-22,77776426;-46,23939514;SPRF-MG;DEL16-MG;UOP03-DEL16-MG
554726;13/10/2023;sexta-feira;11:30:00;RS;471;152;SANTA CRUZ DO SUL;Velocidade Incompatível;Colisão traseira;Com Vítimas Feridas;Pleno dia;Decrescente;Céu Claro;Simples;"Reta;Declive;Em Obras         ";Não;3;0;2;0;1;0;2;2;-29,79488856;-52,40821347;SPRF-RS;DEL02-RS;UOP03-DEL02-RS
554727;13/10/2023;sexta-feira;12:30:00;SC;470;6;NAVEGANTES;Reação tardia ou ineficiente do condutor;Colisão traseira;Com Vítimas Feridas;Pleno dia;Crescente;Céu Claro;Simples;Reta;Não;2;0;2;0;0;0;2;2;-26,852238;-48,709545;SPRF-SC;DEL04-SC;UOP04-DEL04-SC
554728;13/10/2023;sexta-feira;10:40:00;PE;232;408,3;SERRA TALHADA;Desrespeitar a preferência no cruzamento;Colisão transversal;Com Vítimas Feridas;Pleno dia;Crescente;Céu Claro;Simples;"Reta;Interseção de Vias;Retorn";Sim;3;0;0;1;2;0;1;2;-7,98371447;-38,28047709;SPRF-PE;DEL04-PE;UOP01-DEL04-PE
554730;13/10/2023;sexta-feira;13:29:00;PE;104;53;CARUARU;Avarias e/ou desgaste excessivo no pneu;Saída de leito carroçável;Com Vítimas Feridas;Pleno dia;Decrescente;Sol;Dupla;Curva;Não;1;0;1;0;0;0;1;1;-8,1837;-35,967;SPRF-PE;DEL02-PE;UOP01-DEL02-PE