id;data_inversa;dia_semana;horario;uf;br;km;municipio;causa_acidente;tipo_acidente;classificacao_acidente;fase_dia;sentido_via;condicao_metereologica;tipo_pista;tracado_via;uso_solo;pessoas;mortos;feridos_leves;feridos_graves;ilesos;ignorados;feridos;veiculos;latitude;longitude;regional;delegacia;uop
554848;14/10/2023;sábado;02:00:00;AL;104;1,2;SAO JOSE DA LAJE;Iluminação deficiente;Atropelamento de Pedestre;Com Vítimas Fatais;Plena Noite;Crescente;Nublado;Simples;Reta;Não;2;1;0;0;0;1;0;2;-8,9199443;-36,0158658;SPRF-AL;DEL01-AL;UOP02-DEL01-AL
554849;14/10/2023;sábado;05:55:00;SC;282;5;SAO JOSE;Acessar a via sem observar a presença dos outros veículos;Colisão lateral mesmo sentido;Com Vítimas Feridas;Pleno dia;Crescente;Nublado;Simples;Curva;Sim;2;0;1;0;0;1;1;2;-27,588425;-48,612919;SPRF-SC;DEL01-SC;UOP01-DEL01-SC
554850;14/10/2023;sábado;05:20:00;SC;280;77;JARAGUA DO SUL;Reação tardia ou ineficiente do condutor;Saída de leito carroçável;Com Vítimas Feridas;Amanhecer;Decrescente;Nublado;Simples;Curva;Não;1;0;1;0;0;0;1;1;-26,45514314;-49,18726132;SPRF-SC;DEL03-SC;UOP03-DEL03-SC
554851;14/10/2023;sábado;00:25:00;SC;101;333,3;TUBARAO;Ingestão de álcool pelo condutor;Saída de leito carroçável;Sem Vítimas;Plena Noite;Decrescente;Nublado;Dupla;Reta;Não;1;0;0;0;0;1;0;1;-28,46862528;-49,01174784;SPRF-SC;DEL02-SC;UOP01-DEL02-SC
554852;14/10/2023;sábado;05:40:00;GO;70;3;AGUAS LINDAS DE GOIAS;Ausência de reação do condutor;Saída de leito carroçável;Sem Vítimas;Amanhecer;Decrescente;Céu Claro;Múltipla;Reta;Não;1;0;0;0;1;0;0;1;-15,76177302;-48,2368693;SPRF-DF;DEL03-DF;UOP02-DEL03-DF
554855;14/10/2023;sábado;05:40:00;RJ;101;554;PARATY;Ausência de reação do condutor;Colisão frontal;Com Vítimas Fatais;Amanhecer;Crescente;Chuva;Simples;Curva;Não;7;1;5;0;0;1;5;3;-23,06778628;-44,69358474;SPRF-RJ;DEL03-RJ;UOP04-DEL03-RJ
554856;14/10/2023;sábado;06:40:00;RS;116;265;CANOAS;Condutor desrespeitou a iluminação vermelha do semáforo;Colisão transversal;Com Vítimas Feridas;Pleno dia;Decrescente;Céu Claro;Dupla;Interseção de Vias;Sim;2;0;1;0;1;0;1;2;-29,92342302;-51,17780944;SPRF-RS;DEL01-RS;UOP01-DEL01-RS
554857;13/10/2023;sexta-feira;18:50:00;PR;277;4,5;PARANAGUA;Reação tardia ou ineficiente do condutor;Colisão lateral mesmo sentido;Com Vítimas Feridas;Plena Noite;Decrescente;Chuva;Simples;Curva;Sim;3;0;1;0;1;1;1;3;-25,55390236;-48,56369019;SPRF-PR;DEL01-PR;UOP05-DEL01-PR
554858;14/10/2023;sábado;07:00:00;MG;40;517;RIBEIRAO DAS NEVES;Demais falhas mecânicas ou elétricas;Tombamento;Com Vítimas Feridas;Pleno dia;Crescente;Nublado;Dupla;Reta;Sim;2;0;2;0;0;0;2;1;-19,82353464;-44,08451563;SPRF-MG;DEL01-MG;UOP02-DEL01-MG
554859;14/10/2023;sábado;06:00:00;MT;364;197;RONDONOPOLIS;Reação tardia ou ineficiente do condutor;Saída de leito carroçável;Com Vítimas Feridas;Pleno dia;Crescente;Céu Claro;Dupla;"Curva;Declive                 ";Sim;1;0;1;0;0;0;1;1;-16,51125876;-54,61517884;SPRF-MT;DEL02-MT;UOP01-DEL02-MT
554860;14/10/2023;sábado;07:30:00;RN;101;129;SAO JOSE DE MIPIBU;Ausência de reação do condutor;Colisão traseira;Com Vítimas Feridas;Pleno dia;Decrescente;Céu Claro;Dupla;Reta;Sim;2;0;1;0;1;0;1;2;-6,112119;-35,233627;SPRF-RN;DEL01-RN;UOP01-DEL01-RN
554861;14/10/2023;sábado;07:00:00;PE;101;68;RECIFE;Ausência de reação do condutor;Colisão traseira;Com Vítimas Feridas;Pleno dia;Crescente;Chuva;Dupla;Reta;Sim;3;0;1;0;2;0;1;3;-8,05074296;-34,94580619;SPRF-PE;DEL01-PE;UOP01-DEL01-PE
554865;14/10/2023;sábado;05:10:00;SC;280;77,1;CORUPA;Condutor deixou de manter distância do veículo da frente;Colisão traseira;Com Vítimas Feridas;Pleno dia;Decrescente;Garoa/Chuvisco;Simples;Curva;Não;2;0;1;0;1;0;1;2;-26,45514314;-49,18726132;SPRF-SC;DEL03-SC;UOP03-DEL03-SC
554866;13/10/2023;sexta-feira;06:00:00;MG;262;14,5;MARTINS SOARES;Ausência de reação do condutor;Saída de leito carroçável;Com Vítimas Feridas;Amanhecer;Crescente;Céu Claro;Simples;"Aclive;Curva                  ";Não;5;0;2;0;3;0;2;1;-20,26417;-41,868195;SPRF-MG;DEL06-MG;UOP03-DEL06-MG
554868;24/07/2023;segunda-feira;11:30:00;MT;174;249;JAURU;Ausência de reação do condutor;Saída de leito carroçável;Com Vítimas Feridas;Pleno dia;Decrescente;Céu Claro;Simples;Reta;Não;4;0;2;0;2;0;2;1;-15,48738239;-59,05714202;SPRF-MT;DEL04-MT;UOP01-DEL04-MT
554869;14/10/2023;sábado;07:35:00;PR;376;421;TIBAGI;Condutor Dormindo;Colisão com objeto;Com Vítimas Feridas;Pleno dia;Decrescente;Céu Claro;Dupla;Reta;Não;4;0;1;1;2;0;2;1;-24,68925298;-50,5837369;SPRF-PR;DEL03-PR;UOP02-DEL03-PR
554871;20/09/2023;quarta-feira;19:45:00;BA;324;620;SALVADOR;Condutor deixou de manter distância do veículo da frente;Colisão traseira;Com Vítimas Feridas;Plena Noite;Crescente;Céu Claro;Dupla;Reta;Sim;2;0;1;0;1;0;1;2;-12,9120313;-38,45913974;SPRF-BA;DEL01-BA;UOP01-DEL01-BA
554872;14/10/2023;sábado;08:00:00;SC;470;35,1;GASPAR;Desrespeitar a preferência no cruzamento;Colisão frontal;Com Vítimas Feridas;Pleno dia;Decrescente;Nublado;Simples;"Reta;Em Obras;Interseção de Vi";Sim;2;0;0;1;0;1;1;2;-26,912857;-48,958965;SPRF-SC;DEL04-SC;UOP01-DEL04-SC
554873;16/09/2023;sábado;13:50:00;SC;101;136,5;BALNEARIO CAMBORIU;Ultrapassagem Indevida;Colisão lateral mesmo sentido;Com Vítimas Feridas;Pleno dia;Crescente;Céu Claro;Dupla;Reta;Sim;2;0;1;0;1;0;1;2;-27,008113;-48,617245;SPRF-SC;DEL04-SC;UOP03-DEL04-SC
554874;14/10/2023;sábado;06:15:00;RJ;116;245,5;PIRAI;Condutor Dormindo;Saída de leito carroçável;Com Vítimas Feridas;Pleno dia;Crescente;Chuva;Múltipla;"Reta;Aclive                   ";Não;3;0;2;0;1;0;2;1;-22,62040692;-43,92593694;SPRF-RJ;DEL07-RJ;UOP01-DEL07-RJ
554876;14/10/2023;sábado;07:50:00;MS;163;446,1;CAMPO GRANDE;Reação tardia ou ineficiente do condutor;Capotamento;Com Vítimas Feridas;Pleno dia;Decrescente;Céu Claro;Simples;Reta;Não;1;0;1;0;0;0;1;1;-20,75951198;-54,53107192;SPRF-MS;DEL01-MS;UOP01-DEL01-MS
554877;14/10/2023;sábado;08:30:00;SP;381;86;SAO PAULO;Manobra de mudança de faixa;Colisão lateral mesmo sentido;Com Vítimas Feridas;Pleno dia;Crescente;Nublado;Múltipla;Reta;Não;3;0;2;0;1;0;2;2;-23,45930499;-46,57161179;SPRF-SP;DEL03-SP;UOP01-DEL03-SP
554878;14/10/2023;sábado;06:45:00;PA;308;176;TRACUATEUA;Reação tardia ou ineficiente do condutor;Saída de leito carroçável;Com Vítimas Feridas;Amanhecer;Crescente;Céu Claro;Simples;Reta;Sim;2;0;2;0;0;0;2;1;-1,15554443;-46,97640785;SPRF-PA;DEL01-PA;UOP03-DEL01-PA
554879;14/10/2023;sábado;08:40:00;RJ;101;229;SILVA JARDIM;Chuva;Colisão com objeto;Com Vítimas Feridas;Pleno dia;Crescente;Chuva;Dupla;Reta;Não;1;0;1;0;0;0;1;1;-22,5653276;-42,36847904;SPRF-RJ;DEL02-RJ;UOP03-DEL02-RJ
554880;14/10/2023;sábado;07:20:00;RJ;40;94;DUQUE DE CAXIAS;Chuva;Saída de leito carroçável;Com Vítimas Feridas;Amanhecer;Crescente;Chuva;Simples;Curva;Não;1;0;1;0;0;0;1;1;-22,55763285;-43,26574352;SPRF-RJ;DEL01-RJ;UOP01-DEL01-RJ
554881;14/10/2023;sábado;09:00:00;MA;135;14,8;SAO LUIS;Reação tardia ou ineficiente do condutor;Colisão traseira;Com Vítimas Feridas;Pleno dia;Decrescente;Céu Claro;Dupla;Reta;Sim;2;0;0;1;1;0;1;2;-2,68792341;-44,30009651;SPRF-MA;DEL01-MA;UOP01-DEL01-MA
554882;12/08/2023;sábado;03:00:00;MG;50;47,2;ARAGUARI;Pedestre andava na pista;Atropelamento de Pedestre;Com Vítimas Fatais;Plena Noite;Decrescente;Céu Claro;Dupla;Curva;Não;2;1;0;0;1;0;0;2;-18,7281049;-48,20646286;SPRF-MG;DEL15-MG;UOP02-DEL15-MG
554883;14/10/2023;sábado;08:00:00;GO;60;26,5;ALEXANIA;Acumulo de óleo sobre o pavimento;Queda de ocupante de veículo;Com Vítimas Feridas;Pleno dia;Decrescente;Céu Claro;Dupla;"Aclive;Curva                  ";Não;1;0;1;0;0;0;1;1;-16,102909;-48,454861;SPRF-DF;DEL03-DF;UOP01-DEL03-DF
554884;04/10/2023;quarta-feira;19:10:00;RJ;40;119;DUQUE DE CAXIAS;Condutor deixou de manter distância do veículo da frente;Colisão traseira;Sem Vítimas;Plena Noite;Decrescente;Céu Claro;Múltipla;Reta;Sim;2;0;0;0;2;0;0;2;-22,76375592;-43,28683062;SPRF-RJ;DEL01-RJ;UOP01-DEL01-RJ
554885;14/10/2023;sábado;09:30:00;RJ;101;195;CASIMIRO DE ABREU;Pista Escorregadia;Saída de leito carroçável;Com Vítimas Feridas;Pleno dia;Crescente;Chuva;Dupla;Curva;Não;2;0;2;0;0;0;2;1;-22,49220783;-42,10020136;SPRF-RJ;DEL08-RJ;UOP04-DEL08-RJ
554886;14/10/2023;sábado;08:30:00;PE;428;85,1;SANTA MARIA DA BOA VISTA;Reação tardia ou ineficiente do condutor;Saída de leito carroçável;Com Vítimas Fatais;Pleno dia;Decrescente;Céu Claro;Simples;Reta;Não;5;1;1;1;2;0;2;1;-8,79493882;-39,83968793;SPRF-PE;DEL06-PE;UOP03-DEL06-PE
554887;14/10/2023;sábado;09:30:00;RJ;101;196;CASIMIRO DE ABREU;Ausência de reação do condutor;Saída de leito carroçável;Com Vítimas Feridas;Pleno dia;Crescente;Chuva;Dupla;Curva;Não;1;0;0;1;0;0;1;1;-22,49207101;-42,10926701;SPRF-RJ;DEL08-RJ;UOP04-DEL08-RJ
554888;14/10/2023;sábado;08:50:00;RO;364;715;PORTO VELHO;Ausência de reação do condutor;Queda de ocupante de veículo;Com Vítimas Feridas;Pleno dia;Decrescente;Céu Claro;Simples;Curva;Sim;1;0;1;0;0;0;1;1;-8,78459028;-63,89674187;SPRF-RO;DEL01-RO;UOP01-DEL01-RO
554891;12/09/2023;terça-feira;09:50:00;RJ;101;524,1;ANGRA DOS REIS;Acessar a via sem observar a presença dos outros veículos;Colisão transversal;Com Vítimas Feridas;Pleno dia;Crescente;Céu Claro;Simples;Reta;Não;2;0;1;0;1;0;1;2;-22,99959786;-44,47765217;SPRF-RJ;DEL03-RJ;UOP03-DEL03-RJ
554892;14/10/2023;sábado;10:20:00;SC;101;207;SAO JOSE;Condutor deixou de manter distância do veículo da frente;Colisão traseira;Com Vítimas Feridas;Pleno dia;Crescente;Nublado;Múltipla;Reta;Sim;2;0;1;0;1;0;1;2;-27,60001226;-48,6226467;SPRF-SC;DEL01-SC;UOP01-DEL01-SC
554893;04/06/2023;domingo;19:30:00;MG;50;19,4;ARAGUARI;Reação tardia ou ineficiente do condutor;Saída de leito carroçável;Com Vítimas Feridas;Plena Noite;Crescente;Ignorado;Dupla;Aclive;Não;1;0;1;0;0;0;1;1;-18,57876301;-48,06009904;SPRF-MG;DEL15-MG;UOP02-DEL15-MG
554895;14/10/2023;sábado;11:20:00;SP;153;72,3;SAO JOSE DO RIO PRETO;Demais falhas mecânicas ou elétricas;Incêndio;Sem Vítimas;Pleno dia;Decrescente;Nublado;Dupla;Aclive;Não;1;0;0;0;1;0;0;1;-20,86715501;-49,41334398;SPRF-SP;DEL09-SP;UOP01-DEL09-SP
554897;14/10/2023;sábado;11:25:00;PR;277;683,9;SAO MIGUEL DO IGUACU;Reação tardia ou ineficiente do condutor;Tombamento;Com Vítimas Feridas;Pleno dia;Decrescente;Céu Claro;Dupla;"Curva;Aclive                  ";Não;1;0;1;0;0;0;1;1;-25,33269888;-54,19204103;SPRF-PR;DEL05-PR;UOP01-DEL05-PR
554898;14/10/2023;sábado;11:30:00;RN;101;103;PARNAMIRIM;Acessar a via sem observar a presença dos outros veículos;Colisão traseira;Com Vítimas Feridas;Pleno dia;Decrescente;Céu Claro;Múltipla;Interseção de Vias;Sim;2;0;1;0;1;0;1;2;-5,89034022;-35,24894996;SPRF-RN;DEL01-RN;UOP01-DEL01-RN
554900;14/10/2023;sábado;10:50:00;GO;40;3,4;VALPARAISO DE GOIAS;Manobra de mudança de faixa;Colisão traseira;Com Vítimas Feridas;Pleno dia;Decrescente;Sol;Dupla;"Reta;Ponte                    ";Sim;4;0;1;0;2;1;1;3;-16,076081;-47,985671;SPRF-DF;DEL01-DF;UOP01-DEL01-DF
554901;14/10/2023;sábado;11:00:00;GO;60;119,5;TEREZOPOLIS DE GOIAS;Demais falhas na via;Colisão transversal;Com Vítimas Feridas;Pleno dia;Decrescente;Céu Claro;Dupla;"Reta;Retorno Regulamentado    ";Sim;5;0;1;0;4;0;1;2;-16,4843515;-49,09292221;SPRF-GO;DEL01-GO;UOP01-DEL01-GO
554902;14/10/2023;sábado;10:50:00;MS;262;8;TRES LAGOAS;Acessar a via sem observar a presença dos outros veículos;Colisão lateral mesmo sentido;Com Vítimas Feridas;Pleno dia;Crescente;Céu Claro;Dupla;"Reta;Retorno Regulamentado    ";Sim;5;0;1;0;3;1;1;3;-20,79699882;-51,68201829;SPRF-MS;DEL07-MS;UOP01-DEL07-MS
554904;14/10/2023;sábado;09:50:00;BA;101;281,5;LAJE;Ultrapassagem Indevida;Colisão frontal;Com Vítimas Feridas;Pleno dia;Decrescente;Sol;Simples;Reta;Não;6;0;2;4;0;0;6;2;-13,23440203;-39,32823317;SPRF-BA;DEL01-BA;UOP02-DEL01-BA
554910;14/10/2023;sábado;12:15:00;MG;40;452;CAETANOPOLIS;Velocidade Incompatível;Colisão com objeto;Com Vítimas Feridas;Pleno dia;Crescente;Céu Claro;Dupla;Reta;Sim;1;0;1;0;0;0;1;1;-19,333415;-44,361308;SPRF-MG;DEL02-MG;UOP01-DEL02-MG
554911;14/10/2023;sábado;11:45:00;PE;101;64,6;RECIFE;Ultrapassagem Indevida;Colisão traseira;Com Vítimas Feridas;Pleno dia;Decrescente;Céu Claro;Dupla;Reta;Sim;2;0;0;1;1;0;1;2;-8,021344;-34,942531;SPRF-PE;DEL01-PE;UOP01-DEL01-PE
554913;14/10/2023;sábado;12:50:00;MG;381;363;SAO GONCALO DO RIO ABAIXO;Manobra de mudança de faixa;Colisão lateral mesmo sentido;Com Vítimas Feridas;Pleno dia;Decrescente;Chuva;Simples;Reta;Não;3;0;2;0;1;0;2;2;-19,85130197;-43,24808594;SPRF-MG;DEL03-MG;UOP01-DEL03-MG
554916;14/10/2023;sábado;11:30:00;MG;40;528;CONTAGEM;Ausência de reação do condutor;Tombamento;Com Vítimas Feridas;Pleno dia;Decrescente;Céu Claro;Dupla;"Curva;Declive                 ";Sim;1;0;1;0;0;0;1;1;-19,90883179;-44,04436577;SPRF-MG;DEL01-MG;UOP02-DEL01-MG
554919;14/10/2023;sábado;12:30:00;SE;235;51,2;ITABAIANA;Acessar a via sem observar a presença dos outros veículos;Colisão transversal;Com Vítimas Feridas;Pleno dia;Decrescente;Nublado;Simples;Reta;Sim;2;0;2;0;0;0;2;2;-10,700226;-37,431423;SPRF-SE;DEL01-SE;UOP02-DEL01-SE
554920;14/10/2023;sábado;12:10:00;RS;NA;NA;TRAMANDAI;Acessar a via sem observar a presença dos outros veículos;Colisão transversal;Sem Vítimas;Pleno dia;Não Informado;Céu Claro;Simples;Interseção de Vias;Sim;2;0;0;0;2;0;0;2;-30,00669514;-50,16587203;SPRF-RS;DEL03-RS;UOP01-DEL03-RS
554921;13/09/2023;quarta-feira;15:38:00;PE;407;127,9;PETROLINA;Conversão proibida;Colisão transversal;Com Vítimas Feridas;Pleno dia;Decrescente;Céu Claro;Simples;Reta;Não;2;0;1;0;0;1;1;2;-9,39394721;-40,51105684;SPRF-PE;DEL06-PE;UOP01-DEL06-PE
554922;14/10/2023;sábado;11:30:00;MT;163;831;SINOP;Manobra de mudança de faixa;Colisão lateral mesmo sentido;Com Vítimas Feridas;Pleno dia;Crescente;Céu Claro;Simples;Reta;Sim;2;0;0;1;1;0;1;2;-11,88977697;-55,50260782;SPRF-MT;DEL06-MT;UOP02-DEL06-MT
554923;14/10/2023;sábado;13:30:00;RN;101;125;SAO JOSE DE MIPIBU;Ausência de reação do condutor;Colisão traseira;Com Vítimas Feridas;Pleno dia;Crescente;Sol;Dupla;Interseção de Vias;Sim;3;0;1;0;2;0;1;2;-6,07815599;-35,23412006;SPRF-RN;DEL01-RN;UOP01-DEL01-RN
554924;14/10/2023;sábado;13:10:00;SC;280;52,9;GUARAMIRIM;Ausência de reação do condutor;Tombamento;Com Vítimas Feridas;Pleno dia;Crescente;Chuva;Simples;Reta;Sim;1;0;1;0;0;0;1;1;-26,468904;-48,96492;SPRF-SC;DEL03-SC;UOP03-DEL03-SC
554925;14/10/2023;sábado;13:15:00;MG;116;274,6;TEOFILO OTONI;Pedestre cruzava a pista fora da faixa;Atropelamento de Pedestre;Com Vítimas Feridas;Pleno dia;Crescente;Nublado;Simples;Reta;Sim;3;0;1;2;0;0;3;2;-17,83384514;-41,51094368;SPRF-MG;DEL11-MG;UOP01-DEL11-MG
554926;14/10/2023;sábado;12:40:00;BA;101;282;LAJE;Avarias e/ou desgaste excessivo no pneu;Tombamento;Com Vítimas Feridas;Pleno dia;Decrescente;Céu Claro;Simples;"Reta;Aclive                   ";Não;2;0;2;0;0;0;2;1;-13,24318086;-39,3262607;SPRF-BA;DEL01-BA;UOP02-DEL01-BA
554928;14/10/2023;sábado;14:00:00;GO;60;226,6;CEZARINA;Animais na Pista;Saída de leito carroçável;Com Vítimas Feridas;Pleno dia;Crescente;Sol;Dupla;"Reta;Declive                  ";Não;3;0;3;0;0;0;3;1;-17,0231;-49,7776;SPRF-GO;DEL01-GO;UOP02-DEL01-GO
554929;14/10/2023;sábado;14:00:00;SP;116;157,9;JACAREI;Ausência de reação do condutor;Queda de ocupante de veículo;Com Vítimas Feridas;Pleno dia;Crescente;Nublado;Dupla;"Curva;Declive                 ";Não;1;0;1;0;0;0;1;1;-23,25558031;-45,9437828;SPRF-SP;DEL02-SP;UOP01-DEL02-SP
554930;14/10/2023;sábado;11:30:00;BA;324;614;SIMOES FILHO;Manobra de mudança de faixa;Colisão lateral mesmo sentido;Com Vítimas Feridas;Pleno dia;Decrescente;Sol;Simples;"Reta;Interseção de Vias       ";Sim;2;0;0;1;1;0;1;2;-12,8639793;-38,42370126;SPRF-BA;DEL01-BA;UOP01-DEL01-BA
554931;14/10/2023;sábado;14:20:00;RS;116;213,6;MORRO REUTER;Transitar na contramão;Colisão lateral sentido oposto;Com Vítimas Fatais;Pleno dia;Crescente;Nublado;Simples;Curva;Não;3;1;0;1;0;1;1;3;-29,51873393;-51,09415299;SPRF-RS;DEL05-RS;UOP02-DEL05-RS
554934;14/10/2023;sábado;13:10:00;MT;163;944;ITAUBA;Reação tardia ou ineficiente do condutor;Colisão traseira;Com Vítimas Feridas;Pleno dia;Decrescente;Chuva;Simples;Reta;Não;3;0;1;0;2;0;1;1;-10,94311421;-55,21219432;SPRF-MT;DEL06-MT;UOP02-DEL06-MT
554935;14/10/2023;sábado;15:05:00;GO;60;128;GOIANIA;Manobra de mudança de faixa;Queda de ocupante de veículo;Com Vítimas Feridas;Pleno dia;Crescente;Céu Claro;Dupla;Reta;Não;1;0;1;0;0;0;1;1;-16,5498;-49,1518;SPRF-GO;DEL01-GO;UOP01-DEL01-GO
554938;10/09/2023;domingo;05:40:00;MA;402;63;MORROS;Transitar na contramão;Colisão frontal;Com Vítimas Fatais;Amanhecer;Decrescente;Céu Claro;Simples;Reta;Não;3;1;0;0;1;1;0;2;-2,835241;-43,832139;SPRF-MA;DEL01-MA;UOP01-DEL01-MA
554940;14/10/2023;sábado;13:40:00;TO;153;250;COLINAS DO TOCANTINS;Chuva;Colisão traseira;Com Vítimas Feridas;Pleno dia;Crescente;Chuva;Simples;Reta;Não;3;0;2;0;1;0;2;2;-8,08000894;-48,46725183;SPRF-TO;DEL02-TO;UOP02-DEL02-TO
554942;14/10/2023;sábado;12:00:00;PA;10;346;SANTA MARIA DO PARA;Reação tardia ou ineficiente do condutor;Saída de leito carroçável;Com Vítimas Feridas;Pleno dia;Decrescente;Céu Claro;Simples;Reta;Não;1;0;0;1;0;0;1;1;-1,416206;-47,552919;SPRF-PA;DEL01-PA;UOP02-DEL01-PA
554944;14/10/2023;sábado;14:30:00;PE;408;57;TRACUNHAEM;Desrespeitar a preferência no cruzamento;Colisão frontal;Com Vítimas Feridas;Pleno dia;Decrescente;Céu Claro;Simples;Reta;Não;2;0;0;1;1;0;1;2;-7,78823704;-35,24276291;SPRF-PE;DEL01-PE;UOP01-DEL01-PE
554945;14/10/2023;sábado;15:40:00;RS;290;90;PORTO ALEGRE;Avarias e/ou desgaste excessivo no pneu;Tombamento;Com Vítimas Feridas;Pleno dia;Crescente;Céu Claro;Múltipla;Reta;Não;2;0;1;0;1;0;1;1;-29,968319;-51,157398;SPRF-RS;DEL01-RS;UOP01-DEL01-RS
554950;14/10/2023;sábado;15:00:00;SC;101;339;TUBARAO;Desrespeitar a preferência no cruzamento;Colisão transversal;Sem Vítimas;Pleno dia;Crescente;Céu Claro;Múltipla;"Viaduto;Interseção de Vias    ";Sim;2;0;0;0;2;0;0;2;-28,49351117;-49,04178985;SPRF-SC;DEL02-SC;UOP01-DEL02-SC
554951;14/10/2023;sábado;15:00:00;RS;468;136,4;TIRADENTES DO SUL;Ausência de reação do condutor;Saída de leito carroçável;Com Vítimas Fatais;Pleno dia;Decrescente;Céu Claro;Simples;Curva;Não;3;1;0;1;0;1;1;3;-27,31572;-54,17014;SPRF-RS;DEL08-RS;UOP02-DEL08-RS
554952;14/10/2023;sábado;16:40:00;PE;104;28,6;TORITAMA;Acessar a via sem observar a presença dos outros veículos;Colisão traseira;Com Vítimas Feridas;Pleno dia;Crescente;Céu Claro;Simples;Reta;Sim;2;0;1;0;1;0;1;2;-8,0065;-36,0709;SPRF-PE;DEL02-PE;UOP01-DEL02-PE
554953;14/10/2023;sábado;11:30:00;SP;116;165;JACAREI;Pista Escorregadia;Tombamento;Com Vítimas Feridas;Pleno dia;Decrescente;Nublado;Múltipla;Reta;Não;1;0;1;0;0;0;1;1;-23,29691791;-46,00798704;SPRF-SP;DEL02-SP;UOP01-DEL02-SP
554954;14/10/2023;sábado;15:30:00;GO;60;185;ABADIA DE GOIAS;Acumulo de água sobre o pavimento;Saída de leito carroçável;Sem Vítimas;Pleno dia;Decrescente;Chuva;Dupla;"Reta;Aclive                   ";Não;1;0;0;0;1;0;0;1;-16,7956;-49,51;SPRF-GO;DEL01-GO;UOP02-DEL01-GO
554956;14/10/2023;sábado;15:50:00;SC;470;90,2;ASCURRA;Ausência de reação do condutor;Colisão frontal;Com Vítimas Fatais;Pleno dia;Crescente;Garoa/Chuvisco;Simples;Reta;Não;3;1;0;1;0;1;1;3;-26,97152526;-49,36689377;SPRF-SC;DEL04-SC;UOP01-DEL04-SC
554957;14/10/2023;sábado;16:50:00;PR;476;159;ARAUCARIA;Animais na Pista;Colisão traseira;Com Vítimas Feridas;Pleno dia;Crescente;Nublado;Simples;Reta;Não;2;0;1;0;0;1;1;2;-25,6173956;-49,43260789;SPRF-PR;DEL01-PR;UOP06-DEL01-PR
554958;14/10/2023;sábado;16:20:00;MG;50;62;UBERLANDIA;Acumulo de água sobre o pavimento;Saída de leito carroçável;Com Vítimas Feridas;Pleno dia;Crescente;Chuva;Dupla;Curva;Não;3;0;3;0;0;0;3;1;-18,8326015;-48,24948549;SPRF-MG;DEL15-MG;UOP02-DEL15-MG
554960;14/10/2023;sábado;16:40:00;MG;116;776;LEOPOLDINA;Velocidade Incompatível;Saída de leito carroçável;Com Vítimas Feridas;Pleno dia;Decrescente;Chuva;Simples;"Curva;Aclive                  ";Não;1;0;1;0;0;0;1;1;-21,59023796;-42,68715187;SPRF-MG;DEL07-MG;UOP01-DEL07-MG
554961;14/10/2023;sábado;14:50:00;RJ;40;72;PETROPOLIS;Reação tardia ou ineficiente do condutor;Saída de leito carroçável;Com Vítimas Feridas;Pleno dia;Decrescente;Chuva;Simples;Curva;Não;2;0;1;0;1;0;1;1;-22,4585308;-43,21600514;SPRF-RJ;DEL06-RJ;UOP01-DEL06-RJ
554962;14/10/2023;sábado;16:10:00;RJ;101;144;MACAE;Ingestão de álcool pelo condutor;Colisão lateral mesmo sentido;Sem Vítimas;Pleno dia;Decrescente;Chuva;Simples;Reta;Não;2;0;0;0;1;1;0;2;-22,21328005;-41,75426573;SPRF-RJ;DEL08-RJ;UOP04-DEL08-RJ
554963;14/10/2023;sábado;17:30:00;ES;101;361;ANCHIETA;Ausência de reação do condutor;Saída de leito carroçável;Com Vítimas Feridas;Anoitecer;Crescente;Chuva;Simples;Reta;Não;1;0;1;0;0;0;1;1;-20,71074392;-40,72242606;SPRF-ES;DEL03-ES;UOP01-DEL03-ES
554964;14/10/2023;sábado;15:40:00;MT;70;382;SANTO ANTONIO DO LEVERGER;Ausência de reação do condutor;Engavetamento;Sem Vítimas;Pleno dia;Crescente;Céu Claro;Múltipla;Reta;Não;3;0;0;0;3;0;0;3;-15,70196;-55,8293;SPRF-MT;DEL05-MT;UOP02-DEL05-MT
554965;14/10/2023;sábado;17:20:00;PR;116;152;MANDIRITUBA;Acessar a via sem observar a presença dos outros veículos;Colisão frontal;Com Vítimas Feridas;Pleno dia;Decrescente;Nublado;Simples;Reta;Sim;3;0;1;1;1;0;2;2;-25,83236296;-49,33609707;SPRF-PR;DEL01-PR;UOP03-DEL01-PR
554966;14/10/2023;sábado;17:45:00;MG;40;511,7;RIBEIRAO DAS NEVES;Manobra de mudança de faixa;Colisão traseira;Com Vítimas Feridas;Pleno dia;Crescente;Nublado;Dupla;"Reta;Retorno Regulamentado    ";Sim;2;0;1;0;1;0;1;2;-19,78164295;-44,11733194;SPRF-MG;DEL01-MG;UOP02-DEL01-MG
554967;14/10/2023;sábado;16:00:00;SP;116;40,4;CACHOEIRA PAULISTA;Manobra de mudança de faixa;Colisão com objeto;Com Vítimas Feridas;Pleno dia;Decrescente;Céu Claro;Dupla;Reta;Não;1;0;1;0;0;0;1;1;-22,68080728;-45,00688982;SPRF-SP;DEL08-SP;UOP02-DEL08-SP
554968;14/10/2023;sábado;17:45:00;MG;116;775;LEOPOLDINA;Pista Escorregadia;Saída de leito carroçável;Com Vítimas Feridas;Anoitecer;Decrescente;Garoa/Chuvisco;Simples;Curva;Não;1;0;0;1;0;0;1;1;-21,58153704;-42,68870355;SPRF-MG;DEL07-MG;UOP01-DEL07-MG
554969;14/10/2023;sábado;17:10:00;SC;101;102,8;BALNEARIO PICARRAS;Manobra de mudança de faixa;Colisão lateral mesmo sentido;Com Vítimas Feridas;Pleno dia;Decrescente;Nublado;Dupla;Curva;Sim;2;0;1;0;1;0;1;2;-26,77383397;-48,68594062;SPRF-SC;DEL03-SC;UOP02-DEL03-SC