id;data_inversa;dia_semana;horario;uf;br;km;municipio;causa_acidente;tipo_acidente;classificacao_acidente;fase_dia;sentido_via;condicao_metereologica;tipo_pista;tracado_via;uso_solo;pessoas;mortos;feridos_leves;feridos_graves;ilesos;ignorados;feridos;veiculos;latitude;longitude;regional;delegacia;uop
554970;14/10/2023;sábado;17:00:00;PE;232;140,5;SAO CAITANO;Manobra de mudança de faixa;Colisão lateral mesmo sentido;Com Vítimas Feridas;Pleno dia;Decrescente;Nublado;Dupla;Reta;Não;3;0;2;0;1;0;2;2;-8,32046632;-36,07694496;SPRF-PE;DEL03-PE;UOP02-DEL03-PE
554971;14/10/2023;sábado;17:30:00;MG;40;529;CONTAGEM;Ausência de reação do condutor;Colisão com objeto;Com Vítimas Feridas;Pleno dia;Decrescente;Céu Claro;Dupla;Reta;Sim;1;0;0;1;0;0;1;1;-19,91635592;-44,03966566;SPRF-MG;DEL01-MG;UOP02-DEL01-MG
554972;14/10/2023;sábado;17:20:00;PR;277;590,2;CASCAVEL;Retorno proibido;Colisão transversal;Com Vítimas Feridas;Pleno dia;Crescente;Sol;Simples;"Reta;Declive                  ";Sim;4;0;3;1;0;0;4;2;-24,98211944;-53,45831394;SPRF-PR;DEL04-PR;UOP01-DEL04-PR
554974;14/10/2023;sábado;16:00:00;PR;163;219,6;CASCAVEL;Condutor Dormindo;Saída de leito carroçável;Com Vítimas Feridas;Pleno dia;Decrescente;Sol;Dupla;Curva;Não;2;0;1;0;1;0;1;1;-24,897235;-53,533793;SPRF-PR;DEL04-PR;UOP01-DEL04-PR
554975;14/10/2023;sábado;16:50:00;SP;153;75,6;BADY BASSITT;Ingestão de álcool pelo condutor;Colisão transversal;Sem Vítimas;Pleno dia;Decrescente;Céu Claro;Dupla;Rotatória;Sim;2;0;0;0;2;0;0;2;-20,89895212;-49,43970971;SPRF-SP;DEL09-SP;UOP01-DEL09-SP
554976;14/10/2023;sábado;17:00:00;SC;280;155;MAFRA;Chuva;Queda de ocupante de veículo;Com Vítimas Feridas;Anoitecer;Decrescente;Céu Claro;Simples;Reta;Não;1;0;1;0;0;0;1;1;-26,21132066;-49,72749885;SPRF-SC;DEL06-SC;UOP03-DEL06-SC
554977;14/10/2023;sábado;17:45:00;RS;480;65;BARAO DE COTEGIPE;Ingestão de álcool pelo condutor;Saída de leito carroçável;Com Vítimas Feridas;Pleno dia;Crescente;Céu Claro;Simples;"Curva;Aclive                  ";Não;1;0;1;0;0;0;1;1;-27,630707;-52,362502;SPRF-RS;DEL08-RS;UOP04-DEL08-RS
554978;14/10/2023;sábado;18:40:00;SC;101;120,8;ITAJAI;Ausência de reação do condutor;Tombamento;Com Vítimas Feridas;Anoitecer;Crescente;Nublado;Simples;Curva;Não;2;0;0;1;1;0;1;2;-26,912758;-48,711998;SPRF-SC;DEL04-SC;UOP04-DEL04-SC
554979;14/10/2023;sábado;18:00:00;BA;101;1,3;RIO REAL;Ingestão de álcool pelo condutor;Colisão frontal;Com Vítimas Fatais;Plena Noite;Crescente;Nublado;Simples;Reta;Não;4;2;1;1;0;0;2;2;-11,52516;-37,8122;SPRF-SE;DEL02-SE;UOP03-DEL02-SE
554981;14/10/2023;sábado;19:00:00;RS;116;233;NOVO HAMBURGO;Reação tardia ou ineficiente do condutor;Colisão traseira;Com Vítimas Feridas;Plena Noite;Decrescente;Céu Claro;Simples;Reta;Sim;3;0;1;0;2;0;1;2;-29,64206007;-51,14268362;SPRF-RS;DEL01-RS;UOP02-DEL01-RS
554982;14/10/2023;sábado;09:00:00;RJ;116;22;SAPUCAIA;Velocidade Incompatível;Saída de leito carroçável;Com Vítimas Feridas;Pleno dia;Crescente;Nublado;Simples;Curva;Não;2;0;1;0;1;0;1;1;-22,01634583;-42,76878911;SPRF-RJ;DEL05-RJ;UOP01-DEL05-RJ
554984;14/10/2023;sábado;16:40:00;RN;110;58,9;MOSSORO;Pista esburacada;Saída de leito carroçável;Com Vítimas Feridas;Pleno dia;Decrescente;Sol;Simples;"Reta;Declive;Em Obras         ";Não;1;0;1;0;0;0;1;1;-5,290025;-37,330856;SPRF-RN;DEL04-RN;UOP01-DEL04-RN
554985;14/10/2023;sábado;17:45:00;RO;364;369;OURO PRETO DO OESTE;Demais falhas na via;Queda de ocupante de veículo;Com Vítimas Feridas;Anoitecer;Decrescente;Céu Claro;Simples;Reta;Não;4;0;1;0;1;2;1;2;-10,76221523;-62,13663407;SPRF-RO;DEL02-RO;UOP01-DEL02-RO
554987;14/10/2023;sábado;18:45:00;RN;101;100;PARNAMIRIM;Manobra de mudança de faixa;Colisão traseira;Com Vítimas Fatais;Plena Noite;Decrescente;Céu Claro;Múltipla;"Reta;Interseção de Vias       ";Sim;2;1;0;0;1;0;0;2;-5,88106901;-35,22542396;SPRF-RN;DEL01-RN;UOP01-DEL01-RN
554988;14/10/2023;sábado;18:20:00;RJ;101;321;NITEROI;Ausência de reação do condutor;Capotamento;Com Vítimas Feridas;Plena Noite;Crescente;Chuva;Dupla;Reta;Não;1;0;1;0;0;0;1;1;-22,86981096;-43,11046465;SPRF-RJ;DEL02-RJ;UOP01-DEL02-RJ
554990;17/09/2023;domingo;08:09:00;RJ;101;520;ANGRA DOS REIS;Transitar na contramão;Colisão frontal;Com Vítimas Feridas;Pleno dia;Decrescente;Sol;Simples;Reta;Não;7;0;4;2;0;1;6;3;-23,00519997;-44,45275661;SPRF-RJ;DEL03-RJ;UOP03-DEL03-RJ
554994;14/10/2023;sábado;18:00:00;PE;408;25;TIMBAUBA;Velocidade Incompatível;Colisão frontal;Com Vítimas Fatais;Plena Noite;Decrescente;Céu Claro;Simples;Reta;Não;2;1;1;0;0;0;1;2;-7,52257159;-35,29948406;SPRF-PE;DEL01-PE;UOP02-DEL01-PE
554995;14/10/2023;sábado;18:05:00;MG;365;93,2;JEQUITAI;Reação tardia ou ineficiente do condutor;Colisão transversal;Com Vítimas Feridas;Anoitecer;Crescente;Céu Claro;Simples;"Reta;Aclive;Interseção de Vias";Não;3;0;1;0;2;0;1;2;-17,21567714;-44,46234601;SPRF-MG;DEL12-MG;UOP01-DEL12-MG
554996;14/10/2023;sábado;19:20:00;RS;290;2,3;PORTO ALEGRE;Manobra de mudança de faixa;Colisão com objeto;Com Vítimas Feridas;Plena Noite;Decrescente;Céu Claro;Dupla;Reta;Não;3;0;1;0;0;2;1;3;-29,98912;-51,218056;SPRF-RS;DEL01-RS;UOP01-DEL01-RS
554997;14/10/2023;sábado;20:00:00;SC;153;90,5;CONCORDIA;Ingestão de álcool pelo condutor;Saída de leito carroçável;Sem Vítimas;Plena Noite;Crescente;Céu Claro;Simples;Curva;Não;1;0;0;0;1;0;0;1;-27,178261;-51,914314;SPRF-SC;DEL07-SC;UOP04-DEL07-SC
554998;14/10/2023;sábado;14:00:00;MG;116;502,4;INHAPIM;Demais falhas mecânicas ou elétricas;Capotamento;Com Vítimas Feridas;Pleno dia;Decrescente;Nublado;Simples;Curva;Não;1;0;1;0;0;0;1;1;-19,577398;-42,115808;SPRF-MG;DEL06-MG;UOP02-DEL06-MG
554999;14/10/2023;sábado;20:00:00;MG;40;141;JOAO PINHEIRO;Reação tardia ou ineficiente do condutor;Colisão com objeto;Sem Vítimas;Plena Noite;Crescente;Céu Claro;Simples;"Aclive;Curva                  ";Não;1;0;0;0;0;1;0;1;-17,73618679;-46,19334804;SPRF-MG;DEL14-MG;UOP01-DEL14-MG
555001;14/10/2023;sábado;13:50:00;MG;262;773,9;UBERABA;Demais falhas mecânicas ou elétricas;Incêndio;Sem Vítimas;Pleno dia;Crescente;Céu Claro;Simples;Reta;Não;1;0;0;0;1;0;0;1;-19,71372977;-47,70846322;SPRF-MG;DEL13-MG;UOP01-DEL13-MG
555005;14/10/2023;sábado;20:45:00;DF;70;11;BRASILIA;Ausência de reação do condutor;Queda de ocupante de veículo;Com Vítimas Feridas;Plena Noite;Crescente;Céu Claro;Dupla;Reta;Sim;2;0;1;0;1;0;1;2;-15,789762;-48,148727;SPRF-DF;DEL03-DF;UOP02-DEL03-DF
555006;14/10/2023;sábado;19:30:00;MG;40;638,5;CONSELHEIRO LAFAIETE;Demais falhas mecânicas ou elétricas;Incêndio;Sem Vítimas;Plena Noite;Decrescente;Céu Claro;Simples;Reta;Não;1;0;0;0;1;0;0;1;-20,731519;-43,799917;SPRF-MG;DEL05-MG;UOP02-DEL05-MG
555007;14/10/2023;sábado;20:15:00;CE;222;4;CAUCAIA;Mal súbito do condutor;Queda de ocupante de veículo;Com Vítimas Feridas;Plena Noite;Crescente;Céu Claro;Múltipla;Reta;Sim;1;0;0;1;0;0;1;1;-3,74164754;-38,60449792;SPRF-CE;DEL01-CE;UOP01-DEL01-CE
555008;14/10/2023;sábado;20:30:00;MG;40;524,5;CONTAGEM;Acessar a via sem observar a presença dos outros veículos;Colisão lateral mesmo sentido;Com Vítimas Feridas;Plena Noite;Decrescente;Céu Claro;Dupla;"Curva;Interseção de Vias      ";Sim;3;0;2;0;1;0;2;2;-19,8754469;-44,05345586;SPRF-MG;DEL01-MG;UOP02-DEL01-MG
555009;14/10/2023;sábado;20:50:00;PR;277;707;SANTA TEREZINHA DE ITAIPU;Reação tardia ou ineficiente do condutor;Saída de leito carroçável;Sem Vítimas;Plena Noite;Crescente;Céu Claro;Dupla;Reta;Sim;1;0;0;0;1;0;0;1;-25,4390402;-54,38645591;SPRF-PR;DEL05-PR;UOP01-DEL05-PR
555010;14/10/2023;sábado;19:35:00;RR;401;14,8;BOA VISTA;Ingestão de álcool pelo condutor;Queda de ocupante de veículo;Com Vítimas Feridas;Plena Noite;Decrescente;Ignorado;Simples;"Reta;Ponte                    ";Sim;1;0;1;0;0;0;1;1;2,80229396;-60,68243402;SPRF-RR;DEL01-RR;UOP01-DEL01-RR
555012;14/10/2023;sábado;19:30:00;ES;101;132;LINHARES;Avarias e/ou desgaste excessivo no pneu;Tombamento;Com Vítimas Feridas;Plena Noite;Decrescente;Nublado;Dupla;Reta;Não;2;0;2;0;0;0;2;1;-19,24798699;-40,09078893;SPRF-ES;DEL04-ES;UOP01-DEL04-ES
555013;14/10/2023;sábado;17:10:00;MG;40;755,7;EWBANK DA CAMARA;Acumulo de óleo sobre o pavimento;Saída de leito carroçável;Com Vítimas Feridas;Pleno dia;Crescente;Chuva;Simples;Curva;Não;1;0;0;1;0;0;1;1;-21,486045;-43,53483;SPRF-MG;DEL05-MG;UOP01-DEL05-MG
555014;14/10/2023;sábado;20:55:00;GO;153;521,3;HIDROLANDIA;Avarias e/ou desgaste excessivo no pneu;Tombamento;Com Vítimas Feridas;Plena Noite;Crescente;Nublado;Dupla;Reta;Não;3;0;2;0;0;1;2;2;-16,8937;-49,2557;SPRF-GO;DEL01-GO;UOP03-DEL01-GO
555017;14/10/2023;sábado;20:20:00;SC;101;415;ARARANGUA;Reação tardia ou ineficiente do condutor;Tombamento;Sem Vítimas;Plena Noite;Crescente;Ignorado;Simples;"Aclive;Interseção de Vias     ";Não;1;0;0;0;0;1;0;1;-28,96040535;-49,51653267;SPRF-SC;DEL02-SC;UOP02-DEL02-SC
555018;14/10/2023;sábado;18:20:00;RJ;393;169;TRES RIOS;Ausência de reação do condutor;Saída de leito carroçável;Com Vítimas Feridas;Anoitecer;Decrescente;Nublado;Simples;Curva;Sim;1;0;1;0;0;0;1;1;-22,125063;-43,155872;SPRF-RJ;DEL05-RJ;UOP02-DEL05-RJ
555019;14/10/2023;sábado;19:30:00;MG;146;461,9;BOTELHOS;Acumulo de areia ou detritos sobre o pavimento;Saída de leito carroçável;Com Vítimas Feridas;Plena Noite;Crescente;Chuva;Simples;Reta;Não;4;0;1;0;3;0;1;1;-21,663125;-46,406825;SPRF-MG;DEL09-MG;UOP01-DEL09-MG
555020;14/10/2023;sábado;20:30:00;PE;101;182,9;PALMARES;Ingestão de álcool pelo condutor;Saída de leito carroçável;Sem Vítimas;Plena Noite;Decrescente;Céu Claro;Simples;Curva;Sim;1;0;0;0;1;0;0;1;-8,661731;-35,565413;SPRF-PE;DEL01-PE;UOP03-DEL01-PE
555021;14/10/2023;sábado;20:32:00;SC;101;34,1;JOINVILLE;Reação tardia ou ineficiente do condutor;Queda de ocupante de veículo;Com Vítimas Feridas;Plena Noite;Crescente;Nublado;Dupla;Reta;Sim;1;0;1;0;0;0;1;1;-26,23667403;-48,91486706;SPRF-SC;DEL03-SC;UOP01-DEL03-SC
555022;14/10/2023;sábado;18:00:00;PA;10;12,6;DOM ELISEU;Manobra de mudança de faixa;Colisão com objeto;Com Vítimas Feridas;Anoitecer;Decrescente;Nublado;Simples;Curva;Não;4;0;1;3;0;0;4;1;-4,339672;-47,53645995;SPRF-PA;DEL02-PA;UOP02-DEL02-PA
555023;14/10/2023;sábado;21:30:00;RS;386;278,6;SAO JOSE DO HERVAL;Transitar na contramão;Colisão frontal;Com Vítimas Fatais;Plena Noite;Decrescente;Céu Claro;Simples;Reta;Não;20;2;14;0;4;0;14;2;-29,03581;-52,298683;SPRF-RS;DEL04-RS;UOP03-DEL04-RS
555025;14/10/2023;sábado;22:30:00;PE;104;57,5;CARUARU;Ingestão de álcool pelo condutor;Colisão transversal;Com Vítimas Feridas;Plena Noite;Decrescente;Nublado;Dupla;Retorno Regulamentado;Não;2;0;1;0;1;0;1;2;-8,2181;-35,9747;SPRF-PE;DEL02-PE;UOP01-DEL02-PE
555026;14/10/2023;sábado;20:40:00;RS;290;720;URUGUAIANA;Ausência de reação do condutor;Saída de leito carroçável;Sem Vítimas;Plena Noite;Decrescente;Céu Claro;Simples;Rotatória;Não;1;0;0;0;0;1;0;1;-29,77288017;-57,05799937;SPRF-RS;DEL13-RS;UOP01-DEL13-RS
555027;14/10/2023;sábado;21:55:00;MG;50;20,7;UBERLANDIA;Velocidade Incompatível;Colisão com objeto;Com Vítimas Feridas;Plena Noite;Crescente;Céu Claro;Dupla;Reta;Não;5;0;1;0;3;1;1;4;-18,93755576;-48,21360826;SPRF-MG;DEL15-MG;UOP01-DEL15-MG
555028;14/10/2023;sábado;18:45:00;PA;308;160,9;CAPANEMA;Ingestão de álcool pelo condutor;Colisão traseira;Com Vítimas Feridas;Plena Noite;Decrescente;Céu Claro;Simples;Aclive;Não;2;0;0;1;1;0;1;2;-1,21017675;-47,10523507;SPRF-PA;DEL01-PA;UOP03-DEL01-PA
555029;14/10/2023;sábado;19:30:00;RJ;101;137,7;CARAPEBUS;Ausência de reação do condutor;Queda de ocupante de veículo;Com Vítimas Feridas;Plena Noite;Decrescente;Chuva;Dupla;Curva;Não;1;0;1;0;0;0;1;1;-22,15452252;-41,73977437;SPRF-RJ;DEL08-RJ;UOP04-DEL08-RJ
555030;14/10/2023;sábado;21:30:00;PR;369;161;CAMBE;Ingestão de álcool pelo condutor;Colisão traseira;Sem Vítimas;Plena Noite;Crescente;Nublado;Dupla;Reta;Sim;2;0;0;0;2;0;0;2;-23,28838806;-51,26170814;SPRF-PR;DEL07-PR;UOP01-DEL07-PR
555031;14/10/2023;sábado;22:15:00;PR;376;661;TIJUCAS DO SUL;Velocidade Incompatível;Colisão com objeto;Sem Vítimas;Plena Noite;Decrescente;Garoa/Chuvisco;Dupla;Curva;Não;1;0;0;0;1;0;0;1;-25,85481693;-48,99472504;SPRF-PR;DEL01-PR;UOP04-DEL01-PR
555033;14/10/2023;sábado;18:20:00;PR;277;675;MEDIANEIRA;Desrespeitar a preferência no cruzamento;Colisão transversal;Com Vítimas Feridas;Anoitecer;Decrescente;Céu Claro;Dupla;"Declive;Interseção de Vias;Ret";Não;3;0;1;0;0;2;1;3;-25,29891949;-54,12338731;SPRF-PR;DEL05-PR;UOP01-DEL05-PR
555035;14/10/2023;sábado;21:15:00;SP;381;36;ATIBAIA;Ausência de reação do condutor;Queda de ocupante de veículo;Com Vítimas Feridas;Plena Noite;Decrescente;Céu Claro;Dupla;Curva;Sim;2;0;1;0;1;0;1;1;-23,09707232;-46,57180706;SPRF-SP;DEL03-SP;UOP01-DEL03-SP
555036;14/10/2023;sábado;20:30:00;PR;376;8;MARINGA;Reação tardia ou ineficiente do condutor;Saída de leito carroçável;Com Vítimas Feridas;Plena Noite;Decrescente;Céu Claro;Dupla;Viaduto;Não;1;0;1;0;0;0;1;1;-23,37741828;-51,91600084;SPRF-PR;DEL09-PR;UOP01-DEL09-PR
555038;14/10/2023;sábado;21:10:00;SC;280;162;MAFRA;Ultrapassagem Indevida;Colisão lateral sentido oposto;Com Vítimas Feridas;Plena Noite;Decrescente;Céu Claro;Simples;"Curva;Aclive                  ";Não;4;0;3;1;0;0;4;2;-26,20386631;-49,79088509;SPRF-SC;DEL06-SC;UOP03-DEL06-SC
555039;14/10/2023;sábado;20:47:00;PI;343;188,9;PIRIPIRI;Animais na Pista;Atropelamento de Animal;Com Vítimas Feridas;Plena Noite;Crescente;Céu Claro;Simples;"Ponte;Reta                    ";Sim;2;0;2;0;0;0;2;1;-4,31312912;-41,77583456;SPRF-PI;DEL02-PI;UOP01-DEL02-PI
555040;14/10/2023;sábado;22:30:00;SP;116;270;TABOAO DA SERRA;Reação tardia ou ineficiente do condutor;Colisão traseira;Com Vítimas Feridas;Plena Noite;Crescente;Céu Claro;Dupla;Reta;Sim;4;0;2;0;2;0;2;2;-23,61799728;-46,79677694;SPRF-SP;DEL04-SP;UOP01-DEL04-SP
555041;14/10/2023;sábado;20:40:00;PR;373;268;PRUDENTOPOLIS;Reação tardia ou ineficiente do condutor;Capotamento;Com Vítimas Feridas;Plena Noite;Decrescente;Nublado;Simples;Reta;Sim;2;0;1;0;1;0;1;1;-25,209207;-51,003417;SPRF-PR;DEL08-PR;UOP01-DEL08-PR
555043;14/10/2023;sábado;22:35:00;RJ;393;294;BARRA MANSA;Acessar a via sem observar a presença dos outros veículos;Atropelamento de Pedestre;Com Vítimas Fatais;Plena Noite;Crescente;Garoa/Chuvisco;Dupla;Curva;Não;2;1;0;0;1;0;0;2;-22,51916177;-44,11514309;SPRF-RJ;DEL05-RJ;UOP04-DEL05-RJ
555044;14/10/2023;sábado;20:30:00;MG;116;409,5;GOVERNADOR VALADARES;Pedestre cruzava a pista fora da faixa;Atropelamento de Pedestre;Com Vítimas Feridas;Pleno dia;Decrescente;Céu Claro;Dupla;Reta;Sim;2;0;2;0;0;0;2;2;-18,84936788;-41,97891368;SPRF-MG;DEL06-MG;UOP01-DEL06-MG
555046;14/10/2023;sábado;18:35:00;MA;230;165,2;PASTOS BONS;Entrada inopinada do pedestre;Atropelamento de Pedestre;Com Vítimas Fatais;Plena Noite;Crescente;Ignorado;Simples;Reta;Não;5;1;2;2;0;0;4;2;-6,7031468;-44,2521656;SPRF-MA;DEL05-MA;UOP01-DEL05-MA
555047;14/10/2023;sábado;23:30:00;MS;163;753;COXIM;Animais na Pista;Atropelamento de Animal;Com Vítimas Feridas;Plena Noite;Crescente;Céu Claro;Simples;Reta;Não;1;0;1;0;0;0;1;1;-18,32026699;-54,66591553;SPRF-MS;DEL06-MS;UOP01-DEL06-MS
555050;14/10/2023;sábado;20:15:00;CE;230;5,4;IPAUMIRIM;Condutor Dormindo;Tombamento;Com Vítimas Feridas;Plena Noite;Decrescente;Céu Claro;Simples;Reta;Não;2;0;1;1;0;0;2;1;-6,84531477;-38,72403495;SPRF-PB;DEL03-PB;UOP03-DEL03-PB
555051;14/10/2023;sábado;23:00:00;MT;163;842;SINOP;Ausência de reação do condutor;Colisão traseira;Com Vítimas Feridas;Plena Noite;Decrescente;Céu Claro;Simples;Reta;Não;2;0;1;0;1;0;1;2;-11,92479503;-55,5117839;SPRF-MT;DEL06-MT;UOP02-DEL06-MT
555054;14/10/2023;sábado;22:00:00;MG;365;464;PATROCINIO;Ultrapassagem Indevida;Colisão frontal;Com Vítimas Fatais;Pleno dia;Crescente;Céu Claro;Simples;Reta;Não;4;3;0;1;0;0;1;2;-18,88119;-46,9195;SPRF-MG;DEL10-MG;UOP01-DEL10-MG
555056;15/10/2023;domingo;01:20:00;MS;163;419,6;CAMPO GRANDE;Ingestão de álcool pelo condutor;Tombamento;Com Vítimas Feridas;Plena Noite;Crescente;Céu Claro;Simples;Ponte;Não;1;0;0;1;0;0;1;1;-20,99998889;-54,50767096;SPRF-MS;DEL01-MS;UOP01-DEL01-MS
555057;15/10/2023;domingo;01:30:00;SP;116;157,2;SAO JOSE DOS CAMPOS;Ausência de reação do condutor;Saída de leito carroçável;Sem Vítimas;Plena Noite;Decrescente;Nublado;Simples;Desvio Temporário;Sim;1;0;0;0;1;0;0;1;-23,25536003;-45,94117641;SPRF-SP;DEL02-SP;UOP01-DEL02-SP
555059;15/10/2023;domingo;02:20:00;PB;230;26,7;JOAO PESSOA;Ausência de reação do condutor;Colisão traseira;Com Vítimas Feridas;Plena Noite;Crescente;Céu Claro;Dupla;Declive;Não;2;0;0;1;1;0;1;2;-7,1693;-34,8782;SPRF-PB;DEL01-PB;UOP01-DEL01-PB
555060;15/10/2023;domingo;02:50:00;GO;158;10;ARAGARCAS;Transitar na contramão;Colisão frontal;Com Vítimas Feridas;Plena Noite;Decrescente;Céu Claro;Simples;Curva;Não;2;0;0;1;1;0;1;2;-15,95453203;-52,21127574;SPRF-GO;DEL04-GO;UOP02-DEL04-GO
555061;15/10/2023;domingo;03:30:00;RS;116;245;SAO LEOPOLDO;Pedestre andava na pista;Atropelamento de Pedestre;Com Vítimas Feridas;Plena Noite;Crescente;Céu Claro;Dupla;Reta;Não;2;0;1;0;1;0;1;2;-29,74980902;-51,15125361;SPRF-RS;DEL01-RS;UOP02-DEL01-RS
555062;15/10/2023;domingo;03:20:00;CE;116;11;FORTALEZA;Ausência de reação do condutor;Colisão com objeto;Sem Vítimas;Plena Noite;Crescente;Céu Claro;Múltipla;Reta;Sim;1;0;0;0;0;1;0;1;-3,84394724;-38,49891546;SPRF-CE;DEL01-CE;UOP02-DEL01-CE
555063;15/10/2023;domingo;02:11:00;PR;277;226;TEIXEIRA SOARES;Transitar na contramão;Colisão frontal;Com Vítimas Feridas;Plena Noite;Decrescente;Céu Claro;Simples;"Reta;Aclive                   ";Não;7;0;5;2;0;0;7;2;-25,46970128;-50,50239086;SPRF-PR;DEL08-PR;UOP02-DEL08-PR
555064;15/10/2023;domingo;03:10:00;PR;116;180;QUITANDINHA;Ausência de reação do condutor;Colisão lateral mesmo sentido;Sem Vítimas;Plena Noite;Crescente;Nublado;Simples;Reta;Sim;2;0;0;0;2;0;0;1;-25,9054246;-49,57265724;SPRF-PR;DEL01-PR;UOP03-DEL01-PR
555065;15/10/2023;domingo;03:23:00;BA;324;623;SALVADOR;Animais na Pista;Queda de ocupante de veículo;Com Vítimas Feridas;Plena Noite;Decrescente;Nublado;Dupla;Reta;Sim;2;0;0;2;0;0;2;1;-12,92628699;-38,46838679;SPRF-BA;DEL01-BA;UOP01-DEL01-BA
555066;15/10/2023;domingo;03:05:00;PE;428;190;PETROLINA;Ingestão de álcool pelo condutor;Colisão transversal;Sem Vítimas;Plena Noite;Decrescente;Céu Claro;Simples;"Viaduto;Interseção de Vias    ";Sim;3;0;0;0;3;0;0;2;-9,37605965;-40,49382106;SPRF-PE;DEL06-PE;UOP01-DEL06-PE
555067;15/10/2023;domingo;04:05:00;PB;230;16,9;JOAO PESSOA;Ausência de reação do condutor;Queda de ocupante de veículo;Com Vítimas Feridas;Plena Noite;Decrescente;Nublado;Dupla;Reta;Sim;2;0;2;0;0;0;2;1;-7,11426885;-34,84197838;SPRF-PB;DEL01-PB;UOP01-DEL01-PB
555070;15/10/2023;domingo;04:30:00;RS;392;274;CACAPAVA DO SUL;Ausência de reação do condutor;Colisão com objeto;Sem Vítimas;Plena Noite;Crescente;Ignorado;Simples;Curva;Não;1;0;0;0;0;1;0;1;-30,35817695;-53,51833184;SPRF-RS;DEL09-RS;UOP02-DEL09-RS
555071;15/10/2023;domingo;04:00:00;RS;392;54;RIO GRANDE;Ausência de reação do condutor;Saída de leito carroçável;Sem Vítimas;Plena Noite;Decrescente;Garoa/Chuvisco;Dupla;Reta;Não;1;0;0;0;0;1;0;1;-31,84726997;-52,32688484;SPRF-RS;DEL07-RS;UOP02-DEL07-RS
555073;15/10/2023;domingo;04:40:00;SC;101;208,7;SAO JOSE;Acumulo de água sobre o pavimento;Colisão com objeto;Sem Vítimas;Amanhecer;Decrescente;Nublado;Múltipla;Reta;Sim;1;0;0;0;0;1;0;1;-27,60327979;-48,63201818;SPRF-SC;DEL01-SC;UOP01-DEL01-SC
555074;15/10/2023;domingo;04:50:00;RJ;101;192;CASIMIRO DE ABREU;Ingestão de álcool pelo condutor;Colisão com objeto;Sem Vítimas;Amanhecer;Crescente;Nublado;Dupla;Curva;Não;1;0;0;0;1;0;0;1;-22,47314393;-42,08206801;SPRF-RJ;DEL08-RJ;UOP04-DEL08-RJ
555075;15/10/2023;domingo;05:30:00;SP;153;58;SAO JOSE DO RIO PRETO;Transitar no Acostamento;Atropelamento de Pedestre;Com Vítimas Feridas;Amanhecer;Crescente;Céu Claro;Dupla;Reta;Sim;3;0;1;1;1;0;2;2;-20,77838195;-49,35300538;SPRF-SP;DEL09-SP;UOP01-DEL09-SP
555076;15/10/2023;domingo;05:25:00;SC;101;215;PALHOCA;Reação tardia ou ineficiente do condutor;Tombamento;Com Vítimas Feridas;Amanhecer;Decrescente;Garoa/Chuvisco;Dupla;Reta;Sim;1;0;1;0;0;0;1;1;-27,65184843;-48,67604941;SPRF-SC;DEL01-SC;UOP02-DEL01-SC
555077;15/10/2023;domingo;05:41:00;RN;405;111,7;TABOLEIRO GRANDE;Ingestão de álcool pelo condutor;Saída de leito carroçável;Com Vítimas Fatais;Amanhecer;Crescente;Céu Claro;Simples;Reta;Não;2;1;0;1;0;0;1;1;-5,860772;-38,009088;SPRF-RN;DEL04-RN;UOP02-DEL04-RN
555078;15/10/2023;domingo;04:40:00;SP;116;154,6;SAO JOSE DOS CAMPOS;Condutor deixou de manter distância do veículo da frente;Colisão lateral mesmo sentido;Com Vítimas Feridas;Plena Noite;Decrescente;Céu Claro;Dupla;"Reta;Aclive                   ";Sim;2;0;1;0;0;1;1;2;-23,23903999;-45,92061901;SPRF-SP;DEL02-SP;UOP01-DEL02-SP
555079;15/10/2023;domingo;05:50:00;RS;392;350,7;SANTA MARIA;Ausência de reação do condutor;Colisão com objeto;Com Vítimas Feridas;Plena Noite;Decrescente;Nublado;Simples;Interseção de Vias;Não;1;0;0;1;0;0;1;1;-29,73454203;-53,79913688;SPRF-RS;DEL09-RS;UOP01-DEL09-RS
555080;15/10/2023;domingo;04:40:00;PR;369;137,5;IBIPORA;Ingestão de álcool pelo condutor;Colisão frontal;Com Vítimas Feridas;Plena Noite;Crescente;Céu Claro;Simples;Curva;Sim;3;0;1;0;2;0;1;2;-23,2703436;-51,0456542;SPRF-PR;DEL07-PR;UOP01-DEL07-PR
555081;15/10/2023;domingo;05:50:00;RJ;101;333;RIO DE JANEIRO;Reação tardia ou ineficiente do condutor;Colisão com objeto;Com Vítimas Feridas;Amanhecer;Crescente;Nublado;Simples;Curva;Sim;5;0;1;0;4;0;1;1;-22,87827816;-43,21053578;SPRF-RJ;DEL02-RJ;UOP01-DEL02-RJ
555083;15/10/2023;domingo;04:30:00;RO;364;13;VILHENA;Ingestão de álcool pelo condutor;Colisão traseira;Sem Vítimas;Plena Noite;Crescente;Céu Claro;Simples;Interseção de Vias;Sim;2;0;0;0;2;0;0;2;-12,74140004;-60,13026401;SPRF-RO;DEL04-RO;UOP01-DEL04-RO
555084;15/10/2023;domingo;04:45:00;SC;101;283;IMBITUBA;Ausência de reação do condutor;Saída de leito carroçável;Sem Vítimas;Plena Noite;Decrescente;Chuva;Dupla;Reta;Não;1;0;0;0;0;1;0;1;-28,20457404;-48,6984006;SPRF-SC;DEL02-SC;UOP03-DEL02-SC