id;data_inversa;dia_semana;horario;uf;br;km;municipio;causa_acidente;tipo_acidente;classificacao_acidente;fase_dia;sentido_via;condicao_metereologica;tipo_pista;tracado_via;uso_solo;pessoas;mortos;feridos_leves;feridos_graves;ilesos;ignorados;feridos;veiculos;latitude;longitude;regional;delegacia;uop
555561;17/10/2023;terça-feira;15:50:00;ES;101;299,6;VIANA;Desrespeitar a preferência no cruzamento;Colisão transversal;Com Vítimas Feridas;Pleno dia;Decrescente;Céu Claro;Simples;Interseção de Vias;Sim;2;0;1;0;1;0;1;2;-20,35860628;-40,42327504;SPRF-ES;DEL01-ES;UOP01-DEL01-ES
555564;17/10/2023;terça-feira;16:40:00;PR;116;44,3;CAMPINA GRANDE DO SUL;Velocidade Incompatível;Saída de leito carroçável;Com Vítimas Feridas;Pleno dia;Crescente;Chuva;Dupla;Curva;Não;2;0;2;0;0;0;2;1;-25,1882321;-48,88492529;SPRF-PR;DEL01-PR;UOP02-DEL01-PR
555567;17/10/2023;terça-feira;15:00:00;PR;277;163;PALMEIRA;Demais falhas mecânicas ou elétricas;Incêndio;Sem Vítimas;Pleno dia;Crescente;Garoa/Chuvisco;Simples;Reta;Não;1;0;0;0;1;0;0;1;-25,47289;-49,895964;SPRF-PR;DEL03-PR;UOP03-DEL03-PR
555568;17/10/2023;terça-feira;16:30:00;RS;116;38,2;VACARIA;Acessar a via sem observar a presença dos outros veículos;Colisão lateral sentido oposto;Com Vítimas Feridas;Pleno dia;Crescente;Chuva;Simples;Reta;Sim;2;0;1;0;1;0;1;2;-28,50548;-50,92516;SPRF-RS;DEL05-RS;UOP03-DEL05-RS
555571;28/09/2023;quinta-feira;05:00:00;PR;277;724;FOZ DO IGUACU;Acessar a via sem observar a presença dos outros veículos;Atropelamento de Pedestre;Com Vítimas Feridas;Plena Noite;Crescente;Céu Claro;Dupla;Reta;Sim;2;0;1;1;0;0;2;2;-25,50257577;-54,53868311;SPRF-PR;DEL05-PR;UOP03-DEL05-PR
555574;02/09/2023;sábado;22:33:00;PE;423;135;SALOA;Animais na Pista;Atropelamento de Animal;Sem Vítimas;Plena Noite;Decrescente;Céu Claro;Simples;"Reta;Ponte                    ";Não;5;0;0;0;2;3;0;1;-8,9621593;-36,79139492;SPRF-PE;DEL03-PE;UOP01-DEL03-PE
555575;17/10/2023;terça-feira;17:15:00;RS;158;563;SANTANA DO LIVRAMENTO;Demais falhas mecânicas ou elétricas;Tombamento;Com Vítimas Feridas;Plena Noite;Crescente;Céu Claro;Simples;Declive;Não;1;0;0;1;0;0;1;1;-30,8547642;-55,4965204;SPRF-RS;DEL11-RS;UOP01-DEL11-RS
555577;17/10/2023;terça-feira;18:40:00;SP;116;209;GUARULHOS;Ausência de reação do condutor;Engavetamento;Com Vítimas Feridas;Pleno dia;Decrescente;Nublado;Dupla;Reta;Não;4;0;1;0;3;0;1;3;-23,42511799;-46,40221101;SPRF-SP;DEL01-SP;UOP01-DEL01-SP
555579;17/10/2023;terça-feira;18:50:00;SC;101;204,8;SAO JOSE;Reação tardia ou ineficiente do condutor;Tombamento;Com Vítimas Feridas;Plena Noite;Crescente;Nublado;Múltipla;Reta;Sim;1;0;1;0;0;0;1;1;-27,58313237;-48,61532885;SPRF-SC;DEL01-SC;UOP01-DEL01-SC
555582;17/10/2023;terça-feira;18:30:00;CE;116;36;HORIZONTE;Acostamento em desnível;Queda de ocupante de veículo;Com Vítimas Feridas;Plena Noite;Crescente;Céu Claro;Dupla;Reta;Não;1;0;1;0;0;0;1;1;-4,06091689;-38,50402951;SPRF-CE;DEL01-CE;UOP02-DEL01-CE
555583;17/10/2023;terça-feira;19:00:00;ES;101;265;SERRA;Manobra de mudança de faixa;Colisão traseira;Com Vítimas Feridas;Plena Noite;Decrescente;Céu Claro;Múltipla;Reta;Sim;2;0;1;0;1;0;1;2;-20,1816849;-40,26536036;SPRF-ES;DEL02-ES;UOP01-DEL02-ES
555585;17/10/2023;terça-feira;18:47:00;PE;101;74;RECIFE;Reação tardia ou ineficiente do condutor;Colisão lateral mesmo sentido;Com Vítimas Feridas;Plena Noite;Decrescente;Céu Claro;Dupla;Curva;Sim;2;0;1;0;1;0;1;2;-8,10146485;-34,94901577;SPRF-PE;DEL01-PE;UOP01-DEL01-PE
555586;17/10/2023;terça-feira;17:40:00;PE;116;24,7;SALGUEIRO;Reação tardia ou ineficiente do condutor;Saída de leito carroçável;Com Vítimas Feridas;Anoitecer;Decrescente;Céu Claro;Simples;Reta;Sim;1;0;0;1;0;0;1;1;-8,052562;-39,13718;SPRF-PE;DEL05-PE;UOP01-DEL05-PE
555588;17/10/2023;terça-feira;19:00:00;PE;408;74;PAUDALHO;Pedestre cruzava a pista fora da faixa;Atropelamento de Pedestre;Com Vítimas Feridas;Plena Noite;Crescente;Céu Claro;Dupla;Reta;Sim;2;0;0;2;0;0;2;2;-7,89701706;-35,17300548;SPRF-PE;DEL01-PE;UOP01-DEL01-PE
555589;17/10/2023;terça-feira;18:45:00;PB;101;87;JOAO PESSOA;Pedestre andava na pista;Atropelamento de Pedestre;Com Vítimas Feridas;Plena Noite;Decrescente;Céu Claro;Simples;Reta;Sim;2;0;0;1;1;0;1;2;-7,1612763;-34,90443426;SPRF-PB;DEL01-PB;UOP01-DEL01-PB
555590;17/10/2023;terça-feira;18:10:00;SC;470;8;NAVEGANTES;Ausência de reação do condutor;Colisão lateral mesmo sentido;Com Vítimas Feridas;Anoitecer;Decrescente;Nublado;Dupla;Reta;Não;2;0;1;0;1;0;1;2;-26,83688;-48,718853;SPRF-SC;DEL04-SC;UOP04-DEL04-SC
555591;17/10/2023;terça-feira;13:05:00;MG;262;9,2;MARTINS SOARES;Transitar na contramão;Colisão frontal;Com Vítimas Fatais;Pleno dia;Crescente;Céu Claro;Simples;Reta;Não;6;1;2;3;0;0;5;2;-20,25054582;-41,83493898;SPRF-MG;DEL06-MG;UOP03-DEL06-MG
555593;17/10/2023;terça-feira;18:00:00;BA;101;262;SANTO ANTONIO DE JESUS;Reação tardia ou ineficiente do condutor;Colisão transversal;Com Vítimas Feridas;Plena Noite;Decrescente;Céu Claro;Simples;Interseção de Vias;Sim;2;0;1;0;1;0;1;2;-13,0815032;-39,27559444;SPRF-BA;DEL01-BA;UOP02-DEL01-BA
555594;17/10/2023;terça-feira;14:30:00;MG;116;634,8;DIVINO;Desrespeitar a preferência no cruzamento;Colisão transversal;Com Vítimas Feridas;Pleno dia;Decrescente;Sol;Simples;"Reta;Interseção de Vias       ";Não;3;0;3;0;0;0;3;2;-20,62363395;-42,22144788;SPRF-MG;DEL07-MG;UOP02-DEL07-MG
555595;17/10/2023;terça-feira;19:30:00;MT;70;95,2;GENERAL CARNEIRO;Animais na Pista;Atropelamento de Animal;Com Vítimas Feridas;Plena Noite;Decrescente;Céu Claro;Simples;Reta;Não;2;0;1;1;0;0;2;1;-15,57483763;-52,90425902;SPRF-MT;DEL07-MT;UOP01-DEL07-MT
555596;17/10/2023;terça-feira;16:45:00;PR;153;409;PAULO FRONTIN;Reação tardia ou ineficiente do condutor;Colisão traseira;Sem Vítimas;Pleno dia;Decrescente;Nublado;Simples;"Reta;Interseção de Vias;Rotató";Sim;2;0;0;0;2;0;0;2;-26,04537053;-50,8244276;SPRF-PR;DEL08-PR;UOP02-DEL08-PR
555597;17/10/2023;terça-feira;19:15:00;PR;376;180;MARINGA;Trafegar com motocicleta (ou similar) entre as faixas;Colisão traseira;Com Vítimas Feridas;Plena Noite;Crescente;Garoa/Chuvisco;Dupla;Reta;Não;4;0;0;1;3;0;1;4;-23,42725352;-51,89512271;SPRF-PR;DEL09-PR;UOP01-DEL09-PR
555598;17/10/2023;terça-feira;16:40:00;PB;230;414,2;POMBAL;Reação tardia ou ineficiente do condutor;Colisão traseira;Com Vítimas Feridas;Pleno dia;Crescente;Céu Claro;Simples;Reta;Não;2;0;1;0;1;0;1;2;-6,716575;-37,815541;SPRF-PB;DEL03-PB;UOP02-DEL03-PB
555600;17/10/2023;terça-feira;20:20:00;BA;110;278;INHAMBUPE;Pedestre andava na pista;Atropelamento de Pedestre;Com Vítimas Fatais;Plena Noite;Crescente;Céu Claro;Simples;Reta;Não;2;1;0;0;0;1;0;2;-11,6744979;-38,31183625;SPRF-BA;DEL01-BA;UOP04-DEL01-BA
555601;17/10/2023;terça-feira;20:00:00;PR;369;47,8;ANDIRA;Animais na Pista;Atropelamento de Animal;Com Vítimas Feridas;Plena Noite;Decrescente;Céu Claro;Simples;Reta;Não;3;0;3;0;0;0;3;1;-23,09964815;-50,30670762;SPRF-PR;DEL07-PR;UOP05-DEL07-PR
555602;17/10/2023;terça-feira;19:30:00;SC;101;154,5;PORTO BELO;Velocidade Incompatível;Saída de leito carroçável;Com Vítimas Feridas;Plena Noite;Decrescente;Céu Claro;Múltipla;Reta;Não;1;0;1;0;0;0;1;1;-27,153819;-48,61086393;SPRF-SC;DEL04-SC;UOP03-DEL04-SC
555603;17/10/2023;terça-feira;14:30:00;SC;153;80,7;IRANI;Chuva;Colisão frontal;Com Vítimas Feridas;Pleno dia;Decrescente;Chuva;Simples;"Curva;Aclive                  ";Não;3;0;3;0;0;0;3;2;-27,117521;-51,914806;SPRF-SC;DEL07-SC;UOP04-DEL07-SC
555604;17/10/2023;terça-feira;19:20:00;SC;101;137,3;BALNEARIO CAMBORIU;Desrespeitar a preferência no cruzamento;Colisão transversal;Com Vítimas Feridas;Plena Noite;Crescente;Nublado;Múltipla;Interseção de Vias;Sim;2;0;1;0;1;0;1;2;-27,0157238;-48,61192763;SPRF-SC;DEL04-SC;UOP03-DEL04-SC
555605;17/10/2023;terça-feira;20:00:00;PI;343;4,4;TERESINA;Ausência de reação do condutor;Colisão traseira;Com Vítimas Feridas;Plena Noite;Decrescente;Céu Claro;Múltipla;Reta;Sim;3;0;1;0;2;0;1;3;-5,089569;-42,802288;SPRF-PI;DEL01-PI;UOP01-DEL01-PI
555606;17/10/2023;terça-feira;21:00:00;PR;277;724;FOZ DO IGUACU;Desrespeitar a preferência no cruzamento;Colisão transversal;Com Vítimas Feridas;Plena Noite;Crescente;Céu Claro;Dupla;"Retorno Regulamentado;Reta    ";Sim;2;0;0;1;1;0;1;2;-25,50257577;-54,53868311;SPRF-PR;DEL05-PR;UOP03-DEL05-PR
555608;17/10/2023;terça-feira;17:40:00;PA;230;5,3;ALTAMIRA;Condutor deixou de manter distância do veículo da frente;Colisão traseira;Com Vítimas Feridas;Pleno dia;Crescente;Céu Claro;Simples;Reta;Sim;2;0;1;1;0;0;2;2;-3,203721;-52,206787;SPRF-PA;DEL04-PA;UOP01-DEL04-PA
555613;17/10/2023;terça-feira;20:10:00;PR;277;59;SAO JOSE DOS PINHAIS;Ausência de reação do condutor;Colisão com objeto;Com Vítimas Feridas;Plena Noite;Decrescente;Nevoeiro/Neblina;Dupla;Reta;Não;2;0;1;0;1;0;1;1;-25,5523411;-49,03670847;SPRF-PR;DEL01-PR;UOP01-DEL01-PR
555615;05/09/2023;terça-feira;22:10:00;MS;163;279,9;DOURADOS;Pedestre cruzava a pista fora da faixa;Atropelamento de Pedestre;Com Vítimas Feridas;Plena Noite;Crescente;Ignorado;Dupla;Reta;Sim;4;0;0;1;2;1;1;2;-22,13794223;-54,61956683;SPRF-MS;DEL04-MS;UOP01-DEL04-MS
555617;17/10/2023;terça-feira;21:10:00;MG;40;521,7;CONTAGEM;Pedestre andava na pista;Atropelamento de Pedestre;Com Vítimas Feridas;Plena Noite;Decrescente;Céu Claro;Dupla;Reta;Sim;2;0;0;1;1;0;1;2;-19,85651501;-44,07213222;SPRF-MG;DEL01-MG;UOP02-DEL01-MG
555618;09/10/2023;segunda-feira;12:40:00;RJ;356;176;SAO JOAO DA BARRA;Condutor deixou de manter distância do veículo da frente;Colisão traseira;Com Vítimas Feridas;Pleno dia;Decrescente;Céu Claro;Simples;Reta;Não;3;0;1;0;2;0;1;3;-21,699931;-41,056939;SPRF-RJ;DEL08-RJ;UOP02-DEL08-RJ
555619;17/10/2023;terça-feira;22:06:00;GO;40;2,5;VALPARAISO DE GOIAS;Acessar a via sem observar a presença dos outros veículos;Colisão transversal;Com Vítimas Feridas;Plena Noite;Crescente;Céu Claro;Dupla;Retorno Regulamentado;Sim;2;0;0;1;1;0;1;2;-16,067129;-47,984235;SPRF-DF;DEL01-DF;UOP01-DEL01-DF
555620;17/10/2023;terça-feira;20:20:00;PR;153;17,7;JACAREZINHO;Condutor deixou de manter distância do veículo da frente;Colisão traseira;Com Vítimas Feridas;Plena Noite;Decrescente;Céu Claro;Simples;"Reta;Aclive                   ";Não;3;0;1;0;1;1;1;3;-23,14973202;-49,95366454;SPRF-PR;DEL07-PR;UOP04-DEL07-PR
555621;17/10/2023;terça-feira;21:55:00;SC;101;331,6;TUBARAO;Desrespeitar a preferência no cruzamento;Colisão transversal;Com Vítimas Feridas;Plena Noite;Decrescente;Nublado;Dupla;Rotatória;Sim;2;0;1;0;1;0;1;2;-28,46588539;-48,99507523;SPRF-SC;DEL02-SC;UOP01-DEL02-SC
555623;17/10/2023;terça-feira;22:00:00;PR;277;636,2;CEU AZUL;Desrespeitar a preferência no cruzamento;Colisão transversal;Com Vítimas Feridas;Plena Noite;Crescente;Nublado;Simples;Reta;Sim;3;0;0;3;0;0;3;2;-25,14493869;-53,83748189;SPRF-PR;DEL05-PR;UOP02-DEL05-PR
555624;17/10/2023;terça-feira;21:30:00;RN;406;160,2;CEARA-MIRIM;Entrada inopinada do pedestre;Atropelamento de Pedestre;Com Vítimas Feridas;Plena Noite;Decrescente;Céu Claro;Simples;Reta;Sim;3;0;2;1;0;0;3;2;-5,71375666;-35,37210457;SPRF-RN;DEL02-RN;UOP01-DEL02-RN
555627;17/10/2023;terça-feira;22:10:00;PB;230;155,2;CAMPINA GRANDE;Animais na Pista;Atropelamento de Animal;Com Vítimas Feridas;Plena Noite;Crescente;Céu Claro;Simples;Reta;Sim;1;0;0;1;0;0;1;1;-7,27560097;-35,9038353;SPRF-PB;DEL02-PB;UOP01-DEL02-PB
555628;17/10/2023;terça-feira;21:30:00;PR;116;179,1;QUITANDINHA;Reação tardia ou ineficiente do condutor;Saída de leito carroçável;Sem Vítimas;Plena Noite;Crescente;Chuva;Simples;Reta;Não;1;0;0;0;1;0;0;1;-25,90048185;-49,56388311;SPRF-PR;DEL01-PR;UOP03-DEL01-PR
555629;17/10/2023;terça-feira;22:55:00;RJ;116;309,6;RESENDE;Reação tardia ou ineficiente do condutor;Colisão traseira;Sem Vítimas;Plena Noite;Crescente;Chuva;Dupla;Reta;Não;3;0;0;0;3;0;0;2;-22,4580719;-44,4273143;SPRF-RJ;DEL07-RJ;UOP02-DEL07-RJ
555630;17/10/2023;terça-feira;13:20:00;PR;153;102,5;IBAITI;Chuva;Colisão com objeto;Com Vítimas Feridas;Pleno dia;Decrescente;Chuva;Simples;Reta;Não;2;0;2;0;0;0;2;1;-23,78980606;-50,18764213;SPRF-PR;DEL07-PR;UOP04-DEL07-PR
555633;17/10/2023;terça-feira;23:15:00;RJ;116;193;QUEIMADOS;Demais falhas mecânicas ou elétricas;Colisão traseira;Sem Vítimas;Plena Noite;Decrescente;Nublado;Dupla;Reta;Não;6;0;0;0;2;4;0;5;-22,73960178;-43,52859094;SPRF-RJ;DEL01-RJ;UOP02-DEL01-RJ
555634;17/10/2023;terça-feira;23:22:00;PB;230;158,7;CAMPINA GRANDE;Ingestão de álcool pelo condutor;Colisão traseira;Sem Vítimas;Plena Noite;Crescente;Céu Claro;Simples;"Reta;Interseção de Vias       ";Sim;2;0;0;0;2;0;0;2;-7,256955;-35,92803955;SPRF-PB;DEL02-PB;UOP01-DEL02-PB
555637;17/10/2023;terça-feira;23:40:00;RJ;356;23;ITAPERUNA;Avarias e/ou desgaste excessivo no pneu;Colisão com objeto;Sem Vítimas;Plena Noite;Crescente;Nublado;Simples;Curva;Não;3;0;0;0;1;2;0;1;-21,18026434;-41,98292495;SPRF-RJ;DEL08-RJ;UOP03-DEL08-RJ
555639;18/10/2023;quarta-feira;00:20:00;RS;153;53;ERECHIM;Ingestão de álcool pelo condutor;Saída de leito carroçável;Com Vítimas Feridas;Plena Noite;Crescente;Nublado;Simples;Declive;Não;1;0;1;0;0;0;1;1;-27,67588411;-52,290501;SPRF-RS;DEL08-RS;UOP04-DEL08-RS
555640;18/10/2023;quarta-feira;00:45:00;PR;277;141;BALSA NOVA;Ausência de reação do condutor;Saída de leito carroçável;Com Vítimas Feridas;Plena Noite;Decrescente;Nublado;Simples;Reta;Não;4;0;2;0;2;0;2;1;-25,4650131;-49,7406435;SPRF-PR;DEL03-PR;UOP03-DEL03-PR
555643;18/10/2023;quarta-feira;01:55:00;MS;163;465;CAMPO GRANDE;Ausência de reação do condutor;Saída de leito carroçável;Com Vítimas Feridas;Plena Noite;Crescente;Céu Claro;Simples;Reta;Não;1;0;0;1;0;0;1;1;-20,59436908;-54,5809341;SPRF-MS;DEL01-MS;UOP01-DEL01-MS
555644;18/10/2023;quarta-feira;03:30:00;RS;386;434,1;NOVA SANTA RITA;Ausência de reação do condutor;Colisão com objeto;Com Vítimas Feridas;Plena Noite;Decrescente;Céu Claro;Dupla;Reta;Não;2;0;2;0;0;0;2;1;-29,843386;-51,285454;SPRF-RS;DEL04-RS;UOP02-DEL04-RS
555645;18/10/2023;quarta-feira;00:33:00;MS;463;8;DOURADOS;Reação tardia ou ineficiente do condutor;Colisão com objeto;Com Vítimas Feridas;Plena Noite;Crescente;Céu Claro;Simples;Rotatória;Não;1;0;1;0;0;0;1;1;-22,25406888;-54,87557173;SPRF-MS;DEL04-MS;UOP03-DEL04-MS
555647;18/10/2023;quarta-feira;05:00:00;ES;262;125,2;CONCEICAO DO CASTELO;Condutor Dormindo;Saída de leito carroçável;Com Vítimas Feridas;Amanhecer;Decrescente;Nublado;Simples;Curva;Não;3;0;2;0;1;0;2;1;-20,27994144;-41,26114078;SPRF-ES;DEL01-ES;UOP02-DEL01-ES
555650;18/10/2023;quarta-feira;06:35:00;GO;153;436;ANAPOLIS;Condutor Dormindo;Saída de leito carroçável;Com Vítimas Feridas;Pleno dia;Crescente;Sol;Dupla;Reta;Sim;1;0;1;0;0;0;1;1;-16,283987;-48,951763;SPRF-GO;DEL02-GO;UOP01-DEL02-GO
555651;18/10/2023;quarta-feira;06:30:00;SP;116;228,5;SAO PAULO;Condutor deixou de manter distância do veículo da frente;Colisão traseira;Com Vítimas Feridas;Pleno dia;Decrescente;Céu Claro;Múltipla;Reta;Sim;2;0;1;0;1;0;1;2;-23,50343484;-46,56638712;SPRF-SP;DEL01-SP;UOP01-DEL01-SP
555652;18/10/2023;quarta-feira;07:20:00;SP;116;206;GUARULHOS;Ausência de reação do condutor;Tombamento;Com Vítimas Feridas;Pleno dia;Crescente;Céu Claro;Dupla;Reta;Sim;1;0;1;0;0;0;1;1;-23,41722629;-46,37510292;SPRF-SP;DEL01-SP;UOP01-DEL01-SP
555653;18/10/2023;quarta-feira;07:13:00;BA;324;615,8;SALVADOR;Trafegar com motocicleta (ou similar) entre as faixas;Colisão lateral mesmo sentido;Com Vítimas Feridas;Pleno dia;Crescente;Sol;Dupla;"Reta;Aclive                   ";Sim;2;0;1;0;1;0;1;2;-12,885433;-38,437222;SPRF-BA;DEL01-BA;UOP01-DEL01-BA
555654;18/10/2023;quarta-feira;07:00:00;PR;277;78;CURITIBA;Manobra de mudança de faixa;Colisão lateral mesmo sentido;Com Vítimas Feridas;Pleno dia;Crescente;Céu Claro;Dupla;Reta;Sim;3;0;0;1;2;0;1;2;-25,47921843;-49,20030257;SPRF-PR;DEL01-PR;UOP01-DEL01-PR
555656;18/10/2023;quarta-feira;07:00:00;SC;101;112;ITAJAI;Reação tardia ou ineficiente do condutor;Tombamento;Com Vítimas Feridas;Pleno dia;Crescente;Nublado;Dupla;Reta;Não;1;0;1;0;0;0;1;1;-26,84589005;-48,72131295;SPRF-SC;DEL04-SC;UOP04-DEL04-SC
555657;18/10/2023;quarta-feira;07:25:00;BA;324;525;FEIRA DE SANTANA;Acessar a via sem observar a presença dos outros veículos;Colisão lateral mesmo sentido;Com Vítimas Feridas;Pleno dia;Crescente;Céu Claro;Dupla;Reta;Sim;2;0;0;1;1;0;1;2;-12,31077928;-38,88473511;SPRF-BA;DEL01-BA;UOP03-DEL01-BA
555662;18/10/2023;quarta-feira;07:15:00;MS;60;414;SIDROLANDIA;Acessar a via sem observar a presença dos outros veículos;Colisão transversal;Com Vítimas Feridas;Pleno dia;Crescente;Céu Claro;Simples;Reta;Não;3;0;1;1;1;0;2;2;-20,89554922;-54,86568024;SPRF-MS;DEL01-MS;UOP04-DEL01-MS
555663;18/10/2023;quarta-feira;08:20:00;MG;40;532;CONTAGEM;Ausência de reação do condutor;Colisão traseira;Com Vítimas Feridas;Pleno dia;Crescente;Céu Claro;Dupla;Reta;Sim;3;0;1;2;0;0;3;2;-19,92372561;-44,01700789;SPRF-MG;DEL01-MG;UOP02-DEL01-MG
555664;17/10/2023;terça-feira;17:35:00;AC;364;368;MANOEL URBANO;Conversão proibida;Colisão transversal;Com Vítimas Feridas;Plena Noite;Crescente;Céu Claro;Simples;Reta;Não;2;0;0;1;1;0;1;2;-8,7687014;-69,4485412;SPRF-AC;DEL01-AC;UOP01-DEL01-AC
555665;18/10/2023;quarta-feira;08:08:00;SC;470;57,1;BLUMENAU;Conversão proibida;Colisão lateral mesmo sentido;Com Vítimas Feridas;Pleno dia;Decrescente;Nublado;Simples;"Em Obras;Curva                ";Sim;2;0;1;0;1;0;1;2;-26,880428;-49,136532;SPRF-SC;DEL04-SC;UOP01-DEL04-SC
555666;18/10/2023;quarta-feira;06:30:00;RN;406;117;POCO BRANCO;Ausência de reação do condutor;Colisão traseira;Com Vítimas Feridas;Pleno dia;Decrescente;Céu Claro;Simples;Reta;Não;2;0;1;0;1;0;1;2;-5,57560522;-35,69347206;SPRF-RN;DEL02-RN;UOP01-DEL02-RN
555668;18/10/2023;quarta-feira;06:30:00;RO;364;426;JARU;Acesso irregular;Colisão transversal;Com Vítimas Feridas;Pleno dia;Crescente;Sol;Simples;Reta;Sim;3;0;2;1;0;0;3;2;-10,432443;-62,479584;SPRF-RO;DEL03-RO;UOP02-DEL03-RO
555670;18/10/2023;quarta-feira;08:50:00;GO;153;534,3;HIDROLANDIA;Condutor usando celular;Saída de leito carroçável;Com Vítimas Feridas;Pleno dia;Crescente;Céu Claro;Dupla;"Reta;Declive                  ";Não;1;0;1;0;0;0;1;1;-17,0016;-49,2231;SPRF-GO;DEL01-GO;UOP03-DEL01-GO
555673;18/10/2023;quarta-feira;08:00:00;PR;376;185,6;MARIALVA;Demais falhas mecânicas ou elétricas;Queda de ocupante de veículo;Com Vítimas Feridas;Pleno dia;Decrescente;Céu Claro;Dupla;Reta;Não;2;0;1;1;0;0;2;1;-23,45147413;-51,85361808;SPRF-PR;DEL09-PR;UOP01-DEL09-PR
555674;18/10/2023;quarta-feira;08:30:00;RJ;40;121;DUQUE DE CAXIAS;Acessar a via sem observar a presença dos outros veículos;Colisão lateral mesmo sentido;Com Vítimas Feridas;Pleno dia;Crescente;Nublado;Múltipla;Reta;Sim;3;0;3;0;0;0;3;2;-22,78185499;-43,28571273;SPRF-RJ;DEL01-RJ;UOP01-DEL01-RJ
555675;18/10/2023;quarta-feira;00:45:00;SC;282;302,6;VARGEM;Demais falhas mecânicas ou elétricas;Incêndio;Sem Vítimas;Plena Noite;Decrescente;Nublado;Simples;Reta;Não;1;0;0;0;1;0;0;1;-27,505852;-50,926998;SPRF-SC;DEL07-SC;UOP06-DEL07-SC
555677;18/10/2023;quarta-feira;09:05:00;GO;153;496,9;GOIANIA;Ausência de reação do condutor;Engavetamento;Com Vítimas Feridas;Pleno dia;Crescente;Céu Claro;Dupla;Curva;Sim;3;0;0;1;2;0;1;3;-16,6854;-49,2338;SPRF-GO;DEL01-GO;UOP01-DEL01-GO
555679;18/10/2023;quarta-feira;09:00:00;ES;101;398;ITAPEMIRIM;Ausência de reação do condutor;Queda de ocupante de veículo;Com Vítimas Feridas;Pleno dia;Crescente;Nublado;Múltipla;Reta;Não;1;0;1;0;0;0;1;1;-20,87530245;-40,95792915;SPRF-ES;DEL03-ES;UOP02-DEL03-ES
555681;18/10/2023;quarta-feira;07:45:00;MG;381;491,9;BETIM;Ausência de reação do condutor;Colisão traseira;Com Vítimas Feridas;Pleno dia;Crescente;Sol;Dupla;Reta;Sim;2;0;1;0;1;0;1;2;-19,9943211;-44,14615631;SPRF-MG;DEL01-MG;UOP03-DEL01-MG
555682;18/10/2023;quarta-feira;08:07:00;MG;262;37,4;MANHUACU;Acessar a via sem observar a presença dos outros veículos;Colisão frontal;Com Vítimas Feridas;Pleno dia;Decrescente;Nublado;Simples;Reta;Sim;2;0;1;0;1;0;1;2;-20,25748975;-42,03048732;SPRF-MG;DEL06-MG;UOP03-DEL06-MG
555683;10/10/2023;terça-feira;16:30:00;SC;282;31;AGUAS MORNAS;Demais falhas mecânicas ou elétricas;Incêndio;Sem Vítimas;Pleno dia;Decrescente;Nublado;Simples;"Curva;Declive                 ";Não;1;0;0;0;1;0;0;1;-27,695198;-48,793308;SPRF-SC;DEL01-SC;UOP03-DEL01-SC
555685;18/10/2023;quarta-feira;10:00:00;SP;459;29,6;LORENA;Manobra de mudança de faixa;Colisão lateral mesmo sentido;Com Vítimas Feridas;Pleno dia;Crescente;Céu Claro;Múltipla;Rotatória;Sim;2;0;1;0;1;0;1;2;-22,717228;-45,108387;SPRF-SP;DEL08-SP;UOP02-DEL08-SP
555686;08/09/2023;sexta-feira;22:00:00;BA;324;626;SALVADOR;Condutor deixou de manter distância do veículo da frente;Colisão lateral mesmo sentido;Com Vítimas Feridas;Plena Noite;Crescente;Ignorado;Dupla;Reta;Sim;2;0;1;0;1;0;1;2;-12,95020997;-38,47073108;SPRF-BA;DEL01-BA;UOP01-DEL01-BA
555687;11/10/2023;quarta-feira;23:30:00;PE;232;54;POMBOS;Ausência de reação do condutor;Colisão traseira;Sem Vítimas;Pleno dia;Decrescente;Céu Claro;Dupla;"Reta;Aclive                   ";Não;2;0;0;0;1;1;0;2;-8,12919504;-35,35716398;SPRF-PE;DEL02-PE;UOP02-DEL02PE
555688;18/10/2023;quarta-feira;07:50:00;AM;230;611,4;HUMAITA;Acessar a via sem observar a presença dos outros veículos;Colisão transversal;Com Vítimas Feridas;Pleno dia;Decrescente;Céu Claro;Dupla;"Reta;Interseção de Vias       ";Sim;3;0;1;2;0;0;3;2;-7,50288371;-63,02878087;SPRF-AM;DEL01-AM;UOP05-DEL01-AM
555689;18/10/2023;quarta-feira;10:10:00;PE;101;46,2;IGARASSU;Acessar a via sem observar a presença dos outros veículos;Colisão transversal;Com Vítimas Feridas;Pleno dia;Crescente;Sol;Múltipla;Reta;Sim;2;0;1;0;1;0;1;2;-7,87406004;-34,90588126;SPRF-PE;DEL01-PE;UOP02-DEL01-PE
555696;18/10/2023;quarta-feira;09:50:00;BA;116;3;VITORIA DA CONQUISTA;Desrespeitar a preferência no cruzamento;Colisão transversal;Com Vítimas Feridas;Pleno dia;Decrescente;Céu Claro;Simples;"Declive;Interseção de Vias    ";Sim;3;0;2;0;1;0;2;2;-14,851;-40,8485;SPRF-BA;DEL08-BA;UOP01-DEL08-BA
555698;18/10/2023;quarta-feira;11:40:00;PE;101;67,3;RECIFE;Condutor deixou de manter distância do veículo da frente;Colisão traseira;Com Vítimas Feridas;Pleno dia;Crescente;Sol;Dupla;Reta;Sim;5;0;4;0;1;0;4;4;-8,042334;-34,943096;SPRF-PE;DEL01-PE;UOP01-DEL01-PE