id;data_inversa;dia_semana;horario;uf;br;km;municipio;causa_acidente;tipo_acidente;classificacao_acidente;fase_dia;sentido_via;condicao_metereologica;tipo_pista;tracado_via;uso_solo;pessoas;mortos;feridos_leves;feridos_graves;ilesos;ignorados;feridos;veiculos;latitude;longitude;regional;delegacia;uop
555849;19/10/2023;quinta-feira;07:30:00;MG;116;517,9;UBAPORANGA;Reação tardia ou ineficiente do condutor;Saída de leito carroçável;Com Vítimas Feridas;Pleno dia;Crescente;Nublado;Simples;Curva;Não;1;0;1;0;0;0;1;1;-19,71023301;-42,12282658;SPRF-MG;DEL06-MG;UOP02-DEL06-MG
555850;19/10/2023;quinta-feira;06:10:00;RJ;116;78;TERESOPOLIS;Condutor Dormindo;Saída de leito carroçável;Com Vítimas Feridas;Pleno dia;Decrescente;Garoa/Chuvisco;Simples;Curva;Não;1;0;1;0;0;0;1;1;-22,37408687;-42,95260496;SPRF-RJ;DEL04-RJ;UOP01-DEL04-RJ
555852;19/10/2023;quinta-feira;08:45:00;RN;101;97,4;NATAL;Condutor deixou de manter distância do veículo da frente;Colisão traseira;Sem Vítimas;Pleno dia;Decrescente;Nublado;Múltipla;Viaduto;Sim;4;0;0;0;4;0;0;4;-5,85758898;-35,21271205;SPRF-RN;DEL01-RN;UOP01-DEL01-RN
555855;19/10/2023;quinta-feira;08:30:00;SP;381;69;MAIRIPORA;Velocidade Incompatível;Capotamento;Com Vítimas Feridas;Pleno dia;Decrescente;Céu Claro;Dupla;Curva;Não;5;0;5;0;0;0;5;1;-23,34553108;-46,56787903;SPRF-SP;DEL03-SP;UOP01-DEL03-SP
555856;19/10/2023;quinta-feira;06:20:00;RJ;116;188;NOVA IGUACU;Reação tardia ou ineficiente do condutor;Engavetamento;Com Vítimas Feridas;Pleno dia;Decrescente;Céu Claro;Dupla;Reta;Não;8;0;1;0;7;0;1;4;-22,7380709;-43,48213999;SPRF-RJ;DEL01-RJ;UOP02-DEL01-RJ
555857;19/10/2023;quinta-feira;08:20:00;RO;319;62;PORTO VELHO;Condutor deixou de manter distância do veículo da frente;Colisão traseira;Com Vítimas Feridas;Pleno dia;Crescente;Céu Claro;Dupla;Reta;Sim;2;0;1;0;1;0;1;2;-8,766685;-63,884052;SPRF-RO;DEL01-RO;UOP01-DEL01-RO
555858;19/10/2023;quinta-feira;09:40:00;CE;222;4,3;CAUCAIA;Manobra de mudança de faixa;Colisão lateral mesmo sentido;Com Vítimas Feridas;Pleno dia;Crescente;Céu Claro;Múltipla;Reta;Não;3;0;2;0;1;0;2;2;-3,74164754;-38,60449792;SPRF-CE;DEL01-CE;UOP01-DEL01-CE
555859;19/10/2023;quinta-feira;09:35:00;RN;101;97;NATAL;Condutor deixou de manter distância do veículo da frente;Colisão traseira;Sem Vítimas;Pleno dia;Decrescente;Nublado;Múltipla;Reta;Sim;2;0;0;0;2;0;0;2;-5,85758898;-35,21271205;SPRF-RN;DEL01-RN;UOP01-DEL01-RN
555860;19/10/2023;quinta-feira;09:50:00;PE;101;42;IGARASSU;Reação tardia ou ineficiente do condutor;Colisão traseira;Com Vítimas Feridas;Pleno dia;Decrescente;Céu Claro;Dupla;Reta;Não;1;0;1;0;0;0;1;1;-7,83887431;-34,91196739;SPRF-PE;DEL01-PE;UOP02-DEL01-PE
555861;19/10/2023;quinta-feira;10:05:00;PI;343;28;PARNAIBA;Ausência de reação do condutor;Colisão traseira;Sem Vítimas;Pleno dia;Crescente;Céu Claro;Simples;Reta;Sim;7;0;0;0;7;0;0;2;-3,052351;-41,77544;SPRF-PI;DEL05-PI;UOP01-DEL05-PI
555863;03/10/2023;terça-feira;17:45:00;PE;423;30,1;SAO CAITANO;Deficiência do Sistema de Iluminação/Sinalização;Colisão traseira;Com Vítimas Feridas;Plena Noite;Decrescente;Céu Claro;Simples;Reta;Não;3;0;0;1;2;0;1;2;-8,4192339;-36,19365318;SPRF-PE;DEL03-PE;UOP02-DEL03-PE
555869;19/10/2023;quinta-feira;08:15:00;MG;40;658,5;CARANDAI;Demais falhas mecânicas ou elétricas;Incêndio;Sem Vítimas;Pleno dia;Crescente;Nublado;Simples;Reta;Não;2;0;0;0;2;0;0;1;-20,89286968;-43,81809773;SPRF-MG;DEL05-MG;UOP02-DEL05-MG
555870;19/10/2023;quinta-feira;11:01:00;PR;277;717;SANTA TEREZINHA DE ITAIPU;Ausência de reação do condutor;Saída de leito carroçável;Com Vítimas Feridas;Pleno dia;Crescente;Garoa/Chuvisco;Dupla;"Reta;Declive                  ";Não;1;0;1;0;0;0;1;1;-25,47637493;-54,47651902;SPRF-PR;DEL05-PR;UOP01-DEL05-PR
555871;09/09/2023;sábado;04:30:00;GO;70;12;AGUAS LINDAS DE GOIAS;Ausência de reação do condutor;Capotamento;Com Vítimas Feridas;Plena Noite;Crescente;Céu Claro;Dupla;Reta;Não;5;0;4;0;0;1;4;1;-15,74037077;-48,3103523;SPRF-DF;DEL03-DF;UOP02-DEL03-DF
555872;13/09/2023;quarta-feira;21:00:00;BA;101;149;CONCEICAO DO JACUIPE;Manobra de mudança de faixa;Saída de leito carroçável;Com Vítimas Feridas;Plena Noite;Crescente;Céu Claro;Simples;"Reta;Em Obras;Desvio Temporári";Não;1;0;1;0;0;0;1;1;-12,28396;-38,700699;SPRF-BA;DEL01-BA;UOP03-DEL01-BA
555873;19/10/2023;quinta-feira;10:00:00;PE;232;4;RECIFE;Pedestre andava na pista;Atropelamento de Pedestre;Sem Vítimas;Pleno dia;Crescente;Sol;Simples;Curva;Sim;2;0;0;0;1;1;0;2;-8,064473;-34,936928;SPRF-PE;DEL01-PE;UOP01-DEL01-PE
555874;19/10/2023;quinta-feira;10:24:00;PB;101;75;SANTA RITA;Condutor Dormindo;Colisão com objeto;Sem Vítimas;Pleno dia;Crescente;Céu Claro;Dupla;"Curva;Declive                 ";Não;1;0;0;0;1;0;0;1;-7,08342296;-34,97202399;SPRF-PB;DEL01-PB;UOP04-DEL01-PB
555875;04/08/2023;sexta-feira;16:50:00;MA;135;184;SAO MATEUS DO MARANHAO;Reação tardia ou ineficiente do condutor;Saída de leito carroçável;Com Vítimas Feridas;Pleno dia;Decrescente;Céu Claro;Simples;Reta;Não;7;0;4;3;0;0;7;1;-4,05539603;-44,47297391;SPRF-MA;DEL03-MA;UOP01-DEL03-MA
555877;19/10/2023;quinta-feira;10:50:00;RS;116;232;ESTANCIA VELHA;Ultrapassagem Indevida;Colisão com objeto;Com Vítimas Feridas;Pleno dia;Decrescente;Céu Claro;Dupla;"Reta;Aclive                   ";Sim;1;0;1;0;0;0;1;1;-29,63300002;-51,14325106;SPRF-RS;DEL01-RS;UOP02-DEL01-RS
555880;19/10/2023;quinta-feira;12:20:00;SP;116;230,6;SAO PAULO;Trafegar com motocicleta (ou similar) entre as faixas;Colisão lateral mesmo sentido;Com Vítimas Feridas;Pleno dia;Crescente;Nublado;Múltipla;Reta;Não;3;0;2;0;1;0;2;2;-23,52251783;-46,5855702;SPRF-SP;DEL01-SP;UOP01-DEL01-SP
555882;19/10/2023;quinta-feira;12:10:00;SC;101;139;BALNEARIO CAMBORIU;Velocidade Incompatível;Queda de ocupante de veículo;Com Vítimas Feridas;Pleno dia;Decrescente;Nublado;Dupla;Reta;Sim;1;0;1;0;0;0;1;1;-27,02982303;-48,60115006;SPRF-SC;DEL04-SC;UOP03-DEL04-SC
555884;28/09/2023;quinta-feira;20:18:00;MT;174;288;PONTES E LACERDA;Animais na Pista;Colisão frontal;Com Vítimas Feridas;Anoitecer;Crescente;Ignorado;Simples;Aclive;Não;2;0;0;1;1;0;1;1;-15,25196185;-59,31037545;SPRF-MT;DEL04-MT;UOP01-DEL04-MT
555887;19/10/2023;quinta-feira;12:45:00;SC;280;55,8;GUARAMIRIM;Desrespeitar a preferência no cruzamento;Colisão transversal;Com Vítimas Feridas;Pleno dia;Crescente;Garoa/Chuvisco;Dupla;"Reta;Interseção de Vias;Rotató";Não;3;0;2;0;1;0;2;2;-26,47584353;-48,9937858;SPRF-SC;DEL03-SC;UOP03-DEL03-SC
555888;19/10/2023;quinta-feira;13:00:00;SC;470;4;NAVEGANTES;Desrespeitar a preferência no cruzamento;Colisão transversal;Com Vítimas Feridas;Pleno dia;Crescente;Nublado;Dupla;"Reta;Rotatória;Em Obras       ";Sim;2;0;1;0;1;0;1;2;-26,858473;-48,690788;SPRF-SC;DEL04-SC;UOP04-DEL04-SC
555890;19/10/2023;quinta-feira;12:55:00;PR;116;126;FAZENDA RIO GRANDE;Condutor desrespeitou a iluminação vermelha do semáforo;Colisão transversal;Com Vítimas Feridas;Pleno dia;Crescente;Garoa/Chuvisco;Múltipla;"Reta;Interseção de Vias       ";Sim;6;0;2;0;2;2;2;3;-25,63702869;-49,31323886;SPRF-PR;DEL01-PR;UOP03-DEL01-PR
555892;19/10/2023;quinta-feira;12:50:00;RJ;40;121;DUQUE DE CAXIAS;Manobra de mudança de faixa;Colisão lateral mesmo sentido;Com Vítimas Feridas;Pleno dia;Crescente;Nublado;Múltipla;Reta;Sim;2;0;1;0;1;0;1;2;-22,78185499;-43,28571273;SPRF-RJ;DEL01-RJ;UOP01-DEL01-RJ
555897;19/10/2023;quinta-feira;11:58:00;SC;282;531;CORDILHEIRA ALTA;Pedestre cruzava a pista fora da faixa;Atropelamento de Pedestre;Com Vítimas Feridas;Pleno dia;Crescente;Chuva;Simples;Reta;Sim;3;0;1;0;2;0;1;2;-26,990747;-52,609776;SPRF-SC;DEL07-SC;UOP01-DEL07-SC
555898;19/10/2023;quinta-feira;12:30:00;MG;354;750,4;ITANHANDU;Velocidade Incompatível;Saída de leito carroçável;Com Vítimas Feridas;Pleno dia;Crescente;Nublado;Simples;Curva;Não;1;0;1;0;0;0;1;1;-22,26373633;-44,89186808;SPRF-MG;DEL17-MG;UOP01-DEL17-MG
555902;19/10/2023;quinta-feira;14:01:00;RS;153;50,6;ERECHIM;Acessar a via sem observar a presença dos outros veículos;Colisão transversal;Com Vítimas Feridas;Pleno dia;Crescente;Nublado;Simples;Rotatória;Sim;2;0;1;0;1;0;1;2;-27,65623359;-52,27554709;SPRF-RS;DEL08-RS;UOP04-DEL08-RS
555906;19/10/2023;quinta-feira;14:35:00;SP;116;219;GUARULHOS;Pedestre andava na pista;Atropelamento de Pedestre;Com Vítimas Feridas;Pleno dia;Decrescente;Céu Claro;Múltipla;Reta;Sim;2;0;1;0;0;1;1;2;-23,46143954;-46,48885316;SPRF-SP;DEL01-SP;UOP01-DEL01-SP
555908;19/10/2023;quinta-feira;13:00:00;MS;267;162,5;NOVA ANDRADINA;Condutor Dormindo;Colisão com objeto;Com Vítimas Fatais;Pleno dia;Decrescente;Céu Claro;Simples;Reta;Não;2;2;0;0;0;0;0;1;-21,63108076;-53,58710396;SPRF-MS;DEL02-MS;UOP03-DEL02-MS
555909;19/10/2023;quinta-feira;14:30:00;SC;101;158;PORTO BELO;Reação tardia ou ineficiente do condutor;Colisão traseira;Com Vítimas Feridas;Pleno dia;Decrescente;Nublado;Dupla;Reta;Não;2;0;1;0;1;0;1;2;-27,19096301;-48,61259017;SPRF-SC;DEL04-SC;UOP03-DEL04-SC
555910;08/10/2023;domingo;18:15:00;RS;470;225;GARIBALDI;Desrespeitar a preferência no cruzamento;Colisão transversal;Sem Vítimas;Anoitecer;Crescente;Garoa/Chuvisco;Simples;"Reta;Retorno Regulamentado    ";Sim;7;0;0;0;7;0;0;2;-29,21454003;-51,51762617;SPRF-RS;DEL06-RS;UOP01-DEL06-RS
555911;19/10/2023;quinta-feira;14:15:00;MG;116;715,7;MURIAE;Curva acentuada;Saída de leito carroçável;Com Vítimas Feridas;Pleno dia;Decrescente;Nublado;Simples;Curva;Não;1;0;1;0;0;0;1;1;-21,20407381;-42,3892452;SPRF-MG;DEL07-MG;UOP02-DEL07-MG
555914;19/10/2023;quinta-feira;14:05:00;SC;101;70,2;ARAQUARI;Ausência de reação do condutor;Colisão traseira;Com Vítimas Feridas;Pleno dia;Crescente;Nublado;Múltipla;Retorno Regulamentado;Sim;2;0;0;1;1;0;1;2;-26,51082007;-48,72345612;SPRF-SC;DEL03-SC;UOP02-DEL03-SC
555915;19/10/2023;quinta-feira;13:40:00;RO;364;692;CANDEIAS DO JAMARI;Acessar a via sem observar a presença dos outros veículos;Colisão lateral sentido oposto;Com Vítimas Feridas;Pleno dia;Crescente;Nublado;Simples;"Reta;Interseção de Vias       ";Sim;2;0;1;0;1;0;1;2;-8,79733425;-63,69814797;SPRF-RO;DEL01-RO;UOP01-DEL01-RO
555916;19/10/2023;quinta-feira;14:30:00;MG;146;476;BANDEIRA DO SUL;Acessar a via sem observar a presença dos outros veículos;Colisão transversal;Com Vítimas Feridas;Pleno dia;Crescente;Chuva;Simples;"Curva;Declive;Rotatória;Inters";Não;7;0;1;1;5;0;2;2;-21,7457301;-46,40447096;SPRF-MG;DEL09-MG;UOP01-DEL09-MG
555917;19/10/2023;quinta-feira;11:30:00;PR;153;46;SANTO ANTONIO DA PLATINA;Ausência de reação do condutor;Colisão traseira;Com Vítimas Feridas;Pleno dia;Crescente;Céu Claro;Simples;Reta;Sim;3;0;1;0;2;0;1;2;-23,32838307;-50,06643649;SPRF-PR;DEL07-PR;UOP04-DEL07-PR
555919;19/10/2023;quinta-feira;14:52:00;BA;324;604;SIMOES FILHO;Manobra de mudança de faixa;Engavetamento;Sem Vítimas;Pleno dia;Crescente;Céu Claro;Dupla;Reta;Não;3;0;0;0;2;1;0;3;-12,77978866;-38,41589628;SPRF-BA;DEL01-BA;UOP01-DEL01-BA
555921;19/10/2023;quinta-feira;15:00:00;RJ;116;172;SAO JOAO DE MERITI;Ausência de reação do condutor;Engavetamento;Sem Vítimas;Pleno dia;Crescente;Céu Claro;Múltipla;Reta;Sim;5;0;0;0;5;0;0;4;-22,80188151;-43,35043673;SPRF-RJ;DEL01-RJ;UOP02-DEL01-RJ
555922;12/08/2023;sábado;09:30:00;RN;101;100,5;PARNAMIRIM;Ausência de reação do condutor;Atropelamento de Pedestre;Com Vítimas Feridas;Pleno dia;Crescente;Céu Claro;Múltipla;"Reta;Aclive                   ";Sim;3;0;2;1;0;0;3;3;-5,88106901;-35,22542396;SPRF-RN;DEL01-RN;UOP01-DEL01-RN
555923;19/10/2023;quinta-feira;15:45:00;PE;232;14,2;JABOATAO DOS GUARARAPES;Reação tardia ou ineficiente do condutor;Eventos atípicos;Sem Vítimas;Pleno dia;Crescente;Céu Claro;Dupla;"Reta;Em Obras                 ";Sim;1;0;0;0;1;0;0;1;-8,090314;-35,022928;SPRF-PE;DEL01-PE;UOP01-DEL01-PE
555924;19/10/2023;quinta-feira;14:00:00;PB;230;125,3;RIACHAO DO BACAMARTE;Manobra de mudança de faixa;Colisão lateral mesmo sentido;Com Vítimas Feridas;Pleno dia;Crescente;Sol;Simples;"Reta;Aclive                   ";Não;5;0;2;0;3;0;2;2;-7,255915;-35,690064;SPRF-PB;DEL02-PB;UOP01-DEL02-PB
555925;19/10/2023;quinta-feira;15:40:00;PR;277;666;MEDIANEIRA;Avarias e/ou desgaste excessivo no pneu;Colisão com objeto;Com Vítimas Feridas;Pleno dia;Decrescente;Nublado;Dupla;"Reta;Declive                  ";Não;2;0;2;0;0;0;2;1;-25,26086511;-54,04611894;SPRF-PR;DEL05-PR;UOP02-DEL05-PR
555929;19/10/2023;quinta-feira;14:45:00;MT;163;834;SINOP;Pedestre cruzava a pista fora da faixa;Atropelamento de Pedestre;Com Vítimas Feridas;Pleno dia;Crescente;Céu Claro;Simples;Reta;Sim;2;0;0;1;1;0;1;2;-11,86606104;-55,49629498;SPRF-MT;DEL06-MT;UOP02-DEL06-MT
555931;13/09/2023;quarta-feira;13:30:00;SP;116;39;CACHOEIRA PAULISTA;Acumulo de óleo sobre o pavimento;Tombamento;Com Vítimas Feridas;Pleno dia;Decrescente;Céu Claro;Dupla;Curva;Sim;2;0;1;0;1;0;1;2;-22,67527958;-44,99918431;SPRF-SP;DEL08-SP;UOP02-DEL08-SP
555932;19/10/2023;quinta-feira;16:15:00;ES;101;266,5;SERRA;Condutor deixou de manter distância do veículo da frente;Tombamento;Com Vítimas Feridas;Pleno dia;Crescente;Céu Claro;Múltipla;Reta;Não;2;0;2;0;0;0;2;1;-20,190199;-40,26828891;SPRF-ES;DEL02-ES;UOP01-DEL02-ES
555934;19/10/2023;quinta-feira;16:53:00;MG;365;820,7;SANTA VITORIA;Ultrapassagem Indevida;Saída de leito carroçável;Com Vítimas Feridas;Pleno dia;Crescente;Céu Claro;Simples;Reta;Não;1;0;1;0;0;0;1;1;-18,87715138;-50,09567005;SPRF-MG;DEL15-MG;UOP03-DEL15-MG
555935;19/10/2023;quinta-feira;16:40:00;RS;116;265;CANOAS;Ausência de reação do condutor;Colisão frontal;Com Vítimas Feridas;Pleno dia;Decrescente;Céu Claro;Dupla;Reta;Sim;2;0;1;0;0;1;1;2;-29,92342302;-51,17780944;SPRF-RS;DEL01-RS;UOP01-DEL01-RS
555938;19/10/2023;quinta-feira;16:51:00;MG;40;514,2;RIBEIRAO DAS NEVES;Manobra de mudança de faixa;Colisão lateral mesmo sentido;Com Vítimas Feridas;Pleno dia;Decrescente;Nublado;Dupla;Reta;Sim;2;0;1;0;1;0;1;2;-19,80151928;-44,10000333;SPRF-MG;DEL01-MG;UOP02-DEL01-MG
555939;19/10/2023;quinta-feira;09:00:00;AM;NA;NA;MANAUS;Transitar na contramão;Colisão transversal;Sem Vítimas;Pleno dia;Não Informado;Céu Claro;Simples;Reta;Sim;2;0;0;0;2;0;0;2;-3,067371;-60,003822;SPRF-AM;N/A;N/A
555940;19/10/2023;quinta-feira;08:40:00;SP;116;319;JUQUITIBA;Ausência de reação do condutor;Queda de ocupante de veículo;Com Vítimas Feridas;Pleno dia;Crescente;Nublado;Dupla;Reta;Não;1;0;1;0;0;0;1;1;-23,93100968;-46,9996511;SPRF-SP;DEL04-SP;UOP03-DEL04-SP
555942;19/10/2023;quinta-feira;17:05:00;PR;163;292;MARECHAL CANDIDO RONDON;Desrespeitar a preferência no cruzamento;Colisão transversal;Com Vítimas Feridas;Pleno dia;Decrescente;Chuva;Simples;"Retorno Regulamentado;Em Obras";Não;3;0;2;0;1;0;2;2;-24,52360956;-54,06210088;SPRF-PR;DEL06-PR;UOP02-DEL06-PR
555944;19/10/2023;quinta-feira;15:50:00;SC;480;130;CHAPECO;Reação tardia ou ineficiente do condutor;Saída de leito carroçável;Com Vítimas Feridas;Pleno dia;Decrescente;Chuva;Simples;"Interseção de Vias;Rotatória  ";Sim;1;0;1;0;0;0;1;1;-27,05520556;-52,63617212;SPRF-SC;DEL07-SC;UOP01-DEL07-SC
555946;19/10/2023;quinta-feira;17:45:00;SP;116;145;SAO JOSE DOS CAMPOS;Manobra de mudança de faixa;Colisão lateral mesmo sentido;Com Vítimas Feridas;Anoitecer;Decrescente;Céu Claro;Múltipla;Reta;Sim;2;0;2;0;0;0;2;1;-23,1869844;-45,8548078;SPRF-SP;DEL02-SP;UOP01-DEL02-SP
555947;19/10/2023;quinta-feira;18:08:00;CE;116;7;FORTALEZA;Transitar no Acostamento;Colisão traseira;Sem Vítimas;Plena Noite;Decrescente;Céu Claro;Múltipla;Reta;Sim;2;0;0;0;2;0;0;2;-3,81073099;-38,50074867;SPRF-CE;DEL01-CE;UOP02-DEL01-CE
555948;19/10/2023;quinta-feira;18:05:00;MG;459;85,9;CONGONHAL;Acesso irregular;Colisão transversal;Com Vítimas Feridas;Plena Noite;Decrescente;Nublado;Simples;Reta;Não;2;0;0;1;1;0;1;2;-22,153194;-46,06242;SPRF-MG;DEL09-MG;UOP01-DEL09-MG
555949;19/10/2023;quinta-feira;18:00:00;TO;153;672,2;GURUPI;Acessar a via sem observar a presença dos outros veículos;Colisão transversal;Com Vítimas Feridas;Anoitecer;Crescente;Céu Claro;Dupla;Reta;Sim;2;0;1;1;0;0;2;2;-11,72948104;-49,07908783;SPRF-TO;DEL01-TO;UOP02-DEL01-TO
555954;19/10/2023;quinta-feira;18:00:00;GO;153;514;APARECIDA DE GOIANIA;Entrada inopinada do pedestre;Atropelamento de Pedestre;Com Vítimas Feridas;Anoitecer;Crescente;Céu Claro;Dupla;Reta;Sim;2;0;0;1;1;0;1;2;-16,8315;-49,2434;SPRF-GO;DEL01-GO;UOP03-DEL01-GO
555956;19/10/2023;quinta-feira;18:40:00;MG;40;510;RIBEIRAO DAS NEVES;Avarias e/ou desgaste excessivo no pneu;Queda de ocupante de veículo;Com Vítimas Feridas;Plena Noite;Decrescente;Chuva;Dupla;Reta;Sim;3;0;0;1;2;0;1;3;-19,77463885;-44,12321882;SPRF-MG;DEL01-MG;UOP02-DEL01-MG
555957;19/10/2023;quinta-feira;17:00:00;MG;153;111;PRATA;Ausência de reação do condutor;Saída de leito carroçável;Com Vítimas Feridas;Anoitecer;Crescente;Nublado;Simples;"Reta;Declive                  ";Não;1;0;0;1;0;0;1;1;-19,323623;-48,90629302;SPRF-MG;DEL15-MG;UOP03-DEL15-MG
555958;19/10/2023;quinta-feira;18:55:00;BA;116;822,2;VITORIA DA CONQUISTA;Velocidade Incompatível;Colisão traseira;Com Vítimas Feridas;Pleno dia;Decrescente;Céu Claro;Simples;Reta;Sim;3;0;2;0;1;0;2;2;-14,84711564;-40,84811211;SPRF-BA;DEL08-BA;UOP01-DEL08-BA
555959;19/10/2023;quinta-feira;18:30:00;SP;116;447;REGISTRO;Reação tardia ou ineficiente do condutor;Tombamento;Com Vítimas Feridas;Plena Noite;Crescente;Nublado;Dupla;Reta;Sim;3;0;2;0;1;0;2;3;-24,51484548;-47,85161734;SPRF-SP;DEL05-SP;UOP01-DEL05-SP
555961;19/10/2023;quinta-feira;18:40:00;SC;470;70,3;INDAIAL;Conversão proibida;Colisão transversal;Com Vítimas Fatais;Anoitecer;Crescente;Nublado;Simples;"Reta;Em Obras                 ";Sim;3;1;0;0;1;1;0;3;-26,89138733;-49,25718069;SPRF-SC;DEL04-SC;UOP01-DEL04-SC
555962;19/10/2023;quinta-feira;19:15:00;MT;70;6;BARRA DO GARCAS;Acesso irregular;Colisão lateral sentido oposto;Com Vítimas Feridas;Plena Noite;Crescente;Céu Claro;Simples;Declive;Não;2;0;1;0;1;0;1;2;-15,878268;-52,306705;SPRF-MT;DEL07-MT;UOP01-DEL07-MT
555963;19/10/2023;quinta-feira;19:35:00;TO;10;456;PALMAS;Ausência de sinalização;Queda de ocupante de veículo;Com Vítimas Feridas;Plena Noite;Crescente;Céu Claro;Simples;Reta;Sim;2;0;2;0;0;0;2;1;-10,20863984;-48,15545194;SPRF-TO;DEL01-TO;UOP03-DEL01-TO
555967;03/10/2023;terça-feira;13:00:00;SP;116;230,4;SAO PAULO;Condutor deixou de manter distância do veículo da frente;Colisão traseira;Com Vítimas Feridas;Pleno dia;Crescente;Sol;Múltipla;Reta;Não;3;0;1;0;2;0;1;3;-23,52251783;-46,5855702;SPRF-SP;DEL01-SP;UOP01-DEL01-SP
555970;19/10/2023;quinta-feira;17:55:00;RS;287;338,4;SAO VICENTE DO SUL;Reação tardia ou ineficiente do condutor;Colisão frontal;Com Vítimas Feridas;Anoitecer;Crescente;Chuva;Simples;Reta;Não;5;0;5;0;0;0;5;2;-29,614604;-54,684608;SPRF-RS;DEL12-RS;UOP02-DEL12-RS
555974;19/10/2023;quinta-feira;19:35:00;BA;116;423;FEIRA DE SANTANA;Condutor deixou de manter distância do veículo da frente;Colisão traseira;Com Vítimas Feridas;Plena Noite;Decrescente;Céu Claro;Dupla;"Curva;Desvio Temporário       ";Sim;2;0;1;0;1;0;1;2;-12,229301;-38,964527;SPRF-BA;DEL02-BA;UOP01-DEL02-BA
555977;19/10/2023;quinta-feira;20:15:00;PR;469;17,3;FOZ DO IGUACU;Chuva;Saída de leito carroçável;Com Vítimas Feridas;Plena Noite;Decrescente;Chuva;Simples;Reta;Não;1;0;1;0;0;0;1;1;-25,5906;-54,5172;SPRF-PR;DEL05-PR;UOP04-DEL05-PR
555978;19/10/2023;quinta-feira;11:00:00;SP;158;6,9;PAULICEIA;Acessar a via sem observar a presença dos outros veículos;Colisão transversal;Com Vítimas Feridas;Pleno dia;Decrescente;Céu Claro;Simples;"Retorno Regulamentado;Rotatóri";Não;2;0;0;1;1;0;1;2;-21,26904882;-51,845562;SPRF-MS;DEL07-MS;UOP01-DEL07-MS
555979;19/10/2023;quinta-feira;20:10:00;PI;343;246;CAMPO MAIOR;Transitar no Acostamento;Tombamento;Com Vítimas Feridas;Plena Noite;Crescente;Nublado;Simples;Reta;Não;2;0;0;1;1;0;1;2;-4,695678;-42,085514;SPRF-PI;DEL01-PI;UOP03-DEL01-PI
555982;19/10/2023;quinta-feira;15:40:00;MG;50;192;DELTA;Chuva;Capotamento;Com Vítimas Feridas;Pleno dia;Decrescente;Chuva;Dupla;"Reta;Aclive                   ";Não;1;0;1;0;0;0;1;1;-19,87187797;-47,85892196;SPRF-MG;DEL13-MG;UOP01-DEL13-MG
555983;19/10/2023;quinta-feira;19:30:00;PR;277;664;MEDIANEIRA;Ausência de reação do condutor;Queda de ocupante de veículo;Com Vítimas Feridas;Plena Noite;Crescente;Chuva;Dupla;Reta;Não;2;0;1;0;0;1;1;2;-25,25301037;-54,02857196;SPRF-PR;DEL05-PR;UOP02-DEL05-PR
555985;19/10/2023;quinta-feira;20:20:00;CE;304;48,7;ARACATI;Acessar a via sem observar a presença dos outros veículos;Colisão transversal;Com Vítimas Feridas;Plena Noite;Crescente;Ignorado;Dupla;Reta;Não;1;0;1;0;0;0;1;1;-4,57863423;-37,77996807;SPRF-CE;DEL03-CE;UOP03-DEL03-CE
555986;19/10/2023;quinta-feira;20:00:00;SC;101;386,9;ICARA;Condutor deixou de manter distância do veículo da frente;Colisão traseira;Com Vítimas Feridas;Plena Noite;Crescente;Céu Claro;Dupla;Reta;Não;2;0;1;0;1;0;1;2;-28,77675081;-49,31999808;SPRF-SC;DEL02-SC;UOP02-DEL02-SC
555987;19/10/2023;quinta-feira;18:30:00;SP;116;269;TABOAO DA SERRA;Demais falhas mecânicas ou elétricas;Incêndio;Sem Vítimas;Plena Noite;Decrescente;Nublado;Múltipla;Reta;Sim;1;0;0;0;1;0;0;1;-23,61593059;-46,78826044;SPRF-SP;DEL04-SP;UOP01-DEL04-SP
555988;19/10/2023;quinta-feira;19:30:00;SC;470;83,6;RODEIO;Reação tardia ou ineficiente do condutor;Saída de leito carroçável;Com Vítimas Feridas;Plena Noite;Decrescente;Nublado;Simples;Reta;Não;1;0;1;0;0;0;1;1;-26,9621229;-49,33949232;SPRF-SC;DEL04-SC;UOP01-DEL04-SC
555989;19/10/2023;quinta-feira;22:00:00;RS;116;249,6;SAO LEOPOLDO;Avarias e/ou desgaste excessivo no pneu;Tombamento;Com Vítimas Feridas;Plena Noite;Decrescente;Céu Claro;Dupla;Curva;Sim;1;0;1;0;0;0;1;1;-29,7831804;-51,16099063;SPRF-RS;DEL01-RS;UOP02-DEL01-RS
555991;19/10/2023;quinta-feira;22:30:00;PB;230;23;JOAO PESSOA;Ingestão de álcool pelo condutor;Colisão com objeto;Sem Vítimas;Plena Noite;Crescente;Céu Claro;Dupla;"Reta;Aclive;Desvio Temporário;";Sim;1;0;0;0;1;0;0;1;-7,16427095;-34,86213684;SPRF-PB;DEL01-PB;UOP01-DEL01-PB
555992;19/10/2023;quinta-feira;21:30:00;PR;116;38;CAMPINA GRANDE DO SUL;Chuva;Capotamento;Com Vítimas Feridas;Plena Noite;Crescente;Chuva;Dupla;Curva;Não;1;0;0;1;0;0;1;1;-25,14802509;-48,85922071;SPRF-PR;DEL01-PR;UOP02-DEL01-PR