id;data_inversa;dia_semana;horario;uf;br;km;municipio;causa_acidente;tipo_acidente;classificacao_acidente;fase_dia;sentido_via;condicao_metereologica;tipo_pista;tracado_via;uso_solo;pessoas;mortos;feridos_leves;feridos_graves;ilesos;ignorados;feridos;veiculos;latitude;longitude;regional;delegacia;uop
555993;19/10/2023;quinta-feira;21:16:00;PR;376;640,7;TIJUCAS DO SUL;Ausência de reação do condutor;Saída de leito carroçável;Sem Vítimas;Plena Noite;Decrescente;Garoa/Chuvisco;Dupla;"Reta;Declive                  ";Não;1;0;0;0;0;1;0;1;-25,79303282;-49,12742615;SPRF-PR;DEL01-PR;UOP04-DEL01-PR
555994;19/10/2023;quinta-feira;19:20:00;MG;40;141;JOAO PINHEIRO;Animais na Pista;Atropelamento de Animal;Com Vítimas Feridas;Plena Noite;Decrescente;Céu Claro;Simples;Curva;Sim;4;0;2;1;1;0;3;1;-17,73618679;-46,19334804;SPRF-MG;DEL14-MG;UOP01-DEL14-MG
555996;19/10/2023;quinta-feira;22:03:00;PB;230;46,7;SANTA RITA;Ausência de reação do condutor;Saída de leito carroçável;Sem Vítimas;Plena Noite;Crescente;Céu Claro;Dupla;Reta;Não;1;0;0;0;1;0;0;1;-7,1635;-35,025;SPRF-PB;DEL01-PB;UOP03-DEL01-PB
555997;19/10/2023;quinta-feira;19:30:00;RS;116;184;NOVA PETROPOLIS;Reação tardia ou ineficiente do condutor;Atropelamento de Pedestre;Com Vítimas Feridas;Anoitecer;Decrescente;Céu Claro;Simples;Reta;Sim;2;0;0;1;1;0;1;2;-29,38638307;-51,12346595;SPRF-RS;DEL05-RS;UOP02-DEL05-RS
555998;19/10/2023;quinta-feira;22:50:00;PR;369;153,9;LONDRINA;Acessar a via sem observar a presença dos outros veículos;Atropelamento de Pedestre;Com Vítimas Feridas;Plena Noite;Decrescente;Nublado;Dupla;Reta;Sim;2;0;0;1;1;0;1;2;-23,29792016;-51,19753361;SPRF-PR;DEL07-PR;UOP01-DEL07-PR
555999;19/10/2023;quinta-feira;22:50:00;MG;116;410;GOVERNADOR VALADARES;Ausência de reação do condutor;Colisão traseira;Com Vítimas Feridas;Plena Noite;Crescente;Céu Claro;Dupla;Reta;Sim;2;0;1;0;1;0;1;2;-18,855625;-41,975623;SPRF-MG;DEL06-MG;UOP01-DEL06-MG
556001;19/10/2023;quinta-feira;22:28:00;MS;163;265;DOURADOS;Chuva;Tombamento;Com Vítimas Feridas;Plena Noite;Decrescente;Garoa/Chuvisco;Dupla;Reta;Não;1;0;1;0;0;0;1;1;-22,222698;-54,73128;SPRF-MS;DEL04-MS;UOP01-DEL04-MS
556002;19/10/2023;quinta-feira;19:20:00;MA;230;300,5;SAMBAIBA;Deficiência do Sistema de Iluminação/Sinalização;Colisão traseira;Com Vítimas Fatais;Plena Noite;Crescente;Céu Claro;Simples;Reta;Não;2;1;0;0;1;0;0;2;-6,955536;-45,365267;SPRF-MA;DEL05-MA;UOP01-DEL05-MA
556004;19/10/2023;quinta-feira;22:30:00;PR;116;124;FAZENDA RIO GRANDE;Ingestão de álcool pelo condutor;Colisão traseira;Com Vítimas Feridas;Plena Noite;Decrescente;Garoa/Chuvisco;Múltipla;Reta;Sim;2;0;1;0;1;0;1;2;-25,623631;-49,315484;SPRF-PR;DEL01-PR;UOP03-DEL01-PR
556005;19/10/2023;quinta-feira;18:20:00;PR;153;334;IRATI;Retorno proibido;Colisão transversal;Com Vítimas Feridas;Plena Noite;Decrescente;Céu Claro;Simples;Reta;Sim;2;0;1;0;1;0;1;2;-25,481234;-50,640733;SPRF-PR;DEL08-PR;UOP02-DEL08-PR
556006;20/10/2023;sexta-feira;00:05:00;PR;116;125,7;FAZENDA RIO GRANDE;Ausência de reação do condutor;Colisão traseira;Sem Vítimas;Plena Noite;Crescente;Nublado;Dupla;"Reta;Interseção de Vias       ";Sim;3;0;0;0;3;0;0;2;-25,63683415;-49,31324315;SPRF-PR;DEL01-PR;UOP03-DEL01-PR
556008;20/10/2023;sexta-feira;00:20:00;SC;280;27;ARAQUARI;Ausência de reação do condutor;Colisão com objeto;Com Vítimas Feridas;Plena Noite;Decrescente;Chuva;Simples;Reta;Não;1;0;1;0;0;0;1;1;-26,39685622;-48,74021969;SPRF-SC;DEL03-SC;UOP03-DEL03-SC
556010;19/10/2023;quinta-feira;22:45:00;RN;101;101,6;PARNAMIRIM;Ingestão de álcool pelo condutor;Saída de leito carroçável;Sem Vítimas;Plena Noite;Crescente;Nublado;Múltipla;Reta;Não;1;0;0;0;1;0;0;1;-5,88858217;-35,24018997;SPRF-RN;DEL01-RN;UOP01-DEL01-RN
556012;20/10/2023;sexta-feira;02:00:00;MG;364;39;FRUTAL;Ausência de sinalização;Colisão traseira;Com Vítimas Fatais;Plena Noite;Crescente;Céu Claro;Simples;Reta;Não;2;1;0;0;0;1;0;2;-19,95753704;-48,96057129;SPRF-MG;DEL13-MG;UOP02-DEL13-MG
556013;20/10/2023;sexta-feira;02:06:00;ES;101;428;ATILIO VIVACQUA;Transitar na contramão;Colisão lateral sentido oposto;Sem Vítimas;Plena Noite;Decrescente;Garoa/Chuvisco;Simples;Reta;Não;2;0;0;0;2;0;0;2;-21,01942295;-41,15230903;SPRF-ES;DEL03-ES;UOP02-DEL03-ES
556018;19/10/2023;quinta-feira;19:55:00;SC;101;205;SAO JOSE;Condutor deixou de manter distância do veículo da frente;Colisão traseira;Com Vítimas Feridas;Plena Noite;Crescente;Céu Claro;Múltipla;Reta;Sim;2;0;1;0;0;1;1;2;-27,58863217;-48,61733437;SPRF-SC;DEL01-SC;UOP01-DEL01-SC
556020;20/10/2023;sexta-feira;05:00:00;MG;153;209,8;FRUTAL;Ausência de reação do condutor;Colisão com objeto;Com Vítimas Feridas;Amanhecer;Crescente;Céu Claro;Simples;"Reta;Interseção de Vias       ";Não;2;0;1;0;1;0;1;1;-20,0199449;-49,04763043;SPRF-MG;DEL13-MG;UOP02-DEL13-MG
556021;20/10/2023;sexta-feira;02:30:00;RJ;116;147;DUQUE DE CAXIAS;Ausência de reação do condutor;Colisão com objeto;Sem Vítimas;Plena Noite;Crescente;Céu Claro;Múltipla;Reta;Não;1;0;0;0;1;0;0;1;-22,66978425;-43,27286493;SPRF-RJ;DEL01-RJ;UOP01-DEL01-RJ
556029;20/10/2023;sexta-feira;06:20:00;PR;369;142;IBIPORA;Pista Escorregadia;Tombamento;Com Vítimas Feridas;Pleno dia;Crescente;Nublado;Simples;"Reta;Declive                  ";Não;1;0;1;0;0;0;1;1;-23,284977;-51,073624;SPRF-PR;DEL07-PR;UOP01-DEL07-PR
556030;19/10/2023;quinta-feira;21:30:00;BA;101;421,9;MARAU;Ausência de reação do condutor;Colisão frontal;Com Vítimas Fatais;Plena Noite;Crescente;Céu Claro;Simples;Reta;Não;2;1;0;0;1;0;0;2;-14,24784202;-39,32036393;SPRF-BA;DEL05-BA;UOP03-DEL05-BA
556031;20/10/2023;sexta-feira;07:00:00;DF;40;6;BRASILIA;Manobra de mudança de faixa;Queda de ocupante de veículo;Com Vítimas Feridas;Pleno dia;Crescente;Céu Claro;Dupla;Reta;Sim;1;0;1;0;0;0;1;1;-16,029741;-47,978867;SPRF-DF;DEL01-DF;UOP01-DEL01-DF
556032;20/10/2023;sexta-feira;05:40:00;PI;316;298;PICOS;Ultrapassagem Indevida;Colisão frontal;Com Vítimas Feridas;Amanhecer;Crescente;Céu Claro;Simples;Curva;Não;5;0;0;1;4;0;1;2;-7,02855707;-41,5570932;SPRF-PI;DEL04-PI;UOP01-DEL04-PI
556034;20/10/2023;sexta-feira;06:30:00;MG;50;74;UBERLANDIA;Ausência de reação do condutor;Tombamento;Com Vítimas Feridas;Amanhecer;Crescente;Chuva;Dupla;Viaduto;Sim;1;0;1;0;0;0;1;1;-18,85140204;-48,25345932;SPRF-MG;DEL15-MG;UOP01-DEL15-MG
556038;20/10/2023;sexta-feira;06:50:00;SC;280;127;RIO NEGRINHO;Acessar a via sem observar a presença dos outros veículos;Colisão transversal;Com Vítimas Feridas;Pleno dia;Decrescente;Nublado;Simples;Reta;Sim;2;0;1;0;1;0;1;2;-26,24409855;-49,51579928;SPRF-SC;DEL06-SC;UOP03-DEL06-SC
556042;20/10/2023;sexta-feira;07:30:00;SP;116;221;GUARULHOS;Trafegar com motocicleta (ou similar) entre as faixas;Colisão lateral mesmo sentido;Com Vítimas Feridas;Pleno dia;Crescente;Nublado;Múltipla;Reta;Sim;2;0;1;0;1;0;1;2;-23,46802395;-46,50704901;SPRF-SP;DEL01-SP;UOP01-DEL01-SP
556043;20/10/2023;sexta-feira;07:50:00;SC;470;54;BLUMENAU;Acessar a via sem observar a presença dos outros veículos;Colisão transversal;Com Vítimas Feridas;Pleno dia;Crescente;Garoa/Chuvisco;Simples;Curva;Sim;2;0;0;1;1;0;1;2;-26,87162628;-49,11193371;SPRF-SC;DEL04-SC;UOP01-DEL04-SC
556044;20/10/2023;sexta-feira;07:30:00;SE;235;1,9;ARACAJU;Manobra de mudança de faixa;Colisão lateral mesmo sentido;Com Vítimas Feridas;Pleno dia;Decrescente;Céu Claro;Dupla;Interseção de Vias;Sim;4;0;2;0;2;0;2;2;-10,9073;-37,0947;SPRF-SE;DEL01-SE;UOP01-DEL01-SE
556045;20/10/2023;sexta-feira;06:50:00;SC;153;95;CONCORDIA;Acumulo de óleo sobre o pavimento;Queda de ocupante de veículo;Com Vítimas Feridas;Pleno dia;Crescente;Sol;Simples;Rotatória;Sim;1;0;1;0;0;0;1;1;-27,20975509;-51,95228577;SPRF-SC;DEL07-SC;UOP04-DEL07-SC
556047;20/10/2023;sexta-feira;07:50:00;ES;101;262;SERRA;Pista Escorregadia;Tombamento;Com Vítimas Feridas;Pleno dia;Crescente;Garoa/Chuvisco;Dupla;Declive;Sim;1;0;1;0;0;0;1;1;-20,158798;-40,276372;SPRF-ES;DEL02-ES;UOP01-DEL02-ES
556048;20/10/2023;sexta-feira;08:10:00;GO;40;4,5;VALPARAISO DE GOIAS;Velocidade Incompatível;Colisão traseira;Com Vítimas Feridas;Pleno dia;Decrescente;Céu Claro;Múltipla;Reta;Sim;4;0;1;0;3;0;1;3;-16,08900737;-47,98451945;SPRF-DF;DEL01-DF;UOP01-DEL01-DF
556050;20/10/2023;sexta-feira;08:00:00;GO;40;13;LUZIANIA;Condutor deixou de manter distância do veículo da frente;Tombamento;Com Vítimas Feridas;Pleno dia;Crescente;Céu Claro;Dupla;"Reta;Declive                  ";Sim;2;0;1;0;1;0;1;2;-16,151832;-47,939162;SPRF-DF;DEL01-DF;UOP01-DEL01-DF
556051;20/10/2023;sexta-feira;07:10:00;PE;407;124;PETROLINA;Condutor deixou de manter distância do veículo da frente;Colisão traseira;Com Vítimas Feridas;Pleno dia;Crescente;Céu Claro;Simples;Reta;Sim;2;0;1;0;1;0;1;2;-9,36929881;-40,54137139;SPRF-PE;DEL06-PE;UOP01-DEL06-PE
556052;20/10/2023;sexta-feira;04:40:00;CE;230;83;VARZEA ALEGRE;Transitar na contramão;Colisão frontal;Com Vítimas Fatais;Amanhecer;Crescente;Céu Claro;Simples;Reta;Não;2;1;1;0;0;0;1;2;-6,790063301;-39,31988889;SPRF-CE;DEL05-CE;UOP01-DEL05-CE
556053;02/10/2023;segunda-feira;23:30:00;PE;428;181,2;PETROLINA;Iluminação deficiente;Atropelamento de Animal;Com Vítimas Feridas;Plena Noite;Crescente;Céu Claro;Simples;Reta;Sim;1;0;0;1;0;0;1;1;-9,30816981;-40,45390137;SPRF-PE;DEL06-PE;UOP01-DEL06-PE
556054;20/10/2023;sexta-feira;08:30:00;SP;116;227,3;SAO PAULO;Manobra de mudança de faixa;Colisão traseira;Com Vítimas Feridas;Pleno dia;Crescente;Nublado;Múltipla;Reta;Sim;2;0;0;1;1;0;1;2;-23,49659264;-46,55648754;SPRF-SP;DEL01-SP;UOP01-DEL01-SP
556056;20/10/2023;sexta-feira;08:45:00;MG;381;490,7;BETIM;Pedestre cruzava a pista fora da faixa;Colisão com objeto;Com Vítimas Feridas;Pleno dia;Crescente;Nublado;Dupla;Curva;Sim;2;0;1;0;1;0;1;2;-19,96502819;-44,17422195;SPRF-MG;DEL01-MG;UOP03-DEL01-MG
556057;20/10/2023;sexta-feira;07:25:00;RS;116;39,3;VACARIA;Desrespeitar a preferência no cruzamento;Colisão transversal;Com Vítimas Feridas;Pleno dia;Crescente;Sol;Simples;Interseção de Vias;Sim;2;0;1;0;1;0;1;2;-28,51388671;-50,93472004;SPRF-RS;DEL05-RS;UOP03-DEL05-RS
556058;20/10/2023;sexta-feira;08:10:00;MG;356;264;MURIAE;Conversão proibida;Colisão transversal;Com Vítimas Feridas;Pleno dia;Decrescente;Céu Claro;Simples;Reta;Sim;2;0;1;0;1;0;1;2;-21,12552649;-42,37547729;SPRF-MG;DEL05-MG;UOP01-DEL05-MG
556059;20/10/2023;sexta-feira;08:40:00;SP;116;386;MIRACATU;Condutor usando celular;Colisão traseira;Com Vítimas Feridas;Pleno dia;Decrescente;Nublado;Dupla;Reta;Não;2;0;0;1;0;1;1;2;-24,26280509;-47,37943995;SPRF-SP;DEL04-SP;UOP02-DEL04-SP
556060;05/10/2023;quinta-feira;08:20:00;SP;101;48;UBATUBA;Reação tardia ou ineficiente do condutor;Colisão transversal;Com Vítimas Feridas;Pleno dia;Decrescente;Chuva;Simples;"Reta;Interseção de Vias       ";Sim;3;0;2;0;0;1;2;3;-23,43749786;-45,08781552;SPRF-SP;DEL06-SP;UOP01-DEL06-SP
556063;20/10/2023;sexta-feira;08:45:00;MG;381;844;SAO SEBASTIAO DA BELA VISTA;Avarias e/ou desgaste excessivo no pneu;Tombamento;Com Vítimas Feridas;Pleno dia;Crescente;Céu Claro;Dupla;Reta;Não;1;0;1;0;0;0;1;1;-22,229838;-45,876144;SPRF-MG;DEL16-MG;UOP01-DEL16-MG
556064;20/10/2023;sexta-feira;08:30:00;SE;101;94,9;NOSSA SENHORA DO SOCORRO;Entrada inopinada do pedestre;Atropelamento de Pedestre;Com Vítimas Feridas;Pleno dia;Decrescente;Sol;Dupla;Reta;Não;3;0;0;1;0;2;1;2;-10,90732013;-37,15236691;SPRF-SE;DEL01-SE;UOP01-DEL01-SE
556065;20/10/2023;sexta-feira;09:04:00;RO;364;709;PORTO VELHO;Condutor deixou de manter distância do veículo da frente;Colisão traseira;Sem Vítimas;Pleno dia;Crescente;Céu Claro;Dupla;Reta;Sim;2;0;0;0;2;0;0;2;-8,7909383;-63,84895617;SPRF-RO;DEL01-RO;UOP01-DEL01-RO
556066;20/10/2023;sexta-feira;09:40:00;BA;324;517,8;FEIRA DE SANTANA;Ultrapassagem Indevida;Colisão transversal;Com Vítimas Feridas;Pleno dia;Crescente;Céu Claro;Simples;"Interseção de Vias;Reta       ";Sim;3;0;1;0;2;0;1;2;-12,24953308;-38,93362525;SPRF-BA;DEL02-BA;UOP01-DEL02-BA
556067;20/10/2023;sexta-feira;09:50:00;SP;101;43,5;UBATUBA;Pista Escorregadia;Tombamento;Com Vítimas Feridas;Pleno dia;Crescente;Garoa/Chuvisco;Simples;Rotatória;Sim;1;0;1;0;0;0;1;1;-23,41217537;-45,05739148;SPRF-SP;DEL06-SP;UOP01-DEL06-SP
556068;20/10/2023;sexta-feira;00:45:00;PA;10;80;ULIANOPOLIS;Acessar a via sem observar a presença dos outros veículos;Colisão transversal;Com Vítimas Feridas;Plena Noite;Crescente;Céu Claro;Simples;Reta;Sim;2;0;1;0;1;0;1;2;-3,74745289;-47,49622342;SPRF-PA;DEL02-PA;UOP02-DEL02-PA
556070;10/10/2023;terça-feira;17:40:00;MG;262;810;UBERABA;Ultrapassagem Indevida;Colisão lateral mesmo sentido;Com Vítimas Feridas;Anoitecer;Crescente;Céu Claro;Dupla;Reta;Não;3;0;2;0;1;0;2;2;-19,76051836;-48,04440502;SPRF-MG;DEL13-MG;UOP01-DEL13-MG
556071;12/09/2023;terça-feira;08:10:00;PE;232;172;BELO JARDIM;Retorno proibido;Colisão traseira;Com Vítimas Feridas;Pleno dia;Decrescente;Céu Claro;Simples;Reta;Não;2;0;1;0;0;1;1;2;-8,33854887;-36,360134;SPRF-PE;DEL03-PE;UOP02-DEL03-PE
556072;20/10/2023;sexta-feira;09:30:00;PR;376;161;MARINGA;Demais falhas mecânicas ou elétricas;Saída de leito carroçável;Com Vítimas Feridas;Pleno dia;Decrescente;Nublado;Dupla;"Curva;Declive                 ";Sim;2;0;1;1;0;0;2;1;-23,37281665;-52,05547485;SPRF-PR;DEL09-PR;UOP01-DEL09-PR
556074;09/10/2023;segunda-feira;05:00:00;PR;376;531;PALMEIRA;Chuva;Saída de leito carroçável;Com Vítimas Feridas;Amanhecer;Crescente;Chuva;Dupla;Reta;Não;1;0;1;0;0;0;1;1;-25,353997;-49,836048;SPRF-PR;DEL03-PR;UOP03-DEL03-PR
556075;02/10/2023;segunda-feira;23:20:00;PR;369;155;LONDRINA;Ausência de reação do condutor;Colisão traseira;Sem Vítimas;Plena Noite;Crescente;Céu Claro;Dupla;Reta;Sim;1;0;0;0;1;0;0;1;-23,297978;-51,20479;SPRF-PR;DEL07-PR;UOP01-DEL07-PR
556078;12/10/2023;quinta-feira;16:20:00;MS;267;469,9;GUIA LOPES DA LAGUNA;Desrespeitar a preferência no cruzamento;Colisão transversal;Com Vítimas Feridas;Pleno dia;Crescente;Céu Claro;Simples;Rotatória;Não;6;0;6;0;0;0;6;2;-21,41410441;-56,0469259;SPRF-MS;DEL05-MS;UOP01-DEL05-MS
556079;20/10/2023;sexta-feira;11:05:00;MG;381;478;CONTAGEM;Condutor deixou de manter distância do veículo da frente;Colisão traseira;Com Vítimas Feridas;Pleno dia;Crescente;Céu Claro;Múltipla;Reta;Sim;2;0;1;0;1;0;1;2;-19,96205485;-44,03938293;SPRF-MG;DEL01-MG;UOP03-DEL01-MG
556080;20/10/2023;sexta-feira;08:50:00;RS;392;43,5;RIO GRANDE;Velocidade Incompatível;Colisão com objeto;Com Vítimas Feridas;Pleno dia;Decrescente;Céu Claro;Dupla;Reta;Não;1;0;1;0;0;0;1;1;-31,93715696;-52,31137473;SPRF-RS;DEL07-RS;UOP02-DEL07-RS
556083;20/10/2023;sexta-feira;10:50:00;PR;369;182,2;ARAPONGAS;Acessar a via sem observar a presença dos outros veículos;Colisão transversal;Com Vítimas Feridas;Pleno dia;Decrescente;Céu Claro;Dupla;Reta;Sim;2;0;1;0;1;0;1;2;-23,384536;-51,41921;SPRF-PR;DEL07-PR;UOP03-DEL07-PR
556084;20/10/2023;sexta-feira;10:12:00;PI;343;306,5;ALTOS;Acessar a via sem observar a presença dos outros veículos;Colisão transversal;Com Vítimas Feridas;Pleno dia;Decrescente;Céu Claro;Simples;Reta;Sim;3;0;2;0;1;0;2;2;-5,038756;-42,450893;SPRF-PI;DEL01-PI;UOP01-DEL01-PI
556087;20/10/2023;sexta-feira;11:40:00;BA;415;49;ITABUNA;Reação tardia ou ineficiente do condutor;Colisão traseira;Com Vítimas Feridas;Pleno dia;Crescente;Céu Claro;Simples;Reta;Sim;4;0;1;0;3;0;1;3;-14,81574494;-39,29612388;SPRF-BA;DEL05-BA;UOP01-DEL05-BA
556089;20/10/2023;sexta-feira;11:30:00;SC;282;17;PALHOCA;Ausência de reação do condutor;Queda de ocupante de veículo;Com Vítimas Feridas;Pleno dia;Decrescente;Céu Claro;Simples;Reta;Sim;2;0;1;0;1;0;1;2;-27,665707;-48,688065;SPRF-SC;DEL01-SC;UOP02-DEL01-SC
556090;20/10/2023;sexta-feira;11:40:00;GO;153;439;ANAPOLIS;Demais falhas mecânicas ou elétricas;Tombamento;Com Vítimas Feridas;Pleno dia;Decrescente;Céu Claro;Dupla;"Reta;Aclive                   ";Não;1;0;1;0;0;0;1;1;-16,298529;-48,928207;SPRF-GO;DEL02-GO;UOP01-DEL02-GO
556091;20/10/2023;sexta-feira;10:55:00;GO;153;501,1;GOIANIA;Condutor deixou de manter distância do veículo da frente;Tombamento;Com Vítimas Feridas;Pleno dia;Crescente;Céu Claro;Dupla;Reta;Sim;1;0;1;0;0;0;1;1;-16,7189;-49,2382;SPRF-GO;DEL01-GO;UOP01-DEL01-GO
556092;20/10/2023;sexta-feira;07:00:00;GO;153;271;NOVA GLORIA;Reação tardia ou ineficiente do condutor;Colisão lateral sentido oposto;Com Vítimas Feridas;Pleno dia;Decrescente;Céu Claro;Simples;"Reta;Aclive                   ";Não;3;0;2;0;1;0;2;2;-15,077479;-49,460964;SPRF-GO;DEL07-GO;UOP02-DEL07-GO
556093;20/10/2023;sexta-feira;12:30:00;MG;40;630,6;CONSELHEIRO LAFAIETE;Demais falhas mecânicas ou elétricas;Incêndio;Sem Vítimas;Pleno dia;Crescente;Céu Claro;Simples;"Reta;Aclive                   ";Sim;30;0;0;0;30;0;0;1;-20,65824152;-43,80259134;SPRF-MG;DEL05-MG;UOP02-DEL05-MG
556096;20/10/2023;sexta-feira;11:00:00;SC;101;445,2;SANTA ROSA DO SUL;Conversão proibida;Colisão transversal;Com Vítimas Feridas;Pleno dia;Crescente;Céu Claro;Múltipla;Reta;Sim;2;0;0;1;1;0;1;2;-29,16063124;-49,7367382;SPRF-SC;DEL02-SC;UOP02-DEL02-SC
556097;20/10/2023;sexta-feira;12:20:00;PE;101;68;RECIFE;Manobra de mudança de faixa;Colisão transversal;Com Vítimas Feridas;Pleno dia;Crescente;Céu Claro;Dupla;Reta;Não;2;0;1;0;1;0;1;2;-8,05074296;-34,94580619;SPRF-PE;DEL01-PE;UOP01-DEL01-PE
556098;20/10/2023;sexta-feira;11:45:00;RO;364;237,5;CACOAL;Condutor deixou de manter distância do veículo da frente;Colisão lateral mesmo sentido;Com Vítimas Feridas;Pleno dia;Crescente;Céu Claro;Simples;Reta;Sim;2;0;2;0;0;0;2;2;-11,439924;-61,453007;SPRF-RO;DEL02-RO;UOP02-DEL02-RO
556099;20/10/2023;sexta-feira;10:30:00;RS;116;258;ESTEIO;Condutor deixou de manter distância do veículo da frente;Colisão traseira;Com Vítimas Feridas;Pleno dia;Decrescente;Nublado;Dupla;Reta;Sim;2;0;0;1;1;0;1;2;-29,86150502;-51,18091535;SPRF-RS;DEL01-RS;UOP02-DEL01-RS
556104;20/10/2023;sexta-feira;13:45:00;PR;277;84;CURITIBA;Pedestre andava na pista;Tombamento;Com Vítimas Feridas;Pleno dia;Crescente;Nublado;Dupla;Reta;Sim;1;0;1;0;0;0;1;1;-25,44638164;-49,23125397;SPRF-PR;DEL01-PR;UOP06-DEL01-PR
556106;20/10/2023;sexta-feira;12:30:00;AL;101;191,8;JUNQUEIRO;Reação tardia ou ineficiente do condutor;Queda de ocupante de veículo;Com Vítimas Feridas;Pleno dia;Decrescente;Céu Claro;Simples;"Curva;Aclive                  ";Sim;1;0;0;1;0;0;1;1;-9,93330214;-36,47155881;SPRF-AL;DEL02-AL;UOP02-DEL02-AL
556110;20/10/2023;sexta-feira;09:20:00;MG;153;100;PRATA;Afundamento ou ondulação no pavimento;Saída de leito carroçável;Com Vítimas Feridas;Pleno dia;Decrescente;Céu Claro;Simples;Reta;Não;1;0;1;0;0;0;1;1;-19,22857511;-48,9323534;SPRF-MG;DEL15-MG;UOP03-DEL15-MG
556113;20/10/2023;sexta-feira;13:30:00;AL;316;141;ESTRELA DE ALAGOAS;Conversão proibida;Colisão transversal;Com Vítimas Feridas;Pleno dia;Decrescente;Céu Claro;Simples;Reta;Não;2;0;1;0;1;0;1;2;-9,3920142;-36,74952703;SPRF-AL;DEL03-AL;UOP01-DEL03-AL
556114;20/10/2023;sexta-feira;13:50:00;PB;230;136,2;MASSARANDUBA;Condutor Dormindo;Saída de leito carroçável;Com Vítimas Feridas;Pleno dia;Crescente;Céu Claro;Dupla;Reta;Não;1;0;1;0;0;0;1;1;-7,2818;-35,7675;SPRF-PB;DEL02-PB;UOP01-DEL02-PB
556115;20/10/2023;sexta-feira;07:27:00;RR;432;202;CANTA;Velocidade Incompatível;Saída de leito carroçável;Com Vítimas Feridas;Pleno dia;Decrescente;Céu Claro;Simples;Reta;Não;4;0;1;0;3;0;1;1;2,67934367;-60,59680939;SPRF-RR;DEL01-RR;UOP01-DEL01-RR
556116;26/09/2023;terça-feira;18:45:00;MG;50;138,2;UBERABA;Reação tardia ou ineficiente do condutor;Colisão traseira;Com Vítimas Fatais;Anoitecer;Decrescente;Nublado;Dupla;"Declive;Reta                  ";Não;3;2;0;0;1;0;0;2;-19,45923317;-48,05872556;SPRF-MG;DEL13-MG;UOP01-DEL13-MG
556117;20/10/2023;sexta-feira;14:05:00;GO;60;96;ANAPOLIS;Condutor deixou de manter distância do veículo da frente;Colisão lateral mesmo sentido;Com Vítimas Feridas;Pleno dia;Decrescente;Sol;Dupla;Reta;Sim;2;0;1;0;1;0;1;2;-16,371;-48,9422;SPRF-GO;DEL02-GO;UOP01-DEL02-GO
556119;20/10/2023;sexta-feira;14:20:00;MG;381;485;BETIM;Ausência de reação do condutor;Tombamento;Com Vítimas Feridas;Pleno dia;Crescente;Sol;Dupla;Curva;Sim;2;0;1;0;0;1;1;1;-19,9551526;-44,0973666;SPRF-MG;DEL01-MG;UOP03-DEL01-MG
556120;20/10/2023;sexta-feira;14:41:00;MG;153;17,1;CENTRALINA;Ausência de reação do condutor;Saída de leito carroçável;Sem Vítimas;Pleno dia;Crescente;Céu Claro;Dupla;Reta;Sim;3;0;0;0;1;2;0;2;-18,569555;-49,193806;SPRF-MG;DEL15-MG;UOP03-DEL15-MG
556121;20/10/2023;sexta-feira;13:20:00;RO;174;15;VILHENA;Reação tardia ou ineficiente do condutor;Colisão traseira;Com Vítimas Feridas;Pleno dia;Decrescente;Céu Claro;Simples;"Interseção de Vias;Reta       ";Sim;2;0;1;0;1;0;1;2;-12,723321;-60,12801;SPRF-RO;DEL04-RO;UOP01-DEL04-RO
556122;20/10/2023;sexta-feira;15:00:00;MG;381;486;BETIM;Reação tardia ou ineficiente do condutor;Colisão traseira;Com Vítimas Feridas;Pleno dia;Crescente;Nublado;Múltipla;Reta;Sim;2;0;1;0;0;1;1;2;-19,9557335;-44,1105421;SPRF-MG;DEL01-MG;UOP03-DEL01-MG
556123;20/10/2023;sexta-feira;15:10:00;ES;101;270,3;SERRA;Entrada inopinada do pedestre;Atropelamento de Pedestre;Com Vítimas Feridas;Pleno dia;Decrescente;Garoa/Chuvisco;Múltipla;Reta;Sim;2;0;0;1;1;0;1;2;-20,22662056;-40,27075088;SPRF-ES;DEL02-ES;UOP01-DEL02-ES
556124;20/10/2023;sexta-feira;14:05:00;GO;50;278,6;CATALAO;Acessar a via sem observar a presença dos outros veículos;Colisão transversal;Com Vítimas Feridas;Pleno dia;Crescente;Céu Claro;Simples;Reta;Não;4;0;1;0;3;0;1;2;-18,1696;-47,92;SPRF-GO;DEL06-GO;UOP01-DEL06-GO
556127;20/10/2023;sexta-feira;14:52:00;MT;70;5;BARRA DO GARCAS;Manobra de mudança de faixa;Colisão lateral mesmo sentido;Com Vítimas Feridas;Pleno dia;Crescente;Céu Claro;Dupla;Reta;Sim;3;0;2;0;1;0;2;2;-15,87814789;-52,296134;SPRF-MT;DEL07-MT;UOP01-DEL07-MT
556131;20/10/2023;sexta-feira;14:50:00;RJ;101;61;CAMPOS DOS GOYTACAZES;Reação tardia ou ineficiente do condutor;Queda de ocupante de veículo;Com Vítimas Feridas;Pleno dia;Crescente;Céu Claro;Simples;Reta;Sim;1;0;1;0;0;0;1;1;-21,72655788;-41,32133519;SPRF-RJ;DEL08-RJ;UOP01-DEL08-RJ
556133;20/10/2023;sexta-feira;15:00:00;MG;381;478,5;CONTAGEM;Ausência de reação do condutor;Colisão traseira;Com Vítimas Feridas;Pleno dia;Decrescente;Céu Claro;Múltipla;Reta;Sim;5;0;2;0;1;2;2;4;-19,9628875;-44,0403196;SPRF-MG;DEL01-MG;UOP03-DEL01-MG