id;data_inversa;dia_semana;horario;uf;br;km;municipio;causa_acidente;tipo_acidente;classificacao_acidente;fase_dia;sentido_via;condicao_metereologica;tipo_pista;tracado_via;uso_solo;pessoas;mortos;feridos_leves;feridos_graves;ilesos;ignorados;feridos;veiculos;latitude;longitude;regional;delegacia;uop
556378;21/10/2023;sábado;19:00:00;GO;60;174;ABADIA DE GOIAS;Ingestão de álcool pelo condutor;Colisão com objeto;Com Vítimas Feridas;Plena Noite;Crescente;Céu Claro;Dupla;Aclive;Sim;2;0;0;1;1;0;1;2;-16,7474;-49,4238;SPRF-GO;DEL01-GO;UOP02-DEL01-GO
556380;21/10/2023;sábado;18:15:00;MT;163;679;LUCAS DO RIO VERDE;Reação tardia ou ineficiente do condutor;Colisão lateral sentido oposto;Com Vítimas Feridas;Anoitecer;Decrescente;Nublado;Simples;Reta;Não;6;0;3;2;1;0;5;2;-13,24099795;-56,01173212;SPRF-MT;DEL06-MT;UOP01-DEL06-MT
556381;18/10/2023;quarta-feira;14:20:00;MG;381;349;JOAO MONLEVADE;Transitar na contramão;Colisão frontal;Com Vítimas Feridas;Pleno dia;Decrescente;Céu Claro;Simples;"Declive;Curva                 ";Não;3;0;1;0;2;0;1;2;-19,8499239;-43,14868105;SPRF-MG;DEL03-MG;UOP01-DEL03-MG
556382;21/10/2023;sábado;19:40:00;ES;101;128;SOORETAMA;Reação tardia ou ineficiente do condutor;Queda de ocupante de veículo;Com Vítimas Feridas;Plena Noite;Decrescente;Nublado;Dupla;Reta;Sim;1;0;0;1;0;0;1;1;-19,21191395;-40,09457556;SPRF-ES;DEL04-ES;UOP01-DEL04-ES
556384;21/10/2023;sábado;19:20:00;MG;381;497;BETIM;Ausência de reação do condutor;Colisão lateral mesmo sentido;Sem Vítimas;Plena Noite;Decrescente;Céu Claro;Dupla;Curva;Sim;2;0;0;0;2;0;0;2;-20,00483625;-44,21367172;SPRF-MG;DEL01-MG;UOP03-DEL01-MG
556385;21/10/2023;sábado;19:50:00;MG;146;422,5;MUZAMBINHO;Avarias e/ou desgaste excessivo no pneu;Tombamento;Com Vítimas Feridas;Plena Noite;Crescente;Céu Claro;Simples;Reta;Não;3;0;0;2;0;1;2;2;-21,358645;-46,499373;SPRF-MG;DEL09-MG;UOP01-DEL09-MG
556386;21/10/2023;sábado;18:40:00;MG;116;702,7;MURIAE;Pedestre cruzava a pista fora da faixa;Atropelamento de Pedestre;Com Vítimas Feridas;Plena Noite;Crescente;Céu Claro;Simples;Reta;Sim;2;0;1;1;0;0;2;2;-21,11938311;-42,38006362;SPRF-MG;DEL07-MG;UOP02-DEL07-MG
556389;21/10/2023;sábado;18:30:00;SC;101;340,1;TUBARAO;Ingestão de álcool pelo condutor;Saída de leito carroçável;Com Vítimas Feridas;Anoitecer;Decrescente;Céu Claro;Simples;Reta;Sim;1;0;1;0;0;0;1;1;-28,501444;-49,04690399;SPRF-SC;DEL02-SC;UOP01-DEL02-SC
556390;21/10/2023;sábado;18:20:00;SE;235;3;ARACAJU;Demais falhas mecânicas ou elétricas;Eventos atípicos;Sem Vítimas;Plena Noite;Crescente;Garoa/Chuvisco;Dupla;Reta;Sim;1;0;0;0;1;0;0;1;-10,9059;-37,111;SPRF-SE;DEL01-SE;UOP01-DEL01-SE
556392;21/10/2023;sábado;19:30:00;BA;20;70;SAO DESIDERIO;Desrespeitar a preferência no cruzamento;Colisão transversal;Com Vítimas Feridas;Plena Noite;Decrescente;Nublado;Simples;"Reta;Interseção de Vias       ";Não;6;0;1;1;0;4;2;2;-13,332302;-46,06386;SPRF-BA;DEL10-BA;UOP01-DEL10-BA
556394;21/10/2023;sábado;19:50:00;MS;262;361,4;CAMPO GRANDE;Ausência de reação do condutor;Colisão com objeto;Com Vítimas Feridas;Plena Noite;Crescente;Céu Claro;Simples;Rotatória;Não;1;0;0;1;0;0;1;1;-20,51558471;-54,71886635;SPRF-MS;DEL01-MS;UOP03-DEL01-MS
556395;21/10/2023;sábado;20:00:00;PR;369;137,6;IBIPORA;Transitar na contramão;Colisão lateral sentido oposto;Com Vítimas Feridas;Plena Noite;Crescente;Céu Claro;Simples;Reta;Sim;2;0;1;0;0;1;1;2;-23,27050644;-51,04730421;SPRF-PR;DEL07-PR;UOP01-DEL07-PR
556396;21/10/2023;sábado;19:30:00;PR;376;249;APUCARANA;Reação tardia ou ineficiente do condutor;Saída de leito carroçável;Com Vítimas Feridas;Plena Noite;Decrescente;Céu Claro;Dupla;"Reta;Declive                  ";Não;4;0;3;0;1;0;3;1;-23,61353;-51,39712;SPRF-PR;DEL07-PR;UOP03-DEL07-PR
556397;21/10/2023;sábado;20:40:00;SP;116;157;SAO JOSE DOS CAMPOS;Ausência de reação do condutor;Engavetamento;Com Vítimas Feridas;Plena Noite;Decrescente;Céu Claro;Simples;Reta;Sim;3;0;1;0;2;0;1;3;-23,25558031;-45,9437828;SPRF-SP;DEL02-SP;UOP01-DEL02-SP
556398;21/10/2023;sábado;18:30:00;RJ;101;295;ITABORAI;Ausência de reação do condutor;Colisão traseira;Com Vítimas Feridas;Pleno dia;Crescente;Céu Claro;Simples;Reta;Não;2;0;1;0;1;0;1;2;-22,76365068;-42,90223623;SPRF-RJ;DEL02-RJ;UOP02-DEL02-RJ
556399;21/10/2023;sábado;16:00:00;MG;365;735;ITUIUTABA;Demais falhas mecânicas ou elétricas;Queda de ocupante de veículo;Com Vítimas Feridas;Pleno dia;Decrescente;Céu Claro;Simples;"Reta;Declive                  ";Não;2;0;2;0;0;0;2;1;-18,90585964;-49,32623604;SPRF-MG;DEL15-MG;UOP03-DEL15-MG
556400;21/10/2023;sábado;20:15:00;RS;285;293;PASSO FUNDO;Acessar a via sem observar a presença dos outros veículos;Colisão transversal;Sem Vítimas;Plena Noite;Crescente;Céu Claro;Dupla;Rotatória;Sim;4;0;0;0;4;0;0;2;-28,236645;-52,375156;SPRF-RS;DEL08-RS;UOP03-DEL08-RS
556401;21/10/2023;sábado;21:05:00;PB;230;83,3;CALDAS BRANDAO;Ausência de reação do condutor;Colisão com objeto;Com Vítimas Fatais;Plena Noite;Decrescente;Céu Claro;Simples;"Reta;Ponte                    ";Sim;2;1;0;0;0;1;0;2;-7,168698;-35,346985;SPRF-PB;DEL01-PB;UOP03-DEL01-PB
556402;21/10/2023;sábado;20:20:00;SC;282;20,8;PALHOCA;Ingestão de álcool pelo condutor;Colisão frontal;Com Vítimas Feridas;Pleno dia;Decrescente;Nublado;Simples;"Curva;Aclive                  ";Sim;2;0;1;1;0;0;2;2;-27,68915709;-48,71574998;SPRF-SC;DEL01-SC;UOP02-DEL01-SC
556405;21/10/2023;sábado;21:50:00;CE;304;47,7;ARACATI;Reação tardia ou ineficiente do condutor;Colisão traseira;Com Vítimas Feridas;Plena Noite;Decrescente;Céu Claro;Simples;"Reta;Ponte                    ";Não;2;0;1;0;1;0;1;2;-4,57573881;-37,78945494;SPRF-CE;DEL03-CE;UOP03-DEL03-CE
556406;21/10/2023;sábado;20:54:00;CE;116;41;HORIZONTE;Acessar a via sem observar a presença dos outros veículos;Colisão transversal;Com Vítimas Feridas;Plena Noite;Crescente;Céu Claro;Dupla;Reta;Sim;2;0;0;1;1;0;1;2;-4,1024351;-38,50001011;SPRF-CE;DEL01-CE;UOP02-DEL01-CE
556407;21/10/2023;sábado;19:19:00;SC;470;84;RODEIO;Deixar de acionar o farol da motocicleta (ou similar);Colisão traseira;Com Vítimas Feridas;Plena Noite;Decrescente;Céu Claro;Simples;Reta;Não;2;0;1;0;1;0;1;2;-26,96137;-49,342415;SPRF-SC;DEL04-SC;UOP01-DEL04-SC
556408;21/10/2023;sábado;18:50:00;SC;470;82;RODEIO;Velocidade Incompatível;Saída de leito carroçável;Com Vítimas Feridas;Plena Noite;Crescente;Céu Claro;Simples;Curva;Não;3;0;1;2;0;0;3;1;-26,958838;-49,324978;SPRF-SC;DEL04-SC;UOP01-DEL04-SC
556409;21/10/2023;sábado;20:30:00;PA;230;718;MEDICILANDIA;Ausência de reação do condutor;Tombamento;Com Vítimas Feridas;Plena Noite;Crescente;Céu Claro;Simples;Reta;Não;1;0;0;1;0;0;1;1;-3,38144191;-52,67258005;SPRF-PA;DEL04-PA;UOP01-DEL04-PA
556410;21/10/2023;sábado;19:00:00;RS;285;630;SANTO ANTONIO DAS MISSOES;Demais falhas mecânicas ou elétricas;Incêndio;Sem Vítimas;Anoitecer;Crescente;Céu Claro;Simples;Reta;Não;3;0;0;0;3;0;0;1;-28,554987;-55,574394;SPRF-RS;DEL12-RS;UOP01-DEL12-RS
556411;21/10/2023;sábado;19:40:00;PR;116;71;CAMPINA GRANDE DO SUL;Ingestão de álcool pelo condutor;Colisão com objeto;Com Vítimas Feridas;Plena Noite;Crescente;Nublado;Dupla;Interseção de Vias;Não;1;0;1;0;0;0;1;1;-25,34541756;-49,04488757;SPRF-PR;DEL01-PR;UOP02-DEL01-PR
556412;21/10/2023;sábado;20:40:00;MT;163;829;SINOP;Demais falhas mecânicas ou elétricas;Incêndio;Sem Vítimas;Plena Noite;Decrescente;Céu Claro;Dupla;Reta;Sim;2;0;0;0;2;0;0;1;-12,040704;-55,51732275;SPRF-MT;DEL06-MT;UOP02-DEL06-MT
556413;21/10/2023;sábado;22:00:00;SP;116;136,1;SAO JOSE DOS CAMPOS;Reação tardia ou ineficiente do condutor;Colisão traseira;Com Vítimas Feridas;Plena Noite;Crescente;Céu Claro;Dupla;Reta;Não;3;0;1;0;1;1;1;2;-23,14874471;-45,77863714;SPRF-SP;DEL02-SP;UOP01-DEL02-SP
556414;21/10/2023;sábado;21:15:00;MG;50;20;UBERLANDIA;Velocidade Incompatível;Colisão traseira;Com Vítimas Feridas;Plena Noite;Crescente;Céu Claro;Dupla;Reta;Não;3;0;1;0;2;0;1;2;-18,9113;-48,2622;SPRF-MG;DEL15-MG;UOP01-DEL15-MG
556415;21/10/2023;sábado;20:05:00;MG;40;756,8;EWBANK DA CAMARA;Demais falhas mecânicas ou elétricas;Incêndio;Sem Vítimas;Plena Noite;Decrescente;Garoa/Chuvisco;Simples;Curva;Não;1;0;0;0;1;0;0;1;-21,53852954;-43,5108161;SPRF-MG;DEL05-MG;UOP01-DEL05-MG
556416;21/10/2023;sábado;22:30:00;SP;116;211;GUARULHOS;Pedestre cruzava a pista fora da faixa;Atropelamento de Pedestre;Com Vítimas Fatais;Plena Noite;Decrescente;Nublado;Múltipla;Reta;Sim;3;1;0;0;2;0;0;2;-23,43608315;-46,42805094;SPRF-SP;DEL01-SP;UOP01-DEL01-SP
556417;21/10/2023;sábado;22:45:00;GO;40;10;LUZIANIA;Ingestão de álcool pelo condutor;Colisão transversal;Com Vítimas Feridas;Plena Noite;Decrescente;Céu Claro;Dupla;Retorno Regulamentado;Sim;5;0;4;0;1;0;4;2;-16,131285;-47,957923;SPRF-DF;DEL01-DF;UOP01-DEL01-DF
556418;21/10/2023;sábado;22:00:00;PE;101;51,6;PAULISTA;Reação tardia ou ineficiente do condutor;Queda de ocupante de veículo;Com Vítimas Feridas;Plena Noite;Decrescente;Céu Claro;Dupla;"Curva;Aclive                  ";Sim;1;0;1;0;0;0;1;1;-7,92081128;-34,89214897;SPRF-PE;DEL01-PE;UOP02-DEL01-PE
556419;21/10/2023;sábado;22:00:00;SC;470;67,5;INDAIAL;Desrespeitar a preferência no cruzamento;Colisão transversal;Sem Vítimas;Plena Noite;Decrescente;Nublado;Simples;"Reta;Interseção de Vias;Viadut";Sim;2;0;0;0;1;1;0;2;-26,87531081;-49,23598051;SPRF-SC;DEL04-SC;UOP01-DEL04-SC
556421;21/10/2023;sábado;21:00:00;BA;101;623;MASCOTE;Chuva;Saída de leito carroçável;Sem Vítimas;Plena Noite;Crescente;Chuva;Simples;Curva;Não;1;0;0;0;1;0;0;1;-15,858785;-39,520394;SPRF-BA;DEL05-BA;UOP02-DEL05-BA
556422;21/10/2023;sábado;22:20:00;RJ;465;7;SEROPEDICA;Ausência de reação do condutor;Queda de ocupante de veículo;Com Vítimas Feridas;Plena Noite;Decrescente;Chuva;Simples;Reta;Não;3;0;1;0;0;2;1;2;-22,761377;-43,686352;SPRF-RJ;DEL01-RJ;UOP03-DEL01-RJ
556424;21/10/2023;sábado;23:30:00;ES;101;136;LINHARES;Ausência de reação do condutor;Saída de leito carroçável;Com Vítimas Feridas;Plena Noite;Crescente;Céu Claro;Simples;"Reta;Declive                  ";Não;1;0;0;1;0;0;1;1;-19,28406301;-40,08688713;SPRF-ES;DEL04-ES;UOP01-DEL04-ES
556428;21/10/2023;sábado;23:05:00;SP;116;494,9;CAJATI;Reação tardia ou ineficiente do condutor;Saída de leito carroçável;Com Vítimas Feridas;Plena Noite;Decrescente;Nublado;Dupla;"Curva;Aclive                  ";Não;2;0;2;0;0;0;2;1;-24,7531624;-48,1580848;SPRF-SP;DEL05-SP;UOP01-DEL05-SP
556431;21/10/2023;sábado;23:30:00;PR;277;727;FOZ DO IGUACU;Velocidade Incompatível;Colisão traseira;Sem Vítimas;Plena Noite;Crescente;Céu Claro;Dupla;Reta;Sim;3;0;0;0;2;1;0;2;-25,51017487;-54,56454899;SPRF-PR;DEL05-PR;UOP03-DEL05-PR
556432;21/10/2023;sábado;23:40:00;RJ;116;317;ITATIAIA;Iluminação deficiente;Atropelamento de Pedestre;Com Vítimas Feridas;Plena Noite;Decrescente;Garoa/Chuvisco;Dupla;Reta;Não;2;0;1;0;0;1;1;2;-22,46708478;-44,50067002;SPRF-RJ;DEL07-RJ;UOP02-DEL07-RJ
556434;21/10/2023;sábado;22:30:00;RJ;393;281,5;VOLTA REDONDA;Transitar na contramão;Colisão frontal;Com Vítimas Feridas;Plena Noite;Decrescente;Céu Claro;Simples;Curva;Sim;2;0;0;1;0;1;1;2;-22,4748344;-44,0626055;SPRF-RJ;DEL05-RJ;UOP04-DEL05-RJ
556437;22/10/2023;domingo;00:40:00;PR;369;189,4;ARAPONGAS;Ingestão de álcool pelo condutor;Colisão com objeto;Com Vítimas Feridas;Plena Noite;Crescente;Céu Claro;Dupla;Reta;Não;2;0;1;1;0;0;2;1;-23,44937532;-51,42325401;SPRF-PR;DEL07-PR;UOP03-DEL07-PR
556438;22/10/2023;domingo;00:00:00;RJ;101;451;ANGRA DOS REIS;Condutor Dormindo;Colisão frontal;Com Vítimas Feridas;Plena Noite;Crescente;Garoa/Chuvisco;Simples;Reta;Não;5;0;1;0;4;0;1;2;-23,02615025;-44,12477186;SPRF-RJ;DEL03-RJ;UOP02-DEL03-RJ
556439;22/10/2023;domingo;00:50:00;SP;116;147;SAO JOSE DOS CAMPOS;Ausência de reação do condutor;Capotamento;Com Vítimas Feridas;Plena Noite;Crescente;Céu Claro;Dupla;Reta;Sim;1;0;1;0;0;0;1;1;-23,19542994;-45,87176303;SPRF-SP;DEL02-SP;UOP01-DEL02-SP
556440;22/10/2023;domingo;01:10:00;SP;116;226;GUARULHOS;Reação tardia ou ineficiente do condutor;Engavetamento;Com Vítimas Feridas;Plena Noite;Crescente;Céu Claro;Múltipla;"Reta;Aclive                   ";Não;3;0;1;0;2;0;1;3;-23,49102507;-46,54878195;SPRF-SP;DEL01-SP;UOP01-DEL01-SP
556441;22/10/2023;domingo;00:54:00;RS;448;0,6;SAPUCAIA DO SUL;Reação tardia ou ineficiente do condutor;Colisão com objeto;Sem Vítimas;Plena Noite;Crescente;Céu Claro;Múltipla;Curva;Não;1;0;0;0;1;0;0;1;-29,8268882;-51,17413402;SPRF-RS;DEL01-RS;UOP02-DEL01-RS
556443;22/10/2023;domingo;01:30:00;ES;101;370,5;ICONHA;Acumulo de água sobre o pavimento;Colisão com objeto;Com Vítimas Feridas;Plena Noite;Crescente;Chuva;Simples;Reta;Não;1;0;1;0;0;0;1;1;-20,76871121;-40,75999937;SPRF-ES;DEL03-ES;UOP01-DEL03-ES
556444;22/10/2023;domingo;01:30:00;MS;163;19;MUNDO NOVO;Acessar a via sem observar a presença dos outros veículos;Colisão transversal;Com Vítimas Feridas;Plena Noite;Decrescente;Céu Claro;Simples;"Reta;Interseção de Vias       ";Sim;2;0;0;1;1;0;1;2;-23,93343598;-54,28168073;SPRF-MS;DEL09-MS;UOP02-DEL09-MS
556446;22/10/2023;domingo;02:50:00;SP;116;406;MIRACATU;Demais falhas mecânicas ou elétricas;Incêndio;Sem Vítimas;Plena Noite;Crescente;Garoa/Chuvisco;Dupla;Reta;Sim;1;0;0;0;0;1;0;1;-24,3250391;-47,55598398;SPRF-SP;DEL04-SP;UOP02-DEL04-SP
556447;21/10/2023;sábado;23:15:00;SC;101;203,1;SAO JOSE;Ingestão de álcool pelo condutor;Colisão com objeto;Com Vítimas Feridas;Plena Noite;Crescente;Céu Claro;Dupla;Reta;Sim;1;0;1;0;0;0;1;1;-27,5650044;-48,61460082;SPRF-SC;DEL01-SC;UOP01-DEL01-SC
556448;22/10/2023;domingo;03:00:00;PR;277;6,5;PARANAGUA;Reação tardia ou ineficiente do condutor;Saída de leito carroçável;Com Vítimas Feridas;Plena Noite;Crescente;Nublado;Dupla;Reta;Não;1;0;1;0;0;0;1;1;-25,56071642;-48,580513;SPRF-PR;DEL01-PR;UOP05-DEL01-PR
556449;22/10/2023;domingo;04:10:00;MG;459;93,3;CONGONHAL;Velocidade Incompatível;Saída de leito carroçável;Com Vítimas Feridas;Plena Noite;Decrescente;Céu Claro;Simples;"Curva;Declive                 ";Não;1;0;0;1;0;0;1;1;-22,17944;-45,995041;SPRF-MG;DEL09-MG;UOP01-DEL09-MG
556450;22/10/2023;domingo;04:10:00;GO;60;165,6;GOIANIA;Ingestão de álcool pelo condutor;Colisão com objeto;Com Vítimas Feridas;Plena Noite;Decrescente;Céu Claro;Múltipla;"Curva;Declive;Viaduto         ";Sim;2;0;2;0;0;0;2;1;-16,71233938;-49,35652971;SPRF-GO;DEL01-GO;UOP02-DEL01-GO
556451;22/10/2023;domingo;03:20:00;MS;163;129;NAVIRAI;Reação tardia ou ineficiente do condutor;Saída de leito carroçável;Sem Vítimas;Plena Noite;Crescente;Céu Claro;Simples;Reta;Não;2;0;0;0;2;0;0;1;-23,04564677;-54,25168086;SPRF-MS;DEL09-MS;UOP01-DEL09-MS
556452;22/10/2023;domingo;04:15:00;SC;101;373;ICARA;Ingestão de álcool e/ou substâncias psicoativas pelo pedestre;Saída de leito carroçável;Sem Vítimas;Plena Noite;Decrescente;Céu Claro;Dupla;Curva;Não;1;0;0;0;1;0;0;1;-28,71628994;-49,2305088;SPRF-SC;DEL02-SC;UOP01-DEL02-SC
556454;22/10/2023;domingo;03:30:00;PE;232;116;CARUARU;Demais falhas na via;Tombamento;Com Vítimas Feridas;Plena Noite;Crescente;Céu Claro;Dupla;Reta;Não;2;0;2;0;0;0;2;1;-8,2970005;-35,86666391;SPRF-PE;DEL02-PE;UOP01-DEL02-PE
556456;22/10/2023;domingo;00:30:00;MG;116;612,6;SAO JOAO DO MANHUACU;Ultrapassagem Indevida;Colisão frontal;Com Vítimas Fatais;Plena Noite;Crescente;Chuva;Simples;Reta;Não;3;3;0;0;0;0;0;2;-20,42881501;-42,16258798;SPRF-MG;DEL07-MG;UOP02-DEL07-MG
556457;22/10/2023;domingo;02:50:00;MS;262;326,3;CAMPO GRANDE;Reação tardia ou ineficiente do condutor;Saída de leito carroçável;Sem Vítimas;Plena Noite;Crescente;Céu Claro;Simples;Retorno Regulamentado;Sim;1;0;0;0;0;1;0;1;-20,46867409;-54,53455902;SPRF-MS;DEL01-MS;UOP01-DEL01-MS
556458;22/10/2023;domingo;04:30:00;PR;476;197;LAPA;Transitar na contramão;Colisão frontal;Com Vítimas Feridas;Amanhecer;Crescente;Céu Claro;Simples;Reta;Não;2;0;2;0;0;0;2;2;-25,759378;-49,73254;SPRF-PR;DEL01-PR;UOP06-DEL01-PR
556459;21/10/2023;sábado;20:00:00;MG;262;852,9;CAMPO FLORIDO;Animais na Pista;Atropelamento de Animal;Com Vítimas Feridas;Plena Noite;Crescente;Céu Claro;Dupla;Reta;Não;3;0;1;2;0;0;3;1;-19,7779155;-48,49039078;SPRF-MG;DEL13-MG;UOP01-DEL13-MG
556462;22/10/2023;domingo;04:45:00;SC;280;79,1;CORUPA;Reação tardia ou ineficiente do condutor;Saída de leito carroçável;Com Vítimas Feridas;Amanhecer;Crescente;Céu Claro;Simples;Curva;Não;1;0;1;0;0;0;1;1;-26,44657315;-49,20157809;SPRF-SC;DEL06-SC;UOP03-DEL06-SC
556463;22/10/2023;domingo;05:30:00;SC;101;114;ITAJAI;Condutor Dormindo;Capotamento;Com Vítimas Feridas;Amanhecer;Crescente;Nublado;Dupla;Reta;Não;2;0;1;0;1;0;1;1;-26,86192886;-48,7286704;SPRF-SC;DEL04-SC;UOP04-DEL04-SC
556464;22/10/2023;domingo;04:45:00;GO;20;178;ALVORADA DO NORTE;Entrada inopinada do pedestre;Atropelamento de Pedestre;Com Vítimas Fatais;Amanhecer;Decrescente;Céu Claro;Dupla;Reta;Não;4;1;0;0;3;0;0;2;-14,491601;-46,504112;SPRF-DF;DEL02-DF;UOP03-DEL02-DF
556465;22/10/2023;domingo;05:30:00;PR;476;184,5;LAPA;Condutor Dormindo;Colisão lateral sentido oposto;Sem Vítimas;Amanhecer;Crescente;Nublado;Dupla;Curva;Não;2;0;0;0;2;0;0;2;-25,713835;-49,627098;SPRF-PR;DEL01-PR;UOP06-DEL01-PR
556467;22/10/2023;domingo;05:55:00;BA;324;533;CONCEICAO DO JACUIPE;Manobra de mudança de faixa;Colisão lateral mesmo sentido;Com Vítimas Feridas;Pleno dia;Crescente;Céu Claro;Dupla;Reta;Não;4;0;2;0;1;1;2;4;-12,36277692;-38,82187583;SPRF-BA;DEL01-BA;UOP03-DEL01-BA
556468;22/10/2023;domingo;05:30:00;PR;476;117;COLOMBO;Ausência de reação do condutor;Colisão com objeto;Com Vítimas Feridas;Pleno dia;Decrescente;Céu Claro;Múltipla;Curva;Sim;2;0;1;0;1;0;1;1;-25,35207075;-49,17898357;SPRF-PR;DEL01-PR;UOP01-DEL01-PR
556469;22/10/2023;domingo;05:30:00;MG;116;267,2;TEOFILO OTONI;Velocidade Incompatível;Saída de leito carroçável;Com Vítimas Feridas;Amanhecer;Decrescente;Garoa/Chuvisco;Simples;"Reta;Declive                  ";Não;4;0;3;1;0;0;4;1;-17,780375;-41,500238;SPRF-MG;DEL11-MG;UOP01-DEL11-MG
556471;21/10/2023;sábado;20:45:00;MS;463;106,3;PONTA PORA;Iluminação deficiente;Saída de leito carroçável;Sem Vítimas;Plena Noite;Crescente;Ignorado;Simples;Reta;Não;3;0;0;0;3;0;0;1;-22,59656312;-55,66536809;SPRF-MS;DEL04-MS;UOP03-DEL04-MS
556472;22/10/2023;domingo;05:55:00;PR;369;196;APUCARANA;Reação tardia ou ineficiente do condutor;Saída de leito carroçável;Com Vítimas Feridas;Pleno dia;Crescente;Céu Claro;Dupla;Reta;Sim;2;0;2;0;0;0;2;1;-23,50944;-51,42617;SPRF-PR;DEL07-PR;UOP03-DEL07-PR
556473;22/10/2023;domingo;04:55:00;MT;163;795,9;VERA;Condutor Dormindo;Saída de leito carroçável;Com Vítimas Feridas;Amanhecer;Decrescente;Nublado;Simples;Reta;Não;1;0;0;1;0;0;1;1;-12,207;-55,539;SPRF-MT;DEL06-MT;UOP01-DEL06-MT
556474;22/10/2023;domingo;02:20:00;SC;101;150;ITAPEMA;Ingestão de álcool pelo condutor;Colisão com objeto;Com Vítimas Feridas;Plena Noite;Decrescente;Céu Claro;Dupla;Reta;Sim;2;0;1;1;0;0;2;1;-27,11744799;-48,60940987;SPRF-SC;DEL04-SC;UOP03-DEL04-SC
556475;22/10/2023;domingo;00:01:00;SC;470;88;ASCURRA;Ingestão de álcool e/ou substâncias psicoativas pelo pedestre;Colisão com objeto;Sem Vítimas;Plena Noite;Crescente;Céu Claro;Simples;"Reta;Ponte                    ";Sim;1;0;0;0;0;1;0;1;-26,95726192;-49,37454343;SPRF-SC;DEL04-SC;UOP01-DEL04-SC
556476;22/10/2023;domingo;06:00:00;MG;40;768,9;JUIZ DE FORA;Velocidade Incompatível;Colisão com objeto;Com Vítimas Feridas;Pleno dia;Crescente;Garoa/Chuvisco;Simples;Curva;Não;2;0;1;1;0;0;2;1;-21,58240015;-43,46596328;SPRF-MG;DEL05-MG;UOP01-DEL05-MG
556477;22/10/2023;domingo;01:00:00;CE;20;355;CARIDADE;Transitar na contramão;Saída de leito carroçável;Com Vítimas Feridas;Plena Noite;Crescente;Céu Claro;Simples;"Reta;Aclive                   ";Não;2;0;1;0;0;1;1;2;-4,05438208;-39,02065895;SPRF-CE;DEL02-CE;UOP01-DEL02-CE
556478;22/10/2023;domingo;05:45:00;AL;104;86,5;RIO LARGO;Condutor Dormindo;Saída de leito carroçável;Com Vítimas Feridas;Pleno dia;Decrescente;Garoa/Chuvisco;Dupla;Reta;Não;1;0;0;1;0;0;1;1;-9,46691715;-35,82504135;SPRF-AL;DEL01-AL;UOP01-DEL01-AL
556479;22/10/2023;domingo;05:15:00;MG;365;683;MONTE ALEGRE DE MINAS;Ingestão de álcool pelo condutor;Colisão traseira;Com Vítimas Feridas;Amanhecer;Decrescente;Céu Claro;Dupla;Reta;Não;1;0;1;0;0;0;1;1;-18,851478;-48,847366;SPRF-MG;DEL15-MG;UOP01-DEL15-MG
556480;22/10/2023;domingo;05:30:00;RJ;101;255;RIO BONITO;Ausência de reação do condutor;Queda de ocupante de veículo;Com Vítimas Fatais;Amanhecer;Decrescente;Chuva;Dupla;Reta;Não;2;1;1;0;0;0;1;1;-22,69421578;-42,55904705;SPRF-RJ;DEL02-RJ;UOP03-DEL02-RJ
556482;21/10/2023;sábado;19:20:00;PA;230;745;MEDICILANDIA;Reação tardia ou ineficiente do condutor;Atropelamento de Pedestre;Com Vítimas Fatais;Plena Noite;Crescente;Céu Claro;Simples;"Reta;Declive                  ";Não;5;1;1;1;2;0;2;5;-3,450952;-52,919859;SPRF-PA;DEL04-PA;UOP01-DEL04-PA
556483;22/10/2023;domingo;07:20:00;PA;155;325;MARABA;Ausência de reação do condutor;Saída de leito carroçável;Sem Vítimas;Amanhecer;Crescente;Céu Claro;Simples;Reta;Não;1;0;0;0;1;0;0;1;-5,53085599;-49,07576984;SPRF-PA;DEL03-PA;UOP01-DEL03-PA
556484;22/10/2023;domingo;06:10:00;MS;262;8;TRES LAGOAS;Acessar a via sem observar a presença dos outros veículos;Colisão transversal;Com Vítimas Feridas;Pleno dia;Crescente;Céu Claro;Dupla;Reta;Sim;2;0;0;1;1;0;1;2;-20,79733182;-51,68217659;SPRF-MS;DEL07-MS;UOP01-DEL07-MS
556485;22/10/2023;domingo;04:00:00;MG;262;478,8;BOM DESPACHO;Ingestão de álcool pelo condutor;Colisão frontal;Com Vítimas Feridas;Amanhecer;Decrescente;Céu Claro;Simples;Reta;Sim;3;0;3;0;0;0;3;2;-19,78767779;-45,22989387;SPRF-MG;DEL08-MG;UOP03-DEL08-MG
556487;22/10/2023;domingo;05:10:00;BA;367;32,9;PORTO SEGURO;Condutor Dormindo;Colisão traseira;Com Vítimas Fatais;Amanhecer;Crescente;Céu Claro;Simples;Reta;Não;2;1;0;0;1;0;0;2;-16,418916;-39,151626;SPRF-BA;DEL09-BA;UOP03-DEL09-BA
556490;21/10/2023;sábado;18:00:00;DF;70;5;BRASILIA;Condutor deixou de manter distância do veículo da frente;Saída de leito carroçável;Com Vítimas Fatais;Anoitecer;Decrescente;Chuva;Dupla;Reta;Sim;27;4;14;7;2;0;21;2;-15,793987;-48,098329;SPRF-DF;DEL03-DF;UOP02-DEL03-DF
556491;22/10/2023;domingo;08:10:00;MG;381;484;BETIM;Avarias e/ou desgaste excessivo no pneu;Queda de ocupante de veículo;Com Vítimas Feridas;Pleno dia;Crescente;Nublado;Dupla;"Curva;Interseção de Vias;Decli";Sim;2;0;2;0;0;0;2;1;-19,95531717;-44,11722196;SPRF-MG;DEL01-MG;UOP03-DEL01-MG