id;data_inversa;dia_semana;horario;uf;br;km;municipio;causa_acidente;tipo_acidente;classificacao_acidente;fase_dia;sentido_via;condicao_metereologica;tipo_pista;tracado_via;uso_solo;pessoas;mortos;feridos_leves;feridos_graves;ilesos;ignorados;feridos;veiculos;latitude;longitude;regional;delegacia;uop
556492;22/10/2023;domingo;08:00:00;SP;116;142,9;SAO JOSE DOS CAMPOS;Reação tardia ou ineficiente do condutor;Colisão traseira;Com Vítimas Feridas;Pleno dia;Crescente;Nublado;Dupla;Reta;Sim;4;0;4;0;0;0;4;2;-23,17426078;-45,82940111;SPRF-SP;DEL02-SP;UOP01-DEL02-SP
556493;22/10/2023;domingo;05:30:00;DF;40;8;BRASILIA;Ingestão de álcool pelo condutor;Saída de leito carroçável;Sem Vítimas;Amanhecer;Crescente;Céu Claro;Dupla;"Reta;Declive                  ";Sim;1;0;0;0;0;1;0;1;-16,038666;-47,979691;SPRF-DF;DEL01-DF;UOP01-DEL01-DF
556495;22/10/2023;domingo;07:00:00;MG;381;660,4;SANTO ANTONIO DO AMPARO;Condutor Dormindo;Colisão com objeto;Sem Vítimas;Pleno dia;Decrescente;Nublado;Dupla;"Curva;Aclive                  ";Não;2;0;0;0;2;0;0;1;-21,032535;-45,002186;SPRF-MG;DEL04-MG;UOP02-DEL04-MG
556496;22/10/2023;domingo;02:30:00;MG;262;96;ABRE CAMPO;Sinalização mal posicionada;Colisão com objeto;Com Vítimas Feridas;Plena Noite;Decrescente;Céu Claro;Simples;Curva;Não;2;0;2;0;0;0;2;1;-20,295544;-42,48012;SPRF-MG;DEL03-MG;UOP03-DEL03-MG
556497;22/10/2023;domingo;08:30:00;MG;40;782;JUIZ DE FORA;Ausência de reação do condutor;Colisão lateral mesmo sentido;Com Vítimas Feridas;Pleno dia;Crescente;Garoa/Chuvisco;Dupla;Reta;Não;1;0;1;0;0;0;1;1;-21,69593719;-43,44982474;SPRF-MG;DEL05-MG;UOP01-DEL05-MG
556498;22/10/2023;domingo;07:20:00;GO;153;568,2;PROFESSOR JAMIL;Ingestão de álcool pelo condutor;Saída de leito carroçável;Com Vítimas Feridas;Amanhecer;Decrescente;Céu Claro;Dupla;Curva;Não;2;0;1;0;1;0;1;1;-17,2854;-49,2361;SPRF-GO;DEL03-GO;UOP01-DEL03-GO
556499;22/10/2023;domingo;04:30:00;PB;230;106,9;INGA;Condutor Dormindo;Saída de leito carroçável;Sem Vítimas;Amanhecer;Crescente;Céu Claro;Dupla;Reta;Não;1;0;0;0;0;1;0;1;-7,20291779;-35,54858208;SPRF-PB;DEL01-PB;UOP03-DEL01-PB
556500;22/10/2023;domingo;07:30:00;PR;376;596;CURITIBA;Ausência de reação do condutor;Colisão traseira;Sem Vítimas;Pleno dia;Crescente;Céu Claro;Dupla;Reta;Não;2;0;0;0;1;1;0;2;-25,50194708;-49,3415524;SPRF-PR;DEL01-PR;UOP06-DEL01-PR
556501;22/10/2023;domingo;04:00:00;MG;50;127;UBERABA;Ausência de reação do condutor;Saída de leito carroçável;Com Vítimas Feridas;Amanhecer;Crescente;Céu Claro;Dupla;Curva;Não;1;0;1;0;0;0;1;1;-19,362828;-48,07942696;SPRF-MG;DEL13-MG;UOP01-DEL13-MG
556502;22/10/2023;domingo;08:10:00;RS;472;131,5;TRES DE MAIO;Ausência de reação do condutor;Saída de leito carroçável;Com Vítimas Feridas;Pleno dia;Decrescente;Nublado;Simples;Curva;Não;1;0;0;1;0;0;1;1;-27,75185455;-54,23639059;SPRF-RS;DEL10-RS;UOP01-DEL10-RS
556503;10/10/2023;terça-feira;07:10:00;ES;101;267;SERRA;Trafegar com motocicleta (ou similar) entre as faixas;Colisão lateral mesmo sentido;Com Vítimas Feridas;Pleno dia;Decrescente;Chuva;Dupla;Reta;Sim;2;0;1;0;0;1;1;2;-20,19930999;-40,26884609;SPRF-ES;DEL02-ES;UOP01-DEL02-ES
556504;22/10/2023;domingo;09:00:00;SP;381;71;MAIRIPORA;Velocidade Incompatível;Colisão com objeto;Com Vítimas Feridas;Pleno dia;Decrescente;Sol;Dupla;Curva;Não;2;0;2;0;0;0;2;1;-23,35047979;-46,55267274;SPRF-SP;DEL03-SP;UOP01-DEL03-SP
556505;22/10/2023;domingo;08:00:00;MG;262;838;UBERABA;Reação tardia ou ineficiente do condutor;Colisão traseira;Com Vítimas Feridas;Pleno dia;Crescente;Céu Claro;Dupla;"Reta;Declive                  ";Não;3;0;1;0;2;0;1;2;-19,75667319;-48,25183296;SPRF-MG;DEL13-MG;UOP01-DEL13-MG
556506;22/10/2023;domingo;09:00:00;MG;262;379;JUATUBA;Velocidade Incompatível;Queda de ocupante de veículo;Com Vítimas Feridas;Pleno dia;Decrescente;Céu Claro;Dupla;Curva;Não;1;0;0;1;0;0;1;1;-19,95241506;-44,37342001;SPRF-MG;DEL01-MG;UOP03-DEL01-MG
556508;22/10/2023;domingo;10:00:00;GO;414;391,1;CORUMBA DE GOIAS;Velocidade Incompatível;Colisão com objeto;Com Vítimas Feridas;Pleno dia;Crescente;Céu Claro;Simples;"Curva;Aclive                  ";Não;2;0;0;1;0;1;1;2;-15,9070339;-48,8011153;SPRF-GO;DEL02-GO;UOP01-DEL02-GO
556510;22/10/2023;domingo;10:30:00;PB;230;7;CABEDELO;Reação tardia ou ineficiente do condutor;Tombamento;Com Vítimas Feridas;Pleno dia;Crescente;Céu Claro;Múltipla;Reta;Sim;2;0;2;0;0;0;2;1;-7,026;-34,8385;SPRF-PB;DEL01-PB;UOP01-DEL01-PB
556512;22/10/2023;domingo;07:40:00;RJ;465;5;SEROPEDICA;Acessar a via sem observar a presença dos outros veículos;Colisão lateral sentido oposto;Com Vítimas Feridas;Pleno dia;Decrescente;Céu Claro;Simples;Reta;Não;2;0;1;1;0;0;2;2;-22,747673;-43,699196;SPRF-RJ;DEL01-RJ;UOP03-DEL01-RJ
556513;22/10/2023;domingo;10:40:00;MG;459;69,4;SENADOR JOSE BENTO;Velocidade Incompatível;Saída de leito carroçável;Com Vítimas Feridas;Pleno dia;Decrescente;Céu Claro;Simples;"Curva;Aclive                  ";Não;2;0;2;0;0;0;2;1;-22,13155665;-46,17406022;SPRF-MG;DEL09-MG;UOP01-DEL09-MG
556515;22/10/2023;domingo;08:30:00;MG;381;919,5;CAMANDUCAIA;Velocidade Incompatível;Colisão com objeto;Com Vítimas Feridas;Pleno dia;Decrescente;Nublado;Dupla;Curva;Sim;1;0;0;1;0;0;1;1;-22,76088136;-46,16839539;SPRF-MG;DEL16-MG;UOP03-DEL16-MG
556516;22/10/2023;domingo;11:00:00;ES;101;270;SERRA;Pedestre andava na pista;Atropelamento de Pedestre;Com Vítimas Feridas;Pleno dia;Decrescente;Nublado;Múltipla;Reta;Sim;2;0;1;0;1;0;1;2;-20,22662056;-40,27075088;SPRF-ES;DEL02-ES;UOP01-DEL02-ES
556517;22/10/2023;domingo;11:08:00;GO;414;388,2;CORUMBA DE GOIAS;Reação tardia ou ineficiente do condutor;Saída de leito carroçável;Com Vítimas Feridas;Pleno dia;Decrescente;Céu Claro;Simples;Aclive;Não;2;0;2;0;0;0;2;1;-15,882294;-48,792402;SPRF-GO;DEL02-GO;UOP01-DEL02-GO
556518;22/10/2023;domingo;09:50:00;RN;226;61;SENADOR ELOI DE SOUZA;Condutor deixou de manter distância do veículo da frente;Colisão traseira;Com Vítimas Feridas;Pleno dia;Crescente;Sol;Simples;Reta;Não;3;0;2;0;1;0;2;2;-6,04899453;-35,67427576;SPRF-RN;DEL01-RN;UOP02-DEL01-RN
556519;22/10/2023;domingo;10:10:00;PR;376;212;JANDAIA DO SUL;Ingestão de álcool pelo condutor;Colisão lateral mesmo sentido;Sem Vítimas;Pleno dia;Decrescente;Céu Claro;Dupla;Curva;Não;3;0;0;0;2;1;0;2;-23,55871589;-51,66363716;SPRF-PR;DEL09-PR;UOP01-DEL09-PR
556522;22/10/2023;domingo;11:00:00;PE;232;409;SERRA TALHADA;Reação tardia ou ineficiente do condutor;Tombamento;Com Vítimas Feridas;Pleno dia;Decrescente;Céu Claro;Simples;Curva;Não;1;0;1;0;0;0;1;1;-7,981944;-38,289467;SPRF-PE;DEL04-PE;UOP01-DEL04-PE
556524;14/10/2023;sábado;22:13:00;MS;163;467,9;CAMPO GRANDE;Pedestre andava na pista;Colisão frontal;Com Vítimas Feridas;Plena Noite;Decrescente;Céu Claro;Simples;Reta;Sim;3;0;0;1;2;0;1;2;-20,57932863;-54,57695024;SPRF-MS;DEL01-MS;UOP01-DEL01-MS
556525;22/10/2023;domingo;11:30:00;GO;60;199,1;GUAPO;Reação tardia ou ineficiente do condutor;Saída de leito carroçável;Com Vítimas Feridas;Pleno dia;Decrescente;Céu Claro;Dupla;Reta;Não;1;0;1;0;0;0;1;1;-16,8669;-49,608;SPRF-GO;DEL01-GO;UOP02-DEL01-GO
556526;22/10/2023;domingo;11:00:00;RS;293;78,1;PIRATINI;Chuva;Saída de leito carroçável;Com Vítimas Feridas;Pleno dia;Decrescente;Chuva;Simples;"Curva;Aclive                  ";Não;3;0;3;0;0;0;3;1;-31,67198885;-53,10479785;SPRF-RS;DEL07-RS;UOP01-DEL07-RS
556527;22/10/2023;domingo;10:30:00;SC;101;327;CAPIVARI DE BAIXO;Reação tardia ou ineficiente do condutor;Colisão traseira;Com Vítimas Feridas;Pleno dia;Crescente;Céu Claro;Dupla;"Reta;Declive                  ";Sim;5;0;1;0;4;0;1;2;-28,43023306;-48,95205197;SPRF-SC;DEL02-SC;UOP01-DEL02-SC
556528;22/10/2023;domingo;12:30:00;ES;101;266,5;SERRA;Acessar a via sem observar a presença dos outros veículos;Colisão transversal;Com Vítimas Feridas;Pleno dia;Decrescente;Nublado;Múltipla;Reta;Sim;2;0;1;0;1;0;1;2;-20,190199;-40,26828891;SPRF-ES;DEL02-ES;UOP01-DEL02-ES
556529;22/10/2023;domingo;08:40:00;PR;487;162,4;ARARUNA;Ausência de reação do condutor;Colisão transversal;Com Vítimas Feridas;Pleno dia;Decrescente;Céu Claro;Simples;Reta;Não;3;0;3;0;0;0;3;2;-23,97971998;-52,53828799;SPRF-PR;DEL09-PR;UOP03-DEL09-PR
556530;22/10/2023;domingo;11:50:00;SE;235;52,2;ITABAIANA;Acostamento em desnível;Tombamento;Com Vítimas Feridas;Pleno dia;Crescente;Nublado;Simples;Reta;Sim;2;0;2;0;0;0;2;1;-10,693279;-37,437557;SPRF-SE;DEL01-SE;UOP02-DEL01-SE
556532;22/10/2023;domingo;13:00:00;SC;101;198;BIGUACU;Manobra de mudança de faixa;Colisão lateral mesmo sentido;Com Vítimas Feridas;Pleno dia;Crescente;Céu Claro;Dupla;Reta;Sim;3;0;1;0;2;0;1;3;-27,52658712;-48,63506019;SPRF-SC;DEL01-SC;UOP01-DEL01-SC
556533;22/10/2023;domingo;12:40:00;SP;116;500;CAJATI;Reação tardia ou ineficiente do condutor;Colisão com objeto;Com Vítimas Feridas;Pleno dia;Crescente;Garoa/Chuvisco;Simples;Curva;Não;2;0;1;0;0;1;1;2;-24,78162109;-48,18342711;SPRF-SP;DEL05-SP;UOP02-DEL05-SP
556534;22/10/2023;domingo;12:30:00;RJ;101;296;ITABORAI;Reação tardia ou ineficiente do condutor;Colisão com objeto;Com Vítimas Feridas;Pleno dia;Decrescente;Céu Claro;Múltipla;Reta;Sim;1;0;1;0;0;0;1;1;-22,76643729;-42,90607452;SPRF-RJ;DEL02-RJ;UOP02-DEL02-RJ
556535;22/10/2023;domingo;11:30:00;PR;476;261;SAO MATEUS DO SUL;Entrada inopinada do pedestre;Atropelamento de Pedestre;Com Vítimas Feridas;Pleno dia;Crescente;Céu Claro;Simples;Reta;Não;2;0;0;1;1;0;1;2;-25,891628;-50,254681;SPRF-PR;DEL02-PR;UOP03-DEL02-PR
556536;22/10/2023;domingo;12:45:00;RJ;101;455;MANGARATIBA;Entrada inopinada do pedestre;Atropelamento de Pedestre;Com Vítimas Feridas;Pleno dia;Crescente;Nublado;Dupla;Reta;Não;3;0;2;0;1;0;2;2;-23,03057667;-44,16280031;SPRF-RJ;DEL03-RJ;UOP02-DEL03-RJ
556537;22/10/2023;domingo;11:00:00;RJ;101;66;CAMPOS DOS GOYTACAZES;Condutor deixou de manter distância do veículo da frente;Colisão com objeto;Com Vítimas Feridas;Pleno dia;Crescente;Céu Claro;Dupla;"Em Obras;Rotatória;Curva      ";Sim;1;0;1;0;0;0;1;1;-21,76090387;-41,34788959;SPRF-RJ;DEL08-RJ;UOP02-DEL08-RJ
556538;22/10/2023;domingo;11:10:00;BA;110;171;RIBEIRA DO POMBAL;Demais falhas mecânicas ou elétricas;Saída de leito carroçável;Com Vítimas Feridas;Pleno dia;Decrescente;Nublado;Simples;Reta;Não;3;0;3;0;0;0;3;1;-10,85155593;-38,52993354;SPRF-BA;DEL07-BA;UOP02-DEL07-BA
556539;22/10/2023;domingo;13:30:00;PB;101;73;SANTA RITA;Acessar a via sem observar a presença dos outros veículos;Colisão lateral mesmo sentido;Com Vítimas Feridas;Pleno dia;Crescente;Céu Claro;Dupla;Reta;Não;3;0;2;1;0;0;3;2;-7,07828212;-34,98823508;SPRF-PB;DEL01-PB;UOP04-DEL01-PB
556542;21/10/2023;sábado;09:35:00;RJ;493;68;DUQUE DE CAXIAS;Ausência de reação do condutor;Colisão com objeto;Com Vítimas Feridas;Pleno dia;Decrescente;Céu Claro;Dupla;Reta;Sim;2;0;1;0;1;0;1;1;-22,672089;-43,285053;SPRF-RJ;DEL01-RJ;UOP03-DEL01-RJ
556543;22/10/2023;domingo;13:00:00;PI;230;309;FLORIANO;Acessar a via sem observar a presença dos outros veículos;Colisão transversal;Com Vítimas Feridas;Pleno dia;Crescente;Céu Claro;Simples;Reta;Sim;3;0;2;1;0;0;3;2;-6,78159309;-43,00121707;SPRF-PI;DEL03-PI;UOP01-DEL03-PI
556544;07/09/2023;quinta-feira;13:35:00;RS;285;208,7;LAGOA VERMELHA;Acessar a via sem observar a presença dos outros veículos;Colisão transversal;Com Vítimas Feridas;Pleno dia;Crescente;Céu Claro;Simples;"Aclive;Reta                   ";Não;4;0;1;0;3;0;1;2;-28,221825;-51,598278;SPRF-RS;DEL08-RS;UOP05-DEL08-RS
556545;22/10/2023;domingo;14:45:00;SP;116;228;SAO PAULO;Reação tardia ou ineficiente do condutor;Eventos atípicos;Com Vítimas Feridas;Pleno dia;Crescente;Sol;Múltipla;Reta;Sim;2;0;1;1;0;0;2;1;-23,52251783;-46,5855702;SPRF-SP;DEL01-SP;UOP01-DEL01-SP
556547;22/10/2023;domingo;13:00:00;RS;116;203,2;MORRO REUTER;Reação tardia ou ineficiente do condutor;Tombamento;Com Vítimas Feridas;Pleno dia;Decrescente;Céu Claro;Simples;Reta;Não;1;0;1;0;0;0;1;1;-29,49054405;-51,15281582;SPRF-RS;DEL05-RS;UOP02-DEL05-RS
556549;22/10/2023;domingo;10:50:00;RJ;101;571;PARATY;Acesso irregular;Colisão transversal;Com Vítimas Feridas;Pleno dia;Decrescente;Nublado;Simples;Reta;Sim;5;0;2;1;0;2;3;3;-23,18579921;-44,72424085;SPRF-RJ;DEL03-RJ;UOP04-DEL03-RJ
556550;22/10/2023;domingo;15:35:00;SE;235;4;ARACAJU;Ausência de reação do condutor;Saída de leito carroçável;Com Vítimas Feridas;Pleno dia;Crescente;Céu Claro;Dupla;Reta;Não;2;0;2;0;0;0;2;1;-10,9064;-37,1197;SPRF-SE;DEL01-SE;UOP01-DEL01-SE
556551;22/10/2023;domingo;14:20:00;RR;174;484;BOA VISTA;Manobra de mudança de faixa;Colisão lateral mesmo sentido;Com Vítimas Feridas;Pleno dia;Crescente;Sol;Simples;Reta;Não;3;0;1;0;2;0;1;2;2,72078;-60,823662;SPRF-RR;DEL01-RR;UOP01-DEL01-RR
556553;22/10/2023;domingo;15:30:00;RJ;116;194;QUEIMADOS;Manobra de mudança de faixa;Colisão lateral mesmo sentido;Com Vítimas Feridas;Pleno dia;Decrescente;Céu Claro;Dupla;Reta;Sim;2;0;1;0;1;0;1;2;-22,73711632;-43,53793909;SPRF-RJ;DEL01-RJ;UOP02-DEL01-RJ
556554;22/10/2023;domingo;14:25:00;RJ;393;281;VOLTA REDONDA;Ultrapassagem Indevida;Colisão lateral mesmo sentido;Com Vítimas Feridas;Pleno dia;Decrescente;Céu Claro;Simples;Reta;Sim;4;0;1;0;2;1;1;3;-22,47449251;-44,05723572;SPRF-RJ;DEL05-RJ;UOP04-DEL05-RJ
556555;22/10/2023;domingo;14:40:00;PR;116;15,9;COLOMBO;Reação tardia ou ineficiente do condutor;Colisão traseira;Com Vítimas Feridas;Pleno dia;Decrescente;Nublado;Dupla;Declive;Sim;2;0;0;1;1;0;1;2;-25,3848;-49,1711;SPRF-PR;DEL01-PR;UOP02-DEL01-PR
556556;22/10/2023;domingo;15:11:00;BA;116;497;SANTA TERESINHA;Acesso irregular;Colisão transversal;Com Vítimas Feridas;Pleno dia;Decrescente;Céu Claro;Simples;Reta;Não;4;0;0;2;2;0;2;2;-12,59259612;-39,52829361;SPRF-BA;DEL02-BA;UOP01-DEL02-BA
556557;22/10/2023;domingo;15:30:00;MG;381;942;EXTREMA;Reação tardia ou ineficiente do condutor;Capotamento;Com Vítimas Feridas;Pleno dia;Crescente;Céu Claro;Dupla;Reta;Não;3;0;2;0;0;1;2;1;-22,86605937;-46,34940386;SPRF-MG;DEL16-MG;UOP03-DEL16-MG
556558;22/10/2023;domingo;15:30:00;MG;146;473;BOTELHOS;Acessar a via sem observar a presença dos outros veículos;Colisão transversal;Com Vítimas Feridas;Pleno dia;Crescente;Sol;Simples;"Reta;Declive;Interseção de Via";Não;3;0;0;1;2;0;1;2;-21,71054653;-46,42235041;SPRF-MG;DEL09-MG;UOP01-DEL09-MG
556559;22/10/2023;domingo;14:30:00;MG;381;480;BETIM;Manobra de mudança de faixa;Colisão lateral mesmo sentido;Com Vítimas Feridas;Pleno dia;Decrescente;Céu Claro;Múltipla;Reta;Sim;2;0;1;0;1;0;1;2;-19,95749597;-44,07899901;SPRF-MG;DEL01-MG;UOP03-DEL01-MG
556560;22/10/2023;domingo;12:55:00;PI;343;132;PIRACURUCA;Ingestão de álcool pelo condutor;Queda de ocupante de veículo;Com Vítimas Feridas;Pleno dia;Crescente;Céu Claro;Simples;Reta;Não;1;0;0;1;0;0;1;1;-3,850541;-41,698254;SPRF-PI;DEL02-PI;UOP01-DEL02-PI
556561;22/10/2023;domingo;15:00:00;SC;101;108,5;PENHA;Reação tardia ou ineficiente do condutor;Saída de leito carroçável;Sem Vítimas;Pleno dia;Crescente;Nublado;Dupla;Curva;Sim;1;0;0;0;0;1;0;1;-26,82606902;-48,69052298;SPRF-SC;DEL03-SC;UOP02-DEL03-SC
556562;22/10/2023;domingo;16:10:00;PB;101;103;ALHANDRA;Demais falhas mecânicas ou elétricas;Incêndio;Sem Vítimas;Pleno dia;Decrescente;Céu Claro;Dupla;Reta;Não;1;0;0;0;1;0;0;1;-7,29163604;-34,93807826;SPRF-PB;DEL01-PB;UOP02-DEL01-PB
556563;22/10/2023;domingo;16:10:00;PE;101;69,9;RECIFE;Demais falhas mecânicas ou elétricas;Tombamento;Com Vítimas Feridas;Pleno dia;Decrescente;Céu Claro;Dupla;Reta;Não;2;0;2;0;0;0;2;1;-8,05951606;-34,94581024;SPRF-PE;DEL01-PE;UOP01-DEL01-PE
556565;22/10/2023;domingo;16:30:00;SC;470;136,2;RIO DO SUL;Ausência de reação do condutor;Colisão transversal;Com Vítimas Feridas;Pleno dia;Decrescente;Céu Claro;Simples;"Reta;Interseção de Vias       ";Sim;4;0;3;0;1;0;3;2;-27,18632808;-49,60680127;SPRF-SC;DEL04-SC;UOP02-DEL04-SC
556567;22/10/2023;domingo;15:40:00;MS;60;18,1;CHAPADAO DO SUL;Reação tardia ou ineficiente do condutor;Colisão com objeto;Com Vítimas Fatais;Pleno dia;Decrescente;Céu Claro;Simples;Reta;Não;2;1;0;1;0;0;1;1;-18,83551289;-52,68232614;SPRF-MS;DEL08-MS;UOP01-DEL08-MS
556568;22/10/2023;domingo;16:00:00;PR;369;452,9;CORBELIA;Velocidade Incompatível;Saída de leito carroçável;Com Vítimas Feridas;Pleno dia;Crescente;Sol;Simples;Curva;Não;1;0;1;0;0;0;1;1;-24,58160529;-53,16550255;SPRF-PR;DEL04-PR;UOP03-DEL04-PR
556569;22/10/2023;domingo;16:40:00;RS;116;269;CANOAS;Demais falhas mecânicas ou elétricas;Tombamento;Com Vítimas Feridas;Pleno dia;Crescente;Céu Claro;Múltipla;Reta;Não;2;0;2;0;0;0;2;1;-29,95942501;-51,17608515;SPRF-RS;DEL01-RS;UOP01-DEL01-RS
556570;22/10/2023;domingo;16:30:00;MG;40;632,6;CONSELHEIRO LAFAIETE;Retorno proibido;Colisão transversal;Com Vítimas Feridas;Pleno dia;Crescente;Céu Claro;Simples;Reta;Sim;2;0;2;0;0;0;2;2;-20,68177921;-43,79429662;SPRF-MG;DEL05-MG;UOP02-DEL05-MG
556572;22/10/2023;domingo;16:50:00;MG;251;411,6;GRAO MOGOL;Animais na Pista;Saída de leito carroçável;Com Vítimas Feridas;Pleno dia;Decrescente;Nublado;Simples;Reta;Não;2;0;1;0;0;1;1;2;-16,32542814;-43,12377194;SPRF-MG;DEL12-MG;UOP01-DEL12-MG
556573;22/10/2023;domingo;16:30:00;GO;40;6,5;VALPARAISO DE GOIAS;Entrada inopinada do pedestre;Atropelamento de Pedestre;Com Vítimas Feridas;Pleno dia;Decrescente;Céu Claro;Dupla;Reta;Sim;2;0;1;1;0;0;2;2;-16,100814;-47,977351;SPRF-DF;DEL01-DF;UOP01-DEL01-DF
556575;22/10/2023;domingo;13:50:00;RS;293;72;PIRATINI;Velocidade Incompatível;Saída de leito carroçável;Com Vítimas Feridas;Pleno dia;Decrescente;Chuva;Simples;"Curva;Declive                 ";Não;2;0;1;1;0;0;2;1;-31,68103917;-53,05498213;SPRF-RS;DEL07-RS;UOP01-DEL07-RS
556576;22/10/2023;domingo;15:20:00;MS;163;260;DOURADOS;Ingestão de álcool pelo condutor;Colisão traseira;Com Vítimas Feridas;Pleno dia;Crescente;Céu Claro;Dupla;Reta;Não;3;0;2;0;1;0;2;2;-22,24489388;-54,77203018;SPRF-MS;DEL04-MS;UOP01-DEL04-MS
556577;22/10/2023;domingo;17:00:00;RS;153;17,8;SEVERIANO DE ALMEIDA;Manobra de mudança de faixa;Colisão traseira;Sem Vítimas;Pleno dia;Crescente;Céu Claro;Simples;Reta;Sim;2;0;0;0;2;0;0;2;-27,45084775;-52,08195625;SPRF-RS;DEL08-RS;UOP04-DEL08-RS
556578;22/10/2023;domingo;17:00:00;SP;116;103,3;TAUBATE;Condutor deixou de manter distância do veículo da frente;Tombamento;Com Vítimas Feridas;Pleno dia;Crescente;Céu Claro;Dupla;Reta;Não;2;0;2;0;0;0;2;1;-22,99948783;-45,49872139;SPRF-SP;DEL02-SP;UOP02-DEL02-SP
556580;22/10/2023;domingo;17:24:00;PE;232;7,7;RECIFE;Manobra de mudança de faixa;Colisão transversal;Com Vítimas Feridas;Plena Noite;Decrescente;Céu Claro;Dupla;Reta;Sim;3;0;0;2;1;0;2;2;-8,07497;-34,967732;SPRF-PE;DEL01-PE;UOP01-DEL01-PE
556582;22/10/2023;domingo;16:20:00;RO;364;343;JI-PARANA;Reação tardia ou ineficiente do condutor;Colisão traseira;Com Vítimas Feridas;Pleno dia;Decrescente;Céu Claro;Múltipla;Reta;Sim;4;0;2;0;2;0;2;2;-10,87878519;-61,94499012;SPRF-RO;DEL02-RO;UOP01-DEL02-RO
556583;22/10/2023;domingo;16:50:00;MG;262;359,9;BETIM;Manobra de mudança de faixa;Colisão transversal;Com Vítimas Feridas;Pleno dia;Decrescente;Céu Claro;Dupla;"Retorno Regulamentado;Curva   ";Não;3;0;0;1;2;0;1;2;-19,98332234;-44,20214426;SPRF-MG;DEL01-MG;UOP03-DEL01-MG
556584;22/10/2023;domingo;16:00:00;PE;101;148,2;RIBEIRAO;Ingestão de álcool pelo condutor;Capotamento;Sem Vítimas;Pleno dia;Crescente;Céu Claro;Dupla;Reta;Não;1;0;0;0;0;1;0;1;-8,48336698;-35,37204035;SPRF-PE;DEL01-PE;UOP03-DEL01-PE
556585;22/10/2023;domingo;17:30:00;CE;116;12;FORTALEZA;Condutor deixou de manter distância do veículo da frente;Colisão lateral mesmo sentido;Com Vítimas Feridas;Plena Noite;Crescente;Céu Claro;Dupla;Reta;Sim;2;0;1;0;1;0;1;2;-3,852077;-38,495525;SPRF-CE;DEL01-CE;UOP02-DEL01-CE
556586;22/10/2023;domingo;12:00:00;MG;153;155;COMENDADOR GOMES;Ausência de reação do condutor;Saída de leito carroçável;Com Vítimas Feridas;Pleno dia;Decrescente;Céu Claro;Simples;"Reta;Aclive                   ";Não;3;0;2;0;1;0;2;1;-19,62824275;-48,935707;SPRF-MG;DEL13-MG;UOP02-DEL13-MG
556587;22/10/2023;domingo;16:30:00;SP;381;61;MAIRIPORA;Condutor deixou de manter distância do veículo da frente;Colisão lateral mesmo sentido;Com Vítimas Feridas;Pleno dia;Crescente;Céu Claro;Dupla;"Reta;Declive                  ";Sim;2;0;1;0;1;0;1;2;-23,29011611;-46,5800681;SPRF-SP;DEL03-SP;UOP01-DEL03-SP
556588;22/10/2023;domingo;17:35:00;PB;101;40,9;MAMANGUAPE;Pedestre cruzava a pista fora da faixa;Atropelamento de Pedestre;Com Vítimas Fatais;Plena Noite;Crescente;Céu Claro;Dupla;Reta;Sim;2;1;0;0;1;0;0;2;-6,84527;-35,135805;SPRF-PB;DEL01-PB;UOP04-DEL01-PB
556589;22/10/2023;domingo;17:30:00;BA;324;617;SALVADOR;Manobra de mudança de faixa;Colisão lateral mesmo sentido;Com Vítimas Feridas;Anoitecer;Decrescente;Céu Claro;Múltipla;Reta;Sim;2;0;1;0;0;1;1;2;-12,8860325;-38,43806469;SPRF-BA;DEL01-BA;UOP01-DEL01-BA
556591;22/10/2023;domingo;15:25:00;MG;116;538,9;SANTA RITA DE MINAS;Reação tardia ou ineficiente do condutor;Saída de leito carroçável;Com Vítimas Feridas;Pleno dia;Crescente;Sol;Simples;Curva;Não;1;0;0;1;0;0;1;1;-19,87457783;-42,13216953;SPRF-MG;DEL06-MG;UOP02-DEL06-MG
556592;22/10/2023;domingo;18:20:00;RJ;101;485;ANGRA DOS REIS;Velocidade Incompatível;Colisão lateral mesmo sentido;Com Vítimas Feridas;Plena Noite;Crescente;Céu Claro;Dupla;"Reta;Declive                  ";Sim;3;0;1;1;1;0;2;2;-22,98573526;-44,29709764;SPRF-RJ;DEL03-RJ;UOP03-DEL03-RJ
556593;22/10/2023;domingo;18:40:00;RS;116;244;SAO LEOPOLDO;Condutor deixou de manter distância do veículo da frente;Colisão traseira;Sem Vítimas;Plena Noite;Crescente;Nublado;Dupla;Reta;Sim;4;0;0;0;4;0;0;4;-29,73814457;-51,15026778;SPRF-RS;DEL01-RS;UOP02-DEL01-RS
556594;22/10/2023;domingo;19:15:00;MG;381;492;BETIM;Afundamento ou ondulação no pavimento;Queda de ocupante de veículo;Com Vítimas Feridas;Plena Noite;Crescente;Céu Claro;Múltipla;Reta;Sim;2;0;1;0;1;0;1;1;-19,97490091;-44,19004301;SPRF-MG;DEL01-MG;UOP03-DEL01-MG
556595;22/10/2023;domingo;18:40:00;PR;277;80;CURITIBA;Ingestão de álcool pelo condutor;Colisão lateral mesmo sentido;Sem Vítimas;Anoitecer;Decrescente;Céu Claro;Dupla;Reta;Sim;2;0;0;0;1;1;0;2;-25,568939;-49,181978;SPRF-PR;DEL01-PR;UOP01-DEL01-PR