id;data_inversa;dia_semana;horario;uf;br;km;municipio;causa_acidente;tipo_acidente;classificacao_acidente;fase_dia;sentido_via;condicao_metereologica;tipo_pista;tracado_via;uso_solo;pessoas;mortos;feridos_leves;feridos_graves;ilesos;ignorados;feridos;veiculos;latitude;longitude;regional;delegacia;uop
557251;26/10/2023;quinta-feira;08:30:00;ES;101;264;SERRA;Manobra de mudança de faixa;Colisão lateral mesmo sentido;Com Vítimas Feridas;Pleno dia;Decrescente;Céu Claro;Dupla;Reta;Sim;2;0;1;0;1;0;1;2;-20,17292791;-40,26736384;SPRF-ES;DEL02-ES;UOP01-DEL02-ES
557253;26/10/2023;quinta-feira;07:56:00;PE;232;410;SERRA TALHADA;Acesso irregular;Colisão lateral mesmo sentido;Com Vítimas Feridas;Pleno dia;Crescente;Céu Claro;Simples;Curva;Não;2;0;1;0;1;0;1;2;-7,98261841;-38,30039606;SPRF-PE;DEL04-PE;UOP01-DEL04-PE
557256;26/10/2023;quinta-feira;07:10:00;RJ;40;103;DUQUE DE CAXIAS;Reação tardia ou ineficiente do condutor;Colisão traseira;Com Vítimas Feridas;Pleno dia;Decrescente;Chuva;Múltipla;Reta;Sim;2;0;1;0;1;0;1;2;-22,62009;-43,286922;SPRF-RJ;DEL01-RJ;UOP01-DEL01-RJ
557259;26/10/2023;quinta-feira;08:40:00;MG;381;542,5;ITATIAIUCU;Velocidade Incompatível;Saída de leito carroçável;Com Vítimas Feridas;Pleno dia;Decrescente;Céu Claro;Dupla;Reta;Não;1;0;0;1;0;0;1;1;-20,26492509;-44,42256682;SPRF-MG;DEL04-MG;UOP03-DEL04-MG
557267;06/07/2023;quinta-feira;17:30:00;DF;20;10;BRASILIA;Trafegar com motocicleta (ou similar) entre as faixas;Colisão lateral mesmo sentido;Com Vítimas Feridas;Anoitecer;Crescente;Céu Claro;Dupla;Reta;Sim;3;0;0;1;2;0;1;2;-15,650243;-47,773872;SPRF-DF;DEL02-DF;UOP01-DEL02-DF
557268;26/10/2023;quinta-feira;06:30:00;MT;158;3;BARRA DO GARCAS;Ausência de reação do condutor;Colisão com objeto;Com Vítimas Feridas;Pleno dia;Decrescente;Céu Claro;Simples;"Reta;Interseção de Vias       ";Sim;2;0;1;0;1;0;1;2;-15,88616133;-52,27005525;SPRF-MT;DEL07-MT;UOP03-DEL07-MT
557269;14/06/2023;quarta-feira;17:40:00;PI;343;2,6;TERESINA;Trafegar com motocicleta (ou similar) entre as faixas;Colisão transversal;Com Vítimas Feridas;Anoitecer;Crescente;Céu Claro;Dupla;Reta;Sim;3;0;1;0;2;0;1;3;-5,089569;-42,802288;SPRF-PI;DEL05-PI;UOP01-DEL05-PI
557270;26/10/2023;quinta-feira;10:20:00;RS;116;248;SAO LEOPOLDO;Reação tardia ou ineficiente do condutor;Tombamento;Com Vítimas Feridas;Pleno dia;Decrescente;Nublado;Dupla;"Reta;Viaduto                  ";Sim;3;0;1;0;2;0;1;2;-29,77392318;-51,1544466;SPRF-RS;DEL01-RS;UOP02-DEL01-RS
557271;26/10/2023;quinta-feira;07:46:00;RO;364;236,6;CACOAL;Velocidade Incompatível;Colisão lateral mesmo sentido;Com Vítimas Feridas;Pleno dia;Crescente;Céu Claro;Simples;"Interseção de Vias;Retorno Reg";Sim;4;0;4;0;0;0;4;3;-11,444005;-61,445124;SPRF-RO;DEL02-RO;UOP02-DEL02-RO
557274;26/10/2023;quinta-feira;10:30:00;MG;262;827;UBERABA;Reação tardia ou ineficiente do condutor;Saída de leito carroçável;Sem Vítimas;Pleno dia;Crescente;Nublado;Dupla;Reta;Não;1;0;0;0;0;1;0;1;-19,74647608;-48,17757607;SPRF-MG;DEL13-MG;UOP01-DEL13-MG
557275;26/10/2023;quinta-feira;06:49:00;GO;40;96;CRISTALINA;Pista Escorregadia;Colisão frontal;Com Vítimas Feridas;Pleno dia;Decrescente;Garoa/Chuvisco;Simples;"Reta;Interseção de Vias       ";Sim;2;0;1;0;1;0;1;2;-16,75768;-47,601613;SPRF-DF;DEL01-DF;UOP02-DEL01-DF
557278;26/10/2023;quinta-feira;08:07:00;AC;364;136;RIO BRANCO;Acessar a via sem observar a presença dos outros veículos;Colisão lateral mesmo sentido;Com Vítimas Feridas;Pleno dia;Crescente;Sol;Dupla;Rotatória;Sim;2;0;1;0;0;1;1;2;-9,977578;-67,8489;SPRF-AC;DEL01-AC;UOP01-DEL01-AC
557279;26/10/2023;quinta-feira;10:00:00;MA;230;410;BALSAS;Acesso irregular;Colisão lateral mesmo sentido;Sem Vítimas;Pleno dia;Decrescente;Céu Claro;Simples;Reta;Não;2;0;0;0;1;1;0;2;-7,508463;-46,097347;SPRF-MA;DEL05-MA;UOP01-DEL05-MA
557282;26/10/2023;quinta-feira;10:50:00;RS;470;216;BENTO GONCALVES;Condutor deixou de manter distância do veículo da frente;Colisão lateral mesmo sentido;Com Vítimas Feridas;Pleno dia;Crescente;Céu Claro;Dupla;Reta;Sim;2;0;1;0;1;0;1;2;-29,16688678;-51,52598083;SPRF-RS;DEL06-RS;UOP01-DEL06-RS
557284;26/10/2023;quinta-feira;11:15:00;MG;365;626,1;UBERLANDIA;Manobra de mudança de faixa;Colisão lateral mesmo sentido;Com Vítimas Feridas;Pleno dia;Crescente;Nublado;Dupla;"Declive;Curva                 ";Não;2;0;1;0;0;1;1;2;-18,90659356;-48,33469405;SPRF-MG;DEL15-MG;UOP01-DEL15-MG
557285;26/10/2023;quinta-feira;10:50:00;RJ;493;1,2;ITABORAI;Transitar no Acostamento;Colisão lateral mesmo sentido;Com Vítimas Feridas;Pleno dia;Decrescente;Céu Claro;Simples;Curva;Sim;2;0;1;0;1;0;1;2;-22,76700119;-42,92276859;SPRF-RJ;DEL02-RJ;UOP02-DEL02-RJ
557286;26/10/2023;quinta-feira;11:00:00;ES;101;269,5;SERRA;Manobra de mudança de faixa;Colisão lateral mesmo sentido;Com Vítimas Feridas;Pleno dia;Crescente;Céu Claro;Dupla;Reta;Sim;2;0;1;0;0;1;1;2;-20,21740496;-40,26990578;SPRF-ES;DEL02-ES;UOP01-DEL02-ES
557289;26/10/2023;quinta-feira;10:00:00;GO;153;501;GOIANIA;Frear bruscamente;Queda de ocupante de veículo;Com Vítimas Feridas;Pleno dia;Decrescente;Céu Claro;Dupla;"Reta;Aclive                   ";Sim;1;0;1;0;0;0;1;1;-16,7189;-49,2382;SPRF-GO;DEL01-GO;UOP01-DEL01-GO
557290;26/10/2023;quinta-feira;12:50:00;SP;116;218,6;GUARULHOS;Reação tardia ou ineficiente do condutor;Engavetamento;Com Vítimas Feridas;Pleno dia;Crescente;Nublado;Múltipla;Reta;Sim;4;0;1;0;3;0;1;4;-23,457972;-46,479927;SPRF-SP;DEL01-SP;UOP01-DEL01-SP
557291;26/10/2023;quinta-feira;12:15:00;BA;324;517;FEIRA DE SANTANA;Conversão proibida;Colisão transversal;Com Vítimas Feridas;Pleno dia;Crescente;Céu Claro;Simples;Reta;Sim;2;0;0;1;1;0;1;2;-12,24953308;-38,93362525;SPRF-BA;DEL02-BA;UOP01-DEL02-BA
557292;26/10/2023;quinta-feira;11:10:00;RJ;116;144;DUQUE DE CAXIAS;Reação tardia ou ineficiente do condutor;Colisão traseira;Com Vítimas Feridas;Pleno dia;Crescente;Nublado;Dupla;Reta;Não;2;0;1;0;1;0;1;2;-22,65737709;-43,24724694;SPRF-RJ;DEL01-RJ;UOP01-DEL01-RJ
557296;26/10/2023;quinta-feira;13:00:00;SC;101;333,8;TUBARAO;Transitar na contramão;Colisão frontal;Com Vítimas Feridas;Pleno dia;Crescente;Nublado;Dupla;"Reta;Interseção de Vias       ";Sim;3;0;2;0;1;0;2;2;-28,46963164;-49,01687086;SPRF-SC;DEL02-SC;UOP01-DEL02-SC
557299;26/10/2023;quinta-feira;13:15:00;MG;381;654;SANTO ANTONIO DO AMPARO;Chuva;Saída de leito carroçável;Com Vítimas Feridas;Pleno dia;Crescente;Chuva;Dupla;"Curva;Aclive                  ";Não;1;0;1;0;0;0;1;1;-21,00073835;-44,96765656;SPRF-MG;DEL04-MG;UOP02-DEL04-MG
557300;26/10/2023;quinta-feira;13:55:00;RS;116;243;SAO LEOPOLDO;Reação tardia ou ineficiente do condutor;Colisão com objeto;Sem Vítimas;Pleno dia;Crescente;Céu Claro;Dupla;Reta;Não;1;0;0;0;1;0;0;1;-29,7280298;-51,14926457;SPRF-RS;DEL01-RS;UOP02-DEL01-RS
557301;26/10/2023;quinta-feira;13:50:00;MG;381;445;SABARA;Transitar na contramão;Colisão lateral sentido oposto;Sem Vítimas;Pleno dia;Crescente;Céu Claro;Simples;Reta;Não;3;0;0;0;3;0;0;2;-19,82543027;-43,83409786;SPRF-MG;DEL01-MG;UOP01-DEL01-MG
557303;23/10/2023;segunda-feira;20:00:00;BA;116;912;ENCRUZILHADA;Deixar de acionar o farol da motocicleta (ou similar);Colisão transversal;Com Vítimas Feridas;Plena Noite;Crescente;Céu Claro;Simples;Reta;Não;2;0;1;0;1;0;1;2;-15,45480006;-41,22945884;SPRF-BA;DEL08-BA;UOP03-DEL08-BA
557305;26/10/2023;quinta-feira;13:45:00;RJ;116;189;NOVA IGUACU;Avarias e/ou desgaste excessivo no pneu;Queda de ocupante de veículo;Com Vítimas Feridas;Pleno dia;Decrescente;Céu Claro;Dupla;Reta;Não;2;0;2;0;0;0;2;1;-22,73765712;-43,49182298;SPRF-RJ;DEL01-RJ;UOP02-DEL01-RJ
557307;26/10/2023;quinta-feira;07:20:00;PR;376;388;IMBAU;Ausência de reação do condutor;Saída de leito carroçável;Com Vítimas Feridas;Pleno dia;Crescente;Céu Claro;Dupla;Reta;Não;1;0;1;0;0;0;1;1;-24,465964;-50,748328;SPRF-PR;DEL03-PR;UOP02-DEL03-PR
557309;26/10/2023;quinta-feira;13:50:00;MG;50;179;UBERABA;Ausência de reação do condutor;Tombamento;Com Vítimas Feridas;Pleno dia;Decrescente;Chuva;Dupla;Reta;Sim;2;0;0;1;0;1;1;2;-19,77827047;-47,93140998;SPRF-MG;DEL13-MG;UOP01-DEL13-MG
557312;23/06/2023;sexta-feira;18:00:00;RO;364;422;JARU;Acesso irregular;Colisão lateral mesmo sentido;Com Vítimas Feridas;Plena Noite;Crescente;Céu Claro;Simples;Reta;Sim;2;0;0;1;1;0;1;2;-10,4597532;-62,4558043;SPRF-RO;DEL03-RO;UOP02-DEL03-RO
557313;23/08/2023;quarta-feira;18:20:00;PR;116;129;FAZENDA RIO GRANDE;Pedestre cruzava a pista fora da faixa;Atropelamento de Pedestre;Com Vítimas Feridas;Plena Noite;Decrescente;Nublado;Múltipla;Reta;Sim;3;0;2;0;1;0;2;2;-25,63027814;-49,31381255;SPRF-PR;DEL01-PR;UOP03-DEL01-PR
557314;26/10/2023;quinta-feira;11:30:00;SC;280;123;RIO NEGRINHO;Acessar a via sem observar a presença dos outros veículos;Colisão transversal;Com Vítimas Feridas;Pleno dia;Crescente;Céu Claro;Simples;Reta;Não;3;0;1;0;2;0;1;2;-26,24420169;-49,46557991;SPRF-SC;DEL06-SC;UOP03-DEL06-SC
557316;26/10/2023;quinta-feira;15:00:00;PE;101;49,3;ABREU E LIMA;Reação tardia ou ineficiente do condutor;Colisão traseira;Sem Vítimas;Pleno dia;Crescente;Céu Claro;Dupla;"Reta;Declive                  ";Sim;2;0;0;0;2;0;0;2;-7,9005152;-34,90180641;SPRF-PE;DEL01-PE;UOP02-DEL01-PE
557317;18/10/2023;quarta-feira;15:33:00;RJ;116;98,9;GUAPIMIRIM;Velocidade Incompatível;Colisão frontal;Com Vítimas Feridas;Pleno dia;Crescente;Chuva;Simples;"Declive;Curva                 ";Não;3;0;2;0;1;0;2;2;-22,48285706;-42,99723936;SPRF-RJ;DEL04-RJ;UOP01-DEL04-RJ
557318;05/09/2023;terça-feira;12:15:00;PI;316;310;PICOS;Entrada inopinada do pedestre;Atropelamento de Pedestre;Com Vítimas Feridas;Pleno dia;Decrescente;Céu Claro;Múltipla;Reta;Sim;3;0;0;1;2;0;1;2;-7,075479;-41,469082;SPRF-PI;DEL04-PI;UOP01-DEL04-PI
557319;24/09/2023;domingo;11:35:00;SC;280;7;SAO FRANCISCO DO SUL;Acessar a via sem observar a presença dos outros veículos;Colisão lateral mesmo sentido;Com Vítimas Feridas;Pleno dia;Decrescente;Céu Claro;Simples;Rotatória;Sim;3;0;1;0;2;0;1;2;-26,27038531;-48,64068031;SPRF-SC;DEL03-SC;UOP03-DEL03-SC
557320;25/10/2023;quarta-feira;06:00:00;PR;376;616;SAO JOSE DOS PINHAIS;Ausência de reação do condutor;Queda de ocupante de veículo;Com Vítimas Feridas;Pleno dia;Decrescente;Nublado;Dupla;Aclive;Não;1;0;1;0;0;0;1;1;-25,57583659;-49,17953679;SPRF-PR;DEL01-PR;UOP04-DEL01-PR
557321;26/10/2023;quinta-feira;13:45:00;MT;364;257;JUSCIMEIRA;Acumulo de água sobre o pavimento;Saída de leito carroçável;Com Vítimas Feridas;Pleno dia;Crescente;Chuva;Dupla;"Retorno Regulamentado;Curva   ";Não;2;0;1;0;1;0;1;1;-16,06135645;-54,87126261;SPRF-MT;DEL02-MT;UOP01-DEL02-MT
557322;26/10/2023;quinta-feira;15:20:00;RS;290;84;CACHOEIRINHA;Manobra de mudança de faixa;Colisão lateral mesmo sentido;Com Vítimas Feridas;Pleno dia;Crescente;Sol;Múltipla;Reta;Não;2;0;1;0;0;1;1;2;-29,96376;-51,097771;SPRF-RS;DEL01-RS;UOP01-DEL01-RS
557323;26/10/2023;quinta-feira;15:20:00;PB;230;152,8;CAMPINA GRANDE;Manobra de mudança de faixa;Colisão lateral mesmo sentido;Com Vítimas Feridas;Pleno dia;Crescente;Sol;Dupla;"Reta;Retorno Regulamentado;Em ";Sim;4;0;1;1;1;1;2;3;-7,274873;-35,88824;SPRF-PB;DEL02-PB;UOP01-DEL02-PB
557324;26/10/2023;quinta-feira;15:10:00;BA;324;517;FEIRA DE SANTANA;Conversão proibida;Colisão transversal;Com Vítimas Feridas;Pleno dia;Crescente;Céu Claro;Simples;Reta;Sim;2;0;1;0;1;0;1;2;-12,24953308;-38,93362525;SPRF-BA;DEL02-BA;UOP01-DEL02-BA
557326;26/10/2023;quinta-feira;14:45:00;MG;365;363;VARJAO DE MINAS;Acessar a via sem observar a presença dos outros veículos;Colisão transversal;Sem Vítimas;Pleno dia;Decrescente;Sol;Simples;Aclive;Não;2;0;0;0;2;0;0;2;-18,45085304;-46,0787689;SPRF-MG;DEL10-MG;UOP01-DEL10-MG
557327;26/10/2023;quinta-feira;13:30:00;GO;70;308;JUSSARA;Reação tardia ou ineficiente do condutor;Saída de leito carroçável;Com Vítimas Feridas;Pleno dia;Crescente;Céu Claro;Simples;Reta;Não;1;0;1;0;0;0;1;1;-15,86250684;-50,779109;SPRF-GO;DEL04-GO;UOP02-DEL04-GO
557331;26/10/2023;quinta-feira;14:00:00;MG;153;5;ARAPORA;Acumulo de água sobre o pavimento;Colisão com objeto;Com Vítimas Feridas;Pleno dia;Crescente;Chuva;Dupla;Reta;Não;1;0;1;0;0;0;1;1;-18,46041004;-49,1880633;SPRF-MG;DEL15-MG;UOP03-DEL15-MG
557332;26/10/2023;quinta-feira;16:45:00;GO;60;96,9;ANAPOLIS;Manobra de mudança de faixa;Colisão lateral mesmo sentido;Com Vítimas Feridas;Pleno dia;Crescente;Céu Claro;Dupla;Reta;Sim;3;0;0;1;1;1;1;2;-16,37576066;-48,94694751;SPRF-GO;DEL02-GO;UOP01-DEL02-GO
557333;26/10/2023;quinta-feira;16:30:00;GO;153;493;GOIANIA;Reação tardia ou ineficiente do condutor;Queda de ocupante de veículo;Com Vítimas Feridas;Pleno dia;Decrescente;Nublado;Dupla;"Reta;Aclive                   ";Sim;1;0;0;1;0;0;1;1;-16,6537;-49,2172;SPRF-GO;DEL01-GO;UOP01-DEL01-GO
557335;26/10/2023;quinta-feira;17:00:00;PB;230;154;CAMPINA GRANDE;Condutor deixou de manter distância do veículo da frente;Colisão traseira;Sem Vítimas;Anoitecer;Crescente;Céu Claro;Simples;Reta;Não;2;0;0;0;2;0;0;2;-7,2777;-35,8985;SPRF-PB;DEL02-PB;UOP01-DEL02-PB
557336;26/10/2023;quinta-feira;16:40:00;CE;116;163,5;RUSSAS;Acessar a via sem observar a presença dos outros veículos;Colisão transversal;Com Vítimas Feridas;Pleno dia;Crescente;Céu Claro;Simples;Interseção de Vias;Sim;2;0;0;1;1;0;1;2;-4,938666;-37,989956;SPRF-CE;DEL03-CE;UOP01-DEL03-CE
557337;26/10/2023;quinta-feira;16:50:00;MG;381;532,2;ITATIAIUCU;Ausência de reação do condutor;Capotamento;Com Vítimas Feridas;Pleno dia;Decrescente;Chuva;Dupla;Curva;Não;1;0;1;0;0;0;1;1;-20,1904316;-44,38268793;SPRF-MG;DEL04-MG;UOP03-DEL04-MG
557340;26/10/2023;quinta-feira;16:20:00;RJ;101;320;NITEROI;Avarias e/ou desgaste excessivo no pneu;Queda de ocupante de veículo;Com Vítimas Feridas;Pleno dia;Crescente;Nublado;Múltipla;Curva;Não;2;0;1;0;1;0;1;1;-22,86171098;-43,10714015;SPRF-RJ;DEL02-RJ;UOP01-DEL02-RJ
557341;19/08/2023;sábado;17:50:00;MT;174;288;PONTES E LACERDA;Ausência de sinalização;Colisão frontal;Com Vítimas Feridas;Anoitecer;Crescente;Céu Claro;Simples;Reta;Sim;2;0;1;0;1;0;1;2;-15,23378885;-59,31756535;SPRF-MT;DEL04-MT;UOP01-DEL04-MT
557342;26/10/2023;quinta-feira;16:45:00;DF;251;42,3;BRASILIA;Condutor deixou de manter distância do veículo da frente;Colisão traseira;Com Vítimas Feridas;Pleno dia;Decrescente;Céu Claro;Simples;Rotatória;Não;2;0;1;0;1;0;1;2;-15,937858;-47,82526;SPRF-DF;DEL01-DF;UOP01-DEL01-DF
557343;26/10/2023;quinta-feira;15:30:00;RJ;40;110,8;DUQUE DE CAXIAS;Objeto estático sobre o leito carroçável;Colisão com objeto;Com Vítimas Feridas;Pleno dia;Decrescente;Garoa/Chuvisco;Múltipla;Curva;Sim;2;0;1;0;1;0;1;1;-22,68289906;-43,28549346;SPRF-RJ;DEL01-RJ;UOP01-DEL01-RJ
557344;23/08/2023;quarta-feira;23:05:00;MG;381;494;BETIM;Ausência de reação do condutor;Colisão transversal;Com Vítimas Feridas;Plena Noite;Decrescente;Céu Claro;Dupla;Reta;Sim;4;0;1;0;0;3;1;3;-19,985563;-44,20318;SPRF-MG;DEL01-MG;UOP03-DEL01-MG
557346;26/10/2023;quinta-feira;15:30:00;PA;316;38;SANTA IZABEL DO PARA;Reação tardia ou ineficiente do condutor;Saída de leito carroçável;Com Vítimas Feridas;Pleno dia;Crescente;Céu Claro;Dupla;Reta;Não;3;0;1;1;0;1;2;2;-1,28327779;-48,13995604;SPRF-PA;DEL01-PA;UOP01-DEL01-PA
557347;26/10/2023;quinta-feira;17:15:00;PB;101;88,5;JOAO PESSOA;Reação tardia ou ineficiente do condutor;Tombamento;Com Vítimas Feridas;Anoitecer;Decrescente;Chuva;Dupla;Reta;Sim;1;0;1;0;0;0;1;1;-7,16470016;-34,89993643;SPRF-PB;DEL01-PB;UOP02-DEL01-PB
557349;26/10/2023;quinta-feira;17:15:00;PB;101;88,5;JOAO PESSOA;Reação tardia ou ineficiente do condutor;Tombamento;Com Vítimas Feridas;Plena Noite;Decrescente;Nublado;Dupla;Reta;Sim;1;0;1;0;0;0;1;1;-7,16470016;-34,89993643;SPRF-PB;DEL01-PB;UOP02-DEL01-PB
557353;18/10/2023;quarta-feira;11:57:00;MA;10;256;IMPERATRIZ;Acesso irregular;Colisão transversal;Com Vítimas Feridas;Pleno dia;Crescente;Sol;Simples;Interseção de Vias;Sim;2;0;1;0;1;0;1;2;-5,499715;-47,471836;SPRF-MA;DEL04-MA;UOP01-DEL04-MA
557354;26/10/2023;quinta-feira;17:24:00;MS;163;20;MUNDO NOVO;Demais falhas na via;Tombamento;Com Vítimas Feridas;Anoitecer;Crescente;Garoa/Chuvisco;Dupla;Reta;Sim;1;0;1;0;0;0;1;1;-23,92529776;-54,2835309;SPRF-MS;DEL09-MS;UOP02-DEL09-MS
557356;26/10/2023;quinta-feira;16:30:00;MT;364;287;JACIARA;Reação tardia ou ineficiente do condutor;Saída de leito carroçável;Com Vítimas Feridas;Pleno dia;Decrescente;Nublado;Dupla;Reta;Não;3;0;1;1;1;0;2;1;-15,90304687;-55,06513802;SPRF-MT;DEL05-MT;UOP02-DEL05-MT
557357;26/10/2023;quinta-feira;18:00:00;SE;101;1;PROPRIA;Animais na Pista;Atropelamento de Animal;Com Vítimas Feridas;Plena Noite;Decrescente;Céu Claro;Dupla;Reta;Não;1;0;1;0;0;0;1;1;-10,21497574;-36,82283067;SPRF-SE;DEL02-SE;UOP02-DEL02-SE
557358;26/10/2023;quinta-feira;18:03:00;SC;280;27,5;ARAQUARI;Trafegar com motocicleta (ou similar) entre as faixas;Colisão transversal;Com Vítimas Feridas;Anoitecer;Crescente;Garoa/Chuvisco;Simples;Interseção de Vias;Sim;2;0;1;0;1;0;1;2;-26,39685622;-48,74021969;SPRF-SC;DEL03-SC;UOP03-DEL03-SC
557359;26/10/2023;quinta-feira;18:00:00;RS;116;1;PORTO ALEGRE;Ausência de reação do condutor;Colisão traseira;Com Vítimas Feridas;Pleno dia;Decrescente;Céu Claro;Dupla;Reta;Sim;2;0;2;0;0;0;2;2;-30,033535;-51,230453;SPRF-RS;DEL01-RS;UOP01-DEL01-RS
557360;26/10/2023;quinta-feira;15:35:00;MG;381;654;SANTO ANTONIO DO AMPARO;Velocidade Incompatível;Saída de leito carroçável;Com Vítimas Feridas;Pleno dia;Decrescente;Chuva;Dupla;"Curva;Declive                 ";Não;4;0;3;1;0;0;4;1;-20,99437964;-44,96041633;SPRF-MG;DEL04-MG;UOP02-DEL04-MG
557361;26/10/2023;quinta-feira;17:15:00;RN;226;4,4;NATAL;Ausência de reação do condutor;Tombamento;Com Vítimas Feridas;Anoitecer;Crescente;Céu Claro;Simples;Reta;Sim;2;0;1;0;0;1;1;2;-5,81906502;-35,2628088;SPRF-RN;DEL01-RN;UOP02-DEL01-RN
557362;26/10/2023;quinta-feira;18:30:00;TO;153;707,1;CARIRI DO TOCANTINS;Demais falhas mecânicas ou elétricas;Queda de ocupante de veículo;Com Vítimas Feridas;Plena Noite;Decrescente;Nublado;Simples;Declive;Não;2;0;1;1;0;0;2;1;-12,01359001;-49,20042312;SPRF-TO;DEL01-TO;UOP02-DEL01-TO
557363;26/10/2023;quinta-feira;17:30:00;MG;40;545;NOVA LIMA;Trafegar com motocicleta (ou similar) entre as faixas;Colisão lateral mesmo sentido;Com Vítimas Feridas;Anoitecer;Decrescente;Chuva;Dupla;Reta;Não;3;0;1;0;2;0;1;2;-20,00670404;-43,96418668;SPRF-MG;DEL01-MG;UOP02-DEL01-MG
557364;26/10/2023;quinta-feira;17:30:00;PR;369;178,8;ARAPONGAS;Pedestre andava na pista;Atropelamento de Pedestre;Com Vítimas Feridas;Anoitecer;Crescente;Céu Claro;Dupla;Reta;Sim;2;0;0;1;0;1;1;2;-23,361049;-51,399544;SPRF-PR;DEL07-PR;UOP01-DEL07-PR
557365;26/10/2023;quinta-feira;18:20:00;BA;101;703,9;EUNAPOLIS;Animais na Pista;Atropelamento de Animal;Com Vítimas Feridas;Plena Noite;Decrescente;Nublado;Simples;Reta;Não;1;0;1;0;0;0;1;1;-16,43471297;-39,57716291;SPRF-BA;DEL09-BA;UOP01-DEL09-BA
557366;26/10/2023;quinta-feira;17:50:00;AL;316;158;PALMEIRA DOS INDIOS;Acessar a via sem observar a presença dos outros veículos;Colisão frontal;Com Vítimas Feridas;Plena Noite;Crescente;Céu Claro;Simples;Interseção de Vias;Sim;3;0;0;1;2;0;1;2;-9,43686969;-36,61022186;SPRF-AL;DEL03-AL;UOP01-DEL03-AL
557367;26/10/2023;quinta-feira;17:30:00;BA;330;812;JITAUNA;Reação tardia ou ineficiente do condutor;Saída de leito carroçável;Com Vítimas Feridas;Pleno dia;Crescente;Céu Claro;Simples;Reta;Não;1;0;1;0;0;0;1;1;-14,00882475;-39,904926;SPRF-BA;DEL03-BA;UOP01-DEL03-BA
557372;26/10/2023;quinta-feira;18:50:00;CE;116;3;FORTALEZA;Avarias e/ou desgaste excessivo no pneu;Tombamento;Com Vítimas Feridas;Plena Noite;Crescente;Céu Claro;Múltipla;Reta;Não;2;0;2;0;0;0;2;1;-3,77866493;-38,51490171;SPRF-CE;DEL01-CE;UOP02-DEL01-CE
557375;26/10/2023;quinta-feira;19:00:00;MG;381;498;BETIM;Manobra de mudança de faixa;Colisão lateral mesmo sentido;Com Vítimas Feridas;Pleno dia;Decrescente;Céu Claro;Dupla;Reta;Sim;2;0;1;0;0;1;1;2;-20,01172662;-44,21976041;SPRF-MG;DEL01-MG;UOP03-DEL01-MG
557376;26/10/2023;quinta-feira;18:50:00;SC;101;207,8;SAO JOSE;Reação tardia ou ineficiente do condutor;Colisão traseira;Com Vítimas Feridas;Plena Noite;Decrescente;Nublado;Múltipla;"Reta;Aclive                   ";Sim;2;0;1;0;1;0;1;2;-27,602853;-48,631037;SPRF-SC;DEL01-SC;UOP01-DEL01-SC
557377;26/10/2023;quinta-feira;17:45:00;PI;316;237;INHUMA;Reação tardia ou ineficiente do condutor;Colisão traseira;Sem Vítimas;Anoitecer;Decrescente;Céu Claro;Simples;Declive;Não;2;0;0;0;2;0;0;2;-6,62513102;-41,72188019;SPRF-PI;DEL04-PI;UOP02-DEL04-PI
557379;26/10/2023;quinta-feira;18:30:00;SC;282;23,5;SANTO AMARO DA IMPERATRIZ;Desrespeitar a preferência no cruzamento;Colisão transversal;Sem Vítimas;Plena Noite;Crescente;Nublado;Dupla;Interseção de Vias;Sim;3;0;0;0;3;0;0;3;-27,687958;-48,736794;SPRF-SC;DEL01-SC;UOP03-DEL01-SC
557380;26/10/2023;quinta-feira;16:51:00;TO;153;505;PARAISO DO TOCANTINS;Reação tardia ou ineficiente do condutor;Saída de leito carroçável;Com Vítimas Feridas;Pleno dia;Crescente;Nublado;Simples;"Reta;Declive                  ";Não;1;0;1;0;0;0;1;1;-10,24545798;-48,87809816;SPRF-TO;DEL01-TO;UOP01-DEL01-TO
557381;26/10/2023;quinta-feira;19:20:00;MG;365;627,5;UBERLANDIA;Condutor deixou de manter distância do veículo da frente;Colisão traseira;Com Vítimas Feridas;Plena Noite;Crescente;Nublado;Dupla;Reta;Sim;3;0;3;0;0;0;3;2;-18,9063068;-48,31905127;SPRF-MG;DEL15-MG;UOP01-DEL15-MG
557382;26/10/2023;quinta-feira;17:20:00;RS;470;184,2;VERANOPOLIS;Condutor deixou de manter distância do veículo da frente;Colisão traseira;Com Vítimas Fatais;Pleno dia;Decrescente;Nublado;Simples;"Reta;Aclive                   ";Não;3;1;0;1;1;0;1;2;-28,992714;-51,560196;SPRF-RS;DEL06-RS;UOP02-DEL06-RS
557383;26/10/2023;quinta-feira;20:00:00;GO;50;283,7;CATALAO;Demais falhas mecânicas ou elétricas;Saída de leito carroçável;Com Vítimas Feridas;Plena Noite;Crescente;Nublado;Simples;"Reta;Declive;Em Obras         ";Não;1;0;1;0;0;0;1;1;-18,2032926;-47,95996785;SPRF-GO;DEL06-GO;UOP01-DEL06-GO
557384;05/08/2023;sábado;13:00:00;BA;324;383;GAVIAO;Condutor Dormindo;Saída de leito carroçável;Com Vítimas Feridas;Pleno dia;Decrescente;Céu Claro;Simples;Reta;Não;3;0;2;0;1;0;2;1;-11,48030516;-39,77311106;SPRF-BA;DEL04-BA;UOP02-DEL04-BA