id;data_inversa;dia_semana;horario;uf;br;km;municipio;causa_acidente;tipo_acidente;classificacao_acidente;fase_dia;sentido_via;condicao_metereologica;tipo_pista;tracado_via;uso_solo;pessoas;mortos;feridos_leves;feridos_graves;ilesos;ignorados;feridos;veiculos;latitude;longitude;regional;delegacia;uop
557387;26/10/2023;quinta-feira;20:45:00;MG;381;482;BETIM;Pedestre andava na pista;Atropelamento de Pedestre;Com Vítimas Feridas;Plena Noite;Decrescente;Céu Claro;Dupla;Reta;Sim;2;0;0;1;1;0;1;2;-19,955532;-44,097209;SPRF-MG;DEL01-MG;UOP03-DEL01-MG
557388;26/10/2023;quinta-feira;18:53:00;PR;116;210,2;RIO NEGRO;Ausência de reação do condutor;Colisão transversal;Com Vítimas Fatais;Plena Noite;Decrescente;Chuva;Simples;"Declive;Reta                  ";Sim;4;1;0;0;3;0;0;2;-26,07479435;-49,76117178;SPRF-SC;DEL06-SC;UOP01-DEL06-SC
557389;26/10/2023;quinta-feira;21:00:00;BA;324;560;SANTO AMARO;Demais falhas mecânicas ou elétricas;Incêndio;Sem Vítimas;Plena Noite;Decrescente;Céu Claro;Dupla;Reta;Não;3;0;0;0;3;0;0;1;-12,49250283;-38,65366887;SPRF-BA;DEL01-BA;UOP01-DEL01-BA
557391;26/10/2023;quinta-feira;18:05:00;PA;222;220;BOM JESUS DO TOCANTINS;Reação tardia ou ineficiente do condutor;Colisão lateral mesmo sentido;Com Vítimas Feridas;Plena Noite;Crescente;Céu Claro;Simples;Reta;Não;6;0;1;0;4;1;1;3;-5,18694;-48,995655;SPRF-PA;DEL03-PA;UOP01-DEL03-PA
557393;26/10/2023;quinta-feira;17:20:00;BA;116;827;VITORIA DA CONQUISTA;Desrespeitar a preferência no cruzamento;Colisão transversal;Sem Vítimas;Anoitecer;Decrescente;Céu Claro;Simples;Reta;Sim;4;0;0;0;4;0;0;3;-14,8980087;-40,86673737;SPRF-BA;DEL08-BA;UOP01-DEL08-BA
557394;26/10/2023;quinta-feira;17:30:00;RS;386;4,9;IRAI;Transitar na contramão;Colisão transversal;Com Vítimas Feridas;Anoitecer;Crescente;Céu Claro;Simples;"Interseção de Vias;Declive    ";Sim;2;0;1;0;1;0;1;2;-27,18985296;-53,2647199;SPRF-RS;DEL08-RS;UOP02-DEL08-RS
557395;26/10/2023;quinta-feira;21:54:00;GO;40;4;VALPARAISO DE GOIAS;Ausência de reação do condutor;Colisão transversal;Com Vítimas Feridas;Plena Noite;Crescente;Céu Claro;Dupla;Retorno Regulamentado;Sim;2;0;1;0;1;0;1;2;-16,085241;-47,986752;SPRF-DF;DEL01-DF;UOP01-DEL01-DF
557396;26/10/2023;quinta-feira;15:40:00;PR;163;212;CASCAVEL;Curva acentuada;Saída de leito carroçável;Com Vítimas Feridas;Pleno dia;Crescente;Céu Claro;Dupla;Curva;Não;1;0;1;0;0;0;1;1;-24,92573701;-53,53696393;SPRF-PR;DEL05-PR;UOP05-DEL05-PR
557398;26/10/2023;quinta-feira;21:40:00;GO;60;30,9;ALEXANIA;Acessar a via sem observar a presença dos outros veículos;Colisão lateral mesmo sentido;Com Vítimas Feridas;Plena Noite;Decrescente;Céu Claro;Dupla;Reta;Sim;2;0;0;1;1;0;1;2;-16,091954;-48,494687;SPRF-DF;DEL03-DF;UOP01-DEL03-DF
557400;26/10/2023;quinta-feira;20:25:00;RJ;116;146;DUQUE DE CAXIAS;Acessar a via sem observar a presença dos outros veículos;Tombamento;Com Vítimas Feridas;Plena Noite;Decrescente;Chuva;Dupla;Reta;Sim;5;0;1;1;1;2;2;5;-22,66687859;-43,26368215;SPRF-RJ;DEL01-RJ;UOP01-DEL01-RJ
557401;26/10/2023;quinta-feira;22:00:00;MG;356;277,7;EUGENOPOLIS;Transitar no Acostamento;Colisão frontal;Com Vítimas Feridas;Plena Noite;Decrescente;Chuva;Simples;"Interseção de Vias;Curva      ";Não;3;0;0;2;1;0;2;2;-21,12485287;-42,28231191;SPRF-MG;DEL07-MG;UOP02-DEL07-MG
557402;26/10/2023;quinta-feira;21:50:00;RJ;101;315;SAO GONCALO;Reação tardia ou ineficiente do condutor;Saída de leito carroçável;Com Vítimas Feridas;Plena Noite;Decrescente;Garoa/Chuvisco;Múltipla;Reta;Não;1;0;1;0;0;0;1;1;-22,82262092;-43,08460805;SPRF-RJ;DEL02-RJ;UOP02-DEL02-RJ
557403;26/10/2023;quinta-feira;21:15:00;MG;116;409,5;GOVERNADOR VALADARES;Velocidade Incompatível;Tombamento;Com Vítimas Feridas;Plena Noite;Decrescente;Céu Claro;Dupla;Curva;Sim;2;0;1;0;0;1;1;2;-18,84936788;-41,97891368;SPRF-MG;DEL06-MG;UOP01-DEL06-MG
557405;26/10/2023;quinta-feira;21:25:00;GO;80;36;PADRE BERNARDO;Reação tardia ou ineficiente do condutor;Saída de leito carroçável;Com Vítimas Feridas;Plena Noite;Crescente;Céu Claro;Dupla;Reta;Sim;1;0;1;0;0;0;1;1;-15,254237;-48,267403;SPRF-DF;DEL03-DF;UOP02-DEL03-DF
557408;24/10/2023;terça-feira;09:15:00;MS;419;173;AQUIDAUANA;Reação tardia ou ineficiente do condutor;Capotamento;Sem Vítimas;Plena Noite;Decrescente;Ignorado;Simples;Reta;Não;1;0;0;0;0;1;0;1;-20,500391;-55,81333;SPRF-MS;DEL03-MS;UOP01-DEL03-MS
557410;26/10/2023;quinta-feira;23:40:00;RJ;101;264;RIO BONITO;Demais falhas mecânicas ou elétricas;Incêndio;Sem Vítimas;Pleno dia;Crescente;Ignorado;Dupla;Reta;Sim;1;0;0;0;1;0;0;1;-22,71818337;-42,63600702;SPRF-RJ;DEL02-RJ;UOP03-DEL02-RJ
557412;26/10/2023;quinta-feira;21:00:00;PI;135;227,8;COLONIA DO GURGUEIA;Ausência de reação do condutor;Colisão com objeto;Sem Vítimas;Plena Noite;Crescente;Céu Claro;Simples;"Reta;Aclive                   ";Sim;1;0;0;0;1;0;0;1;-8,17878261;-43,79151322;SPRF-PI;DEL03-PI;UOP02-DEL03-PI
557415;26/10/2023;quinta-feira;22:00:00;TO;153;461;BARROLANDIA;Demais Fenômenos da natureza;Colisão com objeto;Com Vítimas Feridas;Plena Noite;Crescente;Chuva;Simples;Aclive;Não;1;0;0;1;0;0;1;1;-9,92448204;-48,73320665;SPRF-TO;DEL01-TO;UOP01-DEL01-TO
557416;27/10/2023;sexta-feira;00:08:00;SC;101;214,3;PALHOCA;Desrespeitar a preferência no cruzamento;Colisão transversal;Com Vítimas Feridas;Plena Noite;Crescente;Nublado;Dupla;"Interseção de Vias;Reta       ";Sim;2;0;1;0;1;0;1;2;-27,64443;-48,67057;SPRF-SC;DEL01-SC;UOP02-DEL01-SC
557418;26/10/2023;quinta-feira;23:45:00;PR;116;153;MANDIRITUBA;Ingestão de álcool pelo condutor;Colisão traseira;Sem Vítimas;Plena Noite;Decrescente;Nublado;Dupla;Reta;Sim;2;0;0;0;2;0;0;2;-25,868508;-49,365707;SPRF-PR;DEL01-PR;UOP03-DEL01-PR
557420;27/10/2023;sexta-feira;01:00:00;RS;116;267;CANOAS;Demais falhas mecânicas ou elétricas;Incêndio;Sem Vítimas;Plena Noite;Crescente;Céu Claro;Múltipla;Reta;Sim;1;0;0;0;1;0;0;1;-29,94144563;-51,17708445;SPRF-RS;DEL01-RS;UOP01-DEL01-RS
557421;27/10/2023;sexta-feira;00:40:00;AL;104;90;RIO LARGO;Acessar a via sem observar a presença dos outros veículos;Colisão transversal;Sem Vítimas;Plena Noite;Crescente;Céu Claro;Dupla;"Reta;Interseção de Vias       ";Sim;3;0;0;0;3;0;0;2;-9,50059087;-35,81127569;SPRF-AL;DEL01-AL;UOP01-DEL01-AL
557422;27/10/2023;sexta-feira;00:15:00;PR;116;126;FAZENDA RIO GRANDE;Condutor desrespeitou a iluminação vermelha do semáforo;Colisão transversal;Sem Vítimas;Plena Noite;Crescente;Nublado;Múltipla;"Reta;Interseção de Vias       ";Sim;3;0;0;0;3;0;0;2;-25,64088086;-49,31296771;SPRF-PR;DEL01-PR;UOP03-DEL01-PR
557423;27/10/2023;sexta-feira;02:20:00;SP;116;199;ARUJA;Reação tardia ou ineficiente do condutor;Capotamento;Com Vítimas Feridas;Plena Noite;Decrescente;Nublado;Dupla;Reta;Sim;4;0;3;1;0;0;4;1;-23,40185327;-46,31154312;SPRF-SP;DEL01-SP;UOP01-DEL01-SP
557425;27/10/2023;sexta-feira;02:40:00;ES;101;20;PEDRO CANARIO;Condutor Dormindo;Saída de leito carroçável;Com Vítimas Feridas;Plena Noite;Crescente;Nublado;Simples;Reta;Não;3;0;2;1;0;0;3;1;-18,32561;-39,9584401;SPRF-ES;DEL04-ES;UOP02-DEL04-ES
557427;26/10/2023;quinta-feira;18:40:00;MS;463;106;PONTA PORA;Conversão proibida;Colisão lateral mesmo sentido;Com Vítimas Feridas;Plena Noite;Crescente;Céu Claro;Simples;Reta;Não;2;0;1;0;1;0;1;2;-22,59656312;-55,66536809;SPRF-MS;DEL04-MS;UOP03-DEL04-MS
557429;27/10/2023;sexta-feira;04:00:00;ES;101;257;SERRA;Ausência de reação do condutor;Capotamento;Com Vítimas Feridas;Amanhecer;Crescente;Nublado;Múltipla;Reta;Sim;3;0;2;0;1;0;2;1;-20,12455095;-40,30331881;SPRF-ES;DEL02-ES;UOP01-DEL02-ES
557430;27/10/2023;sexta-feira;03:50:00;MS;267;63,8;BATAGUASSU;Ultrapassagem Indevida;Colisão lateral sentido oposto;Com Vítimas Feridas;Plena Noite;Crescente;Céu Claro;Simples;"Reta;Aclive                   ";Não;5;0;0;1;4;0;1;2;-21,83768887;-52,66027093;SPRF-MS;DEL02-MS;UOP04-DEL02-MS
557433;27/10/2023;sexta-feira;05:50:00;PE;101;50,2;ABREU E LIMA;Condutor deixou de manter distância do veículo da frente;Colisão lateral mesmo sentido;Com Vítimas Feridas;Pleno dia;Crescente;Sol;Múltipla;Reta;Não;2;0;1;0;1;0;1;2;-7,90938602;-34,90123228;SPRF-PE;DEL01-PE;UOP02-DEL01-PE
557435;27/10/2023;sexta-feira;03:00:00;PR;376;529,7;PONTA GROSSA;Reação tardia ou ineficiente do condutor;Capotamento;Com Vítimas Feridas;Plena Noite;Crescente;Nublado;Dupla;Curva;Não;1;0;1;0;0;0;1;1;-25,28893529;-49,90140438;SPRF-PR;DEL03-PR;UOP04-DEL03-PR
557437;27/10/2023;sexta-feira;05:00:00;MG;251;494,3;FRANCISCO SA;Chuva;Colisão com objeto;Com Vítimas Feridas;Amanhecer;Crescente;Chuva;Simples;Declive;Não;3;0;2;0;1;0;2;1;-16,55575876;-43,6098222;SPRF-MG;DEL12-MG;UOP01-DEL12-MG
557439;27/10/2023;sexta-feira;05:20:00;MG;381;492;BETIM;Ausência de reação do condutor;Queda de ocupante de veículo;Com Vítimas Feridas;Amanhecer;Crescente;Nublado;Dupla;Reta;Sim;1;0;1;0;0;0;1;1;-19,97490091;-44,19004301;SPRF-MG;DEL01-MG;UOP03-DEL01-MG
557440;27/10/2023;sexta-feira;06:25:00;SC;282;0,3;FLORIANOPOLIS;Reação tardia ou ineficiente do condutor;Capotamento;Sem Vítimas;Pleno dia;Crescente;Garoa/Chuvisco;Múltipla;Reta;Sim;1;0;0;0;1;0;0;1;-27,59845;-48,571995;SPRF-SC;DEL01-SC;UOP01-DEL01-SC
557441;27/10/2023;sexta-feira;04:15:00;MS;163;340,5;RIO BRILHANTE;Condutor Dormindo;Saída de leito carroçável;Sem Vítimas;Plena Noite;Decrescente;Nublado;Simples;Reta;Não;2;0;0;0;0;2;0;2;-21,66220837;-54,44752382;SPRF-MS;DEL02-MS;UOP02-DEL02-MS
557442;27/10/2023;sexta-feira;06:40:00;CE;304;46,9;ARACATI;Acostamento em desnível;Tombamento;Com Vítimas Feridas;Pleno dia;Decrescente;Sol;Dupla;Reta;Não;1;0;0;1;0;0;1;1;-4,57510003;-37,79823699;SPRF-CE;DEL03-CE;UOP03-DEL03-CE
557443;27/10/2023;sexta-feira;06:10:00;SC;101;286,9;IMBITUBA;Ausência de reação do condutor;Tombamento;Com Vítimas Feridas;Pleno dia;Crescente;Sol;Dupla;Reta;Não;1;0;1;0;0;0;1;1;-28,22947996;-48,70163526;SPRF-SC;DEL02-SC;UOP03-DEL02-SC
557444;27/10/2023;sexta-feira;06:50:00;CE;222;20,8;CAUCAIA;Condutor deixou de manter distância do veículo da frente;Tombamento;Com Vítimas Fatais;Pleno dia;Crescente;Céu Claro;Múltipla;Rotatória;Não;1;1;0;0;0;0;0;1;-3,7411838;-38,7350389;SPRF-CE;DEL01-CE;UOP01-DEL01-CE
557446;27/10/2023;sexta-feira;07:30:00;PR;116;126;FAZENDA RIO GRANDE;Animais na Pista;Atropelamento de Animal;Com Vítimas Feridas;Pleno dia;Decrescente;Nublado;Múltipla;Reta;Sim;1;0;1;0;0;0;1;1;-25,60389895;-49,31824423;SPRF-PR;DEL01-PR;UOP03-DEL01-PR
557448;27/10/2023;sexta-feira;07:00:00;GO;60;99;ANAPOLIS;Animais na Pista;Atropelamento de Animal;Com Vítimas Feridas;Pleno dia;Decrescente;Céu Claro;Dupla;"Viaduto;Reta                  ";Não;1;0;0;1;0;0;1;1;-16,3924;-48,9588;SPRF-GO;DEL02-GO;UOP01-DEL02-GO
557449;27/10/2023;sexta-feira;07:40:00;RJ;116;186;NOVA IGUACU;Manobra de mudança de faixa;Colisão lateral mesmo sentido;Com Vítimas Feridas;Pleno dia;Decrescente;Céu Claro;Dupla;Reta;Não;2;0;1;0;1;0;1;2;-22,73962339;-43,46276495;SPRF-RJ;DEL01-RJ;UOP02-DEL01-RJ
557450;27/10/2023;sexta-feira;07:15:00;SP;153;117,1;UBARANA;Ausência de reação do condutor;Saída de leito carroçável;Com Vítimas Feridas;Pleno dia;Crescente;Nublado;Simples;Reta;Não;1;0;0;1;0;0;1;1;-21,14572082;-49,70300934;SPRF-SP;DEL09-SP;UOP01-DEL09-SP
557451;27/10/2023;sexta-feira;07:45:00;SP;116;224;GUARULHOS;Demais falhas mecânicas ou elétricas;Incêndio;Sem Vítimas;Pleno dia;Decrescente;Céu Claro;Múltipla;Reta;Não;1;0;0;0;1;0;0;1;-23,48071896;-46,53271603;SPRF-SP;DEL01-SP;UOP01-DEL01-SP
557454;27/10/2023;sexta-feira;08:30:00;ES;101;266;SERRA;Ausência de reação do condutor;Queda de ocupante de veículo;Com Vítimas Feridas;Pleno dia;Decrescente;Nublado;Dupla;Reta;Não;1;0;1;0;0;0;1;1;-20,190199;-40,26828891;SPRF-ES;DEL02-ES;UOP01-DEL02-ES
557455;27/10/2023;sexta-feira;08:00:00;RJ;101;331;RIO DE JANEIRO;Condutor deixou de manter distância do veículo da frente;Colisão traseira;Com Vítimas Feridas;Pleno dia;Crescente;Nublado;Simples;"Ponte;Reta                    ";Sim;2;0;1;0;1;0;1;2;-22,871087;-43,204128;SPRF-RJ;DEL02-RJ;UOP01-DEL02-RJ
557456;27/10/2023;sexta-feira;08:20:00;SC;101;198,6;SAO JOSE;Condutor deixou de manter distância do veículo da frente;Colisão traseira;Com Vítimas Feridas;Pleno dia;Decrescente;Nublado;Dupla;Reta;Sim;2;0;1;0;1;0;1;2;-27,52658712;-48,63506019;SPRF-SC;DEL01-SC;UOP01-DEL01-SC
557457;09/09/2023;sábado;12:40:00;RS;158;526,5;SANTANA DO LIVRAMENTO;Afundamento ou ondulação no pavimento;Tombamento;Com Vítimas Feridas;Pleno dia;Crescente;Céu Claro;Simples;Reta;Não;1;0;0;1;0;0;1;1;-30,74333418;-55,15364167;SPRF-RS;DEL11-RS;UOP01-DEL11-RS
557458;27/10/2023;sexta-feira;07:55:00;SC;101;326,6;CAPIVARI DE BAIXO;Condutor deixou de manter distância do veículo da frente;Colisão traseira;Com Vítimas Feridas;Pleno dia;Crescente;Céu Claro;Múltipla;Declive;Não;3;0;0;1;2;0;1;2;-28,43648094;-48,95989307;SPRF-SC;DEL02-SC;UOP01-DEL02-SC
557459;27/10/2023;sexta-feira;07:30:00;RJ;101;272;TANGUA;Velocidade Incompatível;Saída de leito carroçável;Com Vítimas Feridas;Pleno dia;Decrescente;Nublado;Dupla;Reta;Não;2;0;1;0;1;0;1;1;-22,72935968;-42,70112512;SPRF-RJ;DEL02-RJ;UOP03-DEL02-RJ
557460;27/10/2023;sexta-feira;06:30:00;MG;40;149;JOAO PINHEIRO;Reação tardia ou ineficiente do condutor;Saída de leito carroçável;Com Vítimas Feridas;Pleno dia;Crescente;Céu Claro;Simples;Curva;Não;3;0;0;1;2;0;1;1;-17,78039598;-46,13709081;SPRF-MG;DEL14-MG;UOP02-DEL14-MG
557461;27/10/2023;sexta-feira;09:00:00;MG;381;349;JOAO MONLEVADE;Velocidade Incompatível;Colisão frontal;Com Vítimas Feridas;Pleno dia;Crescente;Céu Claro;Simples;Curva;Não;3;0;1;0;1;1;1;3;-19,8499239;-43,14868105;SPRF-MG;DEL03-MG;UOP01-DEL03-MG
557463;27/10/2023;sexta-feira;04:10:00;PE;232;64;POMBOS;Demais falhas mecânicas ou elétricas;Incêndio;Sem Vítimas;Amanhecer;Crescente;Céu Claro;Dupla;"Reta;Aclive                   ";Não;1;0;0;0;0;1;0;1;-8,16152271;-35,43959107;SPRF-PE;DEL02-PE;UOP02-DEL02PE
557464;27/10/2023;sexta-feira;09:10:00;PE;101;73,1;RECIFE;Reação tardia ou ineficiente do condutor;Colisão lateral mesmo sentido;Com Vítimas Feridas;Pleno dia;Crescente;Céu Claro;Dupla;Reta;Sim;2;0;1;0;1;0;1;2;-8,094075;-34,948194;SPRF-PE;DEL01-PE;UOP01-DEL01-PE
557465;15/09/2023;sexta-feira;14:15:00;MS;262;658;MIRANDA;Reação tardia ou ineficiente do condutor;Eventos atípicos;Com Vítimas Feridas;Pleno dia;Crescente;Céu Claro;Simples;Reta;Não;3;0;3;0;0;0;3;1;-19,65883311;-57,0213692;SPRF-MS;DEL03-MS;UOP02-DEL03-MS
557467;15/10/2023;domingo;16:05:00;ES;101;171;ARACRUZ;Avarias e/ou desgaste excessivo no pneu;Tombamento;Com Vítimas Feridas;Pleno dia;Crescente;Garoa/Chuvisco;Simples;Curva;Não;2;0;0;1;1;0;1;1;-19,55735391;-40,17329217;SPRF-ES;DEL04-ES;UOP01-DEL04-ES
557473;14/10/2023;sábado;19:37:00;PR;376;176;MARINGA;Condutor deixou de manter distância do veículo da frente;Colisão traseira;Com Vítimas Feridas;Plena Noite;Crescente;Céu Claro;Múltipla;Reta;Sim;2;0;1;0;1;0;1;2;-23,41269173;-51,93158327;SPRF-PR;DEL09-PR;UOP01-DEL09-PR
557474;27/10/2023;sexta-feira;11:00:00;SP;116;223;GUARULHOS;Mal súbito do condutor;Colisão traseira;Com Vítimas Feridas;Pleno dia;Decrescente;Céu Claro;Múltipla;Reta;Sim;2;0;1;0;1;0;1;2;-23,47559815;-46,5246609;SPRF-SP;DEL01-SP;UOP01-DEL01-SP
557476;27/10/2023;sexta-feira;09:26:00;PR;163;177,9;LINDOESTE;Chuva;Saída de leito carroçável;Com Vítimas Feridas;Pleno dia;Decrescente;Chuva;Dupla;"Declive;Curva                 ";Não;4;0;4;0;0;0;4;1;-25,2011763;-53,60081316;SPRF-PR;DEL05-PR;UOP05-DEL05-PR
557477;27/10/2023;sexta-feira;10:00:00;GO;40;3;VALPARAISO DE GOIAS;Ausência de reação do condutor;Colisão traseira;Sem Vítimas;Pleno dia;Decrescente;Nublado;Dupla;Reta;Sim;2;0;0;0;0;2;0;2;-16,076081;-47,985671;SPRF-DF;DEL01-DF;UOP01-DEL01-DF
557478;27/10/2023;sexta-feira;08:45:00;RJ;101;587,9;PARATY;Frear bruscamente;Colisão traseira;Com Vítimas Feridas;Pleno dia;Decrescente;Chuva;Simples;Reta;Não;3;0;1;0;2;0;1;2;-23,29439726;-44,69949557;SPRF-RJ;DEL03-RJ;UOP04-DEL03-RJ
557480;27/10/2023;sexta-feira;10:50:00;SP;488;2;APARECIDA;Reação tardia ou ineficiente do condutor;Saída de leito carroçável;Com Vítimas Feridas;Pleno dia;Crescente;Céu Claro;Dupla;Reta;Sim;1;0;0;1;0;0;1;1;-22,849216;-45,236801;SPRF-SP;DEL08-SP;UOP01-DEL08-SP
557481;27/10/2023;sexta-feira;10:00:00;MS;158;5,4;CASSILANDIA;Falta de elemento de contenção que evite a saída do leito carroçável;Saída de leito carroçável;Com Vítimas Feridas;Pleno dia;Crescente;Nublado;Simples;Reta;Não;3;0;2;0;1;0;2;1;-19,12678656;-51,71566473;SPRF-MS;DEL08-MS;UOP01-DEL08-MS
557482;27/10/2023;sexta-feira;11:30:00;PE;232;21,1;MORENO;Acessar a via sem observar a presença dos outros veículos;Colisão transversal;Com Vítimas Feridas;Pleno dia;Crescente;Céu Claro;Dupla;"Reta;Retorno Regulamentado    ";Não;2;0;1;0;1;0;1;2;-8,096423;-35,081226;SPRF-PE;DEL01-PE;UOP01-DEL01-PE
557483;27/10/2023;sexta-feira;12:23:00;GO;50;235;CATALAO;Reação tardia ou ineficiente do condutor;Saída de leito carroçável;Com Vítimas Feridas;Pleno dia;Crescente;Céu Claro;Dupla;Reta;Não;1;0;1;0;0;0;1;1;-17,8451;-47,7721;SPRF-GO;DEL06-GO;UOP01-DEL06-GO
557484;27/10/2023;sexta-feira;12:30:00;GO;40;2;VALPARAISO DE GOIAS;Ausência de reação do condutor;Atropelamento de Pedestre;Com Vítimas Feridas;Pleno dia;Crescente;Nublado;Dupla;Reta;Sim;2;0;1;0;0;1;1;2;-16,067129;-47,984235;SPRF-DF;DEL01-DF;UOP01-DEL01-DF
557491;27/10/2023;sexta-feira;13:00:00;MG;381;493,9;BETIM;Condutor deixou de manter distância do veículo da frente;Colisão traseira;Com Vítimas Feridas;Pleno dia;Crescente;Céu Claro;Múltipla;"Reta;Declive                  ";Sim;2;0;1;0;1;0;1;2;-19,97670801;-44,19962698;SPRF-MG;DEL01-MG;UOP03-DEL01-MG
557492;27/10/2023;sexta-feira;13:00:00;RJ;116;175;SAO JOAO DE MERITI;Reação tardia ou ineficiente do condutor;Colisão traseira;Com Vítimas Feridas;Pleno dia;Crescente;Céu Claro;Dupla;Reta;Não;4;0;1;0;3;0;1;2;-22,78923555;-43,37275272;SPRF-RJ;DEL01-RJ;UOP02-DEL01-RJ
557493;27/10/2023;sexta-feira;13:15:00;RS;392;103;MORRO REDONDO;Ausência de reação do condutor;Colisão com objeto;Com Vítimas Feridas;Pleno dia;Crescente;Céu Claro;Simples;Aclive;Não;4;0;3;1;0;0;4;1;-31,5163521;-52,5982911;SPRF-RS;DEL07-RS;UOP01-DEL07-RS
557494;27/10/2023;sexta-feira;12:00:00;MT;163;837;SINOP;Retorno proibido;Colisão transversal;Com Vítimas Feridas;Pleno dia;Crescente;Céu Claro;Dupla;Reta;Sim;2;0;2;0;0;0;2;2;-11,84544803;-55,49114943;SPRF-MT;DEL06-MT;UOP02-DEL06-MT
557495;27/10/2023;sexta-feira;13:00:00;SC;101;405,3;ARARANGUA;Reação tardia ou ineficiente do condutor;Saída de leito carroçável;Com Vítimas Feridas;Pleno dia;Decrescente;Céu Claro;Dupla;Reta;Não;2;0;1;0;1;0;1;1;-28,89456007;-49,47010517;SPRF-SC;DEL02-SC;UOP02-DEL02-SC
557496;27/10/2023;sexta-feira;12:50:00;SC;101;404;ARARANGUA;Demais falhas mecânicas ou elétricas;Tombamento;Com Vítimas Feridas;Pleno dia;Decrescente;Céu Claro;Dupla;Reta;Não;2;0;1;0;1;0;1;1;-28,89567198;-49,4713068;SPRF-SC;DEL02-SC;UOP02-DEL02-SC
557498;27/10/2023;sexta-feira;12:05:00;RS;470;214;BENTO GONCALVES;Acessar a via sem observar a presença dos outros veículos;Colisão traseira;Com Vítimas Feridas;Pleno dia;Crescente;Céu Claro;Simples;"Curva;Declive                 ";Sim;2;0;1;0;1;0;1;2;-29,14408811;-51,53555411;SPRF-RS;DEL06-RS;UOP01-DEL06-RS
557499;27/10/2023;sexta-feira;13:30:00;MG;381;838,3;SAO SEBASTIAO DA BELA VISTA;Reação tardia ou ineficiente do condutor;Saída de leito carroçável;Com Vítimas Fatais;Pleno dia;Crescente;Céu Claro;Dupla;Curva;Não;5;1;3;1;0;0;4;1;-22,19252695;-45,84775906;SPRF-MG;DEL16-MG;UOP01-DEL16-MG
557500;27/10/2023;sexta-feira;08:47:00;AC;364;266;SENA MADUREIRA;Pista esburacada;Colisão traseira;Sem Vítimas;Pleno dia;Crescente;Céu Claro;Simples;Reta;Não;3;0;0;0;3;0;0;2;-9,10674312;-68,61468718;SPRF-AC;DEL01-AC;UOP01-DEL01-AC
557503;27/10/2023;sexta-feira;13:20:00;PB;230;22,3;JOAO PESSOA;Avarias e/ou desgaste excessivo no pneu;Tombamento;Com Vítimas Feridas;Pleno dia;Decrescente;Céu Claro;Dupla;Curva;Sim;3;0;2;1;0;0;3;1;-7,1415;-34,8519;SPRF-PB;DEL01-PB;UOP01-DEL01-PB
557504;27/10/2023;sexta-feira;14:00:00;DF;20;24,2;BRASILIA;Chuva;Colisão com objeto;Sem Vítimas;Pleno dia;Decrescente;Chuva;Dupla;"Viaduto;Curva                 ";Sim;1;0;0;0;0;1;0;1;-15,594831;-47,658615;SPRF-DF;DEL02-DF;UOP01-DEL02-DF
557506;27/10/2023;sexta-feira;14:10:00;PB;230;20,7;JOAO PESSOA;Acostamento em desnível;Tombamento;Com Vítimas Feridas;Pleno dia;Crescente;Céu Claro;Dupla;Reta;Não;1;0;0;1;0;0;1;1;-7,1337;-34,8544;SPRF-PB;DEL01-PB;UOP01-DEL01-PB
557507;27/10/2023;sexta-feira;14:00:00;SC;101;144;ITAPEMA;Condutor deixou de manter distância do veículo da frente;Colisão traseira;Sem Vítimas;Pleno dia;Decrescente;Nublado;Dupla;Reta;Sim;2;0;0;0;2;0;0;2;-27,0732659;-48,59672716;SPRF-SC;DEL04-SC;UOP03-DEL04-SC
557509;27/10/2023;sexta-feira;13:30:00;RO;435;86;COLORADO DO OESTE;Condutor deixou de manter distância do veículo da frente;Colisão traseira;Com Vítimas Feridas;Pleno dia;Crescente;Céu Claro;Dupla;Reta;Sim;2;0;1;0;1;0;1;2;-13,12026846;-60,54055407;SPRF-RO;DEL04-RO;UOP02-DEL04-RO
557510;27/10/2023;sexta-feira;14:40:00;GO;50;203;CAMPO ALEGRE DE GOIAS;Condutor Dormindo;Saída de leito carroçável;Com Vítimas Feridas;Pleno dia;Decrescente;Nublado;Dupla;Reta;Não;2;0;1;0;1;0;1;1;-17,5986;-47,7992;SPRF-GO;DEL06-GO;UOP01-DEL06-GO
557511;27/10/2023;sexta-feira;15:00:00;PR;116;40;CAMPINA GRANDE DO SUL;Chuva;Colisão com objeto;Com Vítimas Feridas;Pleno dia;Decrescente;Chuva;Dupla;Reta;Não;2;0;1;0;1;0;1;1;-25,16445203;-48,86237697;SPRF-PR;DEL01-PR;UOP02-DEL01-PR
557512;27/10/2023;sexta-feira;13:30:00;CE;222;154;IRAUCUBA;Reação tardia ou ineficiente do condutor;Saída de leito carroçável;Com Vítimas Feridas;Pleno dia;Decrescente;Céu Claro;Simples;Reta;Não;2;0;2;0;0;0;2;1;-3,73501558;-39,82342302;SPRF-CE;DEL04-CE;UOP03-DEL04-CE
557514;27/10/2023;sexta-feira;14:55:00;PA;316;96;IGARAPE-ACU;Transitar na contramão;Colisão lateral sentido oposto;Com Vítimas Feridas;Pleno dia;Decrescente;Céu Claro;Simples;Reta;Não;3;0;0;1;1;1;1;3;-1,32878666;-47,63912194;SPRF-PA;DEL01-PA;UOP02-DEL01-PA
557515;27/10/2023;sexta-feira;15:00:00;PR;116;121;CURITIBA;Ausência de reação do condutor;Colisão traseira;Com Vítimas Feridas;Pleno dia;Crescente;Garoa/Chuvisco;Dupla;"Reta;Declive                  ";Sim;2;0;1;0;1;0;1;2;-25,5599323;-49,30743945;SPRF-PR;DEL01-PR;UOP03-DEL01-PR