id;data_inversa;dia_semana;horario;uf;br;km;municipio;causa_acidente;tipo_acidente;classificacao_acidente;fase_dia;sentido_via;condicao_metereologica;tipo_pista;tracado_via;uso_solo;pessoas;mortos;feridos_leves;feridos_graves;ilesos;ignorados;feridos;veiculos;latitude;longitude;regional;delegacia;uop
557989;29/10/2023;domingo;19:30:00;ES;101;98,2;JAGUARE;Transitar no Acostamento;Atropelamento de Pedestre;Com Vítimas Fatais;Plena Noite;Decrescente;Céu Claro;Simples;"Declive;Reta                  ";Não;2;1;1;0;0;0;1;2;-18,97188909;-39,99152282;SPRF-ES;DEL04-ES;UOP02-DEL04-ES
557990;29/10/2023;domingo;18:16:00;RJ;101;388;RIO DE JANEIRO;Reação tardia ou ineficiente do condutor;Colisão com objeto;Com Vítimas Feridas;Plena Noite;Decrescente;Garoa/Chuvisco;Dupla;Reta;Sim;2;0;2;0;0;0;2;1;-22,88810094;-43,65827302;SPRF-RJ;DEL03-RJ;UOP01-DEL03-RJ
557991;29/10/2023;domingo;17:15:00;CE;222;311;TIANGUA;Acessar a via sem observar a presença dos outros veículos;Colisão transversal;Com Vítimas Feridas;Pleno dia;Decrescente;Céu Claro;Múltipla;Reta;Sim;2;0;1;0;1;0;1;2;-3,711973;-40,984356;SPRF-CE;DEL04-CE;UOP02-DEL04-CE
557993;29/10/2023;domingo;19:00:00;MG;381;416,8;CAETE;Ausência de reação do condutor;Colisão com objeto;Com Vítimas Feridas;Plena Noite;Crescente;Nublado;Dupla;"Declive;Curva                 ";Não;1;0;0;1;0;0;1;1;-19,75815121;-43,63601756;SPRF-MG;DEL01-MG;UOP01-DEL01-MG
557994;29/10/2023;domingo;17:46:00;BA;242;231;ITABERABA;Ultrapassagem Indevida;Colisão frontal;Com Vítimas Feridas;Anoitecer;Crescente;Céu Claro;Simples;Curva;Não;2;0;0;1;1;0;1;2;-12,51487091;-40,33051218;SPRF-BA;DEL06-BA;UOP02-DEL06-BA
557995;29/10/2023;domingo;19:50:00;MG;381;497;BETIM;Entrada inopinada do pedestre;Atropelamento de Pedestre;Com Vítimas Feridas;Plena Noite;Crescente;Chuva;Dupla;Reta;Sim;5;0;0;1;4;0;1;2;-20,00483625;-44,21367172;SPRF-MG;DEL01-MG;UOP03-DEL01-MG
557997;29/10/2023;domingo;19:20:00;SP;116;145,9;SAO JOSE DOS CAMPOS;Condutor deixou de manter distância do veículo da frente;Engavetamento;Com Vítimas Feridas;Plena Noite;Crescente;Céu Claro;Dupla;Reta;Sim;4;0;1;0;3;0;1;3;-23,1869844;-45,8548078;SPRF-SP;DEL02-SP;UOP01-DEL02-SP
558000;29/10/2023;domingo;15:45:00;RS;386;198;SANTO ANTONIO DO PLANALTO;Ausência de reação do condutor;Colisão traseira;Com Vítimas Feridas;Pleno dia;Crescente;Céu Claro;Simples;Reta;Não;3;0;2;0;1;0;2;2;-28,440928;-52,662212;SPRF-RS;DEL08-RS;UOP01-DEL08-RS
558001;24/10/2023;terça-feira;22:30:00;SC;116;29;MAFRA;Animais na Pista;Atropelamento de Animal;Sem Vítimas;Plena Noite;Decrescente;Nublado;Simples;"Declive;Reta                  ";Não;1;0;0;0;1;0;0;1;-26,31708989;-49,97099106;SPRF-SC;DEL06-SC;UOP01-DEL06-SC
558002;29/10/2023;domingo;19:30:00;MG;116;528;CARATINGA;Acesso irregular;Colisão transversal;Com Vítimas Feridas;Plena Noite;Crescente;Nublado;Simples;"Reta;Interseção de Vias       ";Sim;5;0;1;0;0;4;1;3;-19,794033;-42,13731414;SPRF-MG;DEL06-MG;UOP02-DEL06-MG
558003;29/10/2023;domingo;20:00:00;GO;40;10;LUZIANIA;Transitar na contramão;Colisão frontal;Com Vítimas Feridas;Plena Noite;Crescente;Nublado;Dupla;"Reta;Retorno Regulamentado    ";Sim;5;0;4;0;1;0;4;2;-16,131285;-47,957923;SPRF-DF;DEL01-DF;UOP01-DEL01-DF
558004;29/10/2023;domingo;19:00:00;PE;407;112;PETROLINA;Ausência de reação do condutor;Colisão traseira;Com Vítimas Feridas;Plena Noite;Decrescente;Céu Claro;Simples;Reta;Não;2;0;0;1;0;1;1;2;-9,27560414;-40,59620723;SPRF-PE;DEL06-PE;UOP01-DEL06-PE
558006;29/10/2023;domingo;21:10:00;RS;386;345;LAJEADO;Afundamento ou ondulação no pavimento;Tombamento;Com Vítimas Feridas;Plena Noite;Crescente;Céu Claro;Múltipla;"Desvio Temporário;Em Obras    ";Sim;3;0;2;0;1;0;2;3;-29,443069;-51,984135;SPRF-RS;DEL04-RS;UOP01-DEL04-RS
558007;29/10/2023;domingo;20:05:00;PI;343;267,2;CAMPO MAIOR;Ingestão de álcool pelo condutor;Colisão lateral sentido oposto;Com Vítimas Feridas;Plena Noite;Decrescente;Céu Claro;Simples;Reta;Não;2;0;2;0;0;0;2;2;-4,836484;-42,181347;SPRF-PI;DEL01-PI;UOP03-DEL01-PI
558008;29/10/2023;domingo;18:45:00;GO;153;177;CAMPINORTE;Reação tardia ou ineficiente do condutor;Saída de leito carroçável;Com Vítimas Feridas;Plena Noite;Decrescente;Céu Claro;Simples;Reta;Sim;2;0;2;0;0;0;2;1;-14,319126;-49,15099;SPRF-GO;DEL07-GO;UOP02-DEL07-GO
558009;29/10/2023;domingo;18:50:00;RJ;485;1;ITATIAIA;Ingestão de álcool ou de substâncias psicoativas pelo pedestre;Atropelamento de Pedestre;Com Vítimas Feridas;Anoitecer;Crescente;Chuva;Simples;Reta;Sim;2;0;0;1;1;0;1;2;-22,48651176;-44,56777851;SPRF-RJ;DEL07-RJ;UOP02-DEL07-RJ
558010;29/10/2023;domingo;20:45:00;RJ;116;189;NOVA IGUACU;Ausência de reação do condutor;Colisão lateral mesmo sentido;Com Vítimas Feridas;Plena Noite;Decrescente;Chuva;Dupla;Reta;Sim;2;0;2;0;0;0;2;1;-22,73765712;-43,49182298;SPRF-RJ;DEL01-RJ;UOP02-DEL01-RJ
558011;29/10/2023;domingo;17:10:00;RJ;116;186;NOVA IGUACU;Velocidade Incompatível;Colisão traseira;Com Vítimas Feridas;Anoitecer;Decrescente;Chuva;Múltipla;Reta;Sim;3;0;1;1;1;0;2;3;-22,73962339;-43,46276495;SPRF-RJ;DEL01-RJ;UOP02-DEL01-RJ
558012;29/10/2023;domingo;18:10:00;SC;101;344,6;TUBARAO;Ingestão de álcool pelo condutor;Colisão traseira;Sem Vítimas;Pleno dia;Decrescente;Céu Claro;Dupla;Reta;Não;2;0;0;0;2;0;0;2;-28,55467137;-49,0542984;SPRF-SC;DEL02-SC;UOP01-DEL02-SC
558013;29/10/2023;domingo;19:06:00;MS;262;264;RIBAS DO RIO PARDO;Pedestre andava na pista;Atropelamento de Pedestre;Com Vítimas Feridas;Plena Noite;Crescente;Céu Claro;Simples;Reta;Não;2;0;0;1;0;1;1;2;-20,428227;-53,973182;SPRF-MS;DEL01-MS;UOP01-DEL01-MS
558016;29/10/2023;domingo;20:30:00;PA;316;154;CAPANEMA;Deficiência do Sistema de Iluminação/Sinalização;Colisão traseira;Com Vítimas Feridas;Plena Noite;Decrescente;Céu Claro;Simples;Reta;Não;4;0;1;2;0;1;3;2;-1,23045296;-47,16186396;SPRF-PA;DEL01-PA;UOP03-DEL01-PA
558017;29/10/2023;domingo;21:00:00;PR;376;133,5;NOVA ESPERANCA;Acessar a via sem observar a presença dos outros veículos;Atropelamento de Pedestre;Com Vítimas Fatais;Plena Noite;Decrescente;Céu Claro;Dupla;Reta;Sim;3;1;0;0;2;0;0;2;-23,1883247;-52,20929269;SPRF-PR;DEL09-PR;UOP02-DEL09-PR
558018;29/10/2023;domingo;17:50:00;MS;163;258;DOURADOS;Frear bruscamente;Colisão traseira;Sem Vítimas;Anoitecer;Crescente;Nublado;Dupla;Declive;Não;6;0;0;0;6;0;0;2;-22,25859;-54,783592;SPRF-MS;DEL04-MS;UOP01-DEL04-MS
558020;29/10/2023;domingo;21:00:00;RJ;40;109;DUQUE DE CAXIAS;Acumulo de água sobre o pavimento;Colisão traseira;Sem Vítimas;Plena Noite;Decrescente;Chuva;Múltipla;Reta;Sim;2;0;0;0;1;1;0;2;-22,67374628;-43,28638368;SPRF-RJ;DEL01-RJ;UOP01-DEL01-RJ
558021;29/10/2023;domingo;21:45:00;RS;290;121;ELDORADO DO SUL;Transitar na contramão;Colisão frontal;Com Vítimas Feridas;Plena Noite;Crescente;Céu Claro;Simples;Reta;Não;3;0;1;1;1;0;2;2;-30,051365;-51,418243;SPRF-RS;DEL02-RS;UOP01-DEL02-RS
558023;29/10/2023;domingo;19:50:00;MG;381;922;CAMANDUCAIA;Acumulo de água sobre o pavimento;Saída de leito carroçável;Com Vítimas Feridas;Plena Noite;Crescente;Chuva;Dupla;"Curva;Declive                 ";Não;2;0;1;0;1;0;1;1;-22,76709023;-46,17890596;SPRF-MG;DEL16-MG;UOP03-DEL16-MG
558025;29/10/2023;domingo;21:38:00;DF;60;14;BRASILIA;Ingestão de álcool pelo condutor;Colisão traseira;Sem Vítimas;Plena Noite;Decrescente;Céu Claro;Dupla;Reta;Sim;6;0;0;0;6;0;0;2;-15,935141;-48,169449;SPRF-DF;DEL03-DF;UOP01-DEL03-DF
558026;29/10/2023;domingo;18:30:00;GO;153;639;MORRINHOS;Velocidade Incompatível;Saída de leito carroçável;Com Vítimas Feridas;Anoitecer;Crescente;Garoa/Chuvisco;Dupla;Reta;Não;3;0;1;0;2;0;1;1;-17,8714;-49,2268;SPRF-GO;DEL03-GO;UOP01-DEL03-GO
558027;29/10/2023;domingo;19:45:00;RO;364;460;ARIQUEMES;Reação tardia ou ineficiente do condutor;Tombamento;Com Vítimas Feridas;Plena Noite;Crescente;Céu Claro;Simples;Reta;Não;1;0;0;1;0;0;1;1;-10,24639877;-62,72694195;SPRF-RO;DEL03-RO;UOP02-DEL03-RO
558030;29/10/2023;domingo;21:30:00;SP;116;560;BARRA DO TURVO;Reação tardia ou ineficiente do condutor;Saída de leito carroçável;Com Vítimas Feridas;Plena Noite;Crescente;Garoa/Chuvisco;Múltipla;Curva;Não;2;0;2;0;0;0;2;1;-24,99089107;-48,50734616;SPRF-SP;DEL05-SP;UOP02-DEL05-SP
558031;29/10/2023;domingo;22:42:00;DF;20;15,1;BRASILIA;Manobra de mudança de faixa;Colisão traseira;Sem Vítimas;Plena Noite;Crescente;Céu Claro;Dupla;Reta;Sim;2;0;0;0;2;0;0;2;-15,630189;-47,733288;SPRF-DF;DEL02-DF;UOP01-DEL02-DF
558032;29/10/2023;domingo;22:30:00;PI;316;309,3;PICOS;Reação tardia ou ineficiente do condutor;Saída de leito carroçável;Com Vítimas Feridas;Plena Noite;Crescente;Céu Claro;Simples;Reta;Sim;2;0;1;0;0;1;1;2;-7,07778744;-41,48370094;SPRF-PI;DEL04-PI;UOP01-DEL04-PI
558033;29/10/2023;domingo;21:20:00;RJ;101;276;TANGUA;Condutor deixou de manter distância do veículo da frente;Colisão traseira;Com Vítimas Feridas;Plena Noite;Decrescente;Chuva;Dupla;Reta;Não;3;0;2;0;1;0;2;2;-22,73796393;-42,73871802;SPRF-RJ;DEL02-RJ;UOP03-DEL02-RJ
558034;29/10/2023;domingo;20:30:00;MS;267;482,4;JARDIM;Transitar na contramão;Colisão frontal;Com Vítimas Feridas;Plena Noite;Crescente;Céu Claro;Simples;"Reta;Interseção de Vias       ";Sim;3;0;0;2;1;0;2;2;-21,48307021;-56,14631299;SPRF-MS;DEL05-MS;UOP01-DEL05-MS
558038;29/10/2023;domingo;21:00:00;PR;116;92;SAO JOSE DOS PINHAIS;Ingestão de álcool pelo condutor;Saída de leito carroçável;Sem Vítimas;Plena Noite;Crescente;Garoa/Chuvisco;Dupla;Reta;Sim;1;0;0;0;1;0;0;1;-25,50774238;-49,12467957;SPRF-PR;DEL01-PR;UOP07-DEL01-PR
558039;29/10/2023;domingo;20:00:00;RO;364;344;JI-PARANA;Ingestão de álcool pelo condutor;Colisão traseira;Sem Vítimas;Plena Noite;Crescente;Céu Claro;Dupla;Reta;Sim;4;0;0;0;4;0;0;3;-10,87230013;-61,95462227;SPRF-RO;DEL02-RO;UOP01-DEL02-RO
558040;29/10/2023;domingo;23:27:00;PE;101;46;IGARASSU;Ultrapassagem Indevida;Colisão lateral mesmo sentido;Com Vítimas Feridas;Plena Noite;Crescente;Céu Claro;Dupla;Reta;Sim;2;0;1;0;1;0;1;2;-7,87406004;-34,90588126;SPRF-PE;DEL01-PE;UOP02-DEL01-PE
558041;29/10/2023;domingo;23:40:00;PR;116;14;COLOMBO;Velocidade Incompatível;Colisão com objeto;Sem Vítimas;Plena Noite;Decrescente;Céu Claro;Dupla;"Declive;Interseção de Vias;Pon";Sim;1;0;0;0;0;1;0;1;-25,3818;-49,1643;SPRF-PR;DEL01-PR;UOP02-DEL01-PR
558042;29/10/2023;domingo;22:30:00;RJ;393;153;TRES RIOS;Velocidade Incompatível;Colisão com objeto;Sem Vítimas;Plena Noite;Crescente;Chuva;Simples;Curva;Não;1;0;0;0;0;1;0;1;-22,07485568;-43,03961024;SPRF-RJ;DEL05-RJ;UOP02-DEL05-RJ
558043;29/10/2023;domingo;23:30:00;RJ;40;122;DUQUE DE CAXIAS;Chuva;Saída de leito carroçável;Com Vítimas Feridas;Plena Noite;Decrescente;Chuva;Múltipla;Reta;Sim;1;0;1;0;0;0;1;1;-22,79083113;-43,28611569;SPRF-RJ;DEL01-RJ;UOP01-DEL01-RJ
558044;30/10/2023;segunda-feira;00:05:00;PR;277;660;MATELANDIA;Reação tardia ou ineficiente do condutor;Saída de leito carroçável;Sem Vítimas;Plena Noite;Decrescente;Céu Claro;Dupla;"Curva;Aclive                  ";Não;1;0;0;0;1;0;0;1;-25,25136237;-53,99027796;SPRF-PR;DEL05-PR;UOP02-DEL05-PR
558045;30/10/2023;segunda-feira;00:00:00;RJ;101;427;MANGARATIBA;Pista Escorregadia;Saída de leito carroçável;Com Vítimas Feridas;Plena Noite;Crescente;Nublado;Simples;Curva;Não;1;0;1;0;0;0;1;1;-22,93154625;-43,98133788;SPRF-RJ;DEL03-RJ;UOP02-DEL03-RJ
558046;29/10/2023;domingo;22:40:00;SC;282;217;LAGES;Ingestão de álcool pelo condutor;Colisão com objeto;Sem Vítimas;Plena Noite;Decrescente;Céu Claro;Simples;Reta;Sim;1;0;0;0;1;0;0;1;-27,7979227;-50,29858589;SPRF-SC;DEL05-SC;UOP01-DEL05-SC
558048;30/10/2023;segunda-feira;00:50:00;PE;423;58,3;LAJEDO;Animais na Pista;Atropelamento de Animal;Sem Vítimas;Plena Noite;Decrescente;Céu Claro;Simples;Reta;Não;2;0;0;0;1;1;0;2;-8,6395899;-36,31006213;SPRF-PE;DEL03-PE;UOP01-DEL03-PE
558049;30/10/2023;segunda-feira;01:20:00;SC;101;207,5;SAO JOSE;Velocidade Incompatível;Colisão com objeto;Com Vítimas Feridas;Plena Noite;Decrescente;Nublado;Múltipla;Reta;Não;3;0;2;1;0;0;3;1;-27,60001226;-48,6226467;SPRF-SC;DEL01-SC;UOP01-DEL01-SC
558050;30/10/2023;segunda-feira;01:30:00;MG;40;615,4;CONGONHAS;Condutor Dormindo;Colisão com objeto;Sem Vítimas;Plena Noite;Crescente;Chuva;Simples;"Ponte;Curva;Declive           ";Não;1;0;0;0;0;1;0;1;-20,545193;-43,820709;SPRF-MG;DEL05-MG;UOP02-DEL05-MG
558053;30/10/2023;segunda-feira;03:30:00;PR;163;68;PEROLA DOESTE;Ingestão de álcool pelo condutor;Saída de leito carroçável;Com Vítimas Feridas;Plena Noite;Decrescente;Ignorado;Simples;Curva;Não;6;0;2;0;4;0;2;1;-25,84311657;-53,75176333;SPRF-PR;DEL02-PR;UOP02-DEL02-PR
558055;30/10/2023;segunda-feira;04:25:00;RS;470;213;BENTO GONCALVES;Ingestão de álcool pelo condutor;Saída de leito carroçável;Sem Vítimas;Plena Noite;Decrescente;Céu Claro;Dupla;"Reta;Aclive;Retorno Regulament";Sim;1;0;0;0;0;1;0;1;-29,14680162;-51,53204799;SPRF-RS;DEL06-RS;UOP01-DEL06-RS
558056;30/10/2023;segunda-feira;03:50:00;DF;70;12;BRASILIA;Reação tardia ou ineficiente do condutor;Capotamento;Com Vítimas Feridas;Plena Noite;Crescente;Nublado;Dupla;Reta;Sim;3;0;2;0;1;0;2;1;-15,792243;-48,158543;SPRF-DF;DEL03-DF;UOP02-DEL03-DF
558057;30/10/2023;segunda-feira;01:15:00;SC;101;57;JOINVILLE;Ausência de reação do condutor;Saída de leito carroçável;Com Vítimas Feridas;Pleno dia;Decrescente;Céu Claro;Simples;"Curva;Viaduto                 ";Sim;1;0;0;1;0;0;1;1;-26,43646093;-48,81113029;SPRF-SC;DEL03-SC;UOP01-DEL03-SC
558058;30/10/2023;segunda-feira;06:30:00;SC;101;196,5;BIGUACU;Reação tardia ou ineficiente do condutor;Colisão lateral mesmo sentido;Com Vítimas Feridas;Pleno dia;Crescente;Nublado;Múltipla;Reta;Não;2;0;0;1;1;0;1;2;-27,51101091;-48,64322292;SPRF-SC;DEL01-SC;UOP01-DEL01-SC
558059;30/10/2023;segunda-feira;06:15:00;PB;230;152;CAMPINA GRANDE;Ultrapassagem Indevida;Colisão lateral mesmo sentido;Com Vítimas Feridas;Pleno dia;Crescente;Céu Claro;Dupla;Curva;Não;3;0;1;1;1;0;2;2;-7,27416069;-35,88878632;SPRF-PB;DEL02-PB;UOP01-DEL02-PB
558060;30/10/2023;segunda-feira;06:05:00;RS;290;457;ROSARIO DO SUL;Ingestão de álcool pelo condutor;Colisão lateral sentido oposto;Com Vítimas Feridas;Amanhecer;Crescente;Céu Claro;Simples;Reta;Não;5;0;1;0;4;0;1;2;-30,229055;-54,685894;SPRF-RS;DEL11-RS;UOP02-DEL11-RS
558061;30/10/2023;segunda-feira;06:55:00;SE;101;91;NOSSA SENHORA DO SOCORRO;Condutor deixou de manter distância do veículo da frente;Colisão traseira;Com Vítimas Feridas;Pleno dia;Decrescente;Céu Claro;Dupla;Reta;Sim;4;0;2;0;2;0;2;2;-10,89849802;-37,13176324;SPRF-SE;DEL01-SE;UOP01-DEL01-SE
558062;30/10/2023;segunda-feira;06:45:00;GO;60;387;RIO VERDE;Ausência de reação do condutor;Saída de leito carroçável;Com Vítimas Feridas;Pleno dia;Decrescente;Céu Claro;Dupla;Reta;Sim;1;0;1;0;0;0;1;1;-17,8098;-50,9267;SPRF-GO;DEL04-GO;UOP02-DEL04-GO
558065;30/10/2023;segunda-feira;07:00:00;SP;153;61,2;SAO JOSE DO RIO PRETO;Ausência de reação do condutor;Colisão traseira;Com Vítimas Feridas;Pleno dia;Crescente;Céu Claro;Dupla;Reta;Sim;3;0;1;0;2;0;1;2;-20,80502876;-49,35574909;SPRF-SP;DEL09-SP;UOP01-DEL09-SP
558066;30/10/2023;segunda-feira;07:05:00;SC;470;134;RIO DO SUL;Acessar a via sem observar a presença dos outros veículos;Colisão transversal;Com Vítimas Feridas;Pleno dia;Crescente;Nublado;Simples;Rotatória;Sim;2;0;1;0;1;0;1;2;-27,1748752;-49,59007502;SPRF-SC;DEL04-SC;UOP02-DEL04-SC
558067;30/10/2023;segunda-feira;07:30:00;DF;70;16;BRASILIA;Manobra de mudança de faixa;Colisão lateral mesmo sentido;Com Vítimas Feridas;Pleno dia;Decrescente;Céu Claro;Dupla;Reta;Sim;3;0;2;0;1;0;2;3;-15,796144;-48,194225;SPRF-DF;DEL03-DF;UOP02-DEL03-DF
558069;30/10/2023;segunda-feira;07:50:00;SP;116;203;ARUJA;Ingestão de álcool e/ou substâncias psicoativas pelo pedestre;Colisão com objeto;Com Vítimas Feridas;Pleno dia;Crescente;Céu Claro;Múltipla;Reta;Não;1;0;1;0;0;0;1;1;-23,41060827;-46,34763895;SPRF-SP;DEL01-SP;UOP01-DEL01-SP
558070;30/10/2023;segunda-feira;08:01:00;BA;324;524;FEIRA DE SANTANA;Condutor deixou de manter distância do veículo da frente;Colisão traseira;Com Vítimas Feridas;Pleno dia;Crescente;Céu Claro;Dupla;Reta;Sim;2;0;1;0;1;0;1;2;-12,2955119;-38,90487093;SPRF-BA;DEL01-BA;UOP03-DEL01-BA
558072;26/10/2023;quinta-feira;07:35:00;SP;488;4,8;APARECIDA;Entrada inopinada do pedestre;Atropelamento de Pedestre;Com Vítimas Feridas;Pleno dia;Crescente;Céu Claro;Dupla;Curva;Sim;2;0;1;0;1;0;1;2;-22,858398;-45,251377;SPRF-SP;DEL08-SP;UOP01-DEL08-SP
558074;11/03/2023;sábado;15:20:00;PI;316;310;PICOS;Acessar a via sem observar a presença dos outros veículos;Colisão transversal;Com Vítimas Feridas;Pleno dia;Decrescente;Céu Claro;Simples;Reta;Sim;2;0;0;1;1;0;1;2;-7,07639186;-41,47475001;SPRF-PI;DEL04-PI;UOP01-DEL04-PI
558076;30/10/2023;segunda-feira;06:40:00;MS;267;22,9;BATAGUASSU;Ausência de reação do condutor;Saída de leito carroçável;Com Vítimas Feridas;Pleno dia;Decrescente;Céu Claro;Simples;Reta;Não;1;0;0;1;0;0;1;1;-21,72718453;-52,35493602;SPRF-MS;DEL02-MS;UOP04-DEL02-MS
558077;30/10/2023;segunda-feira;08:00:00;DF;70;10;BRASILIA;Reação tardia ou ineficiente do condutor;Queda de ocupante de veículo;Com Vítimas Feridas;Pleno dia;Crescente;Nublado;Dupla;Reta;Sim;1;0;1;0;0;0;1;1;-15,78818592;-48,14301252;SPRF-DF;DEL03-DF;UOP02-DEL03-DF
558078;30/10/2023;segunda-feira;07:30:00;PR;376;602;CURITIBA;Ausência de reação do condutor;Colisão traseira;Com Vítimas Feridas;Pleno dia;Crescente;Nublado;Dupla;Reta;Sim;2;0;1;0;1;0;1;2;-25,54329052;-49,30719981;SPRF-PR;DEL01-PR;UOP06-DEL01-PR
558081;28/01/2023;sábado;00:20:00;MT;174;261;PONTES E LACERDA;Animais na Pista;Atropelamento de Animal;Sem Vítimas;Anoitecer;Crescente;Nevoeiro/Neblina;Simples;Reta;Não;2;0;0;0;2;0;0;1;-15,41602473;-59,1314895;SPRF-MT;DEL04-MT;UOP01-DEL04-MT
558082;30/10/2023;segunda-feira;07:50:00;PR;277;83,5;CURITIBA;Ultrapassagem Indevida;Colisão lateral mesmo sentido;Com Vítimas Feridas;Pleno dia;Crescente;Nublado;Dupla;Reta;Sim;2;0;1;0;1;0;1;2;-25,44587785;-49,23170507;SPRF-PR;DEL01-PR;UOP01-DEL01-PR
558083;30/10/2023;segunda-feira;08:15:00;SC;101;331,6;TUBARAO;Demais falhas mecânicas ou elétricas;Queda de ocupante de veículo;Com Vítimas Feridas;Pleno dia;Crescente;Céu Claro;Múltipla;"Reta;Declive                  ";Sim;1;0;1;0;0;0;1;1;-28,45567521;-48,9812689;SPRF-SC;DEL02-SC;UOP01-DEL02-SC
558085;29/10/2023;domingo;17:16:00;AC;317;286;EPITACIOLANDIA;Retorno proibido;Colisão transversal;Com Vítimas Feridas;Pleno dia;Decrescente;Céu Claro;Simples;Reta;Não;2;0;0;1;1;0;1;2;-11,0213963;-68,68407586;SPRF-AC;DEL01-AC;UOP02-DEL01-AC
558089;30/10/2023;segunda-feira;07:50:00;MS;163;485;CAMPO GRANDE;Reação tardia ou ineficiente do condutor;Colisão traseira;Com Vítimas Feridas;Pleno dia;Decrescente;Nublado;Simples;"Interseção de Vias;Reta       ";Sim;3;0;1;0;2;0;1;2;-20,44233707;-54,54201834;SPRF-MS;DEL01-MS;UOP02-DEL01-MS
558090;30/10/2023;segunda-feira;06:50:00;MG;251;336;RUBELITA;Acessar a via sem observar a presença dos outros veículos;Colisão transversal;Com Vítimas Feridas;Pleno dia;Decrescente;Sol;Simples;Curva;Não;2;0;0;1;1;0;1;2;-16,25628797;-42,453666;SPRF-MG;DEL12-MG;UOP02-DEL12-MG
558091;30/10/2023;segunda-feira;09:00:00;RS;290;87;PORTO ALEGRE;Ausência de reação do condutor;Colisão traseira;Com Vítimas Feridas;Pleno dia;Crescente;Céu Claro;Múltipla;Reta;Não;2;0;1;0;1;0;1;2;-29,967838;-51,127197;SPRF-RS;DEL01-RS;UOP01-DEL01-RS
558092;30/10/2023;segunda-feira;07:16:00;MS;163;695,8;RIO VERDE DE MATO GROSSO;Ausência de reação do condutor;Saída de leito carroçável;Com Vítimas Feridas;Pleno dia;Crescente;Céu Claro;Dupla;Reta;Não;1;0;0;1;0;0;1;1;-18,80016194;-54,8235928;SPRF-MS;DEL06-MS;UOP01-DEL06-MS
558094;30/10/2023;segunda-feira;08:58:00;MT;70;39;BARRA DO GARCAS;Demais falhas mecânicas ou elétricas;Saída de leito carroçável;Com Vítimas Feridas;Pleno dia;Decrescente;Céu Claro;Simples;Curva;Não;6;0;3;0;2;1;3;2;-15,77801564;-52,55467991;SPRF-MT;DEL07-MT;UOP01-DEL07-MT
558095;30/10/2023;segunda-feira;09:05:00;SC;101;158,7;PORTO BELO;Manobra de mudança de faixa;Colisão lateral mesmo sentido;Com Vítimas Feridas;Pleno dia;Crescente;Nublado;Dupla;Retorno Regulamentado;Sim;2;0;1;0;1;0;1;2;-27,19096301;-48,61259017;SPRF-SC;DEL04-SC;UOP03-DEL04-SC
558096;06/10/2023;sexta-feira;23:20:00;SC;101;237;PALHOCA;Demais falhas mecânicas ou elétricas;Incêndio;Sem Vítimas;Plena Noite;Crescente;Chuva;Dupla;Reta;Não;1;0;0;0;1;0;0;1;-27,83490593;-48,63077716;SPRF-SC;DEL01-SC;UOP02-DEL01-SC
558097;30/10/2023;segunda-feira;09:30:00;PA;230;121,2;MARABA;Reação tardia ou ineficiente do condutor;Colisão lateral mesmo sentido;Sem Vítimas;Pleno dia;Decrescente;Céu Claro;Dupla;Reta;Sim;7;0;0;0;6;1;0;4;-5,35297407;-49,12143673;SPRF-PA;DEL03-PA;UOP01-DEL03-PA
558098;30/10/2023;segunda-feira;09:00:00;RS;285;319,8;PASSO FUNDO;Chuva;Saída de leito carroçável;Com Vítimas Feridas;Pleno dia;Decrescente;Chuva;Simples;Declive;Não;1;0;1;0;0;0;1;1;-28,269007;-52,610687;SPRF-RS;DEL08-RS;UOP03-DEL08-RS
558099;30/10/2023;segunda-feira;09:45:00;RS;285;491;ENTRE-IJUIS;Chuva;Saída de leito carroçável;Com Vítimas Feridas;Pleno dia;Crescente;Chuva;Simples;Reta;Não;2;0;2;0;0;0;2;1;-28,374992;-54,227642;SPRF-RS;DEL10-RS;UOP01-DEL10-RS
558100;30/10/2023;segunda-feira;09:25:00;DF;60;28,4;BRASILIA;Ausência de reação do condutor;Atropelamento de Pedestre;Com Vítimas Feridas;Pleno dia;Crescente;Céu Claro;Dupla;"Curva;Aclive                  ";Não;2;0;0;1;1;0;1;2;-16,024422;-48,252912;SPRF-DF;DEL03-DF;UOP01-DEL03-DF
558107;30/10/2023;segunda-feira;11:00:00;ES;101;265,9;SERRA;Condutor desrespeitou a iluminação vermelha do semáforo;Colisão transversal;Com Vítimas Feridas;Pleno dia;Decrescente;Sol;Múltipla;Interseção de Vias;Sim;4;0;2;0;1;1;2;3;-20,1816849;-40,26536036;SPRF-ES;DEL02-ES;UOP01-DEL02-ES
558108;30/10/2023;segunda-feira;10:00:00;MG;381;501;BETIM;Ausência de reação do condutor;Saída de leito carroçável;Com Vítimas Feridas;Pleno dia;Decrescente;Céu Claro;Dupla;"Reta;Aclive                   ";Não;1;0;1;0;0;0;1;1;-20,03146447;-44,2377893;SPRF-MG;DEL01-MG;UOP03-DEL01-MG
558109;30/10/2023;segunda-feira;12:00:00;PI;343;196,2;PIRIPIRI;Condutor deixou de manter distância do veículo da frente;Colisão traseira;Com Vítimas Feridas;Pleno dia;Decrescente;Céu Claro;Simples;Reta;Não;5;0;2;0;3;0;2;2;-4,360559;-41,817978;SPRF-PI;DEL02-PI;UOP01-DEL02-PI