id;data_inversa;dia_semana;horario;uf;br;km;municipio;causa_acidente;tipo_acidente;classificacao_acidente;fase_dia;sentido_via;condicao_metereologica;tipo_pista;tracado_via;uso_solo;pessoas;mortos;feridos_leves;feridos_graves;ilesos;ignorados;feridos;veiculos;latitude;longitude;regional;delegacia;uop
558505;01/11/2023;quarta-feira;14:45:00;MG;365;626;UBERLANDIA;Velocidade Incompatível;Colisão traseira;Com Vítimas Feridas;Pleno dia;Crescente;Sol;Dupla;Reta;Não;2;0;1;0;1;0;1;2;-18,90659356;-48,33469405;SPRF-MG;DEL15-MG;UOP01-DEL15-MG
558506;01/11/2023;quarta-feira;15:40:00;PB;230;9;CABEDELO;Condutor deixou de manter distância do veículo da frente;Colisão traseira;Com Vítimas Feridas;Pleno dia;Crescente;Céu Claro;Dupla;Reta;Sim;3;0;2;0;1;0;2;2;-7,0355;-34,8429;SPRF-PB;DEL01-PB;UOP01-DEL01-PB
558508;01/11/2023;quarta-feira;16:35:00;SC;101;209,8;SAO JOSE;Objeto estático sobre o leito carroçável;Tombamento;Com Vítimas Feridas;Pleno dia;Crescente;Nublado;Múltipla;Reta;Sim;2;0;2;0;0;0;2;1;-27,61000542;-48,63895057;SPRF-SC;DEL01-SC;UOP01-DEL01-SC
558510;01/11/2023;quarta-feira;13:30:00;PB;230;370;MALTA;Reação tardia ou ineficiente do condutor;Saída de leito carroçável;Com Vítimas Fatais;Pleno dia;Crescente;Sol;Simples;Reta;Não;2;1;1;0;0;0;1;1;-6,9079;-37,5497;SPRF-PB;DEL03-PB;UOP02-DEL03-PB
558512;01/11/2023;quarta-feira;15:40:00;CE;116;1;FORTALEZA;Condutor deixou de manter distância do veículo da frente;Colisão traseira;Sem Vítimas;Pleno dia;Crescente;Céu Claro;Dupla;Reta;Sim;2;0;0;0;2;0;0;2;-3,76159894;-38,51900662;SPRF-CE;DEL01-CE;UOP02-DEL01-CE
558514;01/11/2023;quarta-feira;16:35:00;GO;40;0;VALPARAISO DE GOIAS;Trafegar com motocicleta (ou similar) entre as faixas;Colisão traseira;Com Vítimas Feridas;Pleno dia;Crescente;Céu Claro;Dupla;Reta;Sim;2;0;1;0;1;0;1;2;-16,05529309;-47,98236966;SPRF-DF;DEL01-DF;UOP01-DEL01-DF
558515;01/11/2023;quarta-feira;15:50:00;PR;116;188,9;CAMPO DO TENENTE;Retorno proibido;Colisão transversal;Com Vítimas Feridas;Pleno dia;Decrescente;Nublado;Simples;Reta;Não;5;0;1;0;4;0;1;2;-25,973855;-49,661245;SPRF-PR;DEL01-PR;UOP03-DEL01-PR
558516;01/11/2023;quarta-feira;16:45:00;SP;116;221;GUARULHOS;Trafegar com motocicleta (ou similar) entre as faixas;Colisão lateral mesmo sentido;Com Vítimas Feridas;Pleno dia;Decrescente;Céu Claro;Dupla;Reta;Sim;4;0;1;1;1;1;2;3;-23,46802395;-46,50704901;SPRF-SP;DEL01-SP;UOP01-DEL01-SP
558517;29/10/2023;domingo;04:20:00;RJ;116;144;DUQUE DE CAXIAS;Ausência de reação do condutor;Queda de ocupante de veículo;Com Vítimas Feridas;Plena Noite;Decrescente;Nublado;Dupla;Reta;Não;2;0;2;0;0;0;2;1;-22,65737709;-43,24724694;SPRF-RJ;DEL01-RJ;UOP01-DEL01-RJ
558518;01/11/2023;quarta-feira;10:15:00;GO;153;431;ANAPOLIS;Demais falhas na via;Eventos atípicos;Sem Vítimas;Pleno dia;Crescente;Céu Claro;Dupla;Reta;Sim;2;0;0;0;2;0;0;1;-16,258045;-48,988403;SPRF-GO;DEL02-GO;UOP01-DEL02-GO
558519;01/11/2023;quarta-feira;16:29:00;PB;101;95;CONDE;Ausência de reação do condutor;Colisão traseira;Sem Vítimas;Pleno dia;Crescente;Céu Claro;Dupla;Reta;Não;4;0;0;0;4;0;0;2;-7,22379403;-34,91488195;SPRF-PB;DEL01-PB;UOP02-DEL01-PB
558520;01/11/2023;quarta-feira;16:45:00;PB;101;85;BAYEUX;Condutor deixou de manter distância do veículo da frente;Colisão traseira;Com Vítimas Feridas;Pleno dia;Decrescente;Céu Claro;Dupla;Reta;Não;3;0;1;0;2;0;1;2;-7,14538184;-34,91662887;SPRF-PB;DEL01-PB;UOP01-DEL01-PB
558521;01/11/2023;quarta-feira;16:40:00;RJ;116;184;NOVA IGUACU;Ausência de reação do condutor;Colisão traseira;Com Vítimas Feridas;Pleno dia;Crescente;Nublado;Dupla;Reta;Sim;2;0;0;1;1;0;1;2;-22,74647215;-43,44594311;SPRF-RJ;DEL01-RJ;UOP02-DEL01-RJ
558522;01/11/2023;quarta-feira;11:30:00;MG;116;692,9;MIRADOURO;Acessar a via sem observar a presença dos outros veículos;Colisão transversal;Com Vítimas Feridas;Pleno dia;Decrescente;Céu Claro;Simples;"Curva;Interseção de Vias      ";Sim;2;0;1;0;1;0;1;2;-20,8889056;-42,3396111;SPRF-MG;DEL07-MG;UOP02-DEL07-MG
558523;01/11/2023;quarta-feira;16:30:00;MG;381;364;SAO GONCALO DO RIO ABAIXO;Acumulo de areia ou detritos sobre o pavimento;Capotamento;Com Vítimas Feridas;Pleno dia;Crescente;Céu Claro;Simples;Curva;Não;4;0;4;0;0;0;4;1;-19,84955579;-43,25424839;SPRF-MG;DEL03-MG;UOP01-DEL03-MG
558524;26/06/2023;segunda-feira;16:30:00;PI;230;181,6;OEIRAS;Manobra de mudança de faixa;Colisão transversal;Com Vítimas Feridas;Pleno dia;Crescente;Céu Claro;Simples;Reta;Não;2;0;1;1;0;0;2;2;-6,95248;-42,003965;SPRF-PI;DEL04-PI;UOP01-DEL04-PI
558525;01/11/2023;quarta-feira;17:00:00;PR;277;611;SANTA TEREZA DO OESTE;Acessar a via sem observar a presença dos outros veículos;Colisão transversal;Com Vítimas Feridas;Pleno dia;Crescente;Céu Claro;Simples;Reta;Sim;4;0;2;0;2;0;2;2;-25,05215123;-53,63184497;SPRF-PR;DEL05-PR;UOP02-DEL05-PR
558527;01/11/2023;quarta-feira;17:30:00;SP;116;216;GUARULHOS;Entrada inopinada do pedestre;Atropelamento de Pedestre;Com Vítimas Fatais;Anoitecer;Crescente;Nublado;Múltipla;Reta;Sim;3;1;0;0;2;0;0;2;-23,45399478;-46,47155643;SPRF-SP;DEL01-SP;UOP01-DEL01-SP
558530;01/11/2023;quarta-feira;17:20:00;PB;230;25,1;JOAO PESSOA;Pedestre cruzava a pista fora da faixa;Atropelamento de Pedestre;Com Vítimas Feridas;Anoitecer;Decrescente;Céu Claro;Dupla;Reta;Sim;3;0;1;2;0;0;3;2;-7,17065418;-34,87053037;SPRF-PB;DEL01-PB;UOP01-DEL01-PB
558531;01/11/2023;quarta-feira;17:10:00;RJ;116;220;PARACAMBI;Chuva;Colisão frontal;Com Vítimas Feridas;Pleno dia;Decrescente;Chuva;Dupla;Curva;Não;1;0;1;0;0;0;1;1;-22,69305776;-43,77362606;SPRF-RJ;DEL07-RJ;UOP01-DEL07-RJ
558532;01/11/2023;quarta-feira;17:50:00;GO;40;6,8;VALPARAISO DE GOIAS;Área urbana sem a presença de local apropriado para a travessia de pedestres;Atropelamento de Pedestre;Com Vítimas Feridas;Pleno dia;Crescente;Nublado;Dupla;Aclive;Sim;3;0;1;0;1;1;1;2;-16,100814;-47,977351;SPRF-DF;DEL01-DF;UOP01-DEL01-DF
558534;01/11/2023;quarta-feira;17:25:00;CE;116;70;CHOROZINHO;Condutor deixou de manter distância do veículo da frente;Colisão traseira;Com Vítimas Feridas;Anoitecer;Crescente;Céu Claro;Simples;Reta;Não;3;0;2;0;1;0;2;2;-4,32740107;-38,48526908;SPRF-CE;DEL03-CE;UOP02-DEL03-CE
558536;01/11/2023;quarta-feira;17:45:00;RS;116;96;PORTO ALEGRE;Ausência de reação do condutor;Tombamento;Com Vítimas Feridas;Pleno dia;Crescente;Céu Claro;Dupla;"Curva;Ponte                   ";Não;1;0;1;0;0;0;1;1;-29,99748098;-51,20563388;SPRF-RS;DEL05-RS;UOP01-DEL05-RS
558537;01/11/2023;quarta-feira;17:24:00;RJ;101;319;SAO GONCALO;Trafegar com motocicleta (ou similar) entre as faixas;Colisão lateral mesmo sentido;Com Vítimas Feridas;Anoitecer;Decrescente;Nublado;Dupla;Reta;Sim;2;0;1;0;1;0;1;2;-22,85411774;-43,1018014;SPRF-RJ;DEL02-RJ;UOP02-DEL02-RJ
558538;01/11/2023;quarta-feira;17:15:00;PE;232;17,2;JABOATAO DOS GUARARAPES;Frear bruscamente;Colisão traseira;Com Vítimas Feridas;Anoitecer;Crescente;Céu Claro;Dupla;Reta;Não;2;0;1;0;1;0;1;2;-8,09565202;-35,04581599;SPRF-PE;DEL01-PE;UOP01-DEL01-PE
558540;01/11/2023;quarta-feira;17:05:00;SP;153;174;GUAICARA;Reação tardia ou ineficiente do condutor;Colisão traseira;Com Vítimas Feridas;Pleno dia;Crescente;Sol;Simples;Interseção de Vias;Sim;2;0;1;0;1;0;1;2;-21,633102;-49,787743;SPRF-SP;DEL07-SP;UOP01-DEL07-SP
558541;01/11/2023;quarta-feira;16:15:00;MT;174;306;PONTES E LACERDA;Reação tardia ou ineficiente do condutor;Tombamento;Com Vítimas Feridas;Pleno dia;Crescente;Céu Claro;Simples;Reta;Não;2;0;1;0;0;1;1;2;-15,08374502;-59,29660595;SPRF-MT;DEL04-MT;UOP01-DEL04-MT
558542;01/11/2023;quarta-feira;18:00:00;GO;50;260;CATALAO;Reação tardia ou ineficiente do condutor;Queda de ocupante de veículo;Com Vítimas Feridas;Plena Noite;Crescente;Céu Claro;Dupla;Reta;Não;1;0;1;0;0;0;1;1;-18,0366;-47,8438;SPRF-GO;DEL06-GO;UOP01-DEL06-GO
558545;01/11/2023;quarta-feira;18:30:00;SC;282;5;SAO JOSE;Ausência de reação do condutor;Colisão traseira;Com Vítimas Feridas;Plena Noite;Decrescente;Nublado;Dupla;"Curva;Aclive                  ";Sim;2;0;1;0;1;0;1;2;-27,588425;-48,612919;SPRF-SC;DEL01-SC;UOP01-DEL01-SC
558546;01/11/2023;quarta-feira;18:10:00;RN;110;47,5;MOSSORO;Acessar a via sem observar a presença dos outros veículos;Colisão transversal;Com Vítimas Feridas;Plena Noite;Crescente;Céu Claro;Simples;Reta;Sim;2;0;0;1;1;0;1;2;-5,20510866;-37,32783079;SPRF-RN;DEL04-RN;UOP01-DEL04-RN
558547;01/11/2023;quarta-feira;17:30:00;SC;480;123,3;CHAPECO;Condutor deixou de manter distância do veículo da frente;Colisão traseira;Com Vítimas Feridas;Pleno dia;Decrescente;Nublado;Dupla;"Reta;Aclive                   ";Sim;2;0;1;0;1;0;1;2;-26,99739704;-52,64201951;SPRF-SC;DEL07-SC;UOP01-DEL07-SC
558549;01/11/2023;quarta-feira;16:40:00;SC;470;65;INDAIAL;Acessar a via sem observar a presença dos outros veículos;Colisão transversal;Com Vítimas Feridas;Pleno dia;Crescente;Nublado;Simples;"Reta;Interseção de Vias;Em Obr";Não;3;0;1;2;0;0;3;2;-26,870411;-49,211864;SPRF-SC;DEL04-SC;UOP01-DEL04-SC
558550;01/11/2023;quarta-feira;16:39:00;RN;226;32;MACAIBA;Condutor deixou de manter distância do veículo da frente;Colisão traseira;Com Vítimas Feridas;Pleno dia;Crescente;Céu Claro;Simples;Declive;Não;2;0;1;0;0;1;1;2;-5,8910108;-35,49395084;SPRF-RN;DEL01-RN;UOP02-DEL01-RN
558552;01/11/2023;quarta-feira;18:15:00;MS;163;262;DOURADOS;Condutor deixou de manter distância do veículo da frente;Colisão traseira;Com Vítimas Feridas;Anoitecer;Decrescente;Céu Claro;Dupla;Reta;Sim;2;0;1;0;1;0;1;2;-22,2352256;-54,75663316;SPRF-MS;DEL04-MS;UOP01-DEL04-MS
558555;01/11/2023;quarta-feira;19:10:00;ES;101;148;LINHARES;Acessar a via sem observar a presença dos outros veículos;Colisão traseira;Com Vítimas Feridas;Plena Noite;Crescente;Céu Claro;Dupla;Reta;Sim;3;0;1;0;1;1;1;3;-19,38787399;-40,06752766;SPRF-ES;DEL04-ES;UOP01-DEL04-ES
558557;21/10/2023;sábado;18:00:00;PI;230;197;OEIRAS;Ausência de reação do condutor;Colisão traseira;Com Vítimas Feridas;Plena Noite;Crescente;Céu Claro;Dupla;Curva;Sim;2;0;1;0;1;0;1;2;-7,00931468;-42,12706364;SPRF-PI;DEL04-PI;UOP01-DEL04-PI
558558;01/11/2023;quarta-feira;19:00:00;MT;70;0,2;BARRA DO GARCAS;Ausência de reação do condutor;Colisão transversal;Com Vítimas Feridas;Anoitecer;Crescente;Nublado;Simples;Rotatória;Sim;2;0;2;0;0;0;2;2;-15,89393879;-52,25802541;SPRF-MT;DEL07-MT;UOP01-DEL07-MT
558560;01/11/2023;quarta-feira;17:30:00;MG;262;547,3;LUZ;Chuva;Saída de leito carroçável;Com Vítimas Feridas;Anoitecer;Decrescente;Chuva;Simples;"Curva;Declive                 ";Não;1;0;1;0;0;0;1;1;-19,74018668;-45,86034892;SPRF-MG;DEL08-MG;UOP02-DEL08-MG
558561;01/11/2023;quarta-feira;19:40:00;DF;70;10;BRASILIA;Ingestão de álcool ou de substâncias psicoativas pelo pedestre;Capotamento;Com Vítimas Feridas;Plena Noite;Decrescente;Nublado;Dupla;Reta;Sim;2;0;1;0;1;0;1;2;-15,787066;-48,140709;SPRF-DF;DEL03-DF;UOP02-DEL03-DF
558562;01/11/2023;quarta-feira;19:05:00;SC;101;116;ITAJAI;Trafegar com motocicleta (ou similar) entre as faixas;Colisão traseira;Com Vítimas Feridas;Plena Noite;Decrescente;Céu Claro;Dupla;Reta;Sim;3;0;1;0;2;0;1;2;-26,87905605;-48,72603512;SPRF-SC;DEL04-SC;UOP04-DEL04-SC
558563;01/11/2023;quarta-feira;17:40:00;PE;232;256,7;ARCOVERDE;Desrespeitar a preferência no cruzamento;Colisão transversal;Com Vítimas Feridas;Anoitecer;Crescente;Chuva;Simples;Reta;Sim;3;0;0;1;1;1;1;3;-8,40988226;-37,09335003;SPRF-PE;DEL04-PE;UOP02-DEL04-PE
558565;01/11/2023;quarta-feira;18:30:00;MS;163;484,4;CAMPO GRANDE;Acessar a via sem observar a presença dos outros veículos;Colisão transversal;Com Vítimas Feridas;Plena Noite;Crescente;Céu Claro;Simples;Interseção de Vias;Sim;2;0;2;0;0;0;2;2;-20,45104898;-54,5403266;SPRF-MS;DEL01-MS;UOP02-DEL01-MS
558566;01/11/2023;quarta-feira;14:00:00;MT;174;123;MIRASSOL DOESTE;Falta de acostamento;Saída de leito carroçável;Com Vítimas Feridas;Pleno dia;Decrescente;Céu Claro;Simples;Declive;Não;2;0;2;0;0;0;2;1;-15,83024186;-58,06617737;SPRF-MT;DEL03-MT;UOP01-DEL03-MT
558567;01/11/2023;quarta-feira;19:05:00;PR;116;153;MANDIRITUBA;Desrespeitar a preferência no cruzamento;Colisão transversal;Com Vítimas Feridas;Plena Noite;Crescente;Céu Claro;Simples;"Reta;Interseção de Vias       ";Sim;4;0;1;0;3;0;1;2;-25,86914;-49,366514;SPRF-PR;DEL01-PR;UOP03-DEL01-PR
558568;27/10/2023;sexta-feira;20:55:00;MG;262;35;MANHUACU;Acessar a via sem observar a presença dos outros veículos;Colisão transversal;Com Vítimas Feridas;Plena Noite;Decrescente;Nublado;Simples;Reta;Sim;2;0;0;1;0;1;1;2;-20,2592562;-42,01698194;SPRF-MG;DEL06-MG;UOP03-DEL06-MG
558569;01/11/2023;quarta-feira;18:45:00;BA;324;528;FEIRA DE SANTANA;Reação tardia ou ineficiente do condutor;Colisão traseira;Sem Vítimas;Anoitecer;Decrescente;Céu Claro;Dupla;"Reta;Aclive                   ";Não;2;0;0;0;2;0;0;2;-12,31728191;-38,87612093;SPRF-BA;DEL01-BA;UOP03-DEL01-BA
558573;01/11/2023;quarta-feira;18:50:00;RO;364;457;JARU;Reação tardia ou ineficiente do condutor;Colisão traseira;Sem Vítimas;Plena Noite;Decrescente;Céu Claro;Simples;Reta;Não;2;0;0;0;2;0;0;2;-10,26246515;-62,70509219;SPRF-RO;DEL03-RO;UOP02-DEL03-RO
558574;01/11/2023;quarta-feira;19:30:00;MG;50;79,3;UBERLANDIA;Acessar a via sem observar a presença dos outros veículos;Colisão lateral mesmo sentido;Com Vítimas Feridas;Plena Noite;Crescente;Céu Claro;Dupla;"Reta;Declive                  ";Não;2;0;1;0;1;0;1;2;-18,96001203;-48,21611881;SPRF-MG;DEL15-MG;UOP01-DEL15-MG
558575;01/11/2023;quarta-feira;18:00:00;MT;163;746;SORRISO;Ausência de reação do condutor;Colisão com objeto;Sem Vítimas;Anoitecer;Decrescente;Chuva;Simples;Retorno Regulamentado;Sim;2;0;0;0;2;0;0;1;-12,59904292;-55,74808544;SPRF-MT;DEL06-MT;UOP01-DEL06-MT
558577;01/11/2023;quarta-feira;18:50:00;BA;324;520;FEIRA DE SANTANA;Acumulo de areia ou detritos sobre o pavimento;Tombamento;Com Vítimas Feridas;Anoitecer;Decrescente;Céu Claro;Dupla;Reta;Sim;1;0;1;0;0;0;1;1;-12,27376054;-38,93366564;SPRF-BA;DEL01-BA;UOP03-DEL01-BA
558578;01/11/2023;quarta-feira;17:32:00;SC;480;126,3;CHAPECO;Manobra de mudança de faixa;Colisão transversal;Sem Vítimas;Pleno dia;Decrescente;Nublado;Dupla;"Reta;Aclive                   ";Não;2;0;0;0;2;0;0;2;-27,020083;-52,636024;SPRF-SC;DEL07-SC;UOP01-DEL07-SC
558580;01/11/2023;quarta-feira;19:30:00;GO;40;24;LUZIANIA;Velocidade Incompatível;Colisão transversal;Com Vítimas Feridas;Plena Noite;Crescente;Céu Claro;Dupla;"Reta;Interseção de Vias       ";Sim;3;0;1;0;1;1;1;2;-16,2442805;-47,90739655;SPRF-DF;DEL01-DF;UOP01-DEL01-DF
558581;01/11/2023;quarta-feira;18:00:00;RJ;356;64;CAMPOS DOS GOYTACAZES;Acessar a via sem observar a presença dos outros veículos;Colisão transversal;Com Vítimas Feridas;Anoitecer;Crescente;Chuva;Simples;"Interseção de Vias;Reta       ";Sim;4;0;1;0;2;1;1;2;-21,75243;-41,34018;SPRF-RJ;DEL08-RJ;UOP03-DEL08-RJ
558582;01/11/2023;quarta-feira;18:30:00;BA;135;187;BARREIRAS;Animais na Pista;Atropelamento de Animal;Com Vítimas Feridas;Plena Noite;Crescente;Céu Claro;Simples;Reta;Não;2;0;0;2;0;0;2;1;-12,21064305;-45,0171418;SPRF-BA;DEL08-BA;UOP04-DEL08-BA
558583;01/11/2023;quarta-feira;18:20:00;PE;424;79,6;GARANHUNS;Demais falhas mecânicas ou elétricas;Eventos atípicos;Sem Vítimas;Plena Noite;Crescente;Céu Claro;Simples;"Reta;Declive                  ";Não;2;0;0;0;2;0;0;2;-8,82538475;-36,55412583;SPRF-PE;DEL03-PE;UOP01-DEL03-PE
558584;01/11/2023;quarta-feira;19:00:00;PR;116;115;CURITIBA;Manobra de mudança de faixa;Colisão lateral mesmo sentido;Sem Vítimas;Plena Noite;Decrescente;Nublado;Múltipla;Reta;Sim;2;0;0;0;2;0;0;2;-25,546787;-49,303618;SPRF-PR;DEL01-PR;UOP07-DEL01-PR
558585;20/10/2023;sexta-feira;16:20:00;RN;101;94;NATAL;Condutor deixou de manter distância do veículo da frente;Engavetamento;Com Vítimas Feridas;Pleno dia;Decrescente;Sol;Dupla;Viaduto;Sim;3;0;1;0;2;0;1;3;-5,83176615;-35,21191342;SPRF-RN;DEL01-RN;UOP01-DEL01-RN
558586;01/11/2023;quarta-feira;17:40:00;PA;230;115;MARABA;Ausência de reação do condutor;Colisão lateral mesmo sentido;Com Vítimas Feridas;Anoitecer;Crescente;Céu Claro;Dupla;Declive;Sim;2;0;1;0;0;1;1;2;-5,36241425;-49,07496007;SPRF-PA;DEL03-PA;UOP01-DEL03-PA
558587;28/10/2023;sábado;18:40:00;TO;10;462;PALMAS;Objeto estático sobre o leito carroçável;Saída de leito carroçável;Com Vítimas Feridas;Plena Noite;Decrescente;Chuva;Múltipla;Reta;Sim;1;0;0;1;0;0;1;1;-10,16462393;-48,16862821;SPRF-TO;DEL01-TO;UOP03-DEL01-TO
558588;01/11/2023;quarta-feira;20:30:00;SP;101;43,7;UBATUBA;Acessar a via sem observar a presença dos outros veículos;Colisão transversal;Com Vítimas Feridas;Plena Noite;Crescente;Nublado;Simples;Reta;Sim;2;0;1;0;1;0;1;2;-23,41217537;-45,05739148;SPRF-SP;DEL06-SP;UOP01-DEL06-SP
558589;01/11/2023;quarta-feira;18:34:00;PE;101;194,9;PALMARES;Demais falhas mecânicas ou elétricas;Saída de leito carroçável;Com Vítimas Feridas;Plena Noite;Decrescente;Céu Claro;Dupla;Curva;Não;4;0;3;1;0;0;4;1;-8,73032797;-35,60859916;SPRF-PE;DEL01-PE;UOP03-DEL01-PE
558591;01/11/2023;quarta-feira;20:15:00;SC;282;75;RANCHO QUEIMADO;Velocidade Incompatível;Capotamento;Com Vítimas Feridas;Plena Noite;Decrescente;Garoa/Chuvisco;Simples;Curva;Não;4;0;2;0;2;0;2;1;-27,690931;-49,129143;SPRF-SC;DEL01-SC;UOP03-DEL01-SC
558592;01/11/2023;quarta-feira;20:03:00;MT;163;687;LUCAS DO RIO VERDE;Acessar a via sem observar a presença dos outros veículos;Colisão transversal;Com Vítimas Feridas;Plena Noite;Crescente;Nublado;Simples;"Interseção de Vias;Retorno Reg";Sim;2;0;1;1;0;0;2;2;-13,07972909;-55,93740463;SPRF-MT;DEL06-MT;UOP01-DEL06-MT
558594;01/11/2023;quarta-feira;19:20:00;RS;472;155,8;SANTA ROSA;Ultrapassagem Indevida;Colisão lateral sentido oposto;Sem Vítimas;Anoitecer;Crescente;Chuva;Simples;Reta;Não;2;0;0;0;2;0;0;2;-27,83462181;-54,42899466;SPRF-RS;DEL10-RS;UOP01-DEL10-RS
558596;06/09/2023;quarta-feira;19:30:00;SC;470;140;RIO DO SUL;Deixar de acionar o farol da motocicleta (ou similar);Colisão transversal;Com Vítimas Feridas;Plena Noite;Decrescente;Nublado;Simples;"Reta;Interseção de Vias       ";Sim;2;0;1;0;1;0;1;2;-27,222485;-49,662827;SPRF-SC;DEL04-SC;UOP02-DEL04-SC
558597;01/11/2023;quarta-feira;21:15:00;CE;20;404;CAUCAIA;Acessar a via sem observar a presença dos outros veículos;Colisão frontal;Com Vítimas Fatais;Plena Noite;Decrescente;Céu Claro;Simples;Reta;Não;2;1;0;0;1;0;0;2;-3,77821762;-38,68607924;SPRF-CE;DEL01-CE;UOP01-DEL01-CE
558598;01/11/2023;quarta-feira;22:05:00;RS;116;296,7;GUAIBA;Frear bruscamente;Colisão traseira;Com Vítimas Feridas;Plena Noite;Crescente;Nublado;Dupla;"Reta;Interseção de Vias       ";Não;2;0;1;0;1;0;1;2;-30,08861201;-51,34229993;SPRF-RS;DEL02-RS;UOP01-DEL02-RS
558601;01/11/2023;quarta-feira;21:00:00;RJ;40;73;PETROPOLIS;Reação tardia ou ineficiente do condutor;Saída de leito carroçável;Com Vítimas Feridas;Plena Noite;Decrescente;Chuva;Dupla;Curva;Não;3;0;2;0;1;0;2;1;-22,46352401;-43,22321103;SPRF-RJ;DEL06-RJ;UOP01-DEL06-RJ
558602;20/09/2023;quarta-feira;16:30:00;PR;369;233;JANDAIA DO SUL;Ausência de reação do condutor;Tombamento;Com Vítimas Feridas;Pleno dia;Crescente;Chuva;Simples;Curva;Não;2;0;2;0;0;0;2;1;-23,60830855;-51,66777849;SPRF-PR;DEL09-PR;UOP01-DEL09-PR
558603;01/11/2023;quarta-feira;21:40:00;SP;116;295;ITAPECERICA DA SERRA;Reação tardia ou ineficiente do condutor;Atropelamento de Pedestre;Com Vítimas Feridas;Plena Noite;Crescente;Céu Claro;Dupla;Reta;Não;2;0;0;1;1;0;1;2;-23,76855719;-46,90957373;SPRF-SP;DEL04-SP;UOP01-DEL04-SP
558604;01/11/2023;quarta-feira;21:30:00;MT;163;114,9;RONDONOPOLIS;Deficiência do Sistema de Iluminação/Sinalização;Colisão traseira;Com Vítimas Fatais;Plena Noite;Decrescente;Céu Claro;Dupla;Reta;Não;2;1;0;0;1;0;0;2;-16,5383706;-54,66802776;SPRF-MT;DEL02-MT;UOP01-DEL02-MT
558605;01/11/2023;quarta-feira;19:50:00;RO;435;84;COLORADO DO OESTE;Acessar a via sem observar a presença dos outros veículos;Colisão transversal;Com Vítimas Feridas;Plena Noite;Crescente;Céu Claro;Dupla;Rotatória;Sim;2;0;1;0;1;0;1;2;-13,12119314;-60,54513931;SPRF-RO;DEL04-RO;UOP02-DEL04-RO
558606;01/11/2023;quarta-feira;21:30:00;SC;101;404;ARARANGUA;Reação tardia ou ineficiente do condutor;Saída de leito carroçável;Com Vítimas Feridas;Plena Noite;Decrescente;Nublado;Dupla;Reta;Não;2;0;1;0;1;0;1;1;-28,87801417;-49,45745479;SPRF-SC;DEL02-SC;UOP02-DEL02-SC
558607;01/11/2023;quarta-feira;21:00:00;RJ;393;292,2;VOLTA REDONDA;Acessar a via sem observar a presença dos outros veículos;Colisão lateral sentido oposto;Com Vítimas Feridas;Plena Noite;Crescente;Nublado;Simples;Curva;Não;2;0;1;0;1;0;1;2;-22,51571885;-44,10574968;SPRF-RJ;DEL05-RJ;UOP04-DEL05-RJ
558608;01/11/2023;quarta-feira;22:45:00;ES;101;297;VIANA;Manobra de mudança de faixa;Colisão lateral mesmo sentido;Com Vítimas Feridas;Plena Noite;Decrescente;Céu Claro;Dupla;Reta;Sim;3;0;3;0;0;0;3;2;-20,34529844;-40,41026774;SPRF-ES;DEL01-ES;UOP01-DEL01-ES
558609;01/11/2023;quarta-feira;15:10:00;SC;470;136;RIO DO SUL;Acessar a via sem observar a presença dos outros veículos;Colisão transversal;Com Vítimas Feridas;Pleno dia;Decrescente;Nublado;Simples;"Reta;Interseção de Vias       ";Não;2;0;1;0;1;0;1;2;-27,194323;-49,624554;SPRF-SC;DEL04-SC;UOP02-DEL04-SC
558611;01/11/2023;quarta-feira;21:30:00;GO;414;438;ANAPOLIS;Chuva;Saída de leito carroçável;Sem Vítimas;Plena Noite;Decrescente;Chuva;Simples;Reta;Não;1;0;0;0;0;1;0;1;-16,271309;-48,939987;SPRF-GO;DEL02-GO;UOP01-DEL02-GO
558614;01/11/2023;quarta-feira;21:30:00;GO;153;321,7;RIANAPOLIS;Ingestão de álcool pelo condutor;Saída de leito carroçável;Sem Vítimas;Plena Noite;Decrescente;Céu Claro;Simples;Reta;Não;1;0;0;0;1;0;0;1;-15,4817437;-49,4935113;SPRF-GO;DEL02-GO;UOP02-DEL02-GO
558615;01/11/2023;quarta-feira;20:15:00;RO;364;425;JARU;Acessar a via sem observar a presença dos outros veículos;Colisão transversal;Com Vítimas Feridas;Plena Noite;Decrescente;Céu Claro;Simples;"Interseção de Vias;Declive    ";Sim;2;0;1;0;0;1;1;2;-10,43752488;-62,47169791;SPRF-RO;DEL03-RO;UOP02-DEL03-RO
558616;01/11/2023;quarta-feira;21:00:00;PI;230;238;OEIRAS;Animais na Pista;Atropelamento de Animal;Com Vítimas Fatais;Plena Noite;Crescente;Céu Claro;Simples;Reta;Não;1;1;0;0;0;0;0;1;-6,98645364;-42,43755296;SPRF-PI;DEL03-PI;UOP01-DEL03-PI