id;data_inversa;dia_semana;horario;uf;br;km;municipio;causa_acidente;tipo_acidente;classificacao_acidente;fase_dia;sentido_via;condicao_metereologica;tipo_pista;tracado_via;uso_solo;pessoas;mortos;feridos_leves;feridos_graves;ilesos;ignorados;feridos;veiculos;latitude;longitude;regional;delegacia;uop
558620;01/11/2023;quarta-feira;23:10:00;RJ;101;394;RIO DE JANEIRO;Demais falhas mecânicas ou elétricas;Queda de ocupante de veículo;Com Vítimas Feridas;Plena Noite;Decrescente;Céu Claro;Dupla;Reta;Não;2;0;1;1;0;0;2;1;-22,88582179;-43,71288392;SPRF-RJ;DEL03-RJ;UOP01-DEL03-RJ
558621;01/11/2023;quarta-feira;23:40:00;RJ;116;259;VOLTA REDONDA;Acessar a via sem observar a presença dos outros veículos;Colisão traseira;Com Vítimas Feridas;Plena Noite;Crescente;Garoa/Chuvisco;Dupla;Reta;Não;2;0;1;0;1;0;1;1;-22,58204838;-44,03112799;SPRF-RJ;DEL07-RJ;UOP02-DEL07-RJ
558622;01/11/2023;quarta-feira;22:00:00;MT;163;943;ITAUBA;Ausência de reação do condutor;Saída de leito carroçável;Com Vítimas Fatais;Plena Noite;Decrescente;Nublado;Simples;Reta;Não;1;1;0;0;0;0;0;1;-10,951447;-55,216258;SPRF-MT;DEL06-MT;UOP02-DEL06-MT
558623;01/11/2023;quarta-feira;19:30:00;MG;116;566,8;MANHUACU;Ausência de reação do condutor;Saída de leito carroçável;Com Vítimas Feridas;Plena Noite;Decrescente;Chuva;Simples;Reta;Não;2;0;1;0;1;0;1;1;-20,07456;-42,183519;SPRF-MG;DEL06-MG;UOP03-DEL06-MG
558626;02/11/2023;quinta-feira;00:00:00;DF;40;7,9;BRASILIA;Velocidade Incompatível;Tombamento;Com Vítimas Feridas;Plena Noite;Crescente;Chuva;Dupla;"Reta;Declive                  ";Sim;6;0;2;1;2;1;3;2;-16,038666;-47,979691;SPRF-DF;DEL01-DF;UOP01-DEL01-DF
558627;01/11/2023;quarta-feira;22:15:00;GO;70;17;AGUAS LINDAS DE GOIAS;Transitar na contramão;Colisão frontal;Com Vítimas Feridas;Plena Noite;Crescente;Chuva;Simples;"Reta;Aclive                   ";Não;4;0;3;1;0;0;4;2;-15,75060673;-48,34984959;SPRF-DF;DEL03-DF;UOP02-DEL03-DF
558628;01/11/2023;quarta-feira;23:00:00;PR;476;358,2;UNIAO DA VITORIA;Avarias e/ou desgaste excessivo no pneu;Tombamento;Com Vítimas Feridas;Plena Noite;Crescente;Nublado;Simples;Reta;Sim;1;0;1;0;0;0;1;1;-26,198097;-51,052139;SPRF-PR;DEL02-PR;UOP03-DEL02-PR
558629;02/11/2023;quinta-feira;00:45:00;GO;60;70;ABADIANIA;Reação tardia ou ineficiente do condutor;Saída de leito carroçável;Com Vítimas Feridas;Plena Noite;Decrescente;Chuva;Dupla;Reta;Não;1;0;1;0;0;0;1;1;-16,2462;-48,7613;SPRF-GO;DEL02-GO;UOP01-DEL02-GO
558631;02/11/2023;quinta-feira;01:15:00;RJ;116;289;BARRA MANSA;Reação tardia ou ineficiente do condutor;Saída de leito carroçável;Com Vítimas Feridas;Plena Noite;Decrescente;Nublado;Dupla;Curva;Não;4;0;3;0;1;0;3;1;-22,48279212;-44,25963807;SPRF-RJ;DEL07-RJ;UOP02-DEL07-RJ
558633;02/11/2023;quinta-feira;02:00:00;SP;116;214;GUARULHOS;Reação tardia ou ineficiente do condutor;Colisão lateral mesmo sentido;Com Vítimas Feridas;Plena Noite;Decrescente;Céu Claro;Dupla;Reta;Sim;3;0;1;0;1;1;1;3;-23,44333014;-46,44531294;SPRF-SP;DEL01-SP;UOP01-DEL01-SP
558635;02/11/2023;quinta-feira;01:15:00;PE;104;66;CARUARU;Ausência de reação do condutor;Queda de ocupante de veículo;Com Vítimas Feridas;Plena Noite;Crescente;Céu Claro;Simples;Curva;Sim;2;0;2;0;0;0;2;1;-8,2937;-35,9864;SPRF-PE;DEL02-PE;UOP01-DEL02-PE
558636;02/11/2023;quinta-feira;01:05:00;MT;70;521,8;VARZEA GRANDE;Acessar a via sem observar a presença dos outros veículos;Colisão transversal;Com Vítimas Fatais;Plena Noite;Crescente;Nublado;Simples;"Reta;Declive                  ";Sim;2;1;0;0;0;1;0;2;-15,666038;-56,183079;SPRF-MT;DEL01-MT;UOP02-DEL01-MT
558637;01/11/2023;quarta-feira;22:20:00;BA;415;50;ITABUNA;Acessar a via sem observar a presença dos outros veículos;Colisão lateral mesmo sentido;Com Vítimas Feridas;Plena Noite;Crescente;Céu Claro;Simples;Reta;Não;2;0;1;0;1;0;1;2;-14,81574494;-39,29612388;SPRF-BA;DEL05-BA;UOP01-DEL05-BA
558638;02/11/2023;quinta-feira;02:00:00;SP;101;52;UBATUBA;Acessar a via sem observar a presença dos outros veículos;Colisão transversal;Com Vítimas Feridas;Plena Noite;Decrescente;Nublado;Simples;Reta;Sim;2;0;0;1;1;0;1;2;-23,45627795;-45,07111896;SPRF-SP;DEL06-SP;UOP01-DEL06-SP
558639;02/11/2023;quinta-feira;00:30:00;GO;60;83;ANAPOLIS;Avarias e/ou desgaste excessivo no pneu;Saída de leito carroçável;Com Vítimas Feridas;Plena Noite;Decrescente;Chuva;Dupla;Curva;Não;1;0;1;0;0;0;1;1;-16,314726;-48,843313;SPRF-GO;DEL02-GO;UOP01-DEL02-GO
558640;02/11/2023;quinta-feira;02:15:00;RS;287;250;SANTA MARIA;Ausência de reação do condutor;Colisão com objeto;Com Vítimas Feridas;Plena Noite;Crescente;Céu Claro;Dupla;"Reta;Viaduto                  ";Sim;1;0;0;1;0;0;1;1;-29,69096726;-53,87016362;SPRF-RS;DEL09-RS;UOP01-DEL09-RS
558641;02/11/2023;quinta-feira;01:45:00;MG;50;47,5;ARAGUARI;Ingestão de álcool pelo condutor;Saída de leito carroçável;Com Vítimas Feridas;Plena Noite;Decrescente;Céu Claro;Dupla;Curva;Não;1;0;1;0;0;0;1;1;-18,72799811;-48,20659169;SPRF-MG;DEL15-MG;UOP02-DEL15-MG
558643;02/11/2023;quinta-feira;03:15:00;SP;116;412,4;JUQUIA;Transitar no Acostamento;Colisão traseira;Com Vítimas Feridas;Plena Noite;Decrescente;Nevoeiro/Neblina;Múltipla;"Reta;Aclive                   ";Não;6;0;2;0;4;0;2;3;-24,33094086;-47,61325097;SPRF-SP;DEL05-SP;UOP01-DEL05-SP
558644;02/11/2023;quinta-feira;04:45:00;RS;116;262;CANOAS;Ausência de reação do condutor;Colisão com objeto;Com Vítimas Feridas;Plena Noite;Decrescente;Chuva;Dupla;Reta;Sim;3;0;1;0;1;1;1;2;-29,896475;-51,17593;SPRF-RS;DEL01-RS;UOP01-DEL01-RS
558646;02/11/2023;quinta-feira;04:45:00;RS;386;344,6;LAJEADO;Ingestão de álcool pelo condutor;Colisão frontal;Com Vítimas Feridas;Amanhecer;Crescente;Nublado;Simples;"Desvio Temporário;Em Obras;Dec";Sim;7;0;2;0;2;3;2;2;-29,439268;-51,993633;SPRF-RS;DEL04-RS;UOP01-DEL04-RS
558647;02/11/2023;quinta-feira;04:00:00;PR;277;75;SAO JOSE DOS PINHAIS;Condutor deixou de manter distância do veículo da frente;Colisão traseira;Com Vítimas Feridas;Amanhecer;Decrescente;Nublado;Dupla;Reta;Sim;3;0;2;0;1;0;2;2;-25,51327981;-49,12433291;SPRF-PR;DEL01-PR;UOP01-DEL01-PR
558648;02/11/2023;quinta-feira;05:10:00;BA;116;454,5;ANTONIO CARDOSO;Condutor Dormindo;Colisão com objeto;Com Vítimas Feridas;Amanhecer;Crescente;Nublado;Dupla;"Reta;Declive                  ";Não;1;0;0;1;0;0;1;1;-12,39634427;-39,16064583;SPRF-BA;DEL02-BA;UOP01-DEL02-BA
558649;02/11/2023;quinta-feira;04:50:00;RN;405;170;MARCELINO VIEIRA;Transitar na contramão;Colisão frontal;Com Vítimas Fatais;Amanhecer;Crescente;Céu Claro;Simples;Reta;Não;1;1;0;0;0;0;0;1;-6,271113;-38,254825;SPRF-RN;DEL04-RN;UOP02-DEL04-RN
558650;02/11/2023;quinta-feira;04:50:00;RJ;493;50;DUQUE DE CAXIAS;Reação tardia ou ineficiente do condutor;Colisão traseira;Com Vítimas Feridas;Amanhecer;Decrescente;Céu Claro;Dupla;Reta;Sim;3;0;1;1;1;0;2;2;-22,672089;-43,285053;SPRF-RJ;DEL01-RJ;UOP01-DEL01-RJ
558651;02/11/2023;quinta-feira;05:30:00;PR;369;191,2;APUCARANA;Condutor Dormindo;Colisão com objeto;Sem Vítimas;Amanhecer;Crescente;Céu Claro;Dupla;Retorno Regulamentado;Não;1;0;0;0;0;1;0;1;-23,46382407;-51,42361701;SPRF-PR;DEL07-PR;UOP03-DEL07-PR
558657;02/11/2023;quinta-feira;04:40:00;MT;163;534,9;DIAMANTINO;Ultrapassagem Indevida;Queda de ocupante de veículo;Com Vítimas Feridas;Amanhecer;Crescente;Céu Claro;Simples;Reta;Não;2;0;2;0;0;0;2;1;-14,43223601;-56,11612599;SPRF-MT;DEL01-MT;UOP01-DEL01-MT
558660;02/11/2023;quinta-feira;06:40:00;MG;262;797;UBERABA;Retorno proibido;Colisão transversal;Com Vítimas Feridas;Pleno dia;Decrescente;Céu Claro;Simples;"Reta;Aclive                   ";Não;2;0;2;0;0;0;2;2;-19,77457655;-47,91782766;SPRF-MG;DEL13-MG;UOP01-DEL13-MG
558661;02/11/2023;quinta-feira;06:00:00;DF;40;5;BRASILIA;Ingestão de álcool pelo condutor;Colisão com objeto;Sem Vítimas;Amanhecer;Decrescente;Céu Claro;Dupla;"Reta;Aclive                   ";Sim;1;0;0;0;0;1;0;1;-16,020903;-47,980541;SPRF-DF;DEL01-DF;UOP01-DEL01-DF
558662;02/11/2023;quinta-feira;07:15:00;RS;153;52;ERECHIM;Desrespeitar a preferência no cruzamento;Colisão transversal;Com Vítimas Feridas;Pleno dia;Crescente;Chuva;Simples;Rotatória;Não;2;0;1;0;1;0;1;2;-27,66323275;-52,2873044;SPRF-RS;DEL08-RS;UOP04-DEL08-RS
558663;11/10/2023;quarta-feira;16:00:00;BA;110;286;INHAMBUPE;Ultrapassagem Indevida;Colisão frontal;Com Vítimas Feridas;Pleno dia;Crescente;Céu Claro;Simples;Curva;Não;3;0;2;1;0;0;3;2;-11,78646;-38,348278;SPRF-BA;DEL01-BA;UOP04-DEL01-BA
558665;02/11/2023;quinta-feira;06:30:00;GO;60;95;ANAPOLIS;Velocidade Incompatível;Saída de leito carroçável;Sem Vítimas;Pleno dia;Decrescente;Céu Claro;Dupla;Reta;Sim;1;0;0;0;0;1;0;1;-16,3679;-48,939;SPRF-GO;DEL02-GO;UOP01-DEL02-GO
558666;08/10/2023;domingo;20:12:00;RS;392;12;CAPAO DO LEAO;Acesso irregular;Colisão transversal;Com Vítimas Feridas;Plena Noite;Crescente;Nublado;Simples;"Reta;Retorno Regulamentado    ";Sim;2;0;0;1;1;0;1;2;-31,7553069;-52,4469689;SPRF-RS;DEL07-RS;UOP02-DEL07-RS
558667;12/10/2023;quinta-feira;11:35:00;RJ;40;118;DUQUE DE CAXIAS;Avarias e/ou desgaste excessivo no pneu;Queda de ocupante de veículo;Com Vítimas Feridas;Pleno dia;Crescente;Céu Claro;Múltipla;Reta;Não;2;0;2;0;0;0;2;1;-22,75470802;-43,28737838;SPRF-RJ;DEL01-RJ;UOP01-DEL01-RJ
558670;29/10/2023;domingo;18:10:00;RJ;101;294;ITABORAI;Reação tardia ou ineficiente do condutor;Engavetamento;Sem Vítimas;Plena Noite;Crescente;Chuva;Simples;Reta;Sim;3;0;0;0;3;0;0;3;-22,7584434;-42,89502344;SPRF-RJ;DEL02-RJ;UOP02-DEL02-RJ
558672;19/09/2023;terça-feira;17:20:00;SC;101;205;SAO JOSE;Condutor deixou de manter distância do veículo da frente;Colisão traseira;Com Vítimas Feridas;Pleno dia;Decrescente;Céu Claro;Dupla;"Declive;Interseção de Vias    ";Sim;2;0;1;0;1;0;1;2;-27,58426466;-48,61533344;SPRF-SC;DEL01-SC;UOP01-DEL01-SC
558674;02/11/2023;quinta-feira;08:50:00;RJ;116;171;RIO DE JANEIRO;Ausência de reação do condutor;Colisão lateral mesmo sentido;Com Vítimas Feridas;Amanhecer;Decrescente;Céu Claro;Dupla;Reta;Não;1;0;1;0;0;0;1;1;-22,8060415;-43,34289573;SPRF-RJ;DEL01-RJ;UOP02-DEL01-RJ
558675;02/11/2023;quinta-feira;06:50:00;PE;104;63,7;CARUARU;Condutor deixou de manter distância do veículo da frente;Colisão traseira;Com Vítimas Feridas;Pleno dia;Decrescente;Céu Claro;Dupla;Reta;Sim;6;0;1;0;5;0;1;2;-8,2698;-35,9803;SPRF-PE;DEL02-PE;UOP01-DEL02-PE
558676;02/11/2023;quinta-feira;09:20:00;SC;101;206,2;SAO JOSE;Reação tardia ou ineficiente do condutor;Colisão traseira;Com Vítimas Feridas;Pleno dia;Decrescente;Chuva;Múltipla;Reta;Não;3;0;3;0;0;0;3;2;-27,59193546;-48,61824557;SPRF-SC;DEL01-SC;UOP01-DEL01-SC
558677;02/11/2023;quinta-feira;08:30:00;PA;316;22;BENEVIDES;Acessar a via sem observar a presença dos outros veículos;Colisão transversal;Com Vítimas Feridas;Pleno dia;Decrescente;Céu Claro;Dupla;"Reta;Interseção de Vias       ";Sim;3;0;2;1;0;0;3;2;-1,3534463;-48,2570266;SPRF-PA;DEL01-PA;UOP01-DEL01-PA
558678;02/11/2023;quinta-feira;08:00:00;RS;293;56,5;PIRATINI;Velocidade Incompatível;Capotamento;Com Vítimas Feridas;Pleno dia;Crescente;Nublado;Simples;"Reta;Ponte                    ";Não;1;0;1;0;0;0;1;1;-31,71814345;-52,90088654;SPRF-RS;DEL07-RS;UOP01-DEL07-RS
558679;02/11/2023;quinta-feira;07:00:00;MG;262;442;NOVA SERRANA;Ausência de reação do condutor;Colisão lateral mesmo sentido;Com Vítimas Feridas;Pleno dia;Crescente;Sol;Dupla;Viaduto;Sim;2;0;2;0;0;0;2;2;-19,8806236;-44,91232265;SPRF-MG;DEL08-MG;UOP03-DEL08-MG
558680;02/11/2023;quinta-feira;09:30:00;PR;116;122;CURITIBA;Avarias e/ou desgaste excessivo no pneu;Tombamento;Com Vítimas Feridas;Pleno dia;Decrescente;Nublado;Dupla;Reta;Sim;2;0;1;0;1;0;1;1;-25,56857207;-49,31023179;SPRF-PR;DEL01-PR;UOP03-DEL01-PR
558681;02/11/2023;quinta-feira;09:40:00;PA;316;79;SAO FRANCISCO DO PARA;Ausência de reação do condutor;Colisão traseira;Com Vítimas Feridas;Pleno dia;Crescente;Céu Claro;Simples;Reta;Não;4;0;2;0;2;0;2;2;-1,30379211;-47,78865199;SPRF-PA;DEL01-PA;UOP01-DEL01-PA
558682;02/11/2023;quinta-feira;09:15:00;PR;376;660;TIJUCAS DO SUL;Velocidade Incompatível;Saída de leito carroçável;Com Vítimas Feridas;Pleno dia;Decrescente;Chuva;Dupla;Reta;Não;2;0;2;0;0;0;2;1;-25,8516758;-49,00332398;SPRF-PR;DEL01-PR;UOP04-DEL01-PR
558683;02/11/2023;quinta-feira;09:15:00;GO;60;27;ALEXANIA;Avarias e/ou desgaste excessivo no pneu;Saída de leito carroçável;Com Vítimas Feridas;Pleno dia;Crescente;Céu Claro;Dupla;"Curva;Declive                 ";Não;2;0;1;1;0;0;2;1;-16,0963;-48,5202;SPRF-DF;DEL03-DF;UOP01-DEL03-DF
558684;02/11/2023;quinta-feira;09:50:00;SC;101;1,5;GARUVA;Ausência de reação do condutor;Colisão traseira;Com Vítimas Feridas;Pleno dia;Crescente;Garoa/Chuvisco;Dupla;Reta;Não;3;0;1;0;2;0;1;2;-25,98895627;-48,88356133;SPRF-SC;DEL03-SC;UOP01-DEL03-SC
558685;02/11/2023;quinta-feira;10:20:00;MG;40;612,5;CONGONHAS;Reação tardia ou ineficiente do condutor;Engavetamento;Com Vítimas Feridas;Pleno dia;Crescente;Nublado;Simples;Reta;Não;18;0;2;0;16;0;2;6;-20,522157;-43,830269;SPRF-MG;DEL05-MG;UOP02-DEL05-MG
558686;02/11/2023;quinta-feira;09:45:00;RJ;116;193;NOVA IGUACU;Condutor deixou de manter distância do veículo da frente;Engavetamento;Sem Vítimas;Pleno dia;Crescente;Céu Claro;Dupla;Reta;Sim;5;0;0;0;4;1;0;4;-22,73960178;-43,52859094;SPRF-RJ;DEL01-RJ;UOP02-DEL01-RJ
558687;02/11/2023;quinta-feira;10:24:00;BA;367;39;PORTO SEGURO;Ausência de reação do condutor;Queda de ocupante de veículo;Com Vítimas Feridas;Pleno dia;Crescente;Céu Claro;Simples;Reta;Não;2;0;2;0;0;0;2;1;-16,39129187;-39,20169694;SPRF-BA;DEL09-BA;UOP03-DEL09-BA
558688;02/11/2023;quinta-feira;10:30:00;SC;101;143;ITAPEMA;Reação tardia ou ineficiente do condutor;Colisão traseira;Com Vítimas Feridas;Pleno dia;Crescente;Garoa/Chuvisco;Dupla;Reta;Sim;3;0;1;0;2;0;1;2;-27,06436;-48,59599405;SPRF-SC;DEL04-SC;UOP03-DEL04-SC
558689;02/11/2023;quinta-feira;10:24:00;PE;428;175,7;PETROLINA;Condutor deixou de manter distância do veículo da frente;Colisão lateral mesmo sentido;Com Vítimas Feridas;Pleno dia;Decrescente;Céu Claro;Simples;"Reta;Em Obras                 ";Não;2;0;1;0;1;0;1;2;-9,26025696;-40,42934308;SPRF-PE;DEL06-PE;UOP01-DEL06-PE
558690;02/11/2023;quinta-feira;10:35:00;SC;101;210;SAO JOSE;Condutor deixou de manter distância do veículo da frente;Engavetamento;Com Vítimas Feridas;Pleno dia;Crescente;Chuva;Múltipla;Reta;Sim;5;0;0;1;4;0;1;4;-27,61576444;-48,64447296;SPRF-SC;DEL01-SC;UOP01-DEL01-SC
558694;02/11/2023;quinta-feira;11:00:00;RJ;116;189;NOVA IGUACU;Trafegar com motocicleta (ou similar) entre as faixas;Colisão traseira;Com Vítimas Feridas;Pleno dia;Crescente;Céu Claro;Dupla;Reta;Sim;2;0;1;0;1;0;1;2;-22,73765712;-43,49182298;SPRF-RJ;DEL01-RJ;UOP02-DEL01-RJ
558695;02/11/2023;quinta-feira;11:15:00;MG;365;614,2;UBERLANDIA;Condutor deixou de manter distância do veículo da frente;Colisão traseira;Com Vítimas Feridas;Pleno dia;Decrescente;Céu Claro;Simples;"Aclive;Reta                   ";Sim;3;0;1;0;2;0;1;2;-18,91245759;-48,21933746;SPRF-MG;DEL15-MG;UOP01-DEL15-MG
558696;02/11/2023;quinta-feira;09:00:00;MS;262;109,3;AGUA CLARA;Condutor Dormindo;Colisão lateral sentido oposto;Com Vítimas Feridas;Pleno dia;Decrescente;Céu Claro;Simples;Reta;Não;5;0;3;0;2;0;3;2;-20,53532059;-52,57249182;SPRF-MS;DEL07-MS;UOP02-DEL07-MS
558697;02/11/2023;quinta-feira;12:00:00;SC;282;57;RANCHO QUEIMADO;Reação tardia ou ineficiente do condutor;Tombamento;Com Vítimas Feridas;Pleno dia;Decrescente;Chuva;Simples;"Declive;Interseção de Vias;Cur";Não;2;0;2;0;0;0;2;2;-27,688864;-48,998455;SPRF-SC;DEL01-SC;UOP03-DEL01-SC
558698;02/11/2023;quinta-feira;12:00:00;SC;101;209;SAO JOSE;Reação tardia ou ineficiente do condutor;Colisão traseira;Com Vítimas Feridas;Pleno dia;Crescente;Garoa/Chuvisco;Dupla;Reta;Sim;2;0;1;0;1;0;1;2;-27,61000542;-48,63895057;SPRF-SC;DEL01-SC;UOP01-DEL01-SC
558699;02/11/2023;quinta-feira;12:00:00;SC;282;52;AGUAS MORNAS;Reação tardia ou ineficiente do condutor;Tombamento;Com Vítimas Feridas;Pleno dia;Decrescente;Chuva;Simples;"Curva;Declive                 ";Não;1;0;1;0;0;0;1;1;-27,696936;-48,964138;SPRF-SC;DEL01-SC;UOP03-DEL01-SC
558700;02/11/2023;quinta-feira;12:00:00;SC;282;52;AGUAS MORNAS;Reação tardia ou ineficiente do condutor;Saída de leito carroçável;Com Vítimas Feridas;Pleno dia;Decrescente;Chuva;Simples;Curva;Não;2;0;2;0;0;0;2;1;-27,696936;-48,964138;SPRF-SC;DEL01-SC;UOP03-DEL01-SC
558701;02/11/2023;quinta-feira;12:00:00;BA;101;369;GANDU;Demais falhas mecânicas ou elétricas;Tombamento;Com Vítimas Feridas;Pleno dia;Crescente;Céu Claro;Simples;Reta;Não;2;0;2;0;0;0;2;1;-13,90188896;-39,47959612;SPRF-BA;DEL05-BA;UOP03-DEL05-BA
558703;15/09/2023;sexta-feira;15:00:00;MG;365;36;CLARO DOS POCOES;Afundamento ou ondulação no pavimento;Tombamento;Com Vítimas Feridas;Pleno dia;Decrescente;Céu Claro;Simples;Curva;Não;2;0;2;0;0;0;2;1;-16,85792727;-44,14937906;SPRF-MG;DEL12-MG;UOP01-DEL12-MG
558704;02/11/2023;quinta-feira;12:10:00;RS;470;254;SALVADOR DO SUL;Reação tardia ou ineficiente do condutor;Saída de leito carroçável;Com Vítimas Feridas;Pleno dia;Decrescente;Nublado;Simples;Curva;Não;1;0;1;0;0;0;1;1;-29,40644153;-51,5124464;SPRF-RS;DEL06-RS;UOP01-DEL06-RS
558705;02/11/2023;quinta-feira;12:40:00;GO;20;181,9;SIMOLANDIA;Ausência de reação do condutor;Colisão traseira;Com Vítimas Feridas;Pleno dia;Crescente;Céu Claro;Dupla;Reta;Sim;3;0;1;0;2;0;1;2;-14,470801;-46,486183;SPRF-DF;DEL02-DF;UOP03-DEL02-DF
558707;02/11/2023;quinta-feira;11:10:00;PE;101;48,4;ABREU E LIMA;Reação tardia ou ineficiente do condutor;Colisão lateral mesmo sentido;Com Vítimas Feridas;Pleno dia;Decrescente;Sol;Múltipla;Reta;Sim;2;0;0;1;1;0;1;2;-7,89174705;-34,9033493;SPRF-PE;DEL01-PE;UOP02-DEL01-PE
558709;02/11/2023;quinta-feira;12:30:00;GO;40;102;CRISTALINA;Carga excessiva e/ou mal acondicionada;Capotamento;Com Vítimas Feridas;Pleno dia;Crescente;Céu Claro;Simples;Reta;Não;2;0;2;0;0;0;2;1;-16,800564;-47,567735;SPRF-DF;DEL01-DF;UOP02-DEL01-DF
558711;02/11/2023;quinta-feira;13:30:00;SP;101;47;UBATUBA;Reação tardia ou ineficiente do condutor;Colisão frontal;Com Vítimas Feridas;Pleno dia;Crescente;Nublado;Simples;Reta;Sim;3;0;0;1;1;1;1;3;-23,42973721;-45,08243088;SPRF-SP;DEL06-SP;UOP01-DEL06-SP
558712;02/11/2023;quinta-feira;07:30:00;GO;60;87,8;ANAPOLIS;Reação tardia ou ineficiente do condutor;Saída de leito carroçável;Sem Vítimas;Pleno dia;Decrescente;Céu Claro;Dupla;"Reta;Aclive                   ";Sim;1;0;0;0;0;1;0;1;-16,3258;-48,8803;SPRF-GO;DEL02-GO;UOP01-DEL02-GO
558714;23/10/2023;segunda-feira;02:20:00;MS;267;640,8;PORTO MURTINHO;Ausência de reação do condutor;Saída de leito carroçável;Com Vítimas Feridas;Plena Noite;Crescente;Céu Claro;Simples;Curva;Não;2;0;2;0;0;0;2;1;-21,74412095;-57,47781999;SPRF-MS;DEL05-MS;UOP01-DEL05-MS
558715;02/11/2023;quinta-feira;10:25:00;RS;470;278;SAO JOSE DO SUL;Afundamento ou ondulação no pavimento;Colisão frontal;Com Vítimas Feridas;Pleno dia;Decrescente;Nublado;Simples;Interseção de Vias;Não;2;0;1;0;1;0;1;2;-29,57722498;-51,48087396;SPRF-RS;DEL06-RS;UOP01-DEL06-RS
558716;02/11/2023;quinta-feira;11:38:00;PR;376;616,3;SAO JOSE DOS PINHAIS;Reação tardia ou ineficiente do condutor;Colisão lateral mesmo sentido;Com Vítimas Feridas;Pleno dia;Crescente;Nublado;Dupla;"Reta;Interseção de Vias       ";Sim;4;0;2;0;2;0;2;2;-25,57583659;-49,17953679;SPRF-PR;DEL01-PR;UOP04-DEL01-PR
558717;02/11/2023;quinta-feira;13:15:00;SC;101;278,5;IMBITUBA;Ingestão de álcool pelo condutor;Tombamento;Sem Vítimas;Pleno dia;Decrescente;Chuva;Múltipla;Interseção de Vias;Sim;1;0;0;0;1;0;0;1;-28,1813497;-48,69560122;SPRF-SC;DEL02-SC;UOP03-DEL02-SC
558719;02/11/2023;quinta-feira;13:00:00;MG;40;511;RIBEIRAO DAS NEVES;Reação tardia ou ineficiente do condutor;Colisão com objeto;Com Vítimas Feridas;Pleno dia;Decrescente;Garoa/Chuvisco;Dupla;Curva;Sim;2;0;1;1;0;0;2;1;-19,78164295;-44,11733194;SPRF-MG;DEL01-MG;UOP02-DEL01-MG
558720;02/11/2023;quinta-feira;13:50:00;MG;381;543;ITATIAIUCU;Acumulo de água sobre o pavimento;Saída de leito carroçável;Com Vítimas Feridas;Pleno dia;Decrescente;Chuva;Dupla;Curva;Não;1;0;1;0;0;0;1;1;-20,27336801;-44,42585498;SPRF-MG;DEL04-MG;UOP03-DEL04-MG
558721;02/11/2023;quinta-feira;14:10:00;GO;153;426;ANAPOLIS;Acumulo de água sobre o pavimento;Capotamento;Com Vítimas Feridas;Pleno dia;Crescente;Garoa/Chuvisco;Dupla;Aclive;Não;2;0;2;0;0;0;2;1;-16,221258;-49,013374;SPRF-GO;DEL02-GO;UOP01-DEL02-GO
558722;02/11/2023;quinta-feira;15:11:00;MG;40;519;RIBEIRAO DAS NEVES;Manobra de mudança de faixa;Colisão lateral mesmo sentido;Com Vítimas Feridas;Pleno dia;Crescente;Céu Claro;Dupla;Reta;Não;2;0;1;0;1;0;1;2;-19,83957589;-44,07684485;SPRF-MG;DEL01-MG;UOP02-DEL01-MG
558723;02/11/2023;quinta-feira;14:50:00;SC;101;269;IMBITUBA;Reação tardia ou ineficiente do condutor;Colisão com objeto;Com Vítimas Feridas;Pleno dia;Crescente;Chuva;Dupla;Curva;Não;1;0;1;0;0;0;1;1;-28,09851593;-48,70527864;SPRF-SC;DEL02-SC;UOP03-DEL02-SC
558724;02/11/2023;quinta-feira;10:00:00;MA;316;383,2;BACABAL;Condutor Dormindo;Saída de leito carroçável;Com Vítimas Fatais;Pleno dia;Decrescente;Sol;Simples;Reta;Não;4;1;3;0;0;0;3;1;-4,205358;-44,59383;SPRF-MA;DEL03-MA;UOP01-DEL03-MA
558725;02/11/2023;quinta-feira;14:30:00;MG;262;380;JUATUBA;Chuva;Saída de leito carroçável;Sem Vítimas;Pleno dia;Decrescente;Chuva;Dupla;"Curva;Declive                 ";Não;2;0;0;0;1;1;0;2;-19,947864;-44,381226;SPRF-MG;DEL01-MG;UOP03-DEL01-MG
558726;02/11/2023;quinta-feira;14:55:00;MG;381;628;OLIVEIRA;Acumulo de água sobre o pavimento;Saída de leito carroçável;Com Vítimas Feridas;Pleno dia;Crescente;Chuva;Dupla;Reta;Não;2;0;1;0;1;0;1;2;-20,83304688;-44,8250553;SPRF-MG;DEL04-MG;UOP01-DEL04-MG
558727;02/11/2023;quinta-feira;15:00:00;GO;414;348;COCALZINHO DE GOIAS;Avarias e/ou desgaste excessivo no pneu;Colisão com objeto;Com Vítimas Feridas;Pleno dia;Crescente;Garoa/Chuvisco;Simples;Curva;Não;2;0;1;0;1;0;1;1;-15,61695397;-48,66121904;SPRF-GO;DEL02-GO;UOP01-DEL02-GO
558729;02/11/2023;quinta-feira;13:00:00;RJ;116;127;MAGE;Condutor Dormindo;Colisão traseira;Com Vítimas Feridas;Pleno dia;Decrescente;Nublado;Dupla;Reta;Não;3;0;1;0;2;0;1;2;-22,66137035;-43,09295957;SPRF-RJ;DEL04-RJ;UOP02-DEL04-RJ