id;data_inversa;dia_semana;horario;uf;br;km;municipio;causa_acidente;tipo_acidente;classificacao_acidente;fase_dia;sentido_via;condicao_metereologica;tipo_pista;tracado_via;uso_solo;pessoas;mortos;feridos_leves;feridos_graves;ilesos;ignorados;feridos;veiculos;latitude;longitude;regional;delegacia;uop
558730;02/11/2023;quinta-feira;15:00:00;GO;50;172;CAMPO ALEGRE DE GOIAS;Acumulo de água sobre o pavimento;Saída de leito carroçável;Com Vítimas Feridas;Pleno dia;Crescente;Chuva;Dupla;Reta;Não;1;0;1;0;0;0;1;1;-17,3441;-47,791;SPRF-GO;DEL06-GO;UOP01-DEL06-GO
558731;02/11/2023;quinta-feira;15:00:00;RS;116;427,2;CRISTAL;Acessar a via sem observar a presença dos outros veículos;Colisão transversal;Sem Vítimas;Pleno dia;Crescente;Chuva;Simples;Reta;Sim;2;0;0;0;2;0;0;2;-30,99035;-52,038357;SPRF-RS;DEL02-RS;UOP02-DEL02-RS
558733;02/11/2023;quinta-feira;16:30:00;SC;101;262,3;GAROPABA;Reação tardia ou ineficiente do condutor;Saída de leito carroçável;Com Vítimas Feridas;Pleno dia;Decrescente;Chuva;Múltipla;Curva;Não;3;0;2;0;1;0;2;1;-28,042492;-48,713134;SPRF-SC;DEL02-SC;UOP03-DEL02-SC
558734;02/11/2023;quinta-feira;17:00:00;PR;369;22,5;CAMBARA;Desrespeitar a preferência no cruzamento;Colisão transversal;Com Vítimas Feridas;Pleno dia;Decrescente;Céu Claro;Simples;"Reta;Interseção de Vias       ";Sim;4;0;4;0;0;0;4;2;-23,04328641;-50,1044476;SPRF-PR;DEL07-PR;UOP05-DEL07-PR
558735;02/11/2023;quinta-feira;13:40:00;MG;262;37,2;MANHUACU;Conversão proibida;Colisão traseira;Com Vítimas Feridas;Pleno dia;Crescente;Sol;Simples;Reta;Sim;4;0;3;0;1;0;3;3;-20,25748975;-42,03048732;SPRF-MG;DEL06-MG;UOP03-DEL06-MG
558736;02/11/2023;quinta-feira;13:30:00;GO;364;114;APARECIDA DO RIO DOCE;Ausência de reação do condutor;Eventos atípicos;Com Vítimas Feridas;Pleno dia;Crescente;Céu Claro;Simples;"Reta;Aclive                   ";Sim;1;0;1;0;0;0;1;1;-18,299677;-51,147858;SPRF-GO;DEL05-GO;UOP02-DEL05-GO
558738;02/11/2023;quinta-feira;17:00:00;MG;365;448;GUIMARANIA;Chuva;Saída de leito carroçável;Sem Vítimas;Pleno dia;Decrescente;Chuva;Dupla;Curva;Não;2;0;0;0;2;0;0;1;-18,80833055;-46,76845551;SPRF-MG;DEL10-MG;UOP01-DEL10-MG
558739;02/11/2023;quinta-feira;16:30:00;RJ;116;322,1;ITATIAIA;Reação tardia ou ineficiente do condutor;Colisão lateral mesmo sentido;Com Vítimas Feridas;Pleno dia;Decrescente;Nublado;Simples;"Interseção de Vias;Reta       ";Não;2;0;1;0;1;0;1;2;-22,48404979;-44,54454609;SPRF-RJ;DEL07-RJ;UOP02-DEL07-RJ
558740;02/11/2023;quinta-feira;16:20:00;PB;101;88;JOAO PESSOA;Reação tardia ou ineficiente do condutor;Queda de ocupante de veículo;Com Vítimas Feridas;Pleno dia;Crescente;Céu Claro;Dupla;Viaduto;Sim;2;0;0;2;0;0;2;1;-7,16470016;-34,89993643;SPRF-PB;DEL01-PB;UOP01-DEL01-PB
558741;02/11/2023;quinta-feira;18:00:00;SP;116;212;GUARULHOS;Objeto estático sobre o leito carroçável;Eventos atípicos;Com Vítimas Feridas;Anoitecer;Crescente;Céu Claro;Múltipla;Reta;Sim;1;0;1;0;0;0;1;1;-23,43608315;-46,42805094;SPRF-SP;DEL01-SP;UOP01-DEL01-SP
558742;02/11/2023;quinta-feira;18:00:00;MG;365;658;MONTE ALEGRE DE MINAS;Ausência de reação do condutor;Colisão traseira;Com Vítimas Feridas;Anoitecer;Crescente;Céu Claro;Dupla;Reta;Não;2;0;0;1;1;0;1;2;-18,88872432;-48,62436294;SPRF-MG;DEL15-MG;UOP01-DEL15-MG
558743;02/11/2023;quinta-feira;17:45:00;PB;230;7,9;CABEDELO;Acessar a via sem observar a presença dos outros veículos;Colisão transversal;Com Vítimas Feridas;Anoitecer;Crescente;Céu Claro;Múltipla;"Reta;Em Obras                 ";Sim;3;0;2;0;0;1;2;2;-7,036408;-34,843385;SPRF-PB;DEL01-PB;UOP01-DEL01-PB
558744;02/11/2023;quinta-feira;17:52:00;PB;101;86,1;JOAO PESSOA;Condutor deixou de manter distância do veículo da frente;Colisão traseira;Com Vítimas Feridas;Plena Noite;Decrescente;Céu Claro;Dupla;Declive;Sim;2;0;0;1;1;0;1;2;-7,16460782;-34,90017414;SPRF-PB;DEL01-PB;UOP01-DEL01-PB
558745;02/11/2023;quinta-feira;18:15:00;SE;101;88,5;NOSSA SENHORA DO SOCORRO;Ingestão de álcool pelo condutor;Colisão traseira;Com Vítimas Feridas;Anoitecer;Crescente;Céu Claro;Dupla;Reta;Sim;6;0;2;3;1;0;5;2;-10,87113297;-37,1344637;SPRF-SE;DEL01-SE;UOP01-DEL01-SE
558746;02/11/2023;quinta-feira;17:50:00;PI;402;9,7;BURITI DOS LOPES;Acessar a via sem observar a presença dos outros veículos;Atropelamento de Pedestre;Com Vítimas Feridas;Anoitecer;Crescente;Céu Claro;Simples;Curva;Não;2;0;0;1;0;1;1;2;-3,10202;-41,81964;SPRF-PI;DEL05-PI;UOP01-DEL05-PI
558748;02/11/2023;quinta-feira;12:00:00;RS;392;194,2;SANTANA DA BOA VISTA;Reação tardia ou ineficiente do condutor;Saída de leito carroçável;Com Vítimas Feridas;Pleno dia;Crescente;Chuva;Simples;"Reta;Aclive                   ";Não;2;0;1;0;1;0;1;1;-30,91242801;-53,10603527;SPRF-RS;DEL09-RS;UOP02-DEL09-RS
558751;03/09/2023;domingo;13:40:00;RS;386;417,1;MONTENEGRO;Ausência de reação do condutor;Colisão com objeto;Sem Vítimas;Pleno dia;Crescente;Chuva;Dupla;Curva;Não;5;0;0;0;5;0;0;1;-29,818958;-51,452934;SPRF-RS;DEL04-RS;UOP02-DEL04-RS
558753;02/11/2023;quinta-feira;19:05:00;SC;101;157;PORTO BELO;Velocidade Incompatível;Colisão traseira;Com Vítimas Feridas;Plena Noite;Decrescente;Ignorado;Múltipla;Reta;Não;2;0;1;0;1;0;1;2;-27,181625;-48,6121179;SPRF-SC;DEL04-SC;UOP03-DEL04-SC
558755;02/11/2023;quinta-feira;19:35:00;PR;277;655,3;MATELANDIA;Reação tardia ou ineficiente do condutor;Queda de ocupante de veículo;Com Vítimas Feridas;Plena Noite;Crescente;Nublado;Dupla;Reta;Sim;1;0;1;0;0;0;1;1;-25,232223;-53,956695;SPRF-PR;DEL05-PR;UOP02-DEL05-PR
558757;02/11/2023;quinta-feira;19:45:00;SP;116;212,9;GUARULHOS;Pedestre andava na pista;Atropelamento de Pedestre;Com Vítimas Fatais;Plena Noite;Decrescente;Nublado;Múltipla;Reta;Sim;2;1;0;0;1;0;0;2;-23,43608315;-46,42805094;SPRF-SP;DEL01-SP;UOP01-DEL01-SP
558759;02/11/2023;quinta-feira;19:30:00;CE;222;306;TIANGUA;Pista Escorregadia;Tombamento;Com Vítimas Feridas;Plena Noite;Decrescente;Nublado;Simples;"Curva;Declive;Em Obras        ";Não;1;0;1;0;0;0;1;1;-3,67476286;-40,96798113;SPRF-CE;DEL04-CE;UOP02-DEL04-CE
558760;02/11/2023;quinta-feira;18:20:00;PE;232;81,7;GRAVATA;Ingestão de álcool pelo condutor;Colisão traseira;Com Vítimas Feridas;Plena Noite;Decrescente;Céu Claro;Simples;Reta;Sim;2;0;0;1;0;1;1;2;-8,19697746;-35,57850408;SPRF-PE;DEL02-PE;UOP02-DEL02PE
558762;02/11/2023;quinta-feira;19:29:00;PE;116;18;SALGUEIRO;Acesso irregular;Saída de leito carroçável;Sem Vítimas;Plena Noite;Crescente;Céu Claro;Simples;Curva;Não;1;0;0;0;1;0;0;1;-8,0003758;-39,145591;SPRF-PE;DEL05-PE;UOP01-DEL05-PE
558764;02/11/2023;quinta-feira;17:15:00;RJ;465;1;SEROPEDICA;Ausência de reação do condutor;Atropelamento de Pedestre;Com Vítimas Feridas;Pleno dia;Decrescente;Céu Claro;Simples;Reta;Sim;4;0;2;0;2;0;2;3;-22,719835;-43,725739;SPRF-RJ;DEL01-RJ;UOP03-DEL01-RJ
558767;02/11/2023;quinta-feira;21:20:00;RN;101;78;NATAL;Ausência de reação do condutor;Queda de ocupante de veículo;Com Vítimas Feridas;Plena Noite;Decrescente;Céu Claro;Dupla;"Reta;Em Obras                 ";Sim;3;0;1;0;0;2;1;2;-5,74071896;-35,29021064;SPRF-RN;DEL02-RN;UOP01-DEL02-RN
558769;02/11/2023;quinta-feira;19:30:00;RS;158;325,5;SANTA MARIA;Iluminação deficiente;Colisão com objeto;Sem Vítimas;Plena Noite;Crescente;Chuva;Dupla;"Reta;Em Obras;Viaduto         ";Sim;1;0;0;0;1;0;0;1;-29,71252544;-53,80627155;SPRF-RS;DEL09-RS;UOP01-DEL09-RS
558770;02/11/2023;quinta-feira;19:30:00;SC;101;194;BIGUACU;Reação tardia ou ineficiente do condutor;Colisão traseira;Com Vítimas Feridas;Plena Noite;Crescente;Nublado;Múltipla;Reta;Sim;2;0;1;0;1;0;1;2;-27,49815117;-48,65661236;SPRF-SC;DEL01-SC;UOP01-DEL01-SC
558772;02/11/2023;quinta-feira;19:30:00;SC;280;82;CORUPA;Acessar a via sem observar a presença dos outros veículos;Colisão transversal;Sem Vítimas;Plena Noite;Decrescente;Garoa/Chuvisco;Simples;"Reta;Rotatória                ";Sim;4;0;0;0;4;0;0;2;-26,44009491;-49,22605498;SPRF-SC;DEL06-SC;UOP03-DEL06-SC
558773;02/11/2023;quinta-feira;20:50:00;SC;470;317,6;CAMPOS NOVOS;Reação tardia ou ineficiente do condutor;Capotamento;Sem Vítimas;Plena Noite;Crescente;Nublado;Simples;Rotatória;Não;1;0;0;0;0;1;0;1;-27,404869;-51,206257;SPRF-SC;DEL07-SC;UOP06-DEL07-SC
558774;02/11/2023;quinta-feira;21:25:00;PA;230;116,4;MARABA;Condutor deixou de manter distância do veículo da frente;Colisão traseira;Sem Vítimas;Plena Noite;Decrescente;Céu Claro;Dupla;Reta;Sim;2;0;0;0;2;0;0;2;-5,35947454;-49,08301084;SPRF-PA;DEL03-PA;UOP01-DEL03-PA
558775;02/11/2023;quinta-feira;21:50:00;MG;40;280,3;TRES MARIAS;Pedestre andava na pista;Atropelamento de Pedestre;Com Vítimas Feridas;Plena Noite;Crescente;Garoa/Chuvisco;Simples;Reta;Não;2;0;2;0;0;0;2;2;-18,23500807;-45,21384008;SPRF-MG;DEL14-MG;UOP02-DEL14-MG
558776;02/11/2023;quinta-feira;22:20:00;MA;316;552,5;CAXIAS;Velocidade Incompatível;Colisão com objeto;Com Vítimas Feridas;Plena Noite;Crescente;Céu Claro;Simples;Rotatória;Não;1;0;0;1;0;0;1;1;-4,882649;-43,345581;SPRF-MA;DEL03-MA;UOP02-DEL03-MA
558777;02/11/2023;quinta-feira;20:25:00;RS;116;329,5;BARRA DO RIBEIRO;Chuva;Saída de leito carroçável;Com Vítimas Feridas;Plena Noite;Decrescente;Chuva;Dupla;Reta;Não;1;0;1;0;0;0;1;1;-30,37216496;-51,43111745;SPRF-RS;DEL02-RS;UOP02-DEL02-RS
558779;02/11/2023;quinta-feira;19:00:00;MT;163;628;NOVA MUTUM;Acessar a via sem observar a presença dos outros veículos;Colisão lateral sentido oposto;Com Vítimas Feridas;Plena Noite;Crescente;Céu Claro;Simples;Reta;Não;3;0;1;0;2;0;1;2;-13,66484401;-56,03702991;SPRF-MT;DEL01-MT;UOP01-DEL01-MT
558780;02/11/2023;quinta-feira;21:00:00;SC;282;587,1;SAUDADES;Objeto estático sobre o leito carroçável;Colisão com objeto;Com Vítimas Feridas;Plena Noite;Crescente;Chuva;Simples;Curva;Não;1;0;0;1;0;0;1;1;-26,830677;-53,04443;SPRF-SC;DEL07-SC;UOP02-DEL07-SC
558784;02/11/2023;quinta-feira;20:00:00;RJ;101;127;QUISSAMA;Ingestão de álcool pelo condutor;Colisão frontal;Com Vítimas Feridas;Plena Noite;Decrescente;Céu Claro;Dupla;Reta;Não;4;0;2;1;1;0;3;2;-22,08444998;-41,68863712;SPRF-RJ;DEL08-RJ;UOP04-DEL08-RJ
558785;03/11/2023;sexta-feira;02:20:00;ES;101;289,4;CARIACICA;Condutor Dormindo;Colisão com objeto;Com Vítimas Feridas;Plena Noite;Crescente;Céu Claro;Dupla;"Reta;Aclive                   ";Não;1;0;0;1;0;0;1;1;-20,28029304;-40,39302931;SPRF-ES;DEL01-ES;UOP01-DEL01-ES
558786;03/11/2023;sexta-feira;00:40:00;RO;319;63;PORTO VELHO;Desrespeitar a preferência no cruzamento;Colisão transversal;Com Vítimas Feridas;Plena Noite;Crescente;Nublado;Múltipla;Interseção de Vias;Sim;5;0;1;1;1;2;2;3;-8,75774985;-63,88635278;SPRF-RO;DEL01-RO;UOP01-DEL01-RO
558788;03/11/2023;sexta-feira;02:15:00;SC;282;0,3;FLORIANOPOLIS;Velocidade Incompatível;Saída de leito carroçável;Sem Vítimas;Plena Noite;Crescente;Chuva;Dupla;Curva;Sim;1;0;0;0;0;1;0;1;-27,59845;-48,571995;SPRF-SC;DEL01-SC;UOP01-DEL01-SC
558789;03/11/2023;sexta-feira;03:00:00;MG;40;518,5;RIBEIRAO DAS NEVES;Reação tardia ou ineficiente do condutor;Saída de leito carroçável;Com Vítimas Feridas;Plena Noite;Decrescente;Nublado;Dupla;Reta;Sim;1;0;1;0;0;0;1;1;-19,83957589;-44,07684485;SPRF-MG;DEL01-MG;UOP02-DEL01-MG
558791;03/11/2023;sexta-feira;05:40:00;SC;101;150,6;ITAPEMA;Velocidade Incompatível;Colisão com objeto;Com Vítimas Feridas;Amanhecer;Crescente;Chuva;Múltipla;Reta;Sim;1;0;1;0;0;0;1;1;-27,11744799;-48,60940987;SPRF-SC;DEL04-SC;UOP03-DEL04-SC
558792;03/11/2023;sexta-feira;05:40:00;SC;101;211,2;PALHOCA;Acumulo de água sobre o pavimento;Saída de leito carroçável;Sem Vítimas;Pleno dia;Decrescente;Chuva;Múltipla;Reta;Sim;1;0;0;0;0;1;0;1;-27,62329313;-48,65245588;SPRF-SC;DEL01-SC;UOP02-DEL01-SC
558794;03/11/2023;sexta-feira;06:40:00;SP;153;61,9;SAO JOSE DO RIO PRETO;Objeto estático sobre o leito carroçável;Colisão com objeto;Com Vítimas Feridas;Pleno dia;Decrescente;Céu Claro;Dupla;Declive;Não;1;0;0;1;0;0;1;1;-20,80502876;-49,35574909;SPRF-SP;DEL09-SP;UOP01-DEL09-SP
558797;03/11/2023;sexta-feira;07:00:00;SP;116;214;GUARULHOS;Reação tardia ou ineficiente do condutor;Colisão traseira;Com Vítimas Feridas;Amanhecer;Decrescente;Céu Claro;Múltipla;Declive;Não;4;0;0;1;3;0;1;3;-23,44333014;-46,44531294;SPRF-SP;DEL01-SP;UOP01-DEL01-SP
558799;03/11/2023;sexta-feira;05:00:00;MG;50;4,6;ARAGUARI;Demais falhas mecânicas ou elétricas;Incêndio;Sem Vítimas;Amanhecer;Crescente;Céu Claro;Dupla;Reta;Não;1;0;0;0;1;0;0;1;-18,45334391;-48,04823463;SPRF-MG;DEL15-MG;UOP02-DEL15-MG
558800;03/11/2023;sexta-feira;06:45:00;RS;470;244;BARAO;Mal súbito do condutor;Colisão com objeto;Com Vítimas Feridas;Pleno dia;Crescente;Chuva;Simples;Reta;Sim;1;0;1;0;0;0;1;1;-29,36247007;-51,51749611;SPRF-RS;DEL06-RS;UOP01-DEL06-RS
558803;03/11/2023;sexta-feira;06:00:00;MG;381;530;RIO MANSO;Curva acentuada;Queda de ocupante de veículo;Com Vítimas Feridas;Amanhecer;Crescente;Nublado;Simples;Curva;Não;1;0;1;0;0;0;1;1;-20,17327539;-44,37545454;SPRF-MG;DEL04-MG;UOP03-DEL04-MG
558804;03/11/2023;sexta-feira;07:29:00;RN;304;38;MOSSORO;Acessar a via sem observar a presença dos outros veículos;Colisão lateral mesmo sentido;Com Vítimas Feridas;Pleno dia;Crescente;Céu Claro;Dupla;Interseção de Vias;Sim;2;0;1;0;1;0;1;2;-5,18138457;-37,36832252;SPRF-RN;DEL04-RN;UOP02-DEL04-RN
558807;03/11/2023;sexta-feira;05:30:00;CE;116;3;FORTALEZA;Ausência de reação do condutor;Colisão com objeto;Sem Vítimas;Pleno dia;Crescente;Céu Claro;Simples;"Viaduto;Declive;Curva         ";Sim;1;0;0;0;0;1;0;1;-3,77866493;-38,51490171;SPRF-CE;DEL01-CE;UOP02-DEL01-CE
558809;02/11/2023;quinta-feira;20:30:00;PR;476;278;SAO MATEUS DO SUL;Chuva;Atropelamento de Pedestre;Com Vítimas Feridas;Plena Noite;Decrescente;Chuva;Simples;Reta;Não;2;0;2;0;0;0;2;2;-25,868753;-50,396477;SPRF-PR;DEL02-PR;UOP03-DEL02-PR
558810;03/11/2023;sexta-feira;07:00:00;PR;163;218;CASCAVEL;Avarias e/ou desgaste excessivo no pneu;Saída de leito carroçável;Com Vítimas Feridas;Pleno dia;Crescente;Chuva;Dupla;Curva;Não;2;0;2;0;0;0;2;1;-24,897235;-53,533793;SPRF-PR;DEL04-PR;UOP01-DEL04-PR
558811;03/11/2023;sexta-feira;06:15:00;RJ;116;200;QUEIMADOS;Ausência de reação do condutor;Colisão com objeto;Com Vítimas Feridas;Pleno dia;Crescente;Céu Claro;Dupla;Curva;Não;1;0;0;1;0;0;1;1;-22,7306082;-43,59401795;SPRF-RJ;DEL01-RJ;UOP03-DEL01-RJ
558812;03/11/2023;sexta-feira;07:35:00;SE;235;55;ITABAIANA;Acesso irregular;Colisão transversal;Com Vítimas Feridas;Pleno dia;Decrescente;Céu Claro;Simples;Reta;Sim;2;0;0;2;0;0;2;2;-10,676047;-37,443279;SPRF-SE;DEL01-SE;UOP02-DEL01-SE
558813;03/11/2023;sexta-feira;08:00:00;RS;386;441;CANOAS;Reação tardia ou ineficiente do condutor;Queda de ocupante de veículo;Com Vítimas Feridas;Pleno dia;Crescente;Chuva;Simples;Reta;Sim;1;0;1;0;0;0;1;1;-29,882591;-51,233097;SPRF-RS;DEL01-RS;UOP01-DEL01-RS
558814;03/11/2023;sexta-feira;06:30:00;BA;415;49;ITABUNA;Acesso irregular;Colisão transversal;Com Vítimas Fatais;Pleno dia;Crescente;Céu Claro;Simples;Reta;Não;2;1;0;0;1;0;0;2;-14,81574494;-39,29612388;SPRF-BA;DEL05-BA;UOP01-DEL05-BA
558815;03/11/2023;sexta-feira;08:05:00;SC;101;102;BALNEARIO PICARRAS;Chuva;Tombamento;Com Vítimas Feridas;Pleno dia;Decrescente;Chuva;Dupla;Reta;Não;1;0;1;0;0;0;1;1;-26,77383397;-48,68594062;SPRF-SC;DEL03-SC;UOP02-DEL03-SC
558817;03/11/2023;sexta-feira;06:45:00;RS;116;393;CAMAQUA;Ausência de reação do condutor;Saída de leito carroçável;Com Vítimas Feridas;Pleno dia;Crescente;Chuva;Dupla;Reta;Não;3;0;1;0;2;0;1;1;-30,84089729;-51,74793785;SPRF-RS;DEL02-RS;UOP02-DEL02-RS
558818;03/11/2023;sexta-feira;08:20:00;RJ;40;121;DUQUE DE CAXIAS;Manobra de mudança de faixa;Colisão lateral mesmo sentido;Com Vítimas Feridas;Pleno dia;Decrescente;Sol;Múltipla;Reta;Sim;2;0;2;0;0;0;2;1;-22,78185499;-43,28571273;SPRF-RJ;DEL01-RJ;UOP01-DEL01-RJ
558820;03/11/2023;sexta-feira;06:15:00;MS;163;615,7;SAO GABRIEL DO OESTE;Acessar a via sem observar a presença dos outros veículos;Colisão transversal;Com Vítimas Feridas;Pleno dia;Decrescente;Céu Claro;Simples;"Reta;Rotatória                ";Sim;2;0;1;0;1;0;1;2;-19,389141;-54,571677;SPRF-MS;DEL06-MS;UOP02-DEL06-MS
558821;03/11/2023;sexta-feira;09:15:00;CE;116;3,2;FORTALEZA;Condutor deixou de manter distância do veículo da frente;Colisão traseira;Com Vítimas Feridas;Pleno dia;Decrescente;Garoa/Chuvisco;Múltipla;Reta;Sim;2;0;1;0;1;0;1;2;-3,78520616;-38,51175969;SPRF-CE;DEL01-CE;UOP02-DEL01-CE
558823;03/11/2023;sexta-feira;04:00:00;MS;163;276;DOURADOS;Ausência de reação do condutor;Colisão com objeto;Sem Vítimas;Amanhecer;Crescente;Nublado;Dupla;Rotatória;Sim;1;0;0;0;0;1;0;1;-22,16094591;-54,64879607;SPRF-MS;DEL04-MS;UOP01-DEL04-MS
558824;03/11/2023;sexta-feira;09:00:00;SC;101;229,3;PALHOCA;Reação tardia ou ineficiente do condutor;Colisão com objeto;Com Vítimas Feridas;Pleno dia;Decrescente;Chuva;Dupla;"Aclive;Reta                   ";Não;4;0;3;0;1;0;3;1;-27,7688932;-48,63205379;SPRF-SC;DEL01-SC;UOP02-DEL01-SC
558825;03/11/2023;sexta-feira;09:35:00;PE;101;41,9;IGARASSU;Demais falhas mecânicas ou elétricas;Tombamento;Com Vítimas Feridas;Pleno dia;Decrescente;Céu Claro;Dupla;Curva;Não;1;0;0;1;0;0;1;1;-7,8367835;-34,91235137;SPRF-PE;DEL01-PE;UOP02-DEL01-PE
558827;02/11/2023;quinta-feira;21:20:00;RJ;465;14;SEROPEDICA;Ausência de reação do condutor;Queda de ocupante de veículo;Com Vítimas Feridas;Plena Noite;Crescente;Céu Claro;Simples;Reta;Sim;2;0;2;0;0;0;2;1;-22,804979;-43,638828;SPRF-RJ;DEL01-RJ;UOP03-DEL01-RJ
558828;03/11/2023;sexta-feira;09:10:00;SP;381;85,5;SAO PAULO;Condutor deixou de manter distância do veículo da frente;Colisão traseira;Com Vítimas Feridas;Pleno dia;Crescente;Sol;Múltipla;"Reta;Declive                  ";Não;3;0;1;0;2;0;1;2;-23,449343;-46,56983501;SPRF-SP;DEL03-SP;UOP01-DEL03-SP
558830;03/11/2023;sexta-feira;05:55:00;MS;158;5,3;CASSILANDIA;Ultrapassagem Indevida;Colisão frontal;Com Vítimas Feridas;Pleno dia;Crescente;Céu Claro;Simples;Reta;Não;4;0;0;3;1;0;3;2;-19,12678656;-51,71566473;SPRF-MS;DEL08-MS;UOP01-DEL08-MS
558831;03/11/2023;sexta-feira;10:20:00;RN;101;102;PARNAMIRIM;Conversão proibida;Colisão traseira;Com Vítimas Feridas;Pleno dia;Decrescente;Céu Claro;Dupla;Reta;Sim;3;0;1;0;2;0;1;2;-5,88858217;-35,24018997;SPRF-RN;DEL01-RN;UOP01-DEL01-RN
558832;03/11/2023;sexta-feira;10:00:00;RN;406;169;SAO GONCALO DO AMARANTE;Acessar a via sem observar a presença dos outros veículos;Colisão traseira;Com Vítimas Feridas;Pleno dia;Crescente;Céu Claro;Dupla;Reta;Sim;3;0;2;0;1;0;2;2;-5,75570118;-35,30728507;SPRF-RN;DEL02-RN;UOP01-DEL02-RN
558834;03/11/2023;sexta-feira;09:28:00;TO;153;496,2;PARAISO DO TOCANTINS;Desrespeitar a preferência no cruzamento;Colisão transversal;Com Vítimas Feridas;Pleno dia;Crescente;Céu Claro;Simples;"Reta;Interseção de Vias       ";Não;3;0;0;1;2;0;1;2;-10,16527794;-48,88094578;SPRF-TO;DEL01-TO;UOP01-DEL01-TO
558835;03/11/2023;sexta-feira;07:40:00;MG;365;487;PATROCINIO;Demais falhas mecânicas ou elétricas;Saída de leito carroçável;Com Vítimas Feridas;Pleno dia;Decrescente;Sol;Simples;Reta;Não;1;0;1;0;0;0;1;1;-18,89637979;-47,10740089;SPRF-MG;DEL10-MG;UOP01-DEL10-MG
558838;03/11/2023;sexta-feira;07:20:00;MA;222;363;SANTA INES;Ultrapassagem Indevida;Colisão frontal;Com Vítimas Feridas;Pleno dia;Decrescente;Céu Claro;Simples;Reta;Sim;3;0;1;1;1;0;2;2;-3,67710017;-45,39146935;SPRF-MA;DEL02-MA;UOP01-DEL02-MA
558839;03/11/2023;sexta-feira;10:00:00;SC;101;339,8;TUBARAO;Ausência de reação do condutor;Saída de leito carroçável;Com Vítimas Feridas;Pleno dia;Decrescente;Chuva;Dupla;Reta;Não;1;0;1;0;0;0;1;1;-28,49351117;-49,04178985;SPRF-SC;DEL02-SC;UOP01-DEL02-SC
558840;03/11/2023;sexta-feira;11:05:00;DF;40;4;BRASILIA;Demais falhas mecânicas ou elétricas;Incêndio;Sem Vítimas;Pleno dia;Decrescente;Sol;Dupla;Reta;Sim;1;0;0;0;1;0;0;1;-16,012033;-47,982124;SPRF-DF;DEL01-DF;UOP01-DEL01-DF
558846;03/11/2023;sexta-feira;11:25:00;ES;101;257,5;SERRA;Ausência de reação do condutor;Queda de ocupante de veículo;Com Vítimas Feridas;Pleno dia;Decrescente;Céu Claro;Dupla;Reta;Sim;1;0;1;0;0;0;1;1;-20,12455095;-40,30331881;SPRF-ES;DEL02-ES;UOP01-DEL02-ES
558847;03/11/2023;sexta-feira;08:20:00;PR;163;23,3;SANTO ANTONIO DO SUDOESTE;Chuva;Saída de leito carroçável;Sem Vítimas;Pleno dia;Decrescente;Chuva;Simples;"Reta;Aclive                   ";Não;1;0;0;0;0;1;0;1;-26,148305;-53,68516;SPRF-PR;DEL02-PR;UOP02-DEL02-PR
558848;03/11/2023;sexta-feira;11:55:00;RS;386;411;TRIUNFO;Acumulo de água sobre o pavimento;Colisão com objeto;Sem Vítimas;Pleno dia;Decrescente;Chuva;Dupla;"Reta;Rotatória                ";Não;3;0;0;0;3;0;0;1;-29,80394;-51,509174;SPRF-RS;DEL04-RS;UOP02-DEL04-RS
558849;03/11/2023;sexta-feira;09:40:00;MS;262;13;TRES LAGOAS;Mal súbito do condutor;Queda de ocupante de veículo;Com Vítimas Feridas;Pleno dia;Decrescente;Céu Claro;Simples;Reta;Sim;1;0;1;0;0;0;1;1;-20,81865288;-51,72034996;SPRF-MS;DEL07-MS;UOP01-DEL07-MS
558850;03/11/2023;sexta-feira;11:30:00;PR;376;174,5;MARINGA;Condutor deixou de manter distância do veículo da frente;Colisão traseira;Com Vítimas Feridas;Pleno dia;Crescente;Nublado;Múltipla;Reta;Sim;2;0;1;0;1;0;1;2;-23,41430102;-51,94984299;SPRF-PR;DEL09-PR;UOP01-DEL09-PR
558853;03/11/2023;sexta-feira;10:50:00;MG;365;649,4;UBERLANDIA;Avarias e/ou desgaste excessivo no pneu;Saída de leito carroçável;Com Vítimas Feridas;Pleno dia;Decrescente;Nublado;Dupla;"Declive;Reta                  ";Não;3;0;3;0;0;0;3;1;-18,87111351;-48,5495801;SPRF-MG;DEL15-MG;UOP01-DEL15-MG
558854;03/11/2023;sexta-feira;12:00:00;SC;101;203;SAO JOSE;Manobra de mudança de faixa;Colisão lateral mesmo sentido;Sem Vítimas;Pleno dia;Decrescente;Céu Claro;Dupla;Reta;Não;2;0;0;0;1;1;0;2;-27,5650044;-48,61460082;SPRF-SC;DEL01-SC;UOP01-DEL01-SC
558856;03/11/2023;sexta-feira;11:40:00;MG;116;459,5;ENGENHEIRO CALDAS;Demais falhas mecânicas ou elétricas;Saída de leito carroçável;Com Vítimas Fatais;Pleno dia;Decrescente;Céu Claro;Simples;Reta;Não;4;1;0;3;0;0;3;1;-19,22520501;-42,05823777;SPRF-MG;DEL06-MG;UOP02-DEL06-MG
558857;12/10/2023;quinta-feira;11:55:00;SP;116;522;CAJATI;Chuva;Colisão com objeto;Com Vítimas Feridas;Pleno dia;Crescente;Chuva;Múltipla;Curva;Não;4;0;1;2;1;0;3;1;-24,90503185;-48,2548732;SPRF-SP;DEL05-SP;UOP02-DEL05-SP