id;data_inversa;dia_semana;horario;uf;br;km;municipio;causa_acidente;tipo_acidente;classificacao_acidente;fase_dia;sentido_via;condicao_metereologica;tipo_pista;tracado_via;uso_solo;pessoas;mortos;feridos_leves;feridos_graves;ilesos;ignorados;feridos;veiculos;latitude;longitude;regional;delegacia;uop
558858;03/11/2023;sexta-feira;13:00:00;RS;290;91,7;PORTO ALEGRE;Acumulo de água sobre o pavimento;Colisão lateral mesmo sentido;Com Vítimas Feridas;Pleno dia;Crescente;Chuva;Dupla;"Curva;Declive;Viaduto         ";Sim;2;0;1;0;1;0;1;2;-29,96926743;-51,1756897;SPRF-RS;DEL01-RS;UOP01-DEL01-RS
558861;21/10/2023;sábado;06:00:00;BA;324;591,9;CANDEIAS;Ausência de reação do condutor;Colisão traseira;Com Vítimas Feridas;Pleno dia;Crescente;Sol;Dupla;Reta;Sim;2;0;1;0;1;0;1;2;-12,69021804;-38,46568118;SPRF-BA;DEL01-BA;UOP01-DEL01-BA
558864;03/11/2023;sexta-feira;13:30:00;PR;376;217;JANDAIA DO SUL;Desrespeitar a preferência no cruzamento;Colisão transversal;Com Vítimas Feridas;Pleno dia;Decrescente;Céu Claro;Simples;Interseção de Vias;Sim;2;0;1;0;1;0;1;2;-23,595258;-51,641549;SPRF-PR;DEL09-PR;UOP01-DEL09-PR
558865;03/11/2023;sexta-feira;14:00:00;MG;50;96,5;UBERLANDIA;Ausência de reação do condutor;Saída de leito carroçável;Com Vítimas Feridas;Pleno dia;Decrescente;Sol;Dupla;"Reta;Aclive                   ";Não;4;0;4;0;0;0;4;1;-19,10113604;-48,18109716;SPRF-MG;DEL15-MG;UOP01-DEL15-MG
558866;03/11/2023;sexta-feira;11:10:00;MG;40;639,7;CONSELHEIRO LAFAIETE;Manobra de mudança de faixa;Colisão lateral mesmo sentido;Com Vítimas Feridas;Pleno dia;Crescente;Nublado;Simples;Reta;Não;2;0;1;0;1;0;1;2;-20,74247789;-43,80096419;SPRF-MG;DEL05-MG;UOP02-DEL05-MG
558867;03/11/2023;sexta-feira;13:05:00;MG;381;874;ESTIVA;Velocidade Incompatível;Capotamento;Com Vítimas Feridas;Pleno dia;Crescente;Chuva;Dupla;Curva;Não;3;0;2;1;0;0;3;1;-22,42057067;-45,96534204;SPRF-MG;DEL16-MG;UOP01-DEL16-MG
558870;03/11/2023;sexta-feira;12:40:00;MS;262;232;RIBAS DO RIO PARDO;Ausência de reação do condutor;Colisão traseira;Com Vítimas Feridas;Pleno dia;Crescente;Céu Claro;Simples;Reta;Não;3;0;1;0;2;0;1;2;-20,46551195;-53,69034299;SPRF-MS;DEL07-MS;UOP02-DEL07-MS
558875;03/11/2023;sexta-feira;14:45:00;SC;101;401,7;MARACAJA;Condutor deixou de manter distância do veículo da frente;Colisão traseira;Sem Vítimas;Pleno dia;Decrescente;Nublado;Múltipla;Reta;Sim;3;0;0;0;3;0;0;2;-28,877633;-49,456754;SPRF-SC;DEL02-SC;UOP02-DEL02-SC
558876;03/11/2023;sexta-feira;14:45:00;SC;282;16;PALHOCA;Trafegar com motocicleta (ou similar) entre as faixas;Colisão lateral sentido oposto;Com Vítimas Feridas;Pleno dia;Crescente;Nublado;Simples;"Reta;Interseção de Vias       ";Sim;2;0;1;0;1;0;1;2;-27,658611;-48,681847;SPRF-SC;DEL01-SC;UOP02-DEL01-SC
558877;03/11/2023;sexta-feira;14:30:00;PR;467;102,5;CASCAVEL;Velocidade Incompatível;Tombamento;Com Vítimas Feridas;Pleno dia;Decrescente;Nublado;Dupla;Curva;Não;1;0;0;1;0;0;1;1;-24,9036;-53,5184;SPRF-PR;DEL04-PR;UOP01-DEL04-PR
558881;03/11/2023;sexta-feira;14:40:00;PE;408;85,1;PAUDALHO;Condutor Dormindo;Saída de leito carroçável;Com Vítimas Feridas;Pleno dia;Decrescente;Céu Claro;Dupla;Aclive;Não;1;0;0;1;0;0;1;1;-7,95430093;-35,10252793;SPRF-PE;DEL01-PE;UOP01-DEL01-PE
558882;03/11/2023;sexta-feira;15:40:00;SP;116;432,3;REGISTRO;Chuva;Colisão com objeto;Com Vítimas Feridas;Pleno dia;Decrescente;Chuva;Dupla;Reta;Não;5;0;4;0;1;0;4;2;-24,416593;-47,76187;SPRF-SP;DEL05-SP;UOP01-DEL05-SP
558886;03/11/2023;sexta-feira;15:25:00;BA;367;23,5;PORTO SEGURO;Trafegar com motocicleta (ou similar) entre as faixas;Colisão transversal;Com Vítimas Feridas;Pleno dia;Crescente;Céu Claro;Simples;Reta;Sim;2;0;1;0;1;0;1;2;-16,43658055;-39,07751787;SPRF-BA;DEL09-BA;UOP03-DEL09-BA
558888;03/11/2023;sexta-feira;14:45:00;SC;101;104;PENHA;Ausência de reação do condutor;Colisão lateral mesmo sentido;Com Vítimas Feridas;Pleno dia;Crescente;Nublado;Dupla;"Reta;Declive                  ";Não;7;0;2;0;5;0;2;5;-26,79682;-48,679898;SPRF-SC;DEL03-SC;UOP02-DEL03-SC
558889;03/11/2023;sexta-feira;15:15:00;MS;60;183;CAMAPUA;Reação tardia ou ineficiente do condutor;Saída de leito carroçável;Com Vítimas Feridas;Pleno dia;Crescente;Céu Claro;Simples;Curva;Não;3;0;1;0;2;0;1;1;-19,5273655;-53,93374297;SPRF-MS;DEL06-MS;UOP02-DEL06-MS
558890;03/11/2023;sexta-feira;16:30:00;MG;459;68,5;SENADOR JOSE BENTO;Velocidade Incompatível;Colisão frontal;Com Vítimas Feridas;Pleno dia;Crescente;Céu Claro;Simples;Curva;Não;5;0;5;0;0;0;5;2;-22,13134391;-46,18119121;SPRF-MG;DEL09-MG;UOP01-DEL09-MG
558892;30/10/2023;segunda-feira;19:00:00;PR;469;1;FOZ DO IGUACU;Ingestão de álcool pelo condutor;Colisão transversal;Com Vítimas Feridas;Plena Noite;Decrescente;Nublado;Simples;Rotatória;Sim;2;0;1;0;0;1;1;2;-25,57929825;-54,55673218;SPRF-PR;DEL05-PR;UOP04-DEL05-PR
558893;03/11/2023;sexta-feira;16:40:00;SE;235;67;ITABAIANA;Curva acentuada;Saída de leito carroçável;Com Vítimas Feridas;Pleno dia;Crescente;Céu Claro;Simples;Curva;Não;1;0;1;0;0;0;1;1;-10,579587;-37,496868;SPRF-SE;DEL01-SE;UOP02-DEL01-SE
558894;03/11/2023;sexta-feira;16:10:00;ES;101;270,9;SERRA;Reação tardia ou ineficiente do condutor;Colisão lateral mesmo sentido;Com Vítimas Feridas;Pleno dia;Decrescente;Nublado;Múltipla;Reta;Sim;2;0;0;1;1;0;1;2;-20,22662056;-40,27075088;SPRF-ES;DEL02-ES;UOP01-DEL02-ES
558896;03/11/2023;sexta-feira;15:35:00;BA;116;15,7;VITORIA DA CONQUISTA;Condutor deixou de manter distância do veículo da frente;Colisão traseira;Com Vítimas Feridas;Pleno dia;Crescente;Céu Claro;Simples;Reta;Não;2;0;1;0;1;0;1;2;-14,901007;-40,852475;SPRF-PE;DEL05-PE;UOP03-DEL05-PE
558897;03/11/2023;sexta-feira;17:00:00;BA;110;371;CATU;Acesso irregular;Colisão lateral sentido oposto;Com Vítimas Feridas;Pleno dia;Crescente;Céu Claro;Simples;Reta;Sim;3;0;1;1;1;0;2;2;-12,41152143;-38,43143397;SPRF-BA;DEL01-BA;UOP04-DEL01-BA
558901;03/11/2023;sexta-feira;17:00:00;SC;101;198,2;BIGUACU;Ausência de reação do condutor;Colisão traseira;Com Vítimas Feridas;Pleno dia;Decrescente;Chuva;Dupla;Reta;Não;2;0;1;0;1;0;1;2;-27,52658712;-48,63506019;SPRF-SC;DEL01-SC;UOP01-DEL01-SC
558903;03/11/2023;sexta-feira;16:25:00;RO;319;62;PORTO VELHO;Condutor deixou de manter distância do veículo da frente;Colisão traseira;Com Vítimas Feridas;Pleno dia;Crescente;Céu Claro;Múltipla;Reta;Sim;3;0;1;0;2;0;1;3;-8,7668018;-63,88440013;SPRF-RO;DEL01-RO;UOP01-DEL01-RO
558904;03/11/2023;sexta-feira;17:20:00;PR;116;135;MANDIRITUBA;Pista Escorregadia;Saída de leito carroçável;Com Vítimas Feridas;Pleno dia;Decrescente;Chuva;Dupla;Reta;Não;1;0;1;0;0;0;1;1;-25,724818;-49,317755;SPRF-PR;DEL01-PR;UOP03-DEL01-PR
558906;03/11/2023;sexta-feira;17:00:00;CE;222;4,8;CAUCAIA;Ausência de reação do condutor;Colisão traseira;Com Vítimas Feridas;Anoitecer;Crescente;Céu Claro;Múltipla;Interseção de Vias;Sim;2;0;1;0;1;0;1;2;-3,742583;-38,611628;SPRF-CE;DEL01-CE;UOP01-DEL01-CE
558907;03/11/2023;sexta-feira;17:30:00;PB;230;36;SANTA RITA;Reação tardia ou ineficiente do condutor;Tombamento;Com Vítimas Feridas;Anoitecer;Crescente;Céu Claro;Dupla;"Viaduto;Curva                 ";Sim;1;0;1;0;0;0;1;1;-7,1246;-34,9473;SPRF-PB;DEL01-PB;UOP03-DEL01-PB
558908;03/11/2023;sexta-feira;15:50:00;MG;40;273,3;TRES MARIAS;Ultrapassagem Indevida;Colisão lateral mesmo sentido;Com Vítimas Feridas;Pleno dia;Crescente;Céu Claro;Simples;Reta;Não;2;0;0;1;1;0;1;2;-18,18834859;-45,25219384;SPRF-MG;DEL14-MG;UOP02-DEL14-MG
558909;03/11/2023;sexta-feira;16:45:00;MG;381;767,8;CAMPANHA;Chuva;Capotamento;Com Vítimas Feridas;Pleno dia;Decrescente;Chuva;Dupla;Reta;Não;4;0;3;0;1;0;3;1;-21,76799733;-45,42028285;SPRF-MG;DEL16-MG;UOP02-DEL16-MG
558910;03/11/2023;sexta-feira;17:15:00;GO;50;246,9;CATALAO;Demais falhas mecânicas ou elétricas;Saída de leito carroçável;Sem Vítimas;Pleno dia;Crescente;Nublado;Dupla;Reta;Não;2;0;0;0;2;0;0;1;-17,9343;-47,7877;SPRF-GO;DEL06-GO;UOP01-DEL06-GO
558911;03/11/2023;sexta-feira;18:15:00;RS;290;89;PORTO ALEGRE;Manobra de mudança de faixa;Colisão lateral mesmo sentido;Com Vítimas Feridas;Anoitecer;Decrescente;Nublado;Dupla;Reta;Não;2;0;1;0;1;0;1;2;-29,967892;-51,147331;SPRF-RS;DEL01-RS;UOP01-DEL01-RS
558913;03/11/2023;sexta-feira;15:20:00;BA;110;401;SAO SEBASTIAO DO PASSE;Velocidade Incompatível;Capotamento;Com Vítimas Feridas;Plena Noite;Decrescente;Céu Claro;Simples;Reta;Sim;1;0;1;0;0;0;1;1;-12,50766107;-38,49626949;SPRF-BA;DEL01-BA;UOP01-DEL01-BA
558915;03/11/2023;sexta-feira;18:02:00;SP;116;148;SAO JOSE DOS CAMPOS;Condutor deixou de manter distância do veículo da frente;Colisão traseira;Com Vítimas Feridas;Plena Noite;Decrescente;Chuva;Múltipla;Reta;Sim;4;0;1;0;3;0;1;3;-23,20067421;-45,8795018;SPRF-SP;DEL02-SP;UOP01-DEL02-SP
558916;03/11/2023;sexta-feira;18:50:00;MT;70;91;GENERAL CARNEIRO;Chuva;Saída de leito carroçável;Com Vítimas Feridas;Plena Noite;Crescente;Chuva;Simples;Curva;Não;2;0;2;0;0;0;2;1;-15,58345394;-52,87296884;SPRF-MT;DEL07-MT;UOP01-DEL07-MT
558917;03/11/2023;sexta-feira;17:00:00;MS;262;606,1;MIRANDA;Condutor Dormindo;Tombamento;Com Vítimas Feridas;Pleno dia;Decrescente;Céu Claro;Simples;Reta;Não;1;0;0;1;0;0;1;1;-20,05914612;-56,77506515;SPRF-MS;DEL03-MS;UOP02-DEL03-MS
558918;03/11/2023;sexta-feira;18:00:00;AL;101;202;SAO SEBASTIAO;Pedestre cruzava a pista fora da faixa;Atropelamento de Pedestre;Com Vítimas Fatais;Plena Noite;Decrescente;Céu Claro;Dupla;"Aclive;Reta                   ";Não;3;1;0;0;1;1;0;2;-9,96642507;-36,55066388;SPRF-AL;DEL02-AL;UOP02-DEL02-AL
558919;03/11/2023;sexta-feira;18:10:00;SP;116;214;GUARULHOS;Reação tardia ou ineficiente do condutor;Colisão traseira;Com Vítimas Feridas;Pleno dia;Decrescente;Nublado;Múltipla;Reta;Sim;2;0;1;0;0;1;1;2;-23,44333014;-46,44531294;SPRF-SP;DEL01-SP;UOP01-DEL01-SP
558920;03/11/2023;sexta-feira;19:10:00;GO;40;6,7;VALPARAISO DE GOIAS;Reação tardia ou ineficiente do condutor;Colisão traseira;Com Vítimas Feridas;Plena Noite;Decrescente;Céu Claro;Dupla;Reta;Sim;2;0;1;0;1;0;1;2;-16,100814;-47,977351;SPRF-DF;DEL01-DF;UOP01-DEL01-DF
558923;03/11/2023;sexta-feira;19:28:00;DF;70;9;BRASILIA;Entrada inopinada do pedestre;Queda de ocupante de veículo;Com Vítimas Feridas;Plena Noite;Crescente;Céu Claro;Dupla;Reta;Não;1;0;1;0;0;0;1;1;-15,784615;-48,132023;SPRF-DF;DEL03-DF;UOP02-DEL03-DF
558926;03/11/2023;sexta-feira;19:40:00;MG;381;603,7;OLIVEIRA;Velocidade Incompatível;Saída de leito carroçável;Com Vítimas Feridas;Plena Noite;Crescente;Chuva;Dupla;"Curva;Declive                 ";Não;1;0;1;0;0;0;1;1;-20,62306;-44,733568;SPRF-MG;DEL04-MG;UOP01-DEL04-MG
558927;03/11/2023;sexta-feira;10:20:00;BA;367;50,5;PORTO SEGURO;Acessar a via sem observar a presença dos outros veículos;Colisão transversal;Com Vítimas Feridas;Pleno dia;Crescente;Céu Claro;Simples;Interseção de Vias;Não;2;0;0;1;1;0;1;2;-16,37571254;-39,2921697;SPRF-BA;DEL09-BA;UOP03-DEL09-BA
558928;03/11/2023;sexta-feira;17:40:00;AL;316;147;PALMEIRA DOS INDIOS;Acessar a via sem observar a presença dos outros veículos;Colisão transversal;Com Vítimas Feridas;Plena Noite;Crescente;Céu Claro;Simples;"Interseção de Vias;Reta       ";Sim;3;0;2;0;0;1;2;3;-9,40239145;-36,69602965;SPRF-AL;DEL03-AL;UOP01-DEL03-AL
558929;03/11/2023;sexta-feira;18:00:00;MG;262;801;UBERABA;Reação tardia ou ineficiente do condutor;Colisão traseira;Com Vítimas Feridas;Plena Noite;Crescente;Nublado;Dupla;Reta;Sim;2;0;1;0;1;0;1;2;-19,77920263;-47,955319;SPRF-MG;DEL13-MG;UOP01-DEL13-MG
558930;03/11/2023;sexta-feira;17:20:00;RO;364;671;CANDEIAS DO JAMARI;Avarias e/ou desgaste excessivo no pneu;Saída de leito carroçável;Com Vítimas Feridas;Pleno dia;Crescente;Céu Claro;Simples;Reta;Não;1;0;1;0;0;0;1;1;-8,77689281;-63,50768602;SPRF-RO;DEL01-RO;UOP01-DEL01-RO
558931;03/11/2023;sexta-feira;19:35:00;SC;101;268,1;PAULO LOPES;Condutor Dormindo;Saída de leito carroçável;Com Vítimas Feridas;Plena Noite;Crescente;Chuva;Dupla;Reta;Sim;1;0;0;1;0;0;1;1;-28,08561804;-48,71086526;SPRF-SC;DEL02-SC;UOP03-DEL02-SC
558933;03/11/2023;sexta-feira;19:30:00;SC;101;206,9;SAO JOSE;Objeto estático sobre o leito carroçável;Queda de ocupante de veículo;Com Vítimas Feridas;Pleno dia;Crescente;Céu Claro;Múltipla;Reta;Não;2;0;2;0;0;0;2;1;-27,60001226;-48,6226467;SPRF-SC;DEL01-SC;UOP01-DEL01-SC
558934;03/11/2023;sexta-feira;20:00:00;SC;101;198,1;BIGUACU;Trafegar com motocicleta (ou similar) entre as faixas;Colisão lateral mesmo sentido;Com Vítimas Feridas;Plena Noite;Decrescente;Céu Claro;Múltipla;Reta;Sim;2;0;1;0;1;0;1;2;-27,52750519;-48,63429666;SPRF-SC;DEL01-SC;UOP01-DEL01-SC
558935;03/11/2023;sexta-feira;19:00:00;PE;101;146;RIBEIRAO;Acessar a via sem observar a presença dos outros veículos;Colisão lateral mesmo sentido;Com Vítimas Feridas;Plena Noite;Decrescente;Céu Claro;Dupla;Reta;Não;5;0;0;1;3;1;1;2;-8,46622318;-35,36918374;SPRF-PE;DEL01-PE;UOP03-DEL01-PE
558936;03/11/2023;sexta-feira;19:00:00;SP;153;3,9;ICEM;Ingestão de álcool pelo condutor;Colisão lateral sentido oposto;Com Vítimas Feridas;Anoitecer;Crescente;Chuva;Simples;Reta;Não;4;0;2;0;2;0;2;2;-20,33042017;-49,2128492;SPRF-SP;DEL09-SP;UOP01-DEL09-SP
558937;03/11/2023;sexta-feira;20:05:00;PE;101;70;RECIFE;Objeto estático sobre o leito carroçável;Colisão com objeto;Com Vítimas Fatais;Plena Noite;Crescente;Céu Claro;Múltipla;Reta;Sim;2;1;0;0;1;0;0;2;-8,06776119;-34,94265074;SPRF-PE;DEL01-PE;UOP01-DEL01-PE
558938;03/11/2023;sexta-feira;18:00:00;MG;116;508,9;UBAPORANGA;Retorno proibido;Colisão transversal;Com Vítimas Feridas;Anoitecer;Decrescente;Céu Claro;Simples;Retorno Regulamentado;Sim;2;0;1;0;1;0;1;2;-19,62776197;-42,10624519;SPRF-MG;DEL06-MG;UOP02-DEL06-MG
558939;03/11/2023;sexta-feira;19:30:00;MG;381;348;JOAO MONLEVADE;Reação tardia ou ineficiente do condutor;Queda de ocupante de veículo;Com Vítimas Feridas;Plena Noite;Decrescente;Céu Claro;Simples;"Aclive;Curva                  ";Não;1;0;1;0;0;0;1;1;-19,85243846;-43,14084419;SPRF-MG;DEL03-MG;UOP01-DEL03-MG
558940;03/11/2023;sexta-feira;19:15:00;PE;408;35,4;ALIANCA;Ultrapassagem Indevida;Colisão lateral sentido oposto;Com Vítimas Feridas;Plena Noite;Decrescente;Céu Claro;Simples;Reta;Não;1;0;0;1;0;0;1;1;-7,61111798;-35,23973919;SPRF-PE;DEL01-PE;UOP02-DEL01-PE
558941;03/11/2023;sexta-feira;16:40:00;BA;110;370;CATU;Condutor deixou de manter distância do veículo da frente;Colisão lateral mesmo sentido;Sem Vítimas;Pleno dia;Crescente;Sol;Simples;Rotatória;Sim;4;0;0;0;4;0;0;2;-12,41038544;-38,42231793;SPRF-BA;DEL01-BA;UOP04-DEL01-BA
558942;03/11/2023;sexta-feira;19:25:00;PE;232;411,7;SERRA TALHADA;Animais na Pista;Atropelamento de Animal;Com Vítimas Feridas;Plena Noite;Decrescente;Nublado;Simples;"Reta;Declive                  ";Sim;1;0;1;0;0;0;1;1;-7,97976163;-38,31087404;SPRF-PE;DEL04-PE;UOP01-DEL04-PE
558943;03/11/2023;sexta-feira;17:20:00;RO;421;50,5;MONTE NEGRO;Manobra de mudança de faixa;Colisão lateral sentido oposto;Com Vítimas Feridas;Pleno dia;Crescente;Garoa/Chuvisco;Simples;"Declive;Reta                  ";Sim;3;0;0;1;2;0;1;2;-10,269178;-63,299809;SPRF-RO;DEL03-RO;UOP01-DEL03-RO
558944;03/11/2023;sexta-feira;20:45:00;SP;153;59,2;SAO JOSE DO RIO PRETO;Avarias e/ou desgaste excessivo no pneu;Saída de leito carroçável;Com Vítimas Feridas;Plena Noite;Decrescente;Nublado;Dupla;"Reta;Declive                  ";Não;1;0;1;0;0;0;1;1;-20,78733103;-49,35399276;SPRF-SP;DEL09-SP;UOP01-DEL09-SP
558945;03/11/2023;sexta-feira;18:32:00;AC;364;81;SENADOR GUIOMARD;Pedestre andava na pista;Atropelamento de Pedestre;Com Vítimas Feridas;Plena Noite;Decrescente;Nublado;Simples;Reta;Não;5;0;1;0;4;0;1;2;-10,09820235;-67,43352386;SPRF-AC;DEL01-AC;UOP03-DEL01-AC
558946;03/11/2023;sexta-feira;20:00:00;SC;101;40;JOINVILLE;Desrespeitar a preferência no cruzamento;Colisão lateral mesmo sentido;Com Vítimas Feridas;Plena Noite;Decrescente;Céu Claro;Dupla;"Curva;Interseção de Vias      ";Sim;5;0;1;0;4;0;1;2;-26,27176094;-48,89468382;SPRF-SC;DEL03-SC;UOP01-DEL03-SC
558947;03/11/2023;sexta-feira;19:43:00;PE;232;411,9;SERRA TALHADA;Pedestre andava na pista;Atropelamento de Pedestre;Com Vítimas Feridas;Plena Noite;Crescente;Nublado;Simples;"Curva;Aclive                  ";Sim;4;0;0;2;2;0;2;2;-7,97976163;-38,31087404;SPRF-PE;DEL04-PE;UOP01-DEL04-PE
558948;03/11/2023;sexta-feira;20:15:00;PR;369;141;IBIPORA;Ingestão de álcool pelo condutor;Colisão traseira;Com Vítimas Fatais;Plena Noite;Crescente;Céu Claro;Simples;Declive;Sim;4;1;1;0;1;1;1;4;-23,284097;-51,072498;SPRF-PR;DEL07-PR;UOP01-DEL07-PR
558949;03/11/2023;sexta-feira;20:15:00;GO;40;8,3;VALPARAISO DE GOIAS;Pedestre cruzava a pista fora da faixa;Atropelamento de Pedestre;Com Vítimas Fatais;Plena Noite;Crescente;Nublado;Múltipla;Reta;Sim;3;1;0;2;0;0;2;2;-16,116158;-47,96761;SPRF-DF;DEL01-DF;UOP01-DEL01-DF
558951;03/11/2023;sexta-feira;18:20:00;MG;40;217;JOAO PINHEIRO;Ultrapassagem Indevida;Colisão frontal;Com Vítimas Feridas;Plena Noite;Decrescente;Céu Claro;Simples;Reta;Não;4;0;2;2;0;0;4;2;-17,95652213;-45,67754;SPRF-MG;DEL14-MG;UOP02-DEL14-MG
558952;03/11/2023;sexta-feira;20:30:00;MT;163;892;CLAUDIA;Acumulo de água sobre o pavimento;Saída de leito carroçável;Sem Vítimas;Plena Noite;Crescente;Chuva;Simples;Reta;Não;1;0;0;0;1;0;0;1;-11,50321582;-55,36888313;SPRF-MT;DEL06-MT;UOP02-DEL06-MT
558954;03/11/2023;sexta-feira;20:27:00;RO;NA;NA;CACOAL;Reação tardia ou ineficiente do condutor;Colisão frontal;Sem Vítimas;Plena Noite;Não Informado;Céu Claro;Simples;Reta;Sim;3;0;0;0;3;0;0;2;-11,45748;-61,424783;SPRF-RO;DEL02-RO;UOP02-DEL02-RO
558956;20/10/2023;sexta-feira;19:05:00;GO;153;160;CAMPINORTE;Velocidade Incompatível;Colisão traseira;Com Vítimas Feridas;Plena Noite;Crescente;Céu Claro;Simples;Reta;Não;2;0;2;0;0;0;2;2;-14,168802;-49,124207;SPRF-GO;DEL07-GO;UOP02-DEL07-GO
558958;03/11/2023;sexta-feira;20:30:00;RR;174;533;BOA VISTA;Pista esburacada;Queda de ocupante de veículo;Com Vítimas Feridas;Plena Noite;Crescente;Céu Claro;Simples;Reta;Não;1;0;1;0;0;0;1;1;3,044558;-60,791439;SPRF-RR;DEL01-RR;UOP01-DEL01-RR
558959;03/11/2023;sexta-feira;17:35:00;SC;116;72,8;MONTE CASTELO;Ausência de reação do condutor;Colisão transversal;Com Vítimas Feridas;Pleno dia;Crescente;Céu Claro;Simples;Aclive;Não;4;0;1;1;2;0;2;2;-26,48707;-50,23276105;SPRF-SC;DEL06-SC;UOP02-DEL06-SC
558960;03/11/2023;sexta-feira;19:20:00;SC;282;407,1;CATANDUVAS;Falta de acostamento;Atropelamento de Pedestre;Com Vítimas Fatais;Plena Noite;Decrescente;Nublado;Simples;Curva;Não;2;1;0;0;0;1;0;2;-27,0911732;-51,6610467;SPRF-SC;DEL07-SC;UOP05-DEL07-SC
558961;03/11/2023;sexta-feira;22:25:00;RS;290;89;PORTO ALEGRE;Ausência de reação do condutor;Colisão com objeto;Com Vítimas Feridas;Plena Noite;Decrescente;Céu Claro;Dupla;Reta;Não;1;0;1;0;0;0;1;1;-29,967892;-51,147331;SPRF-RS;DEL01-RS;UOP01-DEL01-RS
558962;03/11/2023;sexta-feira;20:00:00;RJ;116;127;MAGE;Pedestre cruzava a pista fora da faixa;Atropelamento de Pedestre;Com Vítimas Feridas;Plena Noite;Decrescente;Chuva;Dupla;Reta;Sim;2;0;0;1;1;0;1;2;-22,66137035;-43,09295957;SPRF-RJ;DEL04-RJ;UOP02-DEL04-RJ
558963;03/11/2023;sexta-feira;23:10:00;RS;290;88;PORTO ALEGRE;Condutor Dormindo;Colisão com objeto;Com Vítimas Feridas;Plena Noite;Decrescente;Nublado;Dupla;"Reta;Em Obras                 ";Não;2;0;2;0;0;0;2;1;-29,967531;-51,137264;SPRF-RS;DEL01-RS;UOP01-DEL01-RS
558964;23/10/2023;segunda-feira;00:20:00;SE;101;173,3;SANTA LUZIA DO ITANHY;Ingestão de álcool pelo condutor;Colisão traseira;Com Vítimas Feridas;Plena Noite;Decrescente;Céu Claro;Simples;Curva;Não;6;0;2;0;4;0;2;2;-11,33967108;-37,59467979;SPRF-SE;DEL02-SE;UOP01-DEL02-SE
558966;03/11/2023;sexta-feira;19:10:00;GO;153;67;PORANGATU;Ingestão de álcool pelo condutor;Colisão com objeto;Com Vítimas Feridas;Plena Noite;Crescente;Céu Claro;Dupla;Reta;Não;1;0;1;0;0;0;1;1;-13,419951;-49,130875;SPRF-GO;DEL07-GO;UOP01-DEL07-GO
558967;03/11/2023;sexta-feira;21:40:00;RJ;101;444;MANGARATIBA;Demais Fenômenos da natureza;Queda de ocupante de veículo;Com Vítimas Feridas;Plena Noite;Decrescente;Chuva;Simples;Aclive;Não;1;0;1;0;0;0;1;1;-22,98859004;-44,08493971;SPRF-RJ;DEL03-RJ;UOP02-DEL03-RJ
558969;03/11/2023;sexta-feira;23:15:00;RS;116;151,2;CAXIAS DO SUL;Transitar na contramão;Colisão frontal;Com Vítimas Feridas;Plena Noite;Crescente;Nublado;Dupla;Curva;Sim;2;0;2;0;0;0;2;2;-29,18131598;-51,16610885;SPRF-RS;DEL05-RS;UOP01-DEL05-RS
558971;03/11/2023;sexta-feira;20:18:00;MG;365;825;SANTA VITORIA;Chuva;Tombamento;Com Vítimas Feridas;Plena Noite;Crescente;Chuva;Simples;Reta;Não;1;0;1;0;0;0;1;1;-18,88297757;-50,14140179;SPRF-MG;DEL15-MG;UOP03-DEL15-MG
558973;23/09/2023;sábado;11:45:00;PR;476;232;LAPA;Reação tardia ou ineficiente do condutor;Colisão transversal;Com Vítimas Feridas;Pleno dia;Decrescente;Céu Claro;Simples;Reta;Não;2;0;1;0;1;0;1;2;-25,88264628;-50,00240357;SPRF-PR;DEL02-PR;UOP03-DEL02-PR
558977;03/11/2023;sexta-feira;21:50:00;RJ;116;145,5;DUQUE DE CAXIAS;Pedestre cruzava a pista fora da faixa;Atropelamento de Pedestre;Com Vítimas Feridas;Plena Noite;Crescente;Chuva;Múltipla;Reta;Sim;2;0;1;0;1;0;1;2;-22,66237951;-43,25529831;SPRF-RJ;DEL01-RJ;UOP01-DEL01-RJ
558980;04/11/2023;sábado;02:25:00;MG;40;776,1;JUIZ DE FORA;Chuva;Colisão com objeto;Com Vítimas Feridas;Plena Noite;Decrescente;Chuva;Dupla;"Viaduto;Curva                 ";Não;3;0;3;0;0;0;3;1;-21,65017316;-43,43482311;SPRF-MG;DEL05-MG;UOP01-DEL05-MG
558984;04/11/2023;sábado;03:00:00;PR;277;7;PARANAGUA;Condutor Dormindo;Saída de leito carroçável;Sem Vítimas;Plena Noite;Crescente;Céu Claro;Dupla;Reta;Não;2;0;0;0;2;0;0;1;-25,56350388;-48,5956192;SPRF-PR;DEL01-PR;UOP05-DEL01-PR
558985;04/11/2023;sábado;03:40:00;MG;381;921,4;CAMANDUCAIA;Demais falhas mecânicas ou elétricas;Saída de leito carroçável;Com Vítimas Feridas;Plena Noite;Crescente;Céu Claro;Dupla;Curva;Não;2;0;1;0;1;0;1;1;-22,76280218;-46,17028886;SPRF-MG;DEL16-MG;UOP03-DEL16-MG
558986;04/11/2023;sábado;02:40:00;PR;277;725;FOZ DO IGUACU;Velocidade Incompatível;Saída de leito carroçável;Sem Vítimas;Plena Noite;Decrescente;Céu Claro;Dupla;Reta;Sim;1;0;0;0;1;0;0;1;-25,50823541;-54,54619865;SPRF-PR;DEL05-PR;UOP03-DEL05-PR
558989;04/11/2023;sábado;02:50:00;RR;174;445;MUCAJAI;Transitar na contramão;Colisão frontal;Sem Vítimas;Plena Noite;Decrescente;Céu Claro;Simples;Reta;Não;4;0;0;0;4;0;0;2;2,413599;-60,92009;SPRF-RR;DEL01-RR;UOP01-DEL01-RR