id;data_inversa;dia_semana;horario;uf;br;km;municipio;causa_acidente;tipo_acidente;classificacao_acidente;fase_dia;sentido_via;condicao_metereologica;tipo_pista;tracado_via;uso_solo;pessoas;mortos;feridos_leves;feridos_graves;ilesos;ignorados;feridos;veiculos;latitude;longitude;regional;delegacia;uop
558991;04/11/2023;sábado;03:00:00;RS;287;277;SAO PEDRO DO SUL;Animais na Pista;Atropelamento de Animal;Com Vítimas Feridas;Plena Noite;Decrescente;Céu Claro;Simples;"Reta;Aclive                   ";Não;19;0;16;3;0;0;19;1;-29,65670498;-54,14486499;SPRF-RS;DEL09-RS;UOP01-DEL09-RS
558992;04/11/2023;sábado;03:30:00;MG;40;478,2;SETE LAGOAS;Velocidade Incompatível;Saída de leito carroçável;Com Vítimas Feridas;Plena Noite;Decrescente;Chuva;Múltipla;Curva;Não;1;0;0;1;0;0;1;1;-19,52968;-44,25849;SPRF-MG;DEL02-MG;UOP01-DEL02-MG
558993;04/11/2023;sábado;04:00:00;MG;116;517,4;UBAPORANGA;Ausência de reação do condutor;Saída de leito carroçável;Com Vítimas Feridas;Plena Noite;Decrescente;Nublado;Simples;Reta;Não;2;0;2;0;0;0;2;1;-19,70492713;-42,11720373;SPRF-MG;DEL06-MG;UOP02-DEL06-MG
558994;04/11/2023;sábado;04:15:00;AL;104;27,9;UNIAO DOS PALMARES;Animais na Pista;Atropelamento de Animal;Com Vítimas Feridas;Amanhecer;Decrescente;Céu Claro;Simples;Reta;Não;4;0;2;0;2;0;2;2;-9,1067628;-36,05271491;SPRF-AL;DEL01-AL;UOP02-DEL01-AL
558996;04/11/2023;sábado;04:30:00;PR;277;595,5;CASCAVEL;Ingestão de álcool pelo condutor;Colisão transversal;Com Vítimas Feridas;Plena Noite;Crescente;Céu Claro;Simples;"Reta;Interseção de Vias       ";Não;2;0;1;0;1;0;1;2;-24,98154632;-53,50141969;SPRF-PR;DEL04-PR;UOP01-DEL04-PR
558997;04/11/2023;sábado;06:00:00;SC;101;209,7;SAO JOSE;Ingestão de álcool ou de substâncias psicoativas pelo pedestre;Colisão com objeto;Com Vítimas Feridas;Pleno dia;Crescente;Céu Claro;Múltipla;Reta;Não;2;0;2;0;0;0;2;1;-27,61185821;-48,64095926;SPRF-SC;DEL01-SC;UOP01-DEL01-SC
559000;04/11/2023;sábado;05:15:00;PR;376;161;MARINGA;Velocidade Incompatível;Saída de leito carroçável;Com Vítimas Feridas;Amanhecer;Decrescente;Céu Claro;Dupla;"Declive;Rotatória             ";Sim;2;0;0;2;0;0;2;1;-23,37288806;-52,05544353;SPRF-PR;DEL09-PR;UOP01-DEL09-PR
559001;03/11/2023;sexta-feira;20:10:00;PR;163;276;QUATRO PONTES;Pista esburacada;Tombamento;Com Vítimas Feridas;Plena Noite;Decrescente;Nublado;Múltipla;Reta;Não;1;0;0;1;0;0;1;1;-24,60576889;-53,97628605;SPRF-PR;DEL06-PR;UOP02-DEL06-PR
559004;04/11/2023;sábado;03:00:00;RS;470;174,9;VERANOPOLIS;Reação tardia ou ineficiente do condutor;Saída de leito carroçável;Sem Vítimas;Plena Noite;Crescente;Céu Claro;Simples;"Reta;Em Obras                 ";Sim;1;0;0;0;0;1;0;1;-28,92055134;-51,53862476;SPRF-RS;DEL06-RS;UOP02-DEL06-RS
559005;04/11/2023;sábado;06:50:00;ES;101;145,9;LINHARES;Condutor desrespeitou a iluminação vermelha do semáforo;Colisão transversal;Com Vítimas Feridas;Pleno dia;Decrescente;Céu Claro;Múltipla;"Reta;Interseção de Vias       ";Sim;2;0;1;0;0;1;1;2;-19,36089598;-40,06464018;SPRF-ES;DEL04-ES;UOP01-DEL04-ES
559008;04/11/2023;sábado;06:30:00;PR;277;679;MEDIANEIRA;Demais Fenômenos da natureza;Incêndio;Sem Vítimas;Amanhecer;Decrescente;Céu Claro;Dupla;"Reta;Aclive                   ";Não;1;0;0;0;0;1;0;1;-25,31758044;-54,15684223;SPRF-PR;DEL05-PR;UOP01-DEL05-PR
559009;04/11/2023;sábado;06:00:00;RO;174;15;VILHENA;Transitar na contramão;Colisão frontal;Sem Vítimas;Amanhecer;Decrescente;Nublado;Simples;"Interseção de Vias;Reta       ";Sim;2;0;0;0;1;1;0;2;-12,72069462;-60,12754083;SPRF-RO;DEL04-RO;UOP01-DEL04-RO
559012;04/11/2023;sábado;05:50:00;SC;101;85;BARRA VELHA;Avarias e/ou desgaste excessivo no pneu;Saída de leito carroçável;Sem Vítimas;Amanhecer;Crescente;Nublado;Múltipla;Reta;Sim;1;0;0;0;1;0;0;1;-26,62840879;-48,70813584;SPRF-SC;DEL03-SC;UOP02-DEL03-SC
559013;04/11/2023;sábado;07:51:00;DF;40;0,7;BRASILIA;Trafegar com motocicleta (ou similar) entre as faixas;Queda de ocupante de veículo;Com Vítimas Feridas;Pleno dia;Decrescente;Céu Claro;Dupla;Reta;Sim;1;0;1;0;0;0;1;1;-15,976897;-47,990129;SPRF-DF;DEL01-DF;UOP01-DEL01-DF
559014;04/11/2023;sábado;07:15:00;PR;376;593,9;CURITIBA;Pista esburacada;Tombamento;Com Vítimas Feridas;Pleno dia;Crescente;Céu Claro;Dupla;Reta;Sim;2;0;2;0;0;0;2;1;-25,47642706;-49,35092413;SPRF-PR;DEL01-PR;UOP06-DEL01-PR
559016;06/10/2023;sexta-feira;12:13:00;BA;116;423;FEIRA DE SANTANA;Acessar a via sem observar a presença dos outros veículos;Atropelamento de Pedestre;Com Vítimas Feridas;Pleno dia;Crescente;Ignorado;Simples;"Reta;Em Obras                 ";Sim;2;0;1;1;0;0;2;2;-12,233788;-38,975445;SPRF-BA;DEL02-BA;UOP01-DEL02-BA
559018;04/11/2023;sábado;06:40:00;PR;476;273,1;SAO MATEUS DO SUL;Afundamento ou ondulação no pavimento;Colisão frontal;Com Vítimas Fatais;Pleno dia;Decrescente;Sol;Simples;Curva;Não;3;1;1;0;1;0;1;2;-25,894287;-50,368565;SPRF-PR;DEL02-PR;UOP03-DEL02-PR
559019;07/10/2023;sábado;16:00:00;SC;282;6;SAO JOSE;Velocidade Incompatível;Colisão com objeto;Sem Vítimas;Pleno dia;Decrescente;Garoa/Chuvisco;Dupla;Curva;Sim;1;0;0;0;0;1;0;1;-27,591936;-48,618244;SPRF-SC;DEL01-SC;UOP01-DEL01-SC
559020;04/11/2023;sábado;04:30:00;RS;116;238;NOVO HAMBURGO;Reação tardia ou ineficiente do condutor;Colisão com objeto;Sem Vítimas;Plena Noite;Decrescente;Garoa/Chuvisco;Dupla;"Curva;Retorno Regulamentado   ";Sim;1;0;0;0;1;0;0;1;-29,68739789;-51,14197352;SPRF-RS;DEL01-RS;UOP02-DEL01-RS
559021;04/11/2023;sábado;08:00:00;PE;232;14;JABOATAO DOS GUARARAPES;Acumulo de areia ou detritos sobre o pavimento;Queda de ocupante de veículo;Com Vítimas Feridas;Pleno dia;Crescente;Céu Claro;Dupla;Interseção de Vias;Não;2;0;2;0;0;0;2;1;-8,09025488;-35,02052302;SPRF-PE;DEL01-PE;UOP01-DEL01-PE
559024;25/09/2023;segunda-feira;17:00:00;RN;405;24;MOSSORO;Ausência de reação do condutor;Saída de leito carroçável;Com Vítimas Feridas;Anoitecer;Crescente;Céu Claro;Simples;Reta;Não;2;0;0;1;1;0;1;1;-5,269673;-37,53744;SPRF-RN;DEL04-RN;UOP02-DEL04-RN
559026;04/11/2023;sábado;08:15:00;ES;259;58,5;COLATINA;Demais falhas mecânicas ou elétricas;Queda de ocupante de veículo;Com Vítimas Feridas;Pleno dia;Crescente;Céu Claro;Simples;Declive;Sim;1;0;0;1;0;0;1;1;-19,514467;-40,660786;SPRF-ES;DEL02-ES;UOP01-DEL02-ES
559027;04/11/2023;sábado;08:05:00;RS;290;721;URUGUAIANA;Ingestão de álcool pelo condutor;Colisão com objeto;Com Vítimas Feridas;Pleno dia;Decrescente;Sol;Simples;Curva;Não;4;0;1;0;2;1;1;3;-29,758587;-57,060295;SPRF-RS;DEL13-RS;UOP01-DEL13-RS
559028;04/11/2023;sábado;06:40:00;MA;10;272;IMPERATRIZ;Avarias e/ou desgaste excessivo no pneu;Tombamento;Com Vítimas Feridas;Pleno dia;Crescente;Céu Claro;Simples;"Reta;Aclive                   ";Não;2;0;1;1;0;0;2;1;-5,356215;-47,483128;SPRF-MA;DEL04-MA;UOP01-DEL04-MA
559029;04/11/2023;sábado;06:35:00;MG;381;924,5;ITAPEVA;Velocidade Incompatível;Saída de leito carroçável;Com Vítimas Feridas;Pleno dia;Crescente;Nublado;Dupla;Curva;Não;2;0;2;0;0;0;2;1;-22,77050246;-46,23490598;SPRF-MG;DEL16-MG;UOP03-DEL16-MG
559030;04/11/2023;sábado;05:08:00;MT;70;366;CAMPO VERDE;Ausência de reação do condutor;Colisão traseira;Com Vítimas Feridas;Amanhecer;Decrescente;Nublado;Simples;Reta;Não;2;0;0;1;0;1;1;2;-15,47156133;-55,00330391;SPRF-MT;DEL05-MT;UOP02-DEL05-MT
559031;09/07/2023;domingo;18:30:00;MG;381;154,9;GOVERNADOR VALADARES;Ausência de reação do condutor;Colisão traseira;Com Vítimas Feridas;Plena Noite;Decrescente;Ignorado;Simples;Reta;Não;2;0;0;1;0;1;1;2;-18,85748;-41,98443;SPRF-MG;DEL06-MG;UOP01-DEL06-MG
559033;04/11/2023;sábado;07:45:00;RO;364;358;JI-PARANA;Acesso irregular;Saída de leito carroçável;Com Vítimas Feridas;Pleno dia;Crescente;Chuva;Simples;Aclive;Não;1;0;1;0;0;0;1;1;-10,79098663;-62,04115379;SPRF-RO;DEL02-RO;UOP01-DEL02-RO
559034;05/07/2023;quarta-feira;07:40:00;MG;381;205;PERIQUITO;Ausência de reação do condutor;Saída de leito carroçável;Com Vítimas Feridas;Pleno dia;Decrescente;Ignorado;Simples;Reta;Não;2;0;1;1;0;0;2;1;-19,178936;-42,258375;SPRF-MG;DEL06-MG;UOP01-DEL06-MG
559035;11/10/2023;quarta-feira;18:45:00;SC;282;17;PALHOCA;Acessar a via sem observar a presença dos outros veículos;Colisão transversal;Com Vítimas Feridas;Anoitecer;Crescente;Ignorado;Simples;Interseção de Vias;Não;2;0;1;0;0;1;1;2;-27,665707;-48,688065;SPRF-SC;DEL01-SC;UOP02-DEL01-SC
559037;04/11/2023;sábado;09:00:00;SC;101;118;ITAJAI;Reação tardia ou ineficiente do condutor;Queda de ocupante de veículo;Com Vítimas Feridas;Pleno dia;Decrescente;Céu Claro;Múltipla;Reta;Não;1;0;0;1;0;0;1;1;-26,88747188;-48,72252969;SPRF-SC;DEL04-SC;UOP04-DEL04-SC
559038;02/09/2023;sábado;05:30:00;PR;487;159;ARARUNA;Reação tardia ou ineficiente do condutor;Queda de ocupante de veículo;Com Vítimas Feridas;Plena Noite;Decrescente;Céu Claro;Simples;Reta;Sim;1;0;0;1;0;0;1;1;-23,97083098;-52,56158888;SPRF-PR;DEL09-PR;UOP03-DEL09-PR
559039;04/11/2023;sábado;07:15:00;MA;135;30,9;BACABEIRA;Reação tardia ou ineficiente do condutor;Capotamento;Com Vítimas Feridas;Pleno dia;Decrescente;Céu Claro;Dupla;Reta;Não;2;0;2;0;0;0;2;1;-2,804075;-44,37428121;SPRF-MA;DEL01-MA;UOP01-DEL01-MA
559040;04/11/2023;sábado;08:45:00;PR;163;286;MARECHAL CANDIDO RONDON;Desrespeitar a preferência no cruzamento;Colisão frontal;Com Vítimas Feridas;Pleno dia;Decrescente;Céu Claro;Simples;Reta;Sim;2;0;1;0;1;0;1;2;-24,568102;-54,034168;SPRF-PR;DEL06-PR;UOP02-DEL06-PR
559042;04/11/2023;sábado;08:40:00;RJ;465;20;NOVA IGUACU;Acessar a via sem observar a presença dos outros veículos;Colisão transversal;Com Vítimas Feridas;Pleno dia;Decrescente;Céu Claro;Simples;Reta;Sim;3;0;1;0;1;1;1;2;-22,846828;-43,605339;SPRF-RJ;DEL03-RJ;UOP01-DEL03-RJ
559044;04/11/2023;sábado;10:00:00;SP;116;222,8;GUARULHOS;Reação tardia ou ineficiente do condutor;Colisão traseira;Com Vítimas Feridas;Pleno dia;Crescente;Nublado;Múltipla;Reta;Sim;2;0;1;0;1;0;1;2;-23,4751669;-46,5245237;SPRF-SP;DEL01-SP;UOP01-DEL01-SP
559046;04/11/2023;sábado;07:50:00;MA;10;208;RIBAMAR FIQUENE;Acessar a via sem observar a presença dos outros veículos;Colisão transversal;Sem Vítimas;Pleno dia;Decrescente;Céu Claro;Simples;Reta;Não;2;0;0;0;2;0;0;2;-5,898466;-47,365887;SPRF-MA;DEL04-MA;UOP01-DEL04-MA
559047;04/11/2023;sábado;08:50:00;MA;135;3,2;SAO LUIS;Pedestre cruzava a pista fora da faixa;Atropelamento de Pedestre;Com Vítimas Feridas;Pleno dia;Decrescente;Céu Claro;Dupla;Reta;Sim;2;0;0;2;0;0;2;2;-2,606802;-44,247512;SPRF-MA;DEL01-MA;UOP01-DEL01-MA
559049;04/11/2023;sábado;07:00:00;SP;116;493;CAJATI;Ausência de reação do condutor;Saída de leito carroçável;Com Vítimas Feridas;Pleno dia;Decrescente;Sol;Dupla;Reta;Não;2;0;2;0;0;0;2;1;-24,74366848;-48,14208621;SPRF-SP;DEL05-SP;UOP01-DEL05-SP
559050;04/11/2023;sábado;10:45:00;CE;116;64;CHOROZINHO;Desrespeitar a preferência no cruzamento;Colisão transversal;Com Vítimas Feridas;Pleno dia;Crescente;Céu Claro;Simples;"Reta;Rotatória                ";Sim;3;0;0;2;0;1;2;2;-4,29914434;-38,50169957;SPRF-CE;DEL03-CE;UOP02-DEL03-CE
559053;04/11/2023;sábado;10:40:00;ES;101;289;CARIACICA;Manobra de mudança de faixa;Colisão traseira;Com Vítimas Feridas;Pleno dia;Crescente;Sol;Dupla;Reta;Sim;2;0;1;0;1;0;1;2;-20,28029304;-40,39302931;SPRF-ES;DEL01-ES;UOP01-DEL01-ES
559054;04/11/2023;sábado;09:40:00;MS;267;480,9;JARDIM;Desrespeitar a preferência no cruzamento;Colisão transversal;Com Vítimas Feridas;Pleno dia;Decrescente;Céu Claro;Simples;Reta;Sim;2;0;1;0;1;0;1;2;-21,47178327;-56,13379061;SPRF-MS;DEL05-MS;UOP01-DEL05-MS
559055;04/11/2023;sábado;09:50:00;ES;262;76,5;DOMINGOS MARTINS;Reação tardia ou ineficiente do condutor;Saída de leito carroçável;Com Vítimas Feridas;Pleno dia;Crescente;Céu Claro;Simples;Curva;Não;1;0;1;0;0;0;1;1;-20,41279327;-40,90834307;SPRF-ES;DEL01-ES;UOP02-DEL01-ES
559056;04/11/2023;sábado;11:00:00;RS;386;342,9;LAJEADO;Ausência de reação do condutor;Colisão traseira;Com Vítimas Feridas;Pleno dia;Crescente;Céu Claro;Simples;Reta;Sim;3;0;1;0;2;0;1;2;-29,434835;-52,002365;SPRF-RS;DEL04-RS;UOP01-DEL04-RS
559057;04/11/2023;sábado;10:40:00;MA;10;252,3;IMPERATRIZ;Acessar a via sem observar a presença dos outros veículos;Colisão transversal;Com Vítimas Feridas;Pleno dia;Crescente;Céu Claro;Simples;Reta;Sim;2;0;0;2;0;0;2;2;-5,53562;-47,469585;SPRF-MA;DEL04-MA;UOP01-DEL04-MA
559058;04/11/2023;sábado;11:35:00;PB;230;166,2;CAMPINA GRANDE;Transitar no Acostamento;Colisão lateral mesmo sentido;Com Vítimas Feridas;Pleno dia;Crescente;Céu Claro;Simples;Reta;Sim;2;0;1;0;1;0;1;2;-7,1976;-35,955;SPRF-PB;DEL02-PB;UOP02-DEL02-PB
559059;25/09/2023;segunda-feira;19:30:00;RS;448;13;CANOAS;Reação tardia ou ineficiente do condutor;Capotamento;Com Vítimas Feridas;Plena Noite;Decrescente;Chuva;Múltipla;Reta;Não;2;0;1;1;0;0;2;1;-29,920603;-51,231792;SPRF-RS;DEL01-RS;UOP01-DEL01-RS
559064;04/11/2023;sábado;11:40:00;PE;101;54;PAULISTA;Manobra de mudança de faixa;Colisão transversal;Com Vítimas Feridas;Pleno dia;Crescente;Céu Claro;Dupla;"Reta;Declive                  ";Não;6;0;0;4;2;0;4;4;-7,948233;-34,906585;SPRF-PE;DEL01-PE;UOP02-DEL01-PE
559065;04/11/2023;sábado;11:30:00;MG;262;17,6;MARTINS SOARES;Transitar na contramão;Colisão frontal;Com Vítimas Feridas;Pleno dia;Crescente;Céu Claro;Simples;"Reta;Declive                  ";Não;3;0;0;2;1;0;2;2;-20,25525472;-41,88789188;SPRF-MG;DEL06-MG;UOP03-DEL06-MG
559066;04/11/2023;sábado;11:46:00;SC;280;51,9;GUARAMIRIM;Retorno proibido;Colisão traseira;Com Vítimas Feridas;Pleno dia;Crescente;Céu Claro;Dupla;"Reta;Em Obras                 ";Sim;5;0;4;0;1;0;4;2;-26,4686;-48,964126;SPRF-SC;DEL03-SC;UOP03-DEL03-SC
559067;04/11/2023;sábado;09:20:00;MA;316;256;SANTA INES;Ausência de reação do condutor;Saída de leito carroçável;Sem Vítimas;Pleno dia;Crescente;Céu Claro;Simples;"Reta;Aclive                   ";Não;2;0;0;0;2;0;0;1;-3,65322;-45,424976;SPRF-MA;DEL02-MA;UOP01-DEL02-MA
559068;17/10/2023;terça-feira;08:40:00;RO;364;234,5;CACOAL;Acumulo de óleo sobre o pavimento;Tombamento;Com Vítimas Feridas;Pleno dia;Decrescente;Céu Claro;Simples;Reta;Não;1;0;0;1;0;0;1;1;-11,45351399;-61,42724812;SPRF-RO;DEL02-RO;UOP02-DEL02-RO
559069;04/11/2023;sábado;12:50:00;MG;381;497;BETIM;Manobra de mudança de faixa;Colisão lateral mesmo sentido;Com Vítimas Feridas;Pleno dia;Crescente;Céu Claro;Dupla;Reta;Sim;3;0;2;0;1;0;2;2;-20,00483625;-44,21367172;SPRF-MG;DEL01-MG;UOP03-DEL01-MG
559070;04/11/2023;sábado;12:10:00;SP;116;454;REGISTRO;Reação tardia ou ineficiente do condutor;Capotamento;Com Vítimas Feridas;Pleno dia;Crescente;Céu Claro;Dupla;Reta;Não;1;0;1;0;0;0;1;1;-24,56704392;-47,87450304;SPRF-SP;DEL05-SP;UOP01-DEL05-SP
559074;04/11/2023;sábado;12:50:00;SC;101;146;ITAPEMA;Condutor deixou de manter distância do veículo da frente;Engavetamento;Com Vítimas Feridas;Pleno dia;Decrescente;Céu Claro;Múltipla;"Reta;Declive                  ";Sim;3;0;1;0;2;0;1;3;-27,08666525;-48,60955587;SPRF-SC;DEL04-SC;UOP03-DEL04-SC
559075;04/11/2023;sábado;10:30:00;PE;428;172,7;PETROLINA;Acessar a via sem observar a presença dos outros veículos;Colisão transversal;Com Vítimas Feridas;Pleno dia;Decrescente;Nublado;Simples;Reta;Não;4;0;0;1;3;0;1;2;-9,25212912;-40,42515725;SPRF-PE;DEL06-PE;UOP01-DEL06-PE
559076;04/11/2023;sábado;13:52:00;RN;405;165;RAFAEL FERNANDES;Problema na suspensão;Capotamento;Com Vítimas Fatais;Pleno dia;Crescente;Sol;Simples;Reta;Não;1;1;0;0;0;0;0;1;-6,22874202;-38,24350596;SPRF-RN;DEL04-RN;UOP02-DEL04-RN
559077;04/11/2023;sábado;13:40:00;ES;101;145,1;LINHARES;Reação tardia ou ineficiente do condutor;Saída de leito carroçável;Com Vítimas Feridas;Pleno dia;Crescente;Céu Claro;Dupla;Reta;Sim;1;0;0;1;0;0;1;1;-19,36089598;-40,06464018;SPRF-ES;DEL04-ES;UOP01-DEL04-ES
559078;04/11/2023;sábado;13:13:00;SP;116;92,6;PINDAMONHANGABA;Ingestão de álcool pelo condutor;Atropelamento de Pedestre;Com Vítimas Feridas;Pleno dia;Decrescente;Céu Claro;Dupla;Reta;Não;4;0;0;1;1;2;1;2;-22,94792286;-45,39587407;SPRF-SP;DEL08-SP;UOP01-DEL08-SP
559080;04/11/2023;sábado;14:15:00;TO;10;456;PALMAS;Demais falhas mecânicas ou elétricas;Colisão com objeto;Com Vítimas Feridas;Pleno dia;Decrescente;Céu Claro;Dupla;Reta;Não;3;0;1;2;0;0;3;1;-10,20863984;-48,15545194;SPRF-TO;DEL01-TO;UOP03-DEL01-TO
559084;04/11/2023;sábado;14:30:00;CE;116;3;FORTALEZA;Manobra de mudança de faixa;Colisão lateral mesmo sentido;Com Vítimas Feridas;Pleno dia;Crescente;Céu Claro;Dupla;Reta;Sim;2;0;1;0;1;0;1;2;-3,77866493;-38,51490171;SPRF-CE;DEL01-CE;UOP02-DEL01-CE
559085;04/11/2023;sábado;14:30:00;MG;40;491;ESMERALDAS;Velocidade Incompatível;Capotamento;Com Vítimas Feridas;Pleno dia;Decrescente;Céu Claro;Dupla;Declive;Não;1;0;0;1;0;0;1;1;-19,62850298;-44,20532179;SPRF-MG;DEL02-MG;UOP01-DEL02-MG
559087;04/11/2023;sábado;14:10:00;AP;210;64;PORTO GRANDE;Ausência de reação do condutor;Saída de leito carroçável;Com Vítimas Feridas;Pleno dia;Decrescente;Céu Claro;Simples;Reta;Não;1;0;0;1;0;0;1;1;0,50794386;-51,12602228;SPRF-AP;DEL01-AP;UOP01-DEL01-AP
559088;04/11/2023;sábado;14:20:00;SP;116;109;TAUBATE;Reação tardia ou ineficiente do condutor;Engavetamento;Com Vítimas Feridas;Pleno dia;Crescente;Céu Claro;Dupla;Reta;Sim;10;0;1;0;9;0;1;3;-23,02871304;-45,54517097;SPRF-SP;DEL02-SP;UOP02-DEL02-SP
559089;04/11/2023;sábado;13:00:00;SC;282;76,2;RANCHO QUEIMADO;Acumulo de água sobre o pavimento;Saída de leito carroçável;Com Vítimas Feridas;Pleno dia;Decrescente;Céu Claro;Simples;Curva;Não;1;0;0;1;0;0;1;1;-27,688168;-49,120075;SPRF-SC;DEL01-SC;UOP03-DEL01-SC
559091;04/11/2023;sábado;15:35:00;PE;101;69;RECIFE;Manobra de mudança de faixa;Colisão lateral mesmo sentido;Sem Vítimas;Pleno dia;Crescente;Céu Claro;Múltipla;Reta;Sim;2;0;0;0;2;0;0;2;-8,061732;-34,945399;SPRF-PE;DEL01-PE;UOP01-DEL01-PE
559092;04/11/2023;sábado;14:00:00;MS;376;169;NOVA ANDRADINA;Ingestão de álcool pelo condutor;Colisão transversal;Sem Vítimas;Pleno dia;Crescente;Sol;Dupla;Interseção de Vias;Não;2;0;0;0;2;0;0;2;-22,31130481;-53,40508306;SPRF-MS;DEL04-MS;UOP04-DEL04-MS
559093;04/11/2023;sábado;16:00:00;SC;101;234;PALHOCA;Mal súbito do condutor;Queda de ocupante de veículo;Com Vítimas Feridas;Pleno dia;Crescente;Céu Claro;Dupla;Reta;Não;1;0;1;0;0;0;1;1;-27,81043812;-48,63537111;SPRF-SC;DEL01-SC;UOP02-DEL01-SC
559094;04/11/2023;sábado;15:40:00;SC;101;86;BARRA VELHA;Reação tardia ou ineficiente do condutor;Colisão transversal;Com Vítimas Feridas;Pleno dia;Decrescente;Sol;Dupla;Curva;Sim;3;0;1;0;1;1;1;2;-26,64436807;-48,68801057;SPRF-SC;DEL03-SC;UOP02-DEL03-SC
559097;04/11/2023;sábado;14:20:00;RS;285;201,2;LAGOA VERMELHA;Acessar a via sem observar a presença dos outros veículos;Colisão transversal;Com Vítimas Feridas;Pleno dia;Decrescente;Céu Claro;Simples;Reta;Sim;4;0;0;1;1;2;1;3;-28,206482;-51,538555;SPRF-RS;DEL08-RS;UOP05-DEL08-RS
559098;04/11/2023;sábado;16:29:00;PE;101;76;RECIFE;Manobra de mudança de faixa;Saída de leito carroçável;Com Vítimas Feridas;Pleno dia;Decrescente;Céu Claro;Dupla;Curva;Sim;2;0;1;0;0;1;1;2;-8,11813811;-34,94329214;SPRF-PE;DEL01-PE;UOP01-DEL01-PE
559099;04/11/2023;sábado;16:40:00;PE;101;65,9;RECIFE;Avarias e/ou desgaste excessivo no pneu;Queda de ocupante de veículo;Com Vítimas Feridas;Pleno dia;Crescente;Céu Claro;Dupla;"Reta;Declive;Viaduto          ";Sim;2;0;1;1;0;0;2;1;-8,02478597;-34,94276635;SPRF-PE;DEL01-PE;UOP01-DEL01-PE
559100;04/11/2023;sábado;16:00:00;MG;262;814;UBERABA;Reação tardia ou ineficiente do condutor;Saída de leito carroçável;Com Vítimas Feridas;Pleno dia;Crescente;Céu Claro;Múltipla;Reta;Não;2;0;0;1;1;0;1;1;-19,76506609;-48,12286402;SPRF-MG;DEL13-MG;UOP01-DEL13-MG
559102;04/11/2023;sábado;15:35:00;SC;470;44,5;GASPAR;Reação tardia ou ineficiente do condutor;Colisão traseira;Com Vítimas Feridas;Pleno dia;Crescente;Céu Claro;Dupla;Reta;Sim;3;0;2;0;1;0;2;2;-26,870665;-49,021896;SPRF-SC;DEL04-SC;UOP01-DEL04-SC
559104;04/11/2023;sábado;16:40:00;SC;101;216,2;PALHOCA;Manobra de mudança de faixa;Colisão lateral mesmo sentido;Com Vítimas Feridas;Pleno dia;Crescente;Céu Claro;Dupla;Reta;Sim;4;0;1;0;3;0;1;3;-27,65981409;-48,67747798;SPRF-SC;DEL01-SC;UOP02-DEL01-SC
559105;04/11/2023;sábado;11:30:00;MG;116;277;TEOFILO OTONI;Retorno proibido;Colisão transversal;Com Vítimas Feridas;Pleno dia;Decrescente;Céu Claro;Simples;Reta;Sim;2;0;1;0;1;0;1;2;-17,859945;-41,515144;SPRF-MG;DEL11-MG;UOP01-DEL11-MG
559107;04/11/2023;sábado;16:40:00;SP;116;104;TAUBATE;Ingestão de álcool e/ou substâncias psicoativas pelo pedestre;Engavetamento;Sem Vítimas;Pleno dia;Crescente;Céu Claro;Dupla;Reta;Sim;3;0;0;0;3;0;0;3;-23,00340176;-45,50626912;SPRF-SP;DEL02-SP;UOP02-DEL02-SP
559108;04/11/2023;sábado;17:00:00;ES;259;0,6;JOAO NEIVA;Acessar a via sem observar a presença dos outros veículos;Colisão lateral mesmo sentido;Com Vítimas Feridas;Pleno dia;Decrescente;Céu Claro;Simples;Reta;Não;2;0;0;1;0;1;1;2;-19,74414601;-40,37736297;SPRF-ES;DEL02-ES;UOP01-DEL02-ES
559110;04/11/2023;sábado;17:00:00;SC;101;155;PORTO BELO;Ingestão de álcool pelo condutor;Saída de leito carroçável;Com Vítimas Feridas;Pleno dia;Crescente;Céu Claro;Múltipla;Curva;Não;1;0;1;0;0;0;1;1;-27,16292;-48,61129;SPRF-SC;DEL04-SC;UOP03-DEL04-SC
559111;04/11/2023;sábado;15:30:00;SC;101;196,6;BIGUACU;Ingestão de álcool pelo condutor;Queda de ocupante de veículo;Com Vítimas Feridas;Pleno dia;Crescente;Céu Claro;Dupla;Reta;Sim;1;0;1;0;0;0;1;1;-27,51101091;-48,64322292;SPRF-SC;DEL01-SC;UOP01-DEL01-SC
559112;04/11/2023;sábado;17:00:00;PE;424;101,3;BREJAO;Acessar a via sem observar a presença dos outros veículos;Colisão frontal;Com Vítimas Feridas;Pleno dia;Crescente;Céu Claro;Simples;Reta;Não;4;0;0;4;0;0;4;2;-8,96537965;-36,51714353;SPRF-PE;DEL03-PE;UOP01-DEL03-PE
559114;04/11/2023;sábado;17:00:00;SC;470;65,8;INDAIAL;Ausência de reação do condutor;Colisão lateral sentido oposto;Com Vítimas Feridas;Pleno dia;Crescente;Céu Claro;Simples;Reta;Sim;2;0;2;0;0;0;2;2;-26,870472;-49,22122836;SPRF-SC;DEL04-SC;UOP01-DEL04-SC
559115;04/11/2023;sábado;16:21:00;BA;116;355,5;SERRINHA;Reação tardia ou ineficiente do condutor;Colisão traseira;Com Vítimas Feridas;Pleno dia;Crescente;Céu Claro;Simples;Reta;Não;2;0;1;0;0;1;1;2;-11,64321505;-38,98662592;SPRF-BA;DEL02-BA;UOP01-DEL02-BA