id;data_inversa;dia_semana;horario;uf;br;km;municipio;causa_acidente;tipo_acidente;classificacao_acidente;fase_dia;sentido_via;condicao_metereologica;tipo_pista;tracado_via;uso_solo;pessoas;mortos;feridos_leves;feridos_graves;ilesos;ignorados;feridos;veiculos;latitude;longitude;regional;delegacia;uop
559227;05/11/2023;domingo;07:45:00;AL;101;132;SAO MIGUEL DOS CAMPOS;Velocidade Incompatível;Colisão traseira;Com Vítimas Feridas;Pleno dia;Crescente;Céu Claro;Simples;Curva;Não;3;0;1;0;2;0;1;2;-9,77047189;-36,08833407;SPRF-AL;DEL02-AL;UOP01-DEL02-AL
559228;05/11/2023;domingo;08:30:00;SC;101;237,8;PALHOCA;Pista esburacada;Capotamento;Com Vítimas Feridas;Pleno dia;Crescente;Sol;Dupla;Reta;Não;1;0;1;0;0;0;1;1;-27,84260999;-48,63481164;SPRF-SC;DEL01-SC;UOP02-DEL01-SC
559229;30/08/2023;quarta-feira;03:30:00;RJ;101;75,1;CAMPOS DOS GOYTACAZES;Velocidade Incompatível;Colisão com objeto;Com Vítimas Feridas;Plena Noite;Decrescente;Chuva;Simples;Curva;Não;4;0;2;2;0;0;4;1;-21,816525;-41,397686;SPRF-RJ;DEL08-RJ;UOP02-DEL08-RJ
559230;05/11/2023;domingo;08:50:00;PR;116;82;PIRAQUARA;Reação tardia ou ineficiente do condutor;Saída de leito carroçável;Com Vítimas Feridas;Pleno dia;Decrescente;Céu Claro;Múltipla;Reta;Não;2;0;0;1;0;1;1;2;-25,41529716;-49,0678198;SPRF-PR;DEL01-PR;UOP07-DEL01-PR
559232;05/11/2023;domingo;09:00:00;SC;101;336;TUBARAO;Avarias e/ou desgaste excessivo no pneu;Tombamento;Com Vítimas Feridas;Pleno dia;Crescente;Sol;Múltipla;Reta;Sim;3;0;2;0;0;1;2;2;-28,47311347;-49,02437375;SPRF-SC;DEL02-SC;UOP01-DEL02-SC
559235;05/11/2023;domingo;10:45:00;PE;101;42,7;IGARASSU;Manobra de mudança de faixa;Colisão transversal;Com Vítimas Feridas;Pleno dia;Crescente;Céu Claro;Múltipla;Reta;Sim;3;0;0;2;1;0;2;2;-7,83887431;-34,91196739;SPRF-PE;DEL01-PE;UOP02-DEL01-PE
559236;05/11/2023;domingo;10:15:00;GO;60;114;TEREZOPOLIS DE GOIAS;Acesso irregular;Colisão transversal;Com Vítimas Feridas;Pleno dia;Decrescente;Céu Claro;Dupla;Reta;Não;2;0;0;1;1;0;1;2;-16,4633;-49,0636;SPRF-GO;DEL01-GO;UOP01-DEL01-GO
559237;05/11/2023;domingo;10:00:00;DF;70;14;BRASILIA;Velocidade Incompatível;Capotamento;Sem Vítimas;Pleno dia;Crescente;Céu Claro;Dupla;Curva;Não;1;0;0;0;1;0;0;1;-15,798888;-48,185043;SPRF-DF;DEL03-DF;UOP02-DEL03-DF
559238;05/11/2023;domingo;11:00:00;PR;116;0,5;QUATRO BARRAS;Velocidade Incompatível;Saída de leito carroçável;Com Vítimas Feridas;Pleno dia;Decrescente;Céu Claro;Dupla;Curva;Sim;3;0;0;2;1;0;2;1;-25,3478;-49,0493;SPRF-PR;DEL01-PR;UOP02-DEL01-PR
559239;05/11/2023;domingo;11:00:00;SE;235;17,8;LARANJEIRAS;Transitar na contramão;Colisão frontal;Com Vítimas Fatais;Pleno dia;Decrescente;Céu Claro;Simples;Reta;Não;5;1;0;3;1;0;3;2;-10,850533;-37,201527;SPRF-SE;DEL01-SE;UOP02-DEL01-SE
559240;05/11/2023;domingo;11:05:00;SC;101;155;PORTO BELO;Demais falhas mecânicas ou elétricas;Tombamento;Com Vítimas Feridas;Pleno dia;Crescente;Céu Claro;Múltipla;Reta;Não;2;0;2;0;0;0;2;1;-27,16292;-48,61129;SPRF-SC;DEL04-SC;UOP03-DEL04-SC
559241;05/11/2023;domingo;10:25:00;PR;277;540,4;IBEMA;Acessar a via sem observar a presença dos outros veículos;Colisão transversal;Com Vítimas Fatais;Pleno dia;Decrescente;Céu Claro;Simples;Reta;Não;4;1;0;3;0;0;3;2;-25,1045022;-53,03379207;SPRF-PR;DEL04-PR;UOP04-DEL04-PR
559243;05/11/2023;domingo;03:00:00;PI;316;43,8;LAGOA DO PIAUI;Velocidade Incompatível;Saída de leito carroçável;Com Vítimas Feridas;Plena Noite;Decrescente;Céu Claro;Simples;Reta;Não;2;0;0;1;0;1;1;1;-5,42838588;-42,6368727;SPRF-PI;DEL01-PI;UOP02-DEL01-PI
559245;05/11/2023;domingo;12:30:00;SC;101;207,5;SAO JOSE;Ausência de reação do condutor;Colisão traseira;Com Vítimas Feridas;Pleno dia;Crescente;Céu Claro;Múltipla;Reta;Sim;3;0;1;0;2;0;1;2;-27,60001226;-48,6226467;SPRF-SC;DEL01-SC;UOP01-DEL01-SC
559246;05/11/2023;domingo;10:50:00;RJ;40;109;DUQUE DE CAXIAS;Demais falhas mecânicas ou elétricas;Tombamento;Com Vítimas Feridas;Pleno dia;Crescente;Céu Claro;Múltipla;Reta;Sim;2;0;0;1;1;0;1;1;-22,67374628;-43,28638368;SPRF-RJ;DEL01-RJ;UOP01-DEL01-RJ
559247;05/11/2023;domingo;11:40:00;PE;316;326,4;FLORESTA;Acessar a via sem observar a presença dos outros veículos;Colisão transversal;Com Vítimas Feridas;Pleno dia;Decrescente;Céu Claro;Simples;Reta;Não;2;0;0;1;1;0;1;2;-8,7357162;-38,44315001;SPRF-PE;DEL04-PE;UOP03-DEL04-PE
559248;05/11/2023;domingo;10:30:00;MS;163;485;CAMPO GRANDE;Ausência de reação do condutor;Colisão traseira;Com Vítimas Feridas;Pleno dia;Crescente;Céu Claro;Simples;Reta;Sim;3;0;1;0;2;0;1;2;-20,44233707;-54,54201834;SPRF-MS;DEL01-MS;UOP02-DEL01-MS
559249;05/11/2023;domingo;11:00:00;SP;116;142,8;SAO JOSE DOS CAMPOS;Reação tardia ou ineficiente do condutor;Saída de leito carroçável;Com Vítimas Feridas;Pleno dia;Crescente;Sol;Dupla;Reta;Sim;1;0;1;0;0;0;1;1;-23,17426078;-45,82940111;SPRF-SP;DEL02-SP;UOP01-DEL02-SP
559250;05/11/2023;domingo;10:00:00;BA;324;574;SAO SEBASTIAO DO PASSE;Reação tardia ou ineficiente do condutor;Colisão com objeto;Com Vítimas Feridas;Pleno dia;Crescente;Céu Claro;Simples;"Curva;Aclive;Interseção de Via";Não;2;0;2;0;0;0;2;1;-12,57693905;-38,54048625;SPRF-BA;DEL01-BA;UOP01-DEL01-BA
559251;05/11/2023;domingo;12:15:00;DF;70;16;BRASILIA;Trafegar com motocicleta (ou similar) entre as faixas;Colisão traseira;Sem Vítimas;Pleno dia;Decrescente;Céu Claro;Dupla;Reta;Sim;2;0;0;0;2;0;0;2;-15,796144;-48,194225;SPRF-DF;DEL03-DF;UOP02-DEL03-DF
559253;05/11/2023;domingo;12:10:00;GO;40;2;VALPARAISO DE GOIAS;Condutor deixou de manter distância do veículo da frente;Engavetamento;Sem Vítimas;Pleno dia;Crescente;Céu Claro;Dupla;Reta;Sim;6;0;0;0;6;0;0;3;-16,067129;-47,984235;SPRF-DF;DEL01-DF;UOP01-DEL01-DF
559257;05/11/2023;domingo;11:00:00;MG;381;832;SAO SEBASTIAO DA BELA VISTA;Velocidade Incompatível;Queda de ocupante de veículo;Com Vítimas Feridas;Pleno dia;Decrescente;Céu Claro;Dupla;Reta;Não;2;0;1;0;0;1;1;2;-22,15138412;-45,82353661;SPRF-MG;DEL16-MG;UOP01-DEL16-MG
559258;30/08/2023;quarta-feira;07:40:00;PE;101;56,7;RECIFE;Ausência de reação do condutor;Colisão traseira;Com Vítimas Feridas;Pleno dia;Crescente;Céu Claro;Dupla;"Retorno Regulamentado;Reta    ";Sim;2;0;0;1;0;1;1;2;-7,96275617;-34,91503358;SPRF-PE;DEL01-PE;UOP02-DEL01-PE
559260;05/11/2023;domingo;12:40:00;PR;277;83;CURITIBA;Ausência de reação do condutor;Colisão traseira;Com Vítimas Feridas;Pleno dia;Crescente;Céu Claro;Dupla;Reta;Sim;5;0;1;0;4;0;1;2;-25,568939;-49,181978;SPRF-PR;DEL01-PR;UOP07-DEL01-PR
559261;05/11/2023;domingo;09:00:00;RJ;40;101;DUQUE DE CAXIAS;Demais falhas mecânicas ou elétricas;Colisão com objeto;Com Vítimas Feridas;Pleno dia;Decrescente;Céu Claro;Dupla;Reta;Não;1;0;0;1;0;0;1;1;-22,60246485;-43,28380739;SPRF-RJ;DEL01-RJ;UOP01-DEL01-RJ
559262;05/11/2023;domingo;13:25:00;MG;381;921,2;CAMANDUCAIA;Velocidade Incompatível;Tombamento;Com Vítimas Feridas;Pleno dia;Decrescente;Sol;Dupla;"Declive;Curva                 ";Não;2;0;2;0;0;0;2;1;-22,76164013;-46,1631554;SPRF-MG;DEL16-MG;UOP03-DEL16-MG
559263;05/11/2023;domingo;10:30:00;SC;163;97;SAO JOSE DO CEDRO;Acesso irregular;Colisão transversal;Com Vítimas Feridas;Pleno dia;Crescente;Céu Claro;Simples;Em Obras;Não;5;0;3;0;2;0;3;2;-26,50303017;-53,50925446;SPRF-SC;DEL07-SC;UOP03-DEL07-SC
559264;05/11/2023;domingo;12:31:00;MG;40;277,8;TRES MARIAS;Acessar a via sem observar a presença dos outros veículos;Colisão transversal;Sem Vítimas;Pleno dia;Crescente;Céu Claro;Simples;Aclive;Não;2;0;0;0;1;1;0;2;-18,21264695;-45,22480595;SPRF-MG;DEL14-MG;UOP02-DEL14-MG
559265;15/09/2023;sexta-feira;19:30:00;PI;343;343;TERESINA;Ingestão de álcool pelo condutor;Colisão traseira;Com Vítimas Feridas;Plena Noite;Crescente;Céu Claro;Simples;"Reta;Viaduto                  ";Sim;2;0;1;0;1;0;1;2;-5,087362;-42,757851;SPRF-PI;DEL01-PI;UOP01-DEL01-PI
559266;05/11/2023;domingo;13:00:00;RJ;101;297;ITABORAI;Pedestre andava na pista;Atropelamento de Pedestre;Com Vítimas Feridas;Pleno dia;Crescente;Céu Claro;Dupla;Curva;Sim;2;0;1;0;1;0;1;2;-22,770672;-42,922564;SPRF-RJ;DEL02-RJ;UOP02-DEL02-RJ
559267;04/11/2023;sábado;22:29:00;SC;158;114;CUNHA PORA;Demais falhas na via;Queda de ocupante de veículo;Com Vítimas Feridas;Plena Noite;Decrescente;Céu Claro;Simples;Reta;Sim;2;0;0;1;0;1;1;2;-26,89286688;-53,18749666;SPRF-SC;DEL07-SC;UOP02-DEL07-SC
559268;05/11/2023;domingo;14:00:00;SC;101;216,5;PALHOCA;Condutor deixou de manter distância do veículo da frente;Colisão traseira;Com Vítimas Feridas;Pleno dia;Crescente;Céu Claro;Múltipla;Reta;Não;3;0;1;0;2;0;1;2;-27,65981409;-48,67747798;SPRF-SC;DEL01-SC;UOP02-DEL01-SC
559269;05/11/2023;domingo;14:35:00;ES;101;345,4;GUARAPARI;Velocidade Incompatível;Colisão lateral mesmo sentido;Com Vítimas Feridas;Pleno dia;Decrescente;Nublado;Dupla;Reta;Sim;2;0;1;1;0;0;2;2;-20,66063026;-40,60867306;SPRF-ES;DEL03-ES;UOP01-DEL03-ES
559270;05/11/2023;domingo;14:40:00;SC;101;130;BALNEARIO CAMBORIU;Trafegar com motocicleta (ou similar) entre as faixas;Colisão traseira;Com Vítimas Feridas;Pleno dia;Decrescente;Sol;Dupla;Reta;Não;2;0;0;1;1;0;1;2;-26,98407618;-48,66977107;SPRF-SC;DEL04-SC;UOP03-DEL04-SC
559271;05/11/2023;domingo;12:10:00;SP;381;57;MAIRIPORA;Ingestão de álcool pelo condutor;Colisão traseira;Com Vítimas Feridas;Pleno dia;Crescente;Céu Claro;Dupla;"Reta;Aclive                   ";Não;3;0;1;0;1;1;1;3;-23,2658219;-46,5839857;SPRF-SP;DEL03-SP;UOP01-DEL03-SP
559272;05/11/2023;domingo;13:10:00;RJ;101;205;CASIMIRO DE ABREU;Acesso irregular;Colisão transversal;Com Vítimas Feridas;Pleno dia;Crescente;Céu Claro;Simples;Reta;Não;3;0;2;0;1;0;2;2;-22,475714;-42,19184;SPRF-RJ;DEL08-RJ;UOP04-DEL08-RJ
559274;05/11/2023;domingo;07:55:00;MT;163;593,4;NOVA MUTUM;Reação tardia ou ineficiente do condutor;Tombamento;Sem Vítimas;Pleno dia;Decrescente;Céu Claro;Dupla;"Reta;Retorno Regulamentado    ";Sim;1;0;0;0;1;0;0;1;-13,861551;-56,086014;SPRF-MT;DEL01-MT;UOP01-DEL01-MT
559275;05/11/2023;domingo;15:00:00;RJ;116;185;NOVA IGUACU;Ausência de reação do condutor;Colisão lateral mesmo sentido;Sem Vítimas;Pleno dia;Decrescente;Sol;Dupla;Reta;Não;2;0;0;0;2;0;0;2;-22,74151051;-43,45351823;SPRF-RJ;DEL01-RJ;UOP02-DEL01-RJ
559277;05/11/2023;domingo;15:00:00;RS;116;126;SAO MARCOS;Retorno proibido;Colisão transversal;Sem Vítimas;Pleno dia;Decrescente;Céu Claro;Simples;Reta;Não;2;0;0;0;1;1;0;2;-29,024646;-51,103623;SPRF-RS;DEL05-RS;UOP01-DEL05-RS
559278;05/11/2023;domingo;14:30:00;BA;324;542;AMELIA RODRIGUES;Pista esburacada;Tombamento;Com Vítimas Feridas;Pleno dia;Decrescente;Céu Claro;Dupla;Curva;Sim;2;0;2;0;0;0;2;1;-12,39373185;-38,77646394;SPRF-BA;DEL01-BA;UOP03-DEL01-BA
559279;05/11/2023;domingo;13:30:00;DF;251;46;BRASILIA;Velocidade Incompatível;Colisão com objeto;Com Vítimas Feridas;Pleno dia;Crescente;Céu Claro;Simples;Reta;Não;1;0;0;1;0;0;1;1;-15,941461;-47,77284622;SPRF-DF;DEL01-DF;UOP01-DEL01-DF
559280;05/11/2023;domingo;15:00:00;MG;40;510;RIBEIRAO DAS NEVES;Condutor deixou de manter distância do veículo da frente;Engavetamento;Sem Vítimas;Pleno dia;Crescente;Céu Claro;Dupla;"Aclive;Reta                   ";Não;3;0;0;0;3;0;0;3;-19,77463885;-44,12321882;SPRF-MG;DEL01-MG;UOP02-DEL01-MG
559282;05/11/2023;domingo;13:40:00;MS;262;239;RIBAS DO RIO PARDO;Entrada inopinada do pedestre;Atropelamento de Pedestre;Com Vítimas Feridas;Pleno dia;Crescente;Céu Claro;Simples;Interseção de Vias;Sim;4;0;0;1;3;0;1;2;-20,45684563;-53,75597803;SPRF-MS;DEL01-MS;UOP01-DEL01-MS
559283;05/11/2023;domingo;15:30:00;RS;290;370,2;VILA NOVA DO SUL;Ingestão de álcool pelo condutor;Saída de leito carroçável;Com Vítimas Feridas;Pleno dia;Crescente;Céu Claro;Simples;Curva;Não;2;0;0;1;1;0;1;1;-30,33786146;-53,87449622;SPRF-RS;DEL09-RS;UOP02-DEL09-RS
559284;05/11/2023;domingo;15:35:00;RS;116;248;SAO LEOPOLDO;Ausência de reação do condutor;Colisão traseira;Sem Vítimas;Pleno dia;Decrescente;Céu Claro;Dupla;Declive;Sim;2;0;0;0;2;0;0;2;-29,77605895;-51,15508618;SPRF-RS;DEL01-RS;UOP02-DEL01-RS
559285;05/11/2023;domingo;15:11:00;GO;153;553;PIRACANJUBA;Manobra de mudança de faixa;Saída de leito carroçável;Com Vítimas Feridas;Pleno dia;Decrescente;Céu Claro;Múltipla;"Reta;Declive                  ";Não;1;0;0;1;0;0;1;1;-17,1682;-49,2117;SPRF-GO;DEL01-GO;UOP03-DEL01-GO
559286;05/11/2023;domingo;16:00:00;SC;101;137,5;BALNEARIO CAMBORIU;Reação tardia ou ineficiente do condutor;Colisão traseira;Com Vítimas Feridas;Pleno dia;Decrescente;Céu Claro;Múltipla;Reta;Sim;3;0;2;0;1;0;2;2;-27,0157238;-48,61192763;SPRF-SC;DEL04-SC;UOP03-DEL04-SC
559287;05/11/2023;domingo;14:10:00;SC;101;329,3;TUBARAO;Manobra de mudança de faixa;Colisão lateral mesmo sentido;Com Vítimas Feridas;Pleno dia;Decrescente;Céu Claro;Dupla;Reta;Não;3;0;2;0;1;0;2;2;-28,44404822;-48,96611372;SPRF-SC;DEL02-SC;UOP01-DEL02-SC
559289;05/11/2023;domingo;13:00:00;PA;308;201;BRAGANCA;Acessar a via sem observar a presença dos outros veículos;Colisão transversal;Com Vítimas Feridas;Pleno dia;Decrescente;Céu Claro;Dupla;Reta;Sim;2;0;0;1;1;0;1;2;-1,06353859;-46,78627896;SPRF-PA;DEL01-PA;UOP03-DEL01-PA
559290;05/11/2023;domingo;13:20:00;CE;116;530;JATI;Demais falhas mecânicas ou elétricas;Incêndio;Sem Vítimas;Pleno dia;Decrescente;Céu Claro;Simples;"Reta;Declive                  ";Não;1;0;0;0;1;0;0;1;-7,69240387;-39,01186406;SPRF-CE;DEL05-CE;UOP03-DEL05-CE
559291;05/11/2023;domingo;16:05:00;RS;116;305;GUAIBA;Reação tardia ou ineficiente do condutor;Colisão traseira;Com Vítimas Feridas;Pleno dia;Crescente;Céu Claro;Simples;Reta;Não;5;0;1;0;4;0;1;3;-30,16312811;-51,37606884;SPRF-RS;DEL02-RS;UOP01-DEL02-RS
559292;05/11/2023;domingo;06:50:00;DF;20;22;BRASILIA;Ingestão de álcool pelo condutor;Saída de leito carroçável;Com Vítimas Feridas;Pleno dia;Decrescente;Céu Claro;Dupla;"Reta;Aclive                   ";Sim;2;0;0;1;0;1;1;2;-15,595297;-47,667912;SPRF-DF;DEL02-DF;UOP01-DEL02-DF
559293;05/11/2023;domingo;15:00:00;BA;101;664,9;ITAGIMIRIM;Acumulo de óleo sobre o pavimento;Colisão com objeto;Com Vítimas Feridas;Pleno dia;Decrescente;Chuva;Simples;Curva;Não;2;0;1;0;1;0;1;1;-16,13745587;-39,60096763;SPRF-BA;DEL09-BA;UOP01-DEL09-BA
559294;05/11/2023;domingo;14:10:00;PA;10;246,5;AURORA DO PARA;Velocidade Incompatível;Colisão lateral sentido oposto;Com Vítimas Feridas;Pleno dia;Crescente;Céu Claro;Simples;"Reta;Declive                  ";Não;2;0;0;1;1;0;1;2;-2,281196;-47,563364;SPRF-PA;DEL02-PA;UOP01-DEL02-PA
559296;05/11/2023;domingo;16:20:00;AL;316;156,5;PALMEIRA DOS INDIOS;Velocidade Incompatível;Colisão traseira;Com Vítimas Feridas;Pleno dia;Crescente;Céu Claro;Simples;Reta;Sim;5;0;2;0;2;1;2;3;-9,42349915;-36,62144959;SPRF-AL;DEL03-AL;UOP01-DEL03-AL
559297;05/11/2023;domingo;16:40:00;SP;101;48,4;UBATUBA;Acessar a via sem observar a presença dos outros veículos;Colisão transversal;Com Vítimas Feridas;Pleno dia;Decrescente;Nublado;Simples;Reta;Sim;2;0;1;0;1;0;1;2;-23,43696329;-45,08768768;SPRF-SP;DEL06-SP;UOP01-DEL06-SP
559298;05/11/2023;domingo;17:05:00;MG;40;508;RIBEIRAO DAS NEVES;Manobra de mudança de faixa;Colisão lateral mesmo sentido;Com Vítimas Feridas;Pleno dia;Crescente;Céu Claro;Dupla;Reta;Sim;2;0;1;0;1;0;1;2;-19,76061249;-44,1347544;SPRF-MG;DEL02-MG;UOP01-DEL02-MG
559299;05/11/2023;domingo;16:50:00;MG;381;360;JOAO MONLEVADE;Velocidade Incompatível;Queda de ocupante de veículo;Com Vítimas Feridas;Pleno dia;Crescente;Céu Claro;Simples;Curva;Não;1;0;1;0;0;0;1;1;-19,85985912;-43,22566968;SPRF-MG;DEL03-MG;UOP01-DEL03-MG
559301;05/11/2023;domingo;15:25:00;MT;70;86;GENERAL CARNEIRO;Demais falhas mecânicas ou elétricas;Colisão frontal;Com Vítimas Feridas;Pleno dia;Decrescente;Céu Claro;Simples;Curva;Não;4;0;3;0;1;0;3;2;-15,62175737;-52,85223412;SPRF-MT;DEL07-MT;UOP01-DEL07-MT
559302;05/11/2023;domingo;16:20:00;RS;290;150;ARROIO DOS RATOS;Ausência de reação do condutor;Colisão traseira;Com Vítimas Feridas;Pleno dia;Crescente;Céu Claro;Simples;Reta;Sim;7;0;1;0;6;0;1;2;-30,105978;-51,706875;SPRF-RS;DEL02-RS;UOP01-DEL02-RS
559303;05/11/2023;domingo;17:30:00;RN;226;4;NATAL;Conversão proibida;Colisão transversal;Com Vítimas Fatais;Plena Noite;Crescente;Céu Claro;Simples;Reta;Sim;2;1;0;1;0;0;1;2;-5,81958019;-35,25969486;SPRF-RN;DEL01-RN;UOP02-DEL01-RN
559305;05/11/2023;domingo;16:35:00;RS;386;426;MONTENEGRO;Ingestão de álcool pelo condutor;Colisão traseira;Sem Vítimas;Pleno dia;Crescente;Sol;Simples;Reta;Não;2;0;0;0;2;0;0;2;-29,821869;-51,352226;SPRF-RS;DEL04-RS;UOP02-DEL04-RS
559307;05/11/2023;domingo;16:35:00;GO;414;338,5;COCALZINHO DE GOIAS;Velocidade Incompatível;Saída de leito carroçável;Com Vítimas Feridas;Pleno dia;Crescente;Chuva;Simples;"Curva;Declive                 ";Não;4;0;2;0;2;0;2;1;-15,536167;-48,622824;SPRF-GO;DEL02-GO;UOP01-DEL02-GO
559308;05/11/2023;domingo;15:51:00;RS;285;587;BOSSOROCA;Frear bruscamente;Saída de leito carroçável;Com Vítimas Feridas;Pleno dia;Crescente;Céu Claro;Simples;Reta;Não;1;0;1;0;0;0;1;1;-28,468699;-55,153973;SPRF-RS;DEL12-RS;UOP01-DEL12-RS
559310;05/11/2023;domingo;17:10:00;PR;116;111,5;SAO JOSE DOS PINHAIS;Ausência de reação do condutor;Tombamento;Com Vítimas Feridas;Pleno dia;Crescente;Céu Claro;Múltipla;Reta;Sim;1;0;1;0;0;0;1;1;-25,555682;-49,272452;SPRF-PR;DEL01-PR;UOP07-DEL01-PR
559311;05/11/2023;domingo;17:25:00;SC;101;222,3;PALHOCA;Animais na Pista;Tombamento;Com Vítimas Feridas;Pleno dia;Decrescente;Céu Claro;Dupla;"Reta;Declive                  ";Sim;2;0;1;1;0;0;2;1;-27,71362208;-48,64996076;SPRF-SC;DEL01-SC;UOP02-DEL01-SC
559312;05/11/2023;domingo;15:00:00;MG;116;456,6;ENGENHEIRO CALDAS;Trafegar com motocicleta (ou similar) entre as faixas;Tombamento;Com Vítimas Feridas;Pleno dia;Crescente;Sol;Simples;"Reta;Declive                  ";Não;1;0;1;0;0;0;1;1;-19,20791484;-42,05180168;SPRF-MG;DEL06-MG;UOP02-DEL06-MG
559313;05/11/2023;domingo;18:00:00;PB;230;26,4;JOAO PESSOA;Ingestão de álcool ou de substâncias psicoativas pelo pedestre;Atropelamento de Pedestre;Com Vítimas Feridas;Plena Noite;Crescente;Céu Claro;Dupla;Reta;Sim;2;0;1;0;1;0;1;2;-7,1693;-34,8782;SPRF-PB;DEL01-PB;UOP01-DEL01-PB
559314;05/11/2023;domingo;16:30:00;SC;282;231,4;LAGES;Acessar a via sem observar a presença dos outros veículos;Colisão transversal;Com Vítimas Feridas;Pleno dia;Crescente;Céu Claro;Simples;"Curva;Interseção de Vias      ";Não;2;0;1;0;1;0;1;2;-27,7869414;-50,4390049;SPRF-SC;DEL05-SC;UOP02-DEL05-SC
559315;05/11/2023;domingo;17:08:00;ES;101;262;SERRA;Manobra de mudança de faixa;Queda de ocupante de veículo;Com Vítimas Feridas;Anoitecer;Crescente;Céu Claro;Múltipla;Reta;Sim;1;0;1;0;0;0;1;1;-20,1572331;-40,27678329;SPRF-ES;DEL02-ES;UOP01-DEL02-ES
559316;05/11/2023;domingo;17:55:00;RN;304;113,1;ACU;Animais na Pista;Atropelamento de Animal;Sem Vítimas;Plena Noite;Crescente;Céu Claro;Simples;Reta;Não;1;0;0;0;1;0;0;1;-5,60581126;-36,91306313;SPRF-RN;DEL04-RN;UOP01-DEL04-RN
559317;05/11/2023;domingo;17:20:00;PR;153;354;REBOUCAS;Avarias e/ou desgaste excessivo no pneu;Saída de leito carroçável;Sem Vítimas;Pleno dia;Decrescente;Céu Claro;Simples;Curva;Não;1;0;0;0;1;0;0;1;-25,63077912;-50,7269568;SPRF-PR;DEL08-PR;UOP02-DEL08-PR
559318;05/11/2023;domingo;18:20:00;SP;116;140,5;SAO JOSE DOS CAMPOS;Ausência de reação do condutor;Colisão lateral mesmo sentido;Com Vítimas Feridas;Anoitecer;Crescente;Céu Claro;Dupla;Reta;Sim;3;0;1;0;1;1;1;2;-23,16577714;-45,81246193;SPRF-SP;DEL02-SP;UOP01-DEL02-SP
559320;05/11/2023;domingo;18:10:00;SC;153;96,6;CONCORDIA;Ausência de reação do condutor;Queda de ocupante de veículo;Com Vítimas Feridas;Pleno dia;Crescente;Céu Claro;Simples;Rotatória;Sim;1;0;1;0;0;0;1;1;-27,22393295;-51,9497323;SPRF-SC;DEL07-SC;UOP04-DEL07-SC
559321;05/11/2023;domingo;18:25:00;RJ;116;182;NOVA IGUACU;Acessar a via sem observar a presença dos outros veículos;Colisão traseira;Sem Vítimas;Plena Noite;Crescente;Céu Claro;Dupla;Reta;Sim;2;0;0;0;2;0;0;2;-22,7567755;-43,43107234;SPRF-RJ;DEL01-RJ;UOP02-DEL01-RJ
559323;05/11/2023;domingo;18:15:00;PR;277;83;CURITIBA;Reação tardia ou ineficiente do condutor;Colisão traseira;Com Vítimas Feridas;Anoitecer;Decrescente;Céu Claro;Dupla;Reta;Sim;2;0;2;0;0;0;2;1;-25,568939;-49,181978;SPRF-PR;DEL01-PR;UOP07-DEL01-PR
559324;05/11/2023;domingo;18:10:00;PR;369;138;IBIPORA;Ingestão de álcool pelo condutor;Colisão transversal;Sem Vítimas;Anoitecer;Crescente;Céu Claro;Dupla;Interseção de Vias;Sim;2;0;0;0;2;0;0;2;-23,27351646;-51,0562402;SPRF-PR;DEL07-PR;UOP01-DEL07-PR
559325;05/11/2023;domingo;11:00:00;SC;470;141;RIO DO SUL;Acessar a via sem observar a presença dos outros veículos;Colisão transversal;Com Vítimas Feridas;Pleno dia;Decrescente;Céu Claro;Dupla;"Reta;Interseção de Vias       ";Sim;4;0;2;0;2;0;2;2;-27,226065;-49,666161;SPRF-SC;DEL04-SC;UOP02-DEL04-SC
559326;05/11/2023;domingo;18:35:00;ES;101;361,5;ANCHIETA;Acessar a via sem observar a presença dos outros veículos;Colisão transversal;Com Vítimas Feridas;Plena Noite;Crescente;Nublado;Simples;Reta;Não;3;0;0;3;0;0;3;2;-20,71074392;-40,72242606;SPRF-ES;DEL03-ES;UOP01-DEL03-ES
559327;05/11/2023;domingo;17:30:00;PR;116;151;MANDIRITUBA;Conversão proibida;Colisão transversal;Com Vítimas Feridas;Anoitecer;Decrescente;Céu Claro;Simples;Reta;Sim;2;0;0;1;1;0;1;2;-25,848757;-49,354595;SPRF-PR;DEL01-PR;UOP03-DEL01-PR
559328;05/11/2023;domingo;18:45:00;SP;116;68,6;APARECIDA;Pedestre andava na pista;Atropelamento de Pedestre;Com Vítimas Feridas;Plena Noite;Crescente;Nublado;Dupla;Reta;Sim;2;0;1;1;0;0;2;2;-22,83354783;-45,21713313;SPRF-SP;DEL08-SP;UOP01-DEL08-SP
559330;05/11/2023;domingo;14:30:00;PE;101;95,9;CABO DE SANTO AGOSTINHO;Velocidade Incompatível;Saída de leito carroçável;Sem Vítimas;Pleno dia;Decrescente;Céu Claro;Dupla;Reta;Sim;4;0;0;0;1;3;0;1;-8,25099;-35,01426;SPRF-PE;DEL01-PE;UOP03-DEL01-PE
559331;05/11/2023;domingo;18:19:00;PE;101;51,3;ABREU E LIMA;Ausência de reação do condutor;Tombamento;Sem Vítimas;Plena Noite;Decrescente;Céu Claro;Múltipla;Reta;Sim;1;0;0;0;0;1;0;1;-7,9169968;-34,89689272;SPRF-PE;DEL01-PE;UOP02-DEL01-PE
559332;05/11/2023;domingo;14:15:00;RS;285;303;PASSO FUNDO;Reação tardia ou ineficiente do condutor;Colisão traseira;Com Vítimas Feridas;Pleno dia;Decrescente;Céu Claro;Simples;Reta;Não;8;0;3;0;5;0;3;2;-28,222252;-52,468494;SPRF-RS;DEL08-RS;UOP03-DEL08-RS