id;data_inversa;dia_semana;horario;uf;br;km;municipio;causa_acidente;tipo_acidente;classificacao_acidente;fase_dia;sentido_via;condicao_metereologica;tipo_pista;tracado_via;uso_solo;pessoas;mortos;feridos_leves;feridos_graves;ilesos;ignorados;feridos;veiculos;latitude;longitude;regional;delegacia;uop
559333;05/11/2023;domingo;18:45:00;RN;304;292;MACAIBA;Transitar na contramão;Colisão lateral sentido oposto;Com Vítimas Feridas;Plena Noite;Crescente;Céu Claro;Simples;"Em Obras;Curva                ";Não;2;0;0;1;1;0;1;2;-5,86807684;-35,38497498;SPRF-RN;DEL01-RN;UOP02-DEL01-RN
559334;05/11/2023;domingo;19:25:00;RJ;116;184;NOVA IGUACU;Ausência de reação do condutor;Colisão traseira;Sem Vítimas;Plena Noite;Crescente;Céu Claro;Dupla;Reta;Sim;2;0;0;0;1;1;0;2;-22,74647215;-43,44594311;SPRF-RJ;DEL01-RJ;UOP02-DEL01-RJ
559336;05/11/2023;domingo;18:25:00;MA;402;6;ROSARIO;Acessar a via sem observar a presença dos outros veículos;Colisão lateral sentido oposto;Sem Vítimas;Plena Noite;Decrescente;Céu Claro;Simples;Reta;Não;3;0;0;0;3;0;0;2;-2,948423;-44,275352;SPRF-MA;DEL01-MA;UOP01-DEL01-MA
559337;05/11/2023;domingo;16:30:00;MG;381;824,3;CAREACU;Velocidade Incompatível;Colisão lateral mesmo sentido;Com Vítimas Feridas;Pleno dia;Crescente;Céu Claro;Dupla;Reta;Não;5;0;4;0;1;0;4;2;-22,12136648;-45,77006905;SPRF-MG;DEL16-MG;UOP01-DEL16-MG
559338;05/11/2023;domingo;16:55:00;MG;381;824,3;CAREACU;Ingestão de álcool pelo condutor;Colisão traseira;Com Vítimas Feridas;Pleno dia;Decrescente;Sol;Dupla;Reta;Não;4;0;1;0;3;0;1;2;-22,08309483;-45,70138693;SPRF-MG;DEL16-MG;UOP01-DEL16-MG
559340;05/11/2023;domingo;18:15:00;PR;116;115;CURITIBA;Manobra de mudança de faixa;Colisão traseira;Sem Vítimas;Pleno dia;Decrescente;Céu Claro;Dupla;"Viaduto;Declive               ";Sim;2;0;0;0;2;0;0;2;-25,54278996;-49,30284262;SPRF-PR;DEL01-PR;UOP07-DEL01-PR
559341;05/11/2023;domingo;19:00:00;PB;101;66;SANTA RITA;Demais falhas na via;Saída de leito carroçável;Sem Vítimas;Plena Noite;Crescente;Céu Claro;Dupla;Reta;Não;1;0;0;0;0;1;0;1;-7,04802898;-35,04348899;SPRF-PB;DEL01-PB;UOP04-DEL01-PB
559342;05/11/2023;domingo;19:15:00;GO;50;278,5;CATALAO;Ingestão de álcool pelo condutor;Colisão traseira;Com Vítimas Feridas;Plena Noite;Crescente;Céu Claro;Simples;Reta;Sim;3;0;2;0;1;0;2;2;-18,1696;-47,92;SPRF-GO;DEL06-GO;UOP01-DEL06-GO
559343;05/11/2023;domingo;19:00:00;CE;20;303;CANINDE;Manobra de mudança de faixa;Colisão lateral mesmo sentido;Com Vítimas Feridas;Plena Noite;Decrescente;Céu Claro;Simples;Reta;Não;3;0;1;0;2;0;1;2;-4,39149091;-39,31367636;SPRF-CE;DEL02-CE;UOP01-DEL02-CE
559344;05/11/2023;domingo;18:45:00;PR;158;527;PATO BRANCO;Acessar a via sem observar a presença dos outros veículos;Colisão transversal;Com Vítimas Feridas;Plena Noite;Decrescente;Céu Claro;Simples;"Curva;Rotatória;Declive       ";Não;4;0;1;0;3;0;1;2;-26,16899899;-52,66361486;SPRF-PR;DEL02-PR;UOP01-DEL02-PR
559345;05/11/2023;domingo;17:50:00;PE;232;62;POMBOS;Ausência de reação do condutor;Queda de ocupante de veículo;Com Vítimas Feridas;Plena Noite;Decrescente;Céu Claro;Dupla;Declive;Não;1;0;0;1;0;0;1;1;-8,15598579;-35,42308007;SPRF-PE;DEL02-PE;UOP02-DEL02PE
559347;05/11/2023;domingo;16:10:00;MT;163;838;SINOP;Ingestão de álcool pelo condutor;Colisão traseira;Sem Vítimas;Pleno dia;Decrescente;Céu Claro;Dupla;Reta;Sim;4;0;0;0;4;0;0;2;-11,960007;-55,516914;SPRF-MT;DEL06-MT;UOP02-DEL06-MT
559348;05/11/2023;domingo;19:42:00;PE;232;134;CARUARU;Ingestão de álcool pelo condutor;Saída de leito carroçável;Com Vítimas Feridas;Plena Noite;Crescente;Céu Claro;Dupla;Reta;Sim;1;0;1;0;0;0;1;1;-8,30853497;-36,02442101;SPRF-PE;DEL02-PE;UOP01-DEL02-PE
559349;05/11/2023;domingo;16:30:00;MA;402;42;MORROS;Ingestão de álcool pelo condutor;Colisão traseira;Com Vítimas Feridas;Pleno dia;Decrescente;Céu Claro;Simples;Reta;Não;5;0;1;2;2;0;3;2;-2,855809;-44,016766;SPRF-MA;DEL01-MA;UOP01-DEL01-MA
559350;05/11/2023;domingo;17:55:00;AL;423;98;DELMIRO GOUVEIA;Ausência de reação do condutor;Queda de ocupante de veículo;Com Vítimas Feridas;Anoitecer;Decrescente;Céu Claro;Simples;Reta;Não;1;0;1;0;0;0;1;1;-9,38431684;-38,14029505;SPRF-BA;DEL07-BA;UOP01-DEL07-BA
559351;05/11/2023;domingo;16:03:00;RO;425;94;NOVA MAMORE;Ingestão de álcool pelo condutor;Capotamento;Sem Vítimas;Pleno dia;Decrescente;Céu Claro;Simples;Reta;Não;1;0;0;0;1;0;0;1;-10,359765;-65,316109;SPRF-RO;DEL01-RO;UOP03-DEL01-RO
559352;05/11/2023;domingo;19:15:00;SC;101;325,5;CAPIVARI DE BAIXO;Condutor deixou de manter distância do veículo da frente;Colisão traseira;Sem Vítimas;Plena Noite;Crescente;Céu Claro;Múltipla;Reta;Não;2;0;0;0;2;0;0;2;-28,42516271;-48,93259193;SPRF-SC;DEL02-SC;UOP01-DEL02-SC
559353;05/11/2023;domingo;17:30:00;PB;230;142;CAMPINA GRANDE;Avarias e/ou desgaste excessivo no pneu;Tombamento;Com Vítimas Feridas;Pleno dia;Crescente;Céu Claro;Dupla;Reta;Não;2;0;2;0;0;0;2;1;-7,2573;-35,8131;SPRF-PB;DEL02-PB;UOP01-DEL02-PB
559355;05/11/2023;domingo;17:10:00;MS;158;91,2;PARANAIBA;Transitar na contramão;Colisão com objeto;Com Vítimas Feridas;Pleno dia;Crescente;Sol;Dupla;"Reta;Rotatória                ";Sim;1;0;0;1;0;0;1;1;-19,656206;-51,203968;SPRF-MS;DEL08-MS;UOP01-DEL08-MS
559356;05/11/2023;domingo;20:10:00;MG;40;522;RIBEIRAO DAS NEVES;Ingestão de álcool pelo condutor;Colisão com objeto;Com Vítimas Feridas;Plena Noite;Crescente;Céu Claro;Dupla;Reta;Sim;2;0;1;0;1;0;1;1;-19,8638731;-44,06749809;SPRF-MG;DEL01-MG;UOP02-DEL01-MG
559357;05/11/2023;domingo;18:30:00;MG;116;583,6;MANHUACU;Reação tardia ou ineficiente do condutor;Saída de leito carroçável;Com Vítimas Feridas;Plena Noite;Crescente;Céu Claro;Simples;Curva;Não;1;0;0;1;0;0;1;1;-20,21424995;-42,18135561;SPRF-MG;DEL06-MG;UOP03-DEL06-MG
559358;05/11/2023;domingo;17:52:00;AC;364;135;RIO BRANCO;Reação tardia ou ineficiente do condutor;Queda de ocupante de veículo;Com Vítimas Feridas;Plena Noite;Crescente;Céu Claro;Dupla;Declive;Sim;1;0;1;0;0;0;1;1;-9,98588117;-67,84523538;SPRF-AC;DEL01-AC;UOP01-DEL01-AC
559359;05/11/2023;domingo;19:20:00;CE;116;2,7;FORTALEZA;Velocidade Incompatível;Colisão traseira;Com Vítimas Feridas;Plena Noite;Decrescente;Céu Claro;Múltipla;Reta;Sim;2;0;0;1;0;1;1;2;-3,77019802;-38,51724508;SPRF-CE;DEL01-CE;UOP02-DEL01-CE
559361;05/11/2023;domingo;18:00:00;RS;293;242,9;DOM PEDRITO;Ingestão de álcool pelo condutor;Capotamento;Com Vítimas Feridas;Pleno dia;Decrescente;Céu Claro;Simples;Reta;Não;1;0;0;1;0;0;1;1;-31,0190622;-54,59990722;SPRF-RS;DEL11-RS;UOP03-DEL11-RS
559362;05/11/2023;domingo;19:00:00;PR;153;452;UNIAO DA VITORIA;Transitar na contramão;Colisão frontal;Com Vítimas Feridas;Plena Noite;Decrescente;Céu Claro;Simples;"Curva;Rotatória               ";Sim;3;0;2;0;1;0;2;2;-26,19602505;-51,08147764;SPRF-PR;DEL02-PR;UOP03-DEL02-PR
559363;05/11/2023;domingo;19:40:00;GO;60;133;GOIANIA;Ingestão de álcool pelo condutor;Queda de ocupante de veículo;Com Vítimas Feridas;Plena Noite;Decrescente;Céu Claro;Dupla;Reta;Não;1;0;1;0;0;0;1;1;-16,5815;-49,1772;SPRF-GO;DEL01-GO;UOP01-DEL01-GO
559364;05/11/2023;domingo;16:30:00;RO;364;587;ITAPUA DO OESTE;Demais falhas mecânicas ou elétricas;Saída de leito carroçável;Com Vítimas Feridas;Pleno dia;Crescente;Sol;Simples;"Reta;Em Obras                 ";Não;2;0;0;2;0;0;2;1;-9,33624397;-63,14204786;SPRF-RO;DEL01-RO;UOP04-DEL01-RO
559366;05/11/2023;domingo;20:28:00;BA;324;605;SIMOES FILHO;Velocidade Incompatível;Colisão com objeto;Sem Vítimas;Plena Noite;Crescente;Céu Claro;Dupla;Reta;Sim;1;0;0;0;1;0;0;1;-12,78605114;-38,40972508;SPRF-BA;DEL01-BA;UOP01-DEL01-BA
559371;05/11/2023;domingo;18:30:00;RJ;101;403;ITAGUAI;Pedestre cruzava a pista fora da faixa;Atropelamento de Pedestre;Com Vítimas Feridas;Plena Noite;Crescente;Nublado;Dupla;Reta;Sim;2;0;0;1;0;1;1;2;-22,85924449;-43,79010059;SPRF-RJ;DEL03-RJ;UOP01-DEL03-RJ
559372;05/11/2023;domingo;20:15:00;RS;287;270;SANTA MARIA;Ingestão de álcool e/ou substâncias psicoativas pelo pedestre;Colisão frontal;Com Vítimas Feridas;Plena Noite;Crescente;Nublado;Simples;Reta;Não;4;0;1;0;3;0;1;2;-29,66545175;-54,10179734;SPRF-RS;DEL09-RS;UOP01-DEL09-RS
559373;05/11/2023;domingo;20:00:00;PE;101;71;RECIFE;Ausência de reação do condutor;Atropelamento de Pedestre;Com Vítimas Feridas;Plena Noite;Crescente;Céu Claro;Dupla;Reta;Sim;3;0;2;1;0;0;3;2;-8,07986935;-34,94322896;SPRF-PE;DEL01-PE;UOP01-DEL01-PE
559375;05/11/2023;domingo;09:00:00;GO;80;122;VILA PROPICIO;Mal súbito do condutor;Saída de leito carroçável;Com Vítimas Feridas;Pleno dia;Decrescente;Sol;Simples;Reta;Não;2;0;0;1;0;1;1;2;-15,208875;-48,697312;SPRF-GO;DEL07-GO;UOP02-DEL07-GO
559376;05/11/2023;domingo;20:40:00;SE;235;39;AREIA BRANCA;Ausência de reação do condutor;Saída de leito carroçável;Com Vítimas Feridas;Plena Noite;Crescente;Céu Claro;Simples;Reta;Não;2;0;2;0;0;0;2;1;-10,769717;-37,35527;SPRF-SE;DEL01-SE;UOP02-DEL01-SE
559377;05/11/2023;domingo;20:30:00;DF;70;0;BRASILIA;Ausência de reação do condutor;Colisão com objeto;Com Vítimas Feridas;Plena Noite;Decrescente;Céu Claro;Dupla;"Reta;Interseção de Vias       ";Sim;1;0;1;0;0;0;1;1;-15,7927;-48,055314;SPRF-DF;DEL03-DF;UOP02-DEL03-DF
559378;05/11/2023;domingo;17:45:00;GO;153;576,3;PIRACANJUBA;Manobra de mudança de faixa;Saída de leito carroçável;Com Vítimas Feridas;Pleno dia;Crescente;Sol;Dupla;Reta;Não;4;0;4;0;0;0;4;1;-17,353;-49,2483;SPRF-GO;DEL03-GO;UOP01-DEL03-GO
559379;05/11/2023;domingo;20:55:00;RS;116;251;SAPUCAIA DO SUL;Demais falhas mecânicas ou elétricas;Incêndio;Sem Vítimas;Plena Noite;Crescente;Céu Claro;Dupla;Reta;Não;1;0;0;0;1;0;0;1;-29,80035406;-51,16550365;SPRF-RS;DEL01-RS;UOP02-DEL01-RS
559380;05/11/2023;domingo;20:30:00;ES;101;253,9;SERRA;Ingestão de álcool pelo condutor;Colisão com objeto;Com Vítimas Feridas;Plena Noite;Decrescente;Céu Claro;Simples;"Reta;Aclive                   ";Não;1;0;1;0;0;0;1;1;-20,10336754;-40,33383553;SPRF-ES;DEL02-ES;UOP01-DEL02-ES
559381;05/11/2023;domingo;17:30:00;BA;101;244;CONCEICAO DO ALMEIDA;Ultrapassagem Indevida;Colisão lateral sentido oposto;Com Vítimas Feridas;Anoitecer;Crescente;Céu Claro;Simples;Curva;Não;5;0;2;1;2;0;3;3;-12,984957;-39,291156;SPRF-BA;DEL01-BA;UOP02-DEL01-BA
559383;05/11/2023;domingo;20:40:00;SC;470;1,2;GASPAR;Retorno proibido;Colisão traseira;Com Vítimas Feridas;Plena Noite;Decrescente;Nublado;Simples;Reta;Sim;4;0;3;0;1;0;3;2;-26,92258985;-48,95890388;SPRF-SC;DEL04-SC;UOP01-DEL04-SC
559385;05/11/2023;domingo;22:00:00;PR;277;63;SAO JOSE DOS PINHAIS;Condutor deixou de manter distância do veículo da frente;Colisão traseira;Com Vítimas Feridas;Plena Noite;Decrescente;Céu Claro;Dupla;Reta;Não;5;0;1;0;4;0;1;2;-25,51413303;-49,12201881;SPRF-PR;DEL01-PR;UOP01-DEL01-PR
559386;05/11/2023;domingo;20:15:00;PR;376;140;NOVA ESPERANCA;Ingestão de álcool pelo condutor;Saída de leito carroçável;Sem Vítimas;Plena Noite;Crescente;Céu Claro;Simples;Reta;Não;1;0;0;0;1;0;0;1;-23,240108;-52,171955;SPRF-PR;DEL09-PR;UOP02-DEL09-PR
559387;05/11/2023;domingo;21:30:00;MG;365;775;ITUIUTABA;Animais na Pista;Atropelamento de Animal;Com Vítimas Feridas;Plena Noite;Decrescente;Céu Claro;Simples;Reta;Não;1;0;1;0;0;0;1;1;-18,9591857;-49,66700998;SPRF-MG;DEL15-MG;UOP03-DEL15-MG
559388;05/11/2023;domingo;15:55:00;PI;343;450;SAO PEDRO DO PIAUI;Condutor Dormindo;Colisão frontal;Com Vítimas Feridas;Pleno dia;Crescente;Céu Claro;Simples;Reta;Não;3;0;2;1;0;0;3;2;-5,912672;-42,689976;SPRF-PI;DEL01-PI;UOP02-DEL01-PI
559389;05/11/2023;domingo;20:54:00;BA;20;11;CORRENTINA;Acumulo de água sobre o pavimento;Capotamento;Com Vítimas Feridas;Plena Noite;Decrescente;Céu Claro;Simples;Reta;Não;4;0;4;0;0;0;4;1;-13,83998111;-46,17490947;SPRF-BA;DEL10-BA;UOP01-DEL10-BA
559390;05/11/2023;domingo;21:00:00;RS;116;648,8;JAGUARAO;Reação tardia ou ineficiente do condutor;Saída de leito carroçável;Com Vítimas Feridas;Plena Noite;Crescente;Céu Claro;Simples;Curva;Não;1;0;1;0;0;0;1;1;-32,50834645;-53,32915957;SPRF-RS;DEL07-RS;UOP03-DEL07-RS
559391;05/11/2023;domingo;21:32:00;RJ;101;541;PARATY;Reação tardia ou ineficiente do condutor;Saída de leito carroçável;Com Vítimas Feridas;Plena Noite;Crescente;Céu Claro;Simples;Reta;Não;1;0;1;0;0;0;1;1;-23,04799632;-44,59099407;SPRF-RJ;DEL03-RJ;UOP04-DEL03-RJ
559392;05/11/2023;domingo;20:00:00;RJ;101;64;CAMPOS DOS GOYTACAZES;Acessar a via sem observar a presença dos outros veículos;Colisão traseira;Com Vítimas Feridas;Plena Noite;Decrescente;Céu Claro;Simples;"Reta;Interseção de Vias       ";Sim;2;0;1;0;1;0;1;2;-21,752406;-41,339792;SPRF-RJ;DEL08-RJ;UOP02-DEL08-RJ
559393;05/11/2023;domingo;21:40:00;SC;282;197;LAGES;Reação tardia ou ineficiente do condutor;Saída de leito carroçável;Sem Vítimas;Plena Noite;Decrescente;Céu Claro;Simples;Reta;Não;1;0;0;0;0;1;0;1;-27,753368;-50,103615;SPRF-SC;DEL05-SC;UOP01-DEL05-SC
559395;05/11/2023;domingo;18:00:00;MT;158;756;BARRA DO GARCAS;Frear bruscamente;Colisão traseira;Com Vítimas Feridas;Plena Noite;Crescente;Céu Claro;Simples;Reta;Não;6;0;2;0;3;1;2;3;-15,543034;-52,20468311;SPRF-MT;DEL07-MT;UOP01-DEL07-MT
559396;05/11/2023;domingo;15:30:00;MA;316;460;CODO;Condutor Dormindo;Colisão traseira;Com Vítimas Feridas;Pleno dia;Crescente;Céu Claro;Simples;Reta;Não;4;0;2;1;1;0;3;3;-4,518064;-44,05735;SPRF-MA;DEL03-MA;UOP01-DEL03-MA
559397;05/11/2023;domingo;16:50:00;PA;163;624;TRAIRAO;Ingestão de álcool pelo condutor;Tombamento;Com Vítimas Feridas;Pleno dia;Decrescente;Nublado;Simples;"Reta;Aclive                   ";Não;2;0;1;0;1;0;1;1;-4,70629765;-56,00399883;SPRF-PA;DEL05-PA;UOP02-DEL05-PA
559398;05/11/2023;domingo;22:30:00;RJ;116;137;MAGE;Condutor deixou de manter distância do veículo da frente;Colisão traseira;Com Vítimas Feridas;Plena Noite;Crescente;Céu Claro;Dupla;Reta;Sim;3;0;0;2;1;0;2;2;-22,64791994;-43,18200799;SPRF-RJ;DEL01-RJ;UOP01-DEL01-RJ
559400;05/11/2023;domingo;21:00:00;PB;230;399,7;POMBAL;Transitar na contramão;Colisão frontal;Com Vítimas Feridas;Plena Noite;Decrescente;Chuva;Simples;"Reta;Aclive                   ";Não;4;0;3;1;0;0;4;2;-6,8295;-37,7572;SPRF-PB;DEL03-PB;UOP02-DEL03-PB
559401;05/11/2023;domingo;20:30:00;MA;222;208;ITAPECURU MIRIM;Ingestão de álcool pelo condutor;Engavetamento;Com Vítimas Feridas;Plena Noite;Crescente;Céu Claro;Dupla;Reta;Sim;5;0;1;0;2;2;1;4;-3,39157076;-44,36271275;SPRF-MA;DEL01-MA;UOP02-DEL01-MA
559402;05/11/2023;domingo;22:30:00;MS;163;525;JARAGUARI;Condutor Dormindo;Saída de leito carroçável;Com Vítimas Feridas;Plena Noite;Crescente;Céu Claro;Simples;Curva;Não;1;0;1;0;0;0;1;1;-20,11771994;-54,44386163;SPRF-MS;DEL01-MS;UOP02-DEL01-MS
559404;05/11/2023;domingo;23:50:00;SP;116;399;MIRACATU;Ausência de reação do condutor;Saída de leito carroçável;Com Vítimas Feridas;Plena Noite;Decrescente;Nublado;Dupla;Reta;Não;1;0;1;0;0;0;1;1;-24,30595991;-47,49203905;SPRF-SP;DEL04-SP;UOP02-DEL04-SP
559405;05/11/2023;domingo;21:50:00;CE;222;35;CAUCAIA;Demais falhas mecânicas ou elétricas;Colisão frontal;Com Vítimas Feridas;Plena Noite;Crescente;Céu Claro;Simples;Reta;Não;4;0;4;0;0;0;4;2;-3,700936;-38,8647996;SPRF-CE;DEL01-CE;UOP01-DEL01-CE
559407;05/11/2023;domingo;23:42:00;PR;369;441;UBIRATA;Ausência de reação do condutor;Saída de leito carroçável;Com Vítimas Feridas;Plena Noite;Crescente;Céu Claro;Simples;"Curva;Aclive                  ";Não;5;0;2;1;1;1;3;2;-24,5181;-52,9326;SPRF-PR;DEL04-PR;UOP03-DEL04-PR
559409;06/11/2023;segunda-feira;00:00:00;PR;277;726,4;FOZ DO IGUACU;Condutor Dormindo;Saída de leito carroçável;Com Vítimas Feridas;Plena Noite;Decrescente;Céu Claro;Dupla;Rotatória;Sim;1;0;1;0;0;0;1;1;-25,5106015;-54,55481999;SPRF-PR;DEL05-PR;UOP03-DEL05-PR
559410;05/11/2023;domingo;23:20:00;MG;381;895;CAMBUI;Ausência de reação do condutor;Saída de leito carroçável;Com Vítimas Feridas;Plena Noite;Decrescente;Céu Claro;Dupla;Reta;Não;1;0;0;1;0;0;1;1;-22,62324893;-46,07503911;SPRF-MG;DEL16-MG;UOP03-DEL16-MG
559412;06/11/2023;segunda-feira;00:00:00;PA;316;50;CASTANHAL;Animais na Pista;Atropelamento de Animal;Com Vítimas Feridas;Plena Noite;Crescente;Céu Claro;Dupla;Reta;Não;1;0;1;0;0;0;1;1;-1,304277;-48,04272;SPRF-PA;DEL01-PA;UOP01-DEL01-PA
559413;05/11/2023;domingo;21:30:00;PR;373;465,4;CORONEL VIVIDA;Acessar a via sem observar a presença dos outros veículos;Colisão transversal;Com Vítimas Feridas;Plena Noite;Crescente;Céu Claro;Simples;"Reta;Declive                  ";Não;3;0;1;0;2;0;1;2;-25,96328584;-52,42820311;SPRF-PR;DEL02-PR;UOP01-DEL02-PR
559414;06/11/2023;segunda-feira;00:10:00;PR;277;69;SAO JOSE DOS PINHAIS;Ausência de reação do condutor;Capotamento;Sem Vítimas;Plena Noite;Decrescente;Nevoeiro/Neblina;Dupla;Reta;Sim;1;0;0;0;0;1;0;1;-25,53715243;-49,07076619;SPRF-PR;DEL01-PR;UOP01-DEL01-PR
559415;05/11/2023;domingo;22:10:00;BA;324;616;SALVADOR;Ingestão de álcool pelo condutor;Capotamento;Sem Vítimas;Plena Noite;Decrescente;Garoa/Chuvisco;Dupla;"Reta;Declive                  ";Sim;3;0;0;0;2;1;0;3;-12,87957905;-38,43213893;SPRF-BA;DEL01-BA;UOP01-DEL01-BA
559416;06/11/2023;segunda-feira;01:20:00;SP;116;328;JUQUITIBA;Reação tardia ou ineficiente do condutor;Colisão frontal;Com Vítimas Feridas;Plena Noite;Decrescente;Céu Claro;Dupla;Reta;Não;2;0;1;0;1;0;1;2;-23,93652709;-47,08014299;SPRF-SP;DEL04-SP;UOP03-DEL04-SP
559417;05/11/2023;domingo;23:00:00;MG;381;420;CAETE;Ausência de sinalização;Saída de leito carroçável;Com Vítimas Feridas;Plena Noite;Crescente;Céu Claro;Dupla;Curva;Não;1;0;1;0;0;0;1;1;-19,7568691;-43,63306046;SPRF-MG;DEL01-MG;UOP01-DEL01-MG
559418;05/11/2023;domingo;23:00:00;MG;381;420;CAETE;Ausência de sinalização;Saída de leito carroçável;Com Vítimas Feridas;Plena Noite;Crescente;Céu Claro;Simples;Curva;Não;1;0;1;0;0;0;1;1;-19,75626326;-43,63125801;SPRF-MG;DEL01-MG;UOP01-DEL01-MG
559419;05/11/2023;domingo;21:00:00;MA;402;16;ROSARIO;Manobra de mudança de faixa;Colisão frontal;Com Vítimas Fatais;Plena Noite;Crescente;Ignorado;Simples;Reta;Não;9;1;5;3;0;0;8;3;-2,931464;-44,188219;SPRF-MA;DEL01-MA;UOP01-DEL01-MA
559420;05/11/2023;domingo;23:00:00;MG;381;420;CAETE;Ausência de sinalização;Saída de leito carroçável;Com Vítimas Feridas;Plena Noite;Crescente;Céu Claro;Dupla;Curva;Não;1;0;0;1;0;0;1;1;-19,77712975;-43,65501412;SPRF-MG;DEL01-MG;UOP01-DEL01-MG
559421;06/11/2023;segunda-feira;01:00:00;RJ;40;109;DUQUE DE CAXIAS;Velocidade Incompatível;Colisão com objeto;Sem Vítimas;Plena Noite;Crescente;Céu Claro;Dupla;Curva;Não;1;0;0;0;0;1;0;1;-22,67374628;-43,28638368;SPRF-RJ;DEL01-RJ;UOP01-DEL01-RJ
559422;06/11/2023;segunda-feira;03:30:00;RJ;40;43;PETROPOLIS;Reação tardia ou ineficiente do condutor;Colisão com objeto;Com Vítimas Feridas;Plena Noite;Decrescente;Céu Claro;Dupla;Curva;Não;1;0;1;0;0;0;1;1;-22,265139;-43,108506;SPRF-RJ;DEL05-RJ;UOP02-DEL05-RJ
559423;06/11/2023;segunda-feira;03:00:00;PI;343;12;PARNAIBA;Condutor desrespeitou a iluminação vermelha do semáforo;Colisão transversal;Com Vítimas Feridas;Plena Noite;Decrescente;Céu Claro;Dupla;"Reta;Interseção de Vias       ";Sim;3;0;0;1;1;1;1;3;-2,910035;-41,753662;SPRF-PI;DEL05-PI;UOP01-DEL05-PI
559424;06/11/2023;segunda-feira;02:45:00;PR;487;125;TUNEIRAS DO OESTE;Animais na Pista;Atropelamento de Animal;Com Vítimas Fatais;Plena Noite;Crescente;Céu Claro;Simples;Reta;Não;1;1;0;0;0;0;0;1;-23,870008;-52,867415;SPRF-PR;DEL09-PR;UOP03-DEL09-PR
559425;06/11/2023;segunda-feira;02:15:00;MT;70;512,8;VARZEA GRANDE;Animais na Pista;Atropelamento de Animal;Sem Vítimas;Plena Noite;Crescente;Céu Claro;Simples;Reta;Sim;1;0;0;0;1;0;0;1;-15,70468823;-56,1213398;SPRF-MT;DEL01-MT;UOP02-DEL01-MT
559426;06/11/2023;segunda-feira;04:20:00;RS;116;242,3;SAO LEOPOLDO;Entrada inopinada do pedestre;Atropelamento de Pedestre;Com Vítimas Feridas;Plena Noite;Crescente;Céu Claro;Dupla;Reta;Sim;3;0;1;0;2;0;1;2;-29,72480613;-51,14896417;SPRF-RS;DEL01-RS;UOP02-DEL01-RS
559427;06/11/2023;segunda-feira;03:30:00;MG;381;762,1;CAMPANHA;Velocidade Incompatível;Capotamento;Com Vítimas Feridas;Plena Noite;Decrescente;Céu Claro;Dupla;Curva;Não;2;0;2;0;0;0;2;1;-21,74008678;-45,38580253;SPRF-MG;DEL16-MG;UOP02-DEL16-MG
559429;06/11/2023;segunda-feira;05:10:00;PE;316;83,4;OURICURI;Condutor Dormindo;Saída de leito carroçável;Sem Vítimas;Pleno dia;Crescente;Nublado;Simples;"Curva;Aclive                  ";Sim;1;0;0;0;1;0;0;1;-7,87885582;-40,07803917;SPRF-PE;DEL05-PE;UOP02-DEL05-PE
559430;06/11/2023;segunda-feira;02:25:00;MG;116;93,4;MEDINA;Reação tardia ou ineficiente do condutor;Capotamento;Com Vítimas Feridas;Amanhecer;Crescente;Nublado;Simples;"Em Obras;Declive;Curva        ";Não;5;0;0;1;4;0;1;1;-16,37582396;-41,47226824;SPRF-MG;DEL11-MG;UOP02-DEL11-MG
559431;05/11/2023;domingo;21:30:00;MS;376;2,1;DOURADOS;Ausência de reação do condutor;Saída de leito carroçável;Com Vítimas Feridas;Plena Noite;Crescente;Céu Claro;Simples;"Aclive;Reta                   ";Não;1;0;1;0;0;0;1;1;-22,2094029;-54,68003689;SPRF-MS;DEL04-MS;UOP01-DEL04-MS
559434;06/11/2023;segunda-feira;05:31:00;ES;262;54,5;MARECHAL FLORIANO;Transitar na contramão;Colisão frontal;Com Vítimas Fatais;Amanhecer;Crescente;Céu Claro;Simples;Reta;Não;3;1;1;0;0;1;1;3;-20,41495529;-40,74098587;SPRF-ES;DEL01-ES;UOP01-DEL01-ES
559436;05/11/2023;domingo;22:40:00;MG;262;422,8;IGARATINGA;Condutor Dormindo;Capotamento;Sem Vítimas;Plena Noite;Decrescente;Céu Claro;Dupla;Reta;Não;2;0;0;0;2;0;0;1;-19,88477767;-44,72993101;SPRF-MG;DEL08-MG;UOP03-DEL08-MG
559437;06/11/2023;segunda-feira;06:30:00;DF;251;59;BRASILIA;Acessar a via sem observar a presença dos outros veículos;Colisão transversal;Com Vítimas Feridas;Pleno dia;Crescente;Céu Claro;Simples;Reta;Não;5;0;1;1;3;0;2;2;-15,948113;-47,845235;SPRF-DF;DEL01-DF;UOP01-DEL01-DF
559440;05/11/2023;domingo;20:30:00;SP;381;27;ATIBAIA;Reação tardia ou ineficiente do condutor;Queda de ocupante de veículo;Sem Vítimas;Plena Noite;Crescente;Céu Claro;Dupla;Reta;Sim;1;0;0;0;0;1;0;1;-23,03325858;-46,54275266;SPRF-SP;DEL03-SP;UOP02-DEL03-SP
559441;06/11/2023;segunda-feira;06:50:00;PR;277;114;CAMPO LARGO;Ausência de reação do condutor;Colisão traseira;Com Vítimas Feridas;Pleno dia;Crescente;Sol;Dupla;Reta;Sim;2;0;0;1;1;0;1;2;-25,44482472;-49,49838638;SPRF-PR;DEL03-PR;UOP03-DEL03-PR