id;data_inversa;dia_semana;horario;uf;br;km;municipio;causa_acidente;tipo_acidente;classificacao_acidente;fase_dia;sentido_via;condicao_metereologica;tipo_pista;tracado_via;uso_solo;pessoas;mortos;feridos_leves;feridos_graves;ilesos;ignorados;feridos;veiculos;latitude;longitude;regional;delegacia;uop
559696;07/11/2023;terça-feira;12:30:00;ES;101;264;SERRA;Acessar a via sem observar a presença dos outros veículos;Colisão lateral mesmo sentido;Com Vítimas Feridas;Pleno dia;Decrescente;Céu Claro;Múltipla;Reta;Sim;2;0;0;1;1;0;1;2;-20,17292791;-40,26736384;SPRF-ES;DEL02-ES;UOP01-DEL02-ES
559698;07/11/2023;terça-feira;13:00:00;PE;232;129;CARUARU;Ausência de reação do condutor;Capotamento;Com Vítimas Feridas;Pleno dia;Crescente;Céu Claro;Dupla;Reta;Não;2;0;2;0;0;0;2;1;-8,30193507;-35,98092002;SPRF-PE;DEL02-PE;UOP01-DEL02-PE
559699;07/11/2023;terça-feira;11:00:00;MG;40;770;JUIZ DE FORA;Reação tardia ou ineficiente do condutor;Colisão traseira;Com Vítimas Feridas;Pleno dia;Decrescente;Céu Claro;Simples;Reta;Não;2;0;1;0;1;0;1;2;-21,59924304;-43,4579108;SPRF-MG;DEL05-MG;UOP01-DEL05-MG
559703;07/11/2023;terça-feira;12:40:00;SC;282;505,2;XANXERE;Desrespeitar a preferência no cruzamento;Colisão transversal;Com Vítimas Feridas;Pleno dia;Decrescente;Céu Claro;Simples;Interseção de Vias;Sim;2;0;1;0;1;0;1;2;-26,885883;-52,418762;SPRF-SC;DEL07-SC;UOP01-DEL07-SC
559704;07/11/2023;terça-feira;13:00:00;GO;40;93;CRISTALINA;Acessar a via sem observar a presença dos outros veículos;Colisão transversal;Com Vítimas Feridas;Pleno dia;Decrescente;Céu Claro;Simples;"Interseção de Vias;Rotatória  ";Não;3;0;1;0;2;0;1;2;-16,736824;-47,61925;SPRF-DF;DEL01-DF;UOP02-DEL01-DF
559705;07/11/2023;terça-feira;11:30:00;SC;280;102,8;SAO BENTO DO SUL;Condutor deixou de manter distância do veículo da frente;Colisão traseira;Com Vítimas Feridas;Pleno dia;Crescente;Sol;Simples;"Reta;Em Obras                 ";Não;2;0;1;0;1;0;1;2;-26,36381888;-49,34016753;SPRF-SC;DEL06-SC;UOP03-DEL06-SC
559706;07/11/2023;terça-feira;13:20:00;ES;101;299;VIANA;Manobra de mudança de faixa;Colisão traseira;Com Vítimas Feridas;Pleno dia;Decrescente;Céu Claro;Dupla;Reta;Sim;2;0;1;0;1;0;1;2;-20,35860628;-40,42327504;SPRF-ES;DEL01-ES;UOP01-DEL01-ES
559707;07/11/2023;terça-feira;08:50:00;BA;415;59;ITABUNA;Velocidade Incompatível;Saída de leito carroçável;Sem Vítimas;Pleno dia;Crescente;Céu Claro;Simples;Reta;Não;1;0;0;0;0;1;0;1;-14,84935309;-39,38554242;SPRF-BA;DEL05-BA;UOP01-DEL05-BA
559708;07/11/2023;terça-feira;13:30:00;RS;116;150;CAXIAS DO SUL;Ausência de reação do condutor;Colisão lateral mesmo sentido;Sem Vítimas;Pleno dia;Decrescente;Céu Claro;Dupla;Retorno Regulamentado;Sim;3;0;0;0;2;1;0;3;-29,168428;-51,158337;SPRF-RS;DEL05-RS;UOP01-DEL05-RS
559710;07/11/2023;terça-feira;14:05:00;SP;116;224;GUARULHOS;Reação tardia ou ineficiente do condutor;Colisão traseira;Com Vítimas Feridas;Pleno dia;Decrescente;Sol;Múltipla;Reta;Sim;3;0;1;0;2;0;1;2;-23,48071896;-46,53271603;SPRF-SP;DEL01-SP;UOP01-DEL01-SP
559711;07/11/2023;terça-feira;13:50:00;SC;282;16,3;PALHOCA;Manobra de mudança de faixa;Colisão lateral mesmo sentido;Com Vítimas Feridas;Pleno dia;Decrescente;Céu Claro;Simples;"Reta;Interseção de Vias       ";Sim;3;0;2;0;1;0;2;2;-27,658611;-48,681847;SPRF-SC;DEL01-SC;UOP02-DEL01-SC
559712;07/11/2023;terça-feira;13:00:00;SP;116;286;ITAPECERICA DA SERRA;Manobra de mudança de faixa;Colisão lateral mesmo sentido;Com Vítimas Feridas;Pleno dia;Decrescente;Céu Claro;Dupla;Reta;Não;4;0;2;0;2;0;2;2;-23,70925128;-46,87588966;SPRF-SP;DEL04-SP;UOP01-DEL04-SP
559714;07/11/2023;terça-feira;11:30:00;PR;376;637;SAO JOSE DOS PINHAIS;Demais falhas mecânicas ou elétricas;Incêndio;Sem Vítimas;Pleno dia;Crescente;Céu Claro;Dupla;Reta;Não;1;0;0;0;0;1;0;1;-25,75614093;-49,12609667;SPRF-PR;DEL01-PR;UOP04-DEL01-PR
559717;12/08/2023;sábado;04:30:00;RN;427;27;ACARI;Reação tardia ou ineficiente do condutor;Atropelamento de Pedestre;Com Vítimas Feridas;Plena Noite;Crescente;Céu Claro;Simples;Reta;Sim;2;0;0;1;0;1;1;2;-6,42921388;-36,64005189;SPRF-RN;DEL03-RN;UOP02-DEL03-RN
559718;07/11/2023;terça-feira;14:00:00;SC;101;217;PALHOCA;Ausência de reação do condutor;Colisão com objeto;Com Vítimas Feridas;Pleno dia;Crescente;Céu Claro;Simples;Reta;Sim;3;0;3;0;0;0;3;1;-27,66779034;-48,67393586;SPRF-SC;DEL01-SC;UOP02-DEL01-SC
559719;07/11/2023;terça-feira;07:30:00;ES;262;66;MARECHAL FLORIANO;Ultrapassagem Indevida;Queda de ocupante de veículo;Com Vítimas Feridas;Pleno dia;Decrescente;Céu Claro;Simples;Curva;Não;1;0;0;1;0;0;1;1;-20,41232421;-40,83191802;SPRF-ES;DEL01-ES;UOP02-DEL01-ES
559722;23/10/2023;segunda-feira;07:50:00;PR;277;75,2;SAO JOSE DOS PINHAIS;Condutor deixou de manter distância do veículo da frente;Colisão lateral mesmo sentido;Com Vítimas Feridas;Pleno dia;Crescente;Céu Claro;Dupla;Reta;Não;2;0;0;1;1;0;1;2;-25,48926567;-49,17802334;SPRF-PR;DEL01-PR;UOP01-DEL01-PR
559725;07/11/2023;terça-feira;14:50:00;SE;235;1,7;ARACAJU;Mal súbito do condutor;Colisão traseira;Sem Vítimas;Pleno dia;Decrescente;Céu Claro;Dupla;Reta;Sim;2;0;0;0;2;0;0;2;-10,9073;-37,0947;SPRF-SE;DEL01-SE;UOP01-DEL01-SE
559726;07/11/2023;terça-feira;13:30:00;RJ;116;184,3;NOVA IGUACU;Condutor deixou de manter distância do veículo da frente;Colisão traseira;Com Vítimas Feridas;Pleno dia;Decrescente;Céu Claro;Dupla;Reta;Sim;3;0;2;0;1;0;2;2;-22,74647215;-43,44594311;SPRF-RJ;DEL01-RJ;UOP02-DEL01-RJ
559729;07/11/2023;terça-feira;13:30:00;BA;324;535;CONCEICAO DO JACUIPE;Reação tardia ou ineficiente do condutor;Colisão traseira;Com Vítimas Feridas;Pleno dia;Decrescente;Chuva;Dupla;Reta;Não;5;0;1;0;4;0;1;2;-12,35775097;-38,82802597;SPRF-BA;DEL01-BA;UOP03-DEL01-BA
559732;05/09/2023;terça-feira;06:40:00;ES;101;266;SERRA;Manobra de mudança de faixa;Queda de ocupante de veículo;Com Vítimas Feridas;Pleno dia;Crescente;Ignorado;Dupla;Reta;Sim;2;0;0;1;0;1;1;2;-20,190199;-40,26828891;SPRF-ES;DEL02-ES;UOP01-DEL02-ES
559734;07/11/2023;terça-feira;15:30:00;SP;116;279;EMBU DAS ARTES;Ausência de reação do condutor;Colisão traseira;Com Vítimas Feridas;Pleno dia;Crescente;Céu Claro;Dupla;Reta;Sim;2;0;1;0;1;0;1;2;-23,66233697;-46,85292907;SPRF-SP;DEL04-SP;UOP01-DEL04-SP
559735;07/11/2023;terça-feira;14:30:00;AL;316;262;PILAR;Acessar a via sem observar a presença dos outros veículos;Colisão transversal;Com Vítimas Feridas;Pleno dia;Crescente;Céu Claro;Simples;Reta;Não;3;0;1;0;2;0;1;2;-9,58962639;-35,89331567;SPRF-AL;DEL02-AL;UOP01-DEL02-AL
559736;07/11/2023;terça-feira;13:40:00;PE;408;33,5;ALIANCA;Acessar a via sem observar a presença dos outros veículos;Colisão transversal;Com Vítimas Feridas;Pleno dia;Decrescente;Céu Claro;Simples;"Reta;Interseção de Vias;Rotató";Não;2;0;1;0;1;0;1;2;-7,599334;-35,242341;SPRF-PE;DEL01-PE;UOP02-DEL01-PE
559738;07/11/2023;terça-feira;14:45:00;SP;381;90;GUARULHOS;Condutor deixou de manter distância do veículo da frente;Colisão traseira;Com Vítimas Feridas;Pleno dia;Crescente;Sol;Múltipla;Reta;Não;2;0;1;0;1;0;1;2;-23,49479479;-46,55959864;SPRF-SP;DEL03-SP;UOP01-DEL03-SP
559739;07/11/2023;terça-feira;14:45:00;BA;324;530;FEIRA DE SANTANA;Pista Escorregadia;Saída de leito carroçável;Com Vítimas Feridas;Pleno dia;Decrescente;Chuva;Dupla;Curva;Não;2;0;1;0;1;0;1;1;-12,32818491;-38,86174193;SPRF-BA;DEL01-BA;UOP03-DEL01-BA
559740;07/11/2023;terça-feira;16:30:00;RN;101;83,8;SAO GONCALO DO AMARANTE;Pedestre cruzava a pista fora da faixa;Atropelamento de Pedestre;Com Vítimas Feridas;Pleno dia;Crescente;Céu Claro;Dupla;Reta;Sim;2;0;0;1;1;0;1;2;-5,7710445;-35,26616981;SPRF-RN;DEL02-RN;UOP01-DEL02-RN
559742;07/11/2023;terça-feira;16:35:00;PR;277;522,3;GUARANIACU;Desrespeitar a preferência no cruzamento;Colisão transversal;Com Vítimas Feridas;Pleno dia;Crescente;Sol;Simples;"Reta;Interseção de Vias       ";Não;5;0;3;0;2;0;3;2;-25,09976;-52,89487;SPRF-PR;DEL04-PR;UOP04-DEL04-PR
559743;07/11/2023;terça-feira;13:45:00;SC;280;81,5;CORUPA;Ultrapassagem Indevida;Colisão lateral mesmo sentido;Com Vítimas Feridas;Pleno dia;Decrescente;Céu Claro;Simples;"Reta;Aclive                   ";Sim;3;0;2;1;0;0;3;2;-26,44057489;-49,217056;SPRF-SC;DEL06-SC;UOP03-DEL06-SC
559747;07/11/2023;terça-feira;16:45:00;PR;476;117,4;COLOMBO;Pista esburacada;Queda de ocupante de veículo;Com Vítimas Feridas;Pleno dia;Crescente;Céu Claro;Dupla;Reta;Sim;2;0;1;0;1;0;1;1;-25,348623;-49,175663;SPRF-PR;DEL01-PR;UOP01-DEL01-PR
559749;07/11/2023;terça-feira;17:20:00;RS;158;317;SANTA MARIA;Reação tardia ou ineficiente do condutor;Colisão traseira;Sem Vítimas;Pleno dia;Decrescente;Céu Claro;Simples;"Curva;Aclive;Em Obras         ";Não;4;0;0;0;4;0;0;2;-29,66005003;-53,77485752;SPRF-RS;DEL09-RS;UOP01-DEL09-RS
559751;07/11/2023;terça-feira;17:20:00;PR;476;117;COLOMBO;Manobra de mudança de faixa;Colisão lateral mesmo sentido;Com Vítimas Feridas;Pleno dia;Decrescente;Sol;Dupla;"Aclive;Reta                   ";Sim;2;0;0;1;1;0;1;2;-25,348623;-49,175663;SPRF-PR;DEL01-PR;UOP01-DEL01-PR
559753;07/11/2023;terça-feira;18:00:00;SP;116;211;GUARULHOS;Reação tardia ou ineficiente do condutor;Engavetamento;Com Vítimas Feridas;Pleno dia;Decrescente;Céu Claro;Múltipla;Reta;Sim;4;0;2;0;2;0;2;4;-23,4324306;-46,4194352;SPRF-SP;DEL01-SP;UOP01-DEL01-SP
559754;07/11/2023;terça-feira;18:18:00;RN;304;32;MOSSORO;Acessar a via sem observar a presença dos outros veículos;Colisão traseira;Com Vítimas Feridas;Plena Noite;Crescente;Céu Claro;Dupla;Reta;Não;3;0;2;0;1;0;2;2;-5,13471117;-37,34486327;SPRF-RN;DEL04-RN;UOP02-DEL04-RN
559756;07/11/2023;terça-feira;17:50:00;PR;116;151;MANDIRITUBA;Acessar a via sem observar a presença dos outros veículos;Colisão lateral mesmo sentido;Com Vítimas Feridas;Pleno dia;Decrescente;Céu Claro;Simples;"Declive;Reta                  ";Não;2;0;1;0;1;0;1;2;-25,82348404;-49,33547684;SPRF-PR;DEL01-PR;UOP03-DEL01-PR
559757;07/11/2023;terça-feira;11:26:00;MA;10;130;ESTREITO;Condutor deixou de manter distância do veículo da frente;Colisão traseira;Com Vítimas Feridas;Pleno dia;Decrescente;Céu Claro;Simples;"Reta;Declive                  ";Sim;3;0;0;1;2;0;1;2;-6,553709;-47,440681;SPRF-MA;DEL04-MA;UOP02-DEL04-MA
559758;07/11/2023;terça-feira;18:10:00;RJ;101;573;PARATY;Acessar a via sem observar a presença dos outros veículos;Colisão transversal;Com Vítimas Feridas;Pleno dia;Crescente;Nublado;Simples;Reta;Sim;2;0;2;0;0;0;2;2;-23,20276908;-44,72989482;SPRF-RJ;DEL03-RJ;UOP04-DEL03-RJ
559760;07/11/2023;terça-feira;18:20:00;RS;290;103;PORTO ALEGRE;Manobra de mudança de faixa;Colisão lateral mesmo sentido;Com Vítimas Feridas;Pleno dia;Crescente;Céu Claro;Dupla;Reta;Sim;2;0;1;0;1;0;1;2;-29,99017;-51,265766;SPRF-RS;DEL01-RS;UOP01-DEL01-RS
559761;07/11/2023;terça-feira;15:15:00;SP;101;46;UBATUBA;Transitar no Acostamento;Colisão frontal;Com Vítimas Feridas;Pleno dia;Crescente;Céu Claro;Simples;Reta;Sim;2;0;0;2;0;0;2;2;-23,42403383;-45,07492113;SPRF-SP;DEL06-SP;UOP01-DEL06-SP
559762;07/11/2023;terça-feira;18:10:00;BA;367;30;PORTO SEGURO;Ingestão de álcool ou de substâncias psicoativas pelo pedestre;Atropelamento de Pedestre;Com Vítimas Feridas;Plena Noite;Crescente;Céu Claro;Simples;Reta;Sim;2;0;1;1;0;0;2;2;-16,41558116;-39,12658393;SPRF-BA;DEL09-BA;UOP03-DEL09-BA
559763;07/11/2023;terça-feira;18:00:00;MG;381;453;SABARA;Acessar a via sem observar a presença dos outros veículos;Colisão transversal;Com Vítimas Feridas;Anoitecer;Decrescente;Sol;Simples;Curva;Sim;3;0;1;0;2;0;1;2;-19,84041234;-43,86110187;SPRF-MG;DEL01-MG;UOP01-DEL01-MG
559764;30/10/2023;segunda-feira;21:50:00;BA;324;516;FEIRA DE SANTANA;Fumaça;Colisão traseira;Com Vítimas Feridas;Plena Noite;Crescente;Céu Claro;Simples;Reta;Sim;2;0;1;0;0;1;1;2;-12,24334629;-38,93663975;SPRF-BA;DEL02-BA;UOP01-DEL02-BA
559766;07/11/2023;terça-feira;07:30:00;RJ;101;317;SAO GONCALO;Condutor deixou de manter distância do veículo da frente;Colisão traseira;Com Vítimas Feridas;Pleno dia;Crescente;Céu Claro;Dupla;Reta;Sim;2;0;1;0;1;0;1;2;-22,83707798;-43,09492006;SPRF-RJ;DEL02-RJ;UOP02-DEL02-RJ
559767;07/11/2023;terça-feira;18:20:00;PB;101;78;SANTA RITA;Demais falhas na via;Queda de ocupante de veículo;Com Vítimas Feridas;Plena Noite;Crescente;Céu Claro;Dupla;Reta;Não;2;0;2;0;0;0;2;1;-7,10808295;-34,96293885;SPRF-PB;DEL01-PB;UOP04-DEL01-PB
559770;07/11/2023;terça-feira;17:15:00;AC;364;125;RIO BRANCO;Ausência de reação do condutor;Queda de ocupante de veículo;Com Vítimas Feridas;Anoitecer;Decrescente;Céu Claro;Simples;"Reta;Declive                  ";Sim;1;0;0;1;0;0;1;1;-10,01280606;-67,80005697;SPRF-AC;DEL01-AC;UOP01-DEL01-AC
559771;07/11/2023;terça-feira;18:50:00;PA;316;58;CASTANHAL;Retorno proibido;Colisão traseira;Com Vítimas Feridas;Plena Noite;Crescente;Céu Claro;Dupla;Reta;Não;2;0;0;1;1;0;1;2;-1,2998299;-47,97307488;SPRF-PA;DEL01-PA;UOP01-DEL01-PA
559772;07/11/2023;terça-feira;17:15:00;SP;116;117;TAUBATE;Condutor deixou de manter distância do veículo da frente;Colisão traseira;Com Vítimas Feridas;Pleno dia;Decrescente;Céu Claro;Dupla;Reta;Sim;1;0;0;1;0;0;1;1;-23,0582298;-45,6176951;SPRF-SP;DEL02-SP;UOP02-DEL02-SP
559774;07/11/2023;terça-feira;16:40:00;SC;282;290,9;SAO JOSE DO CERRITO;Ausência de reação do condutor;Saída de leito carroçável;Com Vítimas Feridas;Pleno dia;Decrescente;Céu Claro;Simples;Reta;Não;1;0;0;1;0;0;1;1;-27,55353864;-50,84479094;SPRF-SC;DEL05-SC;UOP02-DEL05-SC
559775;07/11/2023;terça-feira;18:50:00;RJ;101;522;ANGRA DOS REIS;Acumulo de areia ou detritos sobre o pavimento;Capotamento;Com Vítimas Feridas;Plena Noite;Crescente;Ignorado;Simples;Curva;Sim;1;0;1;0;0;0;1;1;-23,00449741;-44,46944694;SPRF-RJ;DEL03-RJ;UOP03-DEL03-RJ
559776;07/11/2023;terça-feira;18:00:00;RO;364;713;PORTO VELHO;Acessar a via sem observar a presença dos outros veículos;Colisão transversal;Com Vítimas Feridas;Plena Noite;Crescente;Céu Claro;Múltipla;"Reta;Interseção de Vias       ";Sim;2;0;1;0;1;0;1;2;-8,77331583;-63,87969248;SPRF-RO;DEL01-RO;UOP01-DEL01-RO
559778;07/11/2023;terça-feira;18:15:00;SC;101;44,3;JOINVILLE;Ultrapassagem Indevida;Colisão transversal;Com Vítimas Feridas;Anoitecer;Crescente;Céu Claro;Simples;Reta;Sim;2;0;0;1;1;0;1;2;-26,31238996;-48,87458997;SPRF-SC;DEL03-SC;UOP01-DEL03-SC
559779;07/11/2023;terça-feira;19:07:00;RJ;393;237;VASSOURAS;Acessar a via sem observar a presença dos outros veículos;Colisão transversal;Com Vítimas Feridas;Plena Noite;Crescente;Céu Claro;Simples;"Reta;Interseção de Vias       ";Não;4;0;1;2;1;0;3;2;-22,39566493;-43,65681106;SPRF-RJ;DEL05-RJ;UOP03-DEL05-RJ
559780;07/11/2023;terça-feira;19:30:00;SC;282;605;MARAVILHA;Acessar a via sem observar a presença dos outros veículos;Colisão transversal;Com Vítimas Feridas;Plena Noite;Crescente;Céu Claro;Simples;Declive;Não;2;0;1;0;1;0;1;2;-26,786951;-53,195248;SPRF-SC;DEL07-SC;UOP02-DEL07-SC
559781;07/11/2023;terça-feira;19:40:00;PI;316;307;PICOS;Animais na Pista;Atropelamento de Animal;Com Vítimas Feridas;Plena Noite;Decrescente;Céu Claro;Simples;Reta;Sim;1;0;0;1;0;0;1;1;-7,07827269;-41,50174881;SPRF-PI;DEL04-PI;UOP01-DEL04-PI
559784;07/11/2023;terça-feira;18:30:00;PR;277;111;CURITIBA;Condutor deixou de manter distância do veículo da frente;Colisão traseira;Com Vítimas Feridas;Anoitecer;Crescente;Céu Claro;Dupla;Reta;Sim;3;0;1;0;2;0;1;2;-25,43730706;-49,36497042;SPRF-PR;DEL03-PR;UOP03-DEL03-PR
559785;07/11/2023;terça-feira;19:20:00;PR;376;123,2;ALTO PARANA;Ausência de sinalização;Colisão com objeto;Com Vítimas Feridas;Plena Noite;Decrescente;Céu Claro;Dupla;"Declive;Reta;Em Obras         ";Não;4;0;1;1;2;0;2;1;-23,13828666;-52,28944077;SPRF-PR;DEL09-PR;UOP02-DEL09-PR
559786;28/07/2023;sexta-feira;16:00:00;PI;316;314;PICOS;Acessar a via sem observar a presença dos outros veículos;Colisão transversal;Com Vítimas Feridas;Pleno dia;Decrescente;Céu Claro;Dupla;Reta;Sim;3;0;0;2;1;0;2;2;-7,0776992;-41,44117384;SPRF-PI;DEL04-PI;UOP01-DEL04-PI
559787;07/11/2023;terça-feira;18:00:00;AC;364;127;RIO BRANCO;Ingestão de álcool pelo condutor;Colisão lateral mesmo sentido;Com Vítimas Feridas;Plena Noite;Crescente;Nublado;Simples;Reta;Sim;3;0;0;1;2;0;1;3;-10,01980906;-67,81433091;SPRF-AC;DEL01-AC;UOP01-DEL01-AC
559788;07/11/2023;terça-feira;20:20:00;RS;158;329;SANTA MARIA;Ausência de reação do condutor;Colisão traseira;Com Vítimas Feridas;Plena Noite;Crescente;Céu Claro;Dupla;Reta;Sim;3;0;1;1;1;0;2;2;-29,70258439;-53,83576024;SPRF-RS;DEL09-RS;UOP01-DEL09-RS
559792;07/11/2023;terça-feira;06:45:00;SC;282;216,4;PALHOCA;Trafegar com motocicleta (ou similar) entre as faixas;Colisão transversal;Sem Vítimas;Pleno dia;Crescente;Céu Claro;Simples;Reta;Não;2;0;0;0;0;2;0;2;-27,659899;-48,683224;SPRF-SC;DEL05-SC;UOP01-DEL05-SC
559793;07/11/2023;terça-feira;20:50:00;PR;277;37;MORRETES;Reação tardia ou ineficiente do condutor;Saída de leito carroçável;Sem Vítimas;Plena Noite;Crescente;Céu Claro;Dupla;"Reta;Aclive                   ";Não;2;0;0;0;2;0;0;1;-25,57471899;-48,84931326;SPRF-PR;DEL01-PR;UOP05-DEL01-PR
559794;07/11/2023;terça-feira;21:30:00;CE;116;18;EUSEBIO;Animais na Pista;Atropelamento de Animal;Com Vítimas Feridas;Plena Noite;Decrescente;Nublado;Dupla;Reta;Sim;1;0;1;0;0;0;1;1;-3,9139079;-38,50650609;SPRF-CE;DEL01-CE;UOP02-DEL01-CE
559795;07/11/2023;terça-feira;18:20:00;BA;101;858;TEIXEIRA DE FREITAS;Condutor Dormindo;Colisão frontal;Com Vítimas Feridas;Plena Noite;Crescente;Céu Claro;Simples;Reta;Não;3;0;0;1;1;1;1;3;-17,58553983;-39,74107631;SPRF-BA;DEL09-BA;UOP02-DEL09-BA
559796;07/11/2023;terça-feira;21:53:00;PE;104;30,5;TORITAMA;Acessar a via sem observar a presença dos outros veículos;Colisão transversal;Com Vítimas Feridas;Plena Noite;Decrescente;Céu Claro;Simples;Rotatória;Sim;3;0;2;0;1;0;2;2;-8,0137;-36,0565;SPRF-PE;DEL02-PE;UOP01-DEL02-PE
559800;07/11/2023;terça-feira;17:05:00;PB;230;340;PATOS;Reação tardia ou ineficiente do condutor;Colisão traseira;Com Vítimas Feridas;Anoitecer;Crescente;Céu Claro;Simples;Reta;Não;2;0;1;1;0;0;2;2;-7,0003;-37,3076;SPRF-PB;DEL03-PB;UOP01-DEL03-PB
559801;07/11/2023;terça-feira;19:40:00;SC;101;416,9;ARARANGUA;Acessar a via sem observar a presença dos outros veículos;Colisão transversal;Com Vítimas Feridas;Plena Noite;Decrescente;Céu Claro;Múltipla;Reta;Não;3;0;1;0;2;0;1;2;-28,978721;-49,534859;SPRF-SC;DEL02-SC;UOP02-DEL02-SC
559802;07/11/2023;terça-feira;22:00:00;BA;101;0,5;RIO REAL;Curva acentuada;Colisão lateral sentido oposto;Sem Vítimas;Plena Noite;Decrescente;Céu Claro;Simples;Curva;Não;3;0;0;0;3;0;0;2;-11,52342391;-37,80498505;SPRF-SE;DEL02-SE;UOP03-DEL02-SE
559803;07/11/2023;terça-feira;21:00:00;MG;116;702,7;MURIAE;Conversão proibida;Colisão lateral mesmo sentido;Com Vítimas Feridas;Plena Noite;Crescente;Céu Claro;Simples;Interseção de Vias;Sim;2;0;1;0;1;0;1;2;-21,11938311;-42,38006362;SPRF-MG;DEL07-MG;UOP02-DEL07-MG
559805;07/11/2023;terça-feira;22:00:00;SP;116;212;GUARULHOS;Reação tardia ou ineficiente do condutor;Colisão traseira;Sem Vítimas;Plena Noite;Decrescente;Nublado;Múltipla;"Aclive;Reta                   ";Sim;3;0;0;0;3;0;0;2;-23,43608315;-46,42805094;SPRF-SP;DEL01-SP;UOP01-DEL01-SP
559807;07/11/2023;terça-feira;22:00:00;SP;116;123,2;CACAPAVA;Reação tardia ou ineficiente do condutor;Colisão com objeto;Sem Vítimas;Plena Noite;Crescente;Céu Claro;Dupla;"Reta;Aclive                   ";Não;1;0;0;0;0;1;0;1;-23,08754228;-45,66969781;SPRF-SP;DEL02-SP;UOP02-DEL02-SP
559808;07/11/2023;terça-feira;21:57:00;PE;101;60,8;RECIFE;Transitar no Acostamento;Colisão com objeto;Com Vítimas Feridas;Plena Noite;Decrescente;Céu Claro;Dupla;Reta;Sim;1;0;0;1;0;0;1;1;-7,989414;-34,934679;SPRF-PE;DEL01-PE;UOP02-DEL01-PE
559811;07/11/2023;terça-feira;15:00:00;MT;70;683,8;CACERES;Chuva;Queda de ocupante de veículo;Com Vítimas Fatais;Pleno dia;Crescente;Garoa/Chuvisco;Simples;Curva;Não;5;1;3;1;0;0;4;2;-16,13978496;-57,33114704;SPRF-MT;DEL03-MT;UOP02-DEL03-MT
559812;07/11/2023;terça-feira;23:00:00;RS;392;89,3;PELOTAS;Ausência de reação do condutor;Saída de leito carroçável;Com Vítimas Fatais;Plena Noite;Crescente;Nublado;Simples;Reta;Não;1;1;0;0;0;0;0;1;-31,61272885;-52,51126856;SPRF-RS;DEL07-RS;UOP01-DEL07-RS
559816;07/11/2023;terça-feira;20:40:00;SC;470;125;LONTRAS;Reação tardia ou ineficiente do condutor;Colisão frontal;Com Vítimas Feridas;Plena Noite;Crescente;Céu Claro;Simples;Reta;Sim;2;0;0;1;1;0;1;2;-27,120506;-49,534946;SPRF-SC;DEL04-SC;UOP02-DEL04-SC
559818;07/11/2023;terça-feira;22:37:00;GO;153;628;MORRINHOS;Objeto estático sobre o leito carroçável;Colisão com objeto;Com Vítimas Feridas;Plena Noite;Decrescente;Nublado;Dupla;Reta;Não;5;0;1;0;3;1;1;3;-17,7843;-49,1865;SPRF-GO;DEL03-GO;UOP01-DEL03-GO
559819;07/11/2023;terça-feira;22:45:00;SP;116;416;JUQUIA;Objeto estático sobre o leito carroçável;Queda de ocupante de veículo;Com Vítimas Feridas;Plena Noite;Decrescente;Céu Claro;Dupla;Reta;Não;1;0;1;0;0;0;1;1;-24,34184089;-47,64612417;SPRF-SP;DEL05-SP;UOP01-DEL05-SP
559821;08/11/2023;quarta-feira;01:05:00;RS;392;173;PIRATINI;Pedestre andava na pista;Atropelamento de Pedestre;Com Vítimas Feridas;Plena Noite;Crescente;Céu Claro;Simples;Reta;Não;2;0;1;0;1;0;1;2;-31,04240321;-53,02244617;SPRF-RS;DEL07-RS;UOP01-DEL07-RS
559822;08/11/2023;quarta-feira;00:10:00;MS;60;240;BANDEIRANTES;Transitar na contramão;Colisão frontal;Com Vítimas Feridas;Plena Noite;Decrescente;Céu Claro;Simples;Reta;Não;5;0;0;3;0;2;3;3;-19,67447686;-54,33615003;SPRF-MS;DEL06-MS;UOP02-DEL06-MS
559823;08/11/2023;quarta-feira;01:20:00;GO;50;278,7;CATALAO;Acesso irregular;Colisão lateral mesmo sentido;Com Vítimas Fatais;Plena Noite;Crescente;Céu Claro;Simples;"Reta;Rotatória                ";Sim;5;1;0;0;0;4;0;4;-18,17241859;-47,92603254;SPRF-GO;DEL06-GO;UOP01-DEL06-GO
559824;08/11/2023;quarta-feira;02:00:00;MG;365;657,3;MONTE ALEGRE DE MINAS;Condutor Dormindo;Saída de leito carroçável;Com Vítimas Feridas;Plena Noite;Decrescente;Céu Claro;Dupla;"Reta;Declive                  ";Não;2;0;1;0;1;0;1;1;-18,88680604;-48,61512899;SPRF-MG;DEL15-MG;UOP01-DEL15-MG