id;data_inversa;dia_semana;horario;uf;br;km;municipio;causa_acidente;tipo_acidente;classificacao_acidente;fase_dia;sentido_via;condicao_metereologica;tipo_pista;tracado_via;uso_solo;pessoas;mortos;feridos_leves;feridos_graves;ilesos;ignorados;feridos;veiculos;latitude;longitude;regional;delegacia;uop
559827;07/11/2023;terça-feira;22:30:00;MT;364;268;JACIARA;Reação tardia ou ineficiente do condutor;Saída de leito carroçável;Com Vítimas Fatais;Plena Noite;Crescente;Céu Claro;Dupla;Curva;Não;1;1;0;0;0;0;0;1;-15,98124307;-54,93240309;SPRF-MT;DEL02-MT;UOP01-DEL02-MT
559828;07/11/2023;terça-feira;22:40:00;RJ;101;326;NITEROI;Reação tardia ou ineficiente do condutor;Tombamento;Com Vítimas Feridas;Plena Noite;Decrescente;Céu Claro;Dupla;Declive;Não;1;0;1;0;0;0;1;1;-22,87206203;-43,146105;SPRF-RJ;DEL02-RJ;UOP01-DEL02-RJ
559829;07/11/2023;terça-feira;23:40:00;GO;70;36;COCALZINHO DE GOIAS;Reação tardia ou ineficiente do condutor;Saída de leito carroçável;Com Vítimas Feridas;Plena Noite;Crescente;Céu Claro;Simples;Reta;Não;1;0;1;0;0;0;1;1;-15,7779625;-48,49866335;SPRF-DF;DEL03-DF;UOP02-DEL03-DF
559830;08/11/2023;quarta-feira;05:00:00;SC;470;94;APIUNA;Acessar a via sem observar a presença dos outros veículos;Colisão transversal;Com Vítimas Feridas;Amanhecer;Crescente;Céu Claro;Simples;Reta;Não;2;0;1;0;1;0;1;2;-27,003345;-49,374668;SPRF-SC;DEL04-SC;UOP01-DEL04-SC
559831;15/09/2023;sexta-feira;18:00:00;BA;135;162;BARREIRAS;Reação tardia ou ineficiente do condutor;Saída de leito carroçável;Com Vítimas Feridas;Plena Noite;Crescente;Céu Claro;Simples;Reta;Não;2;0;2;0;0;0;2;1;-12,04796112;-44,9630617;SPRF-BA;DEL08-BA;UOP04-DEL08-BA
559835;08/11/2023;quarta-feira;01:30:00;RJ;116;139;DUQUE DE CAXIAS;Ausência de reação do condutor;Colisão traseira;Com Vítimas Fatais;Plena Noite;Crescente;Céu Claro;Dupla;Reta;Sim;3;1;1;1;0;0;2;2;-22,64655224;-43,20138601;SPRF-RJ;DEL04-RJ;UOP02-DEL04-RJ
559836;04/11/2023;sábado;00:30:00;SP;116;279;EMBU DAS ARTES;Manobra de mudança de faixa;Colisão traseira;Com Vítimas Feridas;Plena Noite;Crescente;Céu Claro;Dupla;Reta;Não;3;0;0;1;2;0;1;2;-23,66233697;-46,85292907;SPRF-SP;DEL04-SP;UOP01-DEL04-SP
559838;07/11/2023;terça-feira;19:50:00;RO;364;426;JARU;Ausência de reação do condutor;Saída de leito carroçável;Sem Vítimas;Plena Noite;Decrescente;Nublado;Simples;Rotatória;Sim;1;0;0;0;1;0;0;1;-10,432443;-62,479584;SPRF-RO;DEL03-RO;UOP02-DEL03-RO
559839;08/11/2023;quarta-feira;06:50:00;RS;158;335;SANTA MARIA;Acessar a via sem observar a presença dos outros veículos;Colisão transversal;Com Vítimas Feridas;Pleno dia;Decrescente;Nublado;Simples;Curva;Sim;5;0;3;1;0;1;4;3;-29,70728845;-53,87848735;SPRF-RS;DEL09-RS;UOP01-DEL09-RS
559840;08/11/2023;quarta-feira;06:30:00;ES;101;67;SAO MATEUS;Manobra de mudança de faixa;Colisão lateral mesmo sentido;Com Vítimas Feridas;Pleno dia;Crescente;Céu Claro;Dupla;"Reta;Retorno Regulamentado    ";Sim;2;0;1;0;1;0;1;2;-18,72054021;-39,8658931;SPRF-ES;DEL04-ES;UOP02-DEL04-ES
559841;08/11/2023;quarta-feira;07:04:00;SP;101;52;UBATUBA;Acumulo de areia ou detritos sobre o pavimento;Queda de ocupante de veículo;Com Vítimas Feridas;Pleno dia;Crescente;Céu Claro;Simples;Rotatória;Sim;1;0;1;0;0;0;1;1;-23,4623355;-45,06476561;SPRF-SP;DEL06-SP;UOP01-DEL06-SP
559843;08/11/2023;quarta-feira;06:20:00;AP;210;3;MACAPA;Acessar a via sem observar a presença dos outros veículos;Colisão traseira;Com Vítimas Feridas;Pleno dia;Crescente;Céu Claro;Dupla;"Reta;Declive;Retorno Regulamen";Sim;2;0;1;0;1;0;1;2;0,08842323;-51,09736562;SPRF-AP;DEL01-AP;UOP01-DEL01-AP
559845;08/11/2023;quarta-feira;06:20:00;MT;364;404;CUIABA;Reação tardia ou ineficiente do condutor;Colisão traseira;Sem Vítimas;Pleno dia;Decrescente;Céu Claro;Dupla;"Reta;Rotatória;Retorno Regulam";Sim;2;0;0;0;2;0;0;2;-15,64170365;-56,02019018;SPRF-MT;DEL01-MT;UOP02-DEL01-MT
559847;08/11/2023;quarta-feira;07:45:00;GO;153;502,6;GOIANIA;Condutor deixou de manter distância do veículo da frente;Colisão lateral mesmo sentido;Com Vítimas Feridas;Pleno dia;Crescente;Sol;Dupla;Reta;Não;1;0;0;1;0;0;1;1;-16,72282749;-49,23970526;SPRF-GO;DEL01-GO;UOP01-DEL01-GO
559848;08/11/2023;quarta-feira;07:50:00;MG;40;498,5;ESMERALDAS;Demais falhas mecânicas ou elétricas;Incêndio;Sem Vítimas;Pleno dia;Crescente;Céu Claro;Dupla;Retorno Regulamentado;Sim;1;0;0;0;1;0;0;1;-19,68467685;-44,18191183;SPRF-MG;DEL02-MG;UOP01-DEL02-MG
559849;08/11/2023;quarta-feira;07:40:00;SE;101;92;NOSSA SENHORA DO SOCORRO;Ausência de reação do condutor;Queda de ocupante de veículo;Com Vítimas Feridas;Pleno dia;Decrescente;Sol;Dupla;Reta;Sim;1;0;1;0;0;0;1;1;-10,90169474;-37,13619222;SPRF-SE;DEL01-SE;UOP01-DEL01-SE
559850;08/11/2023;quarta-feira;07:44:00;CE;116;6,4;FORTALEZA;Manobra de mudança de faixa;Colisão lateral mesmo sentido;Com Vítimas Feridas;Pleno dia;Decrescente;Céu Claro;Dupla;Reta;Sim;2;0;1;0;1;0;1;2;-3,802624;-38,50400499;SPRF-CE;DEL01-CE;UOP02-DEL01-CE
559851;08/11/2023;quarta-feira;07:00:00;RJ;116;174;SAO JOAO DE MERITI;Reação tardia ou ineficiente do condutor;Colisão lateral mesmo sentido;Com Vítimas Feridas;Pleno dia;Decrescente;Céu Claro;Múltipla;Reta;Sim;3;0;2;0;1;0;2;2;-22,79423806;-43,36403759;SPRF-RJ;DEL01-RJ;UOP02-DEL01-RJ
559852;08/11/2023;quarta-feira;07:35:00;PR;376;594,9;CURITIBA;Trafegar com motocicleta (ou similar) entre as faixas;Colisão lateral mesmo sentido;Com Vítimas Feridas;Pleno dia;Decrescente;Céu Claro;Dupla;Reta;Sim;2;0;1;0;1;0;1;2;-25,48479613;-49,34730331;SPRF-PR;DEL01-PR;UOP06-DEL01-PR
559853;08/11/2023;quarta-feira;08:00:00;BA;324;623;SALVADOR;Avarias e/ou desgaste excessivo no pneu;Tombamento;Com Vítimas Feridas;Pleno dia;Decrescente;Chuva;Múltipla;"Reta;Ponte                    ";Sim;2;0;1;0;1;0;1;1;-12,944103;-38,470192;SPRF-BA;DEL01-BA;UOP01-DEL01-BA
559856;08/11/2023;quarta-feira;08:00:00;MG;381;481;CONTAGEM;Ausência de reação do condutor;Colisão lateral mesmo sentido;Com Vítimas Feridas;Pleno dia;Decrescente;Céu Claro;Dupla;Reta;Sim;2;0;1;0;1;0;1;2;-19,95931561;-44,08825597;SPRF-MG;DEL01-MG;UOP03-DEL01-MG
559857;08/11/2023;quarta-feira;07:30:00;PR;277;590,3;CASCAVEL;Condutor deixou de manter distância do veículo da frente;Colisão traseira;Com Vítimas Feridas;Pleno dia;Crescente;Sol;Simples;Reta;Sim;2;0;1;0;1;0;1;2;-24,98120697;-53,45591501;SPRF-PR;DEL04-PR;UOP01-DEL04-PR
559860;08/11/2023;quarta-feira;08:39:00;PE;232;123,3;CARUARU;Acessar a via sem observar a presença dos outros veículos;Colisão traseira;Com Vítimas Feridas;Pleno dia;Decrescente;Céu Claro;Dupla;"Reta;Retorno Regulamentado    ";Sim;2;0;1;0;1;0;1;2;-8,30544212;-35,93227208;SPRF-PE;DEL02-PE;UOP01-DEL02-PE
559865;08/11/2023;quarta-feira;08:50:00;PA;316;52,3;CASTANHAL;Avarias e/ou desgaste excessivo no pneu;Tombamento;Com Vítimas Feridas;Pleno dia;Crescente;Céu Claro;Dupla;Reta;Não;2;0;1;1;0;0;2;1;-1,30732485;-48,02586802;SPRF-PA;DEL01-PA;UOP01-DEL01-PA
559866;08/11/2023;quarta-feira;08:55:00;SC;101;199,7;SAO JOSE;Condutor deixou de manter distância do veículo da frente;Colisão traseira;Sem Vítimas;Pleno dia;Crescente;Céu Claro;Dupla;Reta;Não;4;0;0;0;2;2;0;4;-27,53413705;-48,63003205;SPRF-SC;DEL01-SC;UOP01-DEL01-SC
559867;31/10/2023;terça-feira;06:41:00;GO;153;491;GOIANIA;Pedestre cruzava a pista fora da faixa;Atropelamento de Pedestre;Com Vítimas Feridas;Amanhecer;Crescente;Ignorado;Dupla;Reta;Sim;2;0;0;1;0;1;1;2;-16,639;-49,2063;SPRF-GO;DEL01-GO;UOP01-DEL01-GO
559870;08/11/2023;quarta-feira;08:53:00;RJ;101;61;CAMPOS DOS GOYTACAZES;Ultrapassagem Indevida;Colisão lateral mesmo sentido;Com Vítimas Feridas;Pleno dia;Decrescente;Céu Claro;Simples;"Reta;Retorno Regulamentado    ";Sim;2;0;1;0;1;0;1;2;-21,72655788;-41,32133519;SPRF-RJ;DEL08-RJ;UOP01-DEL08-RJ
559872;12/04/2023;quarta-feira;11:00:00;CE;304;64,8;ARACATI;Acessar a via sem observar a presença dos outros veículos;Colisão transversal;Com Vítimas Feridas;Pleno dia;Crescente;Sol;Simples;"Reta;Interseção de Vias       ";Não;4;0;1;0;2;1;1;3;-4,61941944;-37,6509365;SPRF-CE;DEL03-CE;UOP03-DEL03-CE
559873;08/11/2023;quarta-feira;09:25:00;RN;101;104;PARNAMIRIM;Acumulo de óleo sobre o pavimento;Tombamento;Com Vítimas Feridas;Pleno dia;Crescente;Céu Claro;Dupla;"Curva;Viaduto                 ";Sim;2;0;2;0;0;0;2;1;-5,892745;-35,257225;SPRF-RN;DEL01-RN;UOP01-DEL01-RN
559874;08/11/2023;quarta-feira;07:55:00;RS;290;582;ALEGRETE;Conversão proibida;Colisão lateral mesmo sentido;Com Vítimas Feridas;Pleno dia;Crescente;Chuva;Simples;"Curva;Declive                 ";Não;2;0;1;0;1;0;1;2;-29,8116432;-55,8002529;SPRF-RS;DEL13-RS;UOP02-DEL13-RS
559875;08/11/2023;quarta-feira;09:50:00;RN;101;84,7;SAO GONCALO DO AMARANTE;Problema com o freio;Engavetamento;Com Vítimas Feridas;Pleno dia;Crescente;Céu Claro;Dupla;"Reta;Declive                  ";Sim;4;0;2;0;2;0;2;3;-5,774175;-35,2578;SPRF-RN;DEL02-RN;UOP01-DEL02-RN
559876;08/11/2023;quarta-feira;08:57:00;PE;232;211;PESQUEIRA;Acessar a via sem observar a presença dos outros veículos;Colisão transversal;Com Vítimas Feridas;Pleno dia;Decrescente;Céu Claro;Simples;Reta;Sim;2;0;1;0;1;0;1;2;-8,36899532;-36,70578682;SPRF-PE;DEL03-PE;UOP02-DEL03-PE
559877;08/11/2023;quarta-feira;09:10:00;RJ;40;122;DUQUE DE CAXIAS;Demais falhas mecânicas ou elétricas;Incêndio;Sem Vítimas;Pleno dia;Crescente;Céu Claro;Múltipla;Reta;Sim;1;0;0;0;1;0;0;1;-22,79452927;-43,28811121;SPRF-RJ;DEL01-RJ;UOP01-DEL01-RJ
559878;08/11/2023;quarta-feira;06:30:00;MA;135;307,4;DOM PEDRO;Reação tardia ou ineficiente do condutor;Saída de leito carroçável;Com Vítimas Fatais;Amanhecer;Decrescente;Céu Claro;Simples;Reta;Sim;1;1;0;0;0;0;0;1;-5,01886394;-44,43501725;SPRF-MA;DEL03-MA;UOP01-DEL03-MA
559879;18/09/2023;segunda-feira;10:57:00;PI;343;308;ALTOS;Conversão proibida;Colisão traseira;Com Vítimas Feridas;Pleno dia;Decrescente;Céu Claro;Simples;Reta;Sim;3;0;1;0;1;1;1;3;-5,038669;-42,468166;SPRF-PI;DEL01-PI;UOP01-DEL01-PI
559880;08/11/2023;quarta-feira;07:30:00;BA;101;535;BUERAREMA;Velocidade Incompatível;Saída de leito carroçável;Com Vítimas Feridas;Pleno dia;Decrescente;Chuva;Simples;Curva;Não;4;0;3;1;0;0;4;1;-14,98645187;-39,34341431;SPRF-BA;DEL05-BA;UOP01-DEL05-BA
559881;08/11/2023;quarta-feira;10:05:00;PR;116;120;CURITIBA;Avarias e/ou desgaste excessivo no pneu;Tombamento;Com Vítimas Feridas;Pleno dia;Decrescente;Céu Claro;Dupla;"Reta;Declive                  ";Sim;1;0;1;0;0;0;1;1;-25,55122256;-49,30503748;SPRF-PR;DEL01-PR;UOP03-DEL01-PR
559882;08/11/2023;quarta-feira;10:00:00;PR;116;107;CURITIBA;Trafegar com motocicleta (ou similar) entre as faixas;Colisão lateral mesmo sentido;Com Vítimas Feridas;Pleno dia;Crescente;Sol;Dupla;Reta;Sim;3;0;1;0;2;0;1;2;-25,56989668;-49,18778205;SPRF-PR;DEL01-PR;UOP07-DEL01-PR
559883;08/11/2023;quarta-feira;10:47:00;CE;116;9;FORTALEZA;Pedestre andava na pista;Atropelamento de Pedestre;Com Vítimas Feridas;Pleno dia;Decrescente;Céu Claro;Dupla;Reta;Sim;2;0;1;0;1;0;1;2;-3,82779096;-38,50486117;SPRF-CE;DEL01-CE;UOP02-DEL01-CE
559884;05/09/2023;terça-feira;17:00:00;PR;277;347,8;GUARAPUAVA;Pedestre cruzava a pista fora da faixa;Atropelamento de Pedestre;Com Vítimas Feridas;Pleno dia;Decrescente;Céu Claro;Dupla;"Reta;Declive                  ";Sim;3;0;1;0;2;0;1;2;-25,37904;-51,507266;SPRF-PR;DEL08-PR;UOP01-DEL08-PR
559886;08/11/2023;quarta-feira;11:25:00;PE;101;70,7;RECIFE;Condutor deixou de manter distância do veículo da frente;Colisão traseira;Com Vítimas Feridas;Pleno dia;Decrescente;Céu Claro;Dupla;Reta;Sim;3;0;2;0;1;0;2;2;-8,074254;-34,942591;SPRF-PE;DEL01-PE;UOP01-DEL01-PE
559887;04/11/2023;sábado;21:00:00;GO;70;311;JUSSARA;Demais falhas mecânicas ou elétricas;Incêndio;Sem Vítimas;Plena Noite;Crescente;Nublado;Dupla;Reta;Sim;1;0;0;0;1;0;0;1;-15,8752271;-50,8347184;SPRF-GO;DEL04-GO;UOP02-DEL04-GO
559888;13/10/2023;sexta-feira;11:15:00;BA;242;896;LUIS EDUARDO MAGALHAES;Conversão proibida;Colisão traseira;Com Vítimas Fatais;Pleno dia;Decrescente;Céu Claro;Simples;Reta;Não;9;1;5;2;1;0;7;3;-12,107376;-45,917133;SPRF-BA;DEL10-BA;UOP01-DEL10-BA
559890;08/11/2023;quarta-feira;11:30:00;BA;135;188;BARREIRAS;Problema com o freio;Colisão traseira;Com Vítimas Feridas;Pleno dia;Crescente;Sol;Simples;"Reta;Interseção de Vias       ";Sim;2;0;1;0;1;0;1;2;-12,21946897;-45,01942509;SPRF-BA;DEL08-BA;UOP04-DEL08-BA
559891;08/11/2023;quarta-feira;11:55:00;PR;158;535,8;PATO BRANCO;Acessar a via sem observar a presença dos outros veículos;Colisão transversal;Com Vítimas Feridas;Pleno dia;Crescente;Céu Claro;Simples;Reta;Sim;3;0;1;1;0;1;2;3;-26,23547098;-52,69066504;SPRF-PR;DEL02-PR;UOP01-DEL02-PR
559895;08/11/2023;quarta-feira;08:22:00;PE;232;508;SALGUEIRO;Transitar no Acostamento;Colisão transversal;Com Vítimas Feridas;Pleno dia;Decrescente;Sol;Simples;Reta;Sim;3;0;1;0;2;0;1;2;-8,06223271;-39,12095006;SPRF-PE;DEL05-PE;UOP01-DEL05-PE
559896;07/08/2023;segunda-feira;00:15:00;PE;232;9;JABOATAO DOS GUARARAPES;Ingestão de álcool pelo condutor;Saída de leito carroçável;Com Vítimas Feridas;Plena Noite;Crescente;Céu Claro;Múltipla;Reta;Sim;2;0;0;2;0;0;2;1;-8,07764447;-34,97863609;SPRF-PE;DEL01-PE;UOP01-DEL01-PE
559898;08/11/2023;quarta-feira;08:30:00;RJ;116;107;GUAPIMIRIM;Acessar a via sem observar a presença dos outros veículos;Colisão transversal;Com Vítimas Feridas;Pleno dia;Decrescente;Céu Claro;Dupla;"Reta;Retorno Regulamentado    ";Sim;2;0;1;0;1;0;1;2;-22,52826187;-42,99737551;SPRF-RJ;DEL04-RJ;UOP01-DEL04-RJ
559900;08/11/2023;quarta-feira;13:15:00;MG;40;472,5;SETE LAGOAS;Condutor deixou de manter distância do veículo da frente;Colisão traseira;Com Vítimas Feridas;Pleno dia;Decrescente;Céu Claro;Dupla;Reta;Não;2;0;0;1;1;0;1;2;-19,47543632;-44,29066576;SPRF-MG;DEL02-MG;UOP01-DEL02-MG
559901;08/11/2023;quarta-feira;13:15:00;PE;101;57;PAULISTA;Reação tardia ou ineficiente do condutor;Tombamento;Com Vítimas Feridas;Pleno dia;Crescente;Céu Claro;Dupla;Reta;Não;1;0;1;0;0;0;1;1;-7,96346213;-34,91513486;SPRF-PE;DEL01-PE;UOP02-DEL01-PE
559902;08/11/2023;quarta-feira;12:50:00;MG;381;480;CONTAGEM;Trafegar com motocicleta (ou similar) entre as faixas;Eventos atípicos;Sem Vítimas;Pleno dia;Decrescente;Céu Claro;Múltipla;Reta;Sim;2;0;0;0;1;1;0;1;-19,95749597;-44,07899901;SPRF-MG;DEL01-MG;UOP03-DEL01-MG
559904;08/11/2023;quarta-feira;09:30:00;PI;316;309;PICOS;Ausência de reação do condutor;Atropelamento de Pedestre;Com Vítimas Feridas;Pleno dia;Crescente;Sol;Simples;Reta;Sim;2;0;0;1;0;1;1;2;-7,07778744;-41,48370094;SPRF-PI;DEL04-PI;UOP01-DEL04-PI
559905;05/10/2023;quinta-feira;21:30:00;GO;153;175;CAMPINORTE;Ausência de reação do condutor;Colisão transversal;Sem Vítimas;Plena Noite;Crescente;Céu Claro;Simples;Reta;Sim;3;0;0;0;3;0;0;2;-14,301579;-49,14817;SPRF-GO;DEL07-GO;UOP02-DEL07-GO
559906;07/11/2023;terça-feira;06:40:00;RJ;493;70;NOVA IGUACU;Avarias e/ou desgaste excessivo no pneu;Tombamento;Sem Vítimas;Pleno dia;Decrescente;Céu Claro;Dupla;Reta;Não;1;0;0;0;1;0;0;1;-22,68684511;-43,44491959;SPRF-RJ;DEL01-RJ;UOP03-DEL01-RJ
559907;08/11/2023;quarta-feira;11:45:00;RJ;465;21;NOVA IGUACU;Entrada inopinada do pedestre;Atropelamento de Pedestre;Com Vítimas Feridas;Pleno dia;Crescente;Sol;Simples;Reta;Sim;3;0;0;1;1;1;1;2;-22,854782;-43,601933;SPRF-RJ;DEL03-RJ;UOP01-DEL03-RJ
559908;08/11/2023;quarta-feira;13:00:00;MG;354;745,9;POUSO ALTO;Retorno proibido;Colisão lateral mesmo sentido;Com Vítimas Feridas;Pleno dia;Decrescente;Céu Claro;Simples;Reta;Não;2;0;1;0;1;0;1;2;-22,25480842;-44,92814626;SPRF-MG;DEL17-MG;UOP01-DEL17-MG
559909;08/11/2023;quarta-feira;11:55:00;SC;282;343,4;CAMPOS NOVOS;Desrespeitar a preferência no cruzamento;Colisão transversal;Com Vítimas Feridas;Pleno dia;Crescente;Céu Claro;Simples;Reta;Sim;5;0;3;1;1;0;4;2;-27,387402;-51,232861;SPRF-SC;DEL07-SC;UOP06-DEL07-SC
559910;08/11/2023;quarta-feira;13:50:00;RS;116;243,5;SAO LEOPOLDO;Acessar a via sem observar a presença dos outros veículos;Colisão transversal;Com Vítimas Feridas;Pleno dia;Crescente;Nublado;Simples;"Viaduto;Reta;Em Obras         ";Sim;3;0;0;1;1;1;1;3;-29,73196199;-51,14952004;SPRF-RS;DEL01-RS;UOP02-DEL01-RS
559912;08/11/2023;quarta-feira;13:05:00;ES;101;327,8;GUARAPARI;Demais falhas mecânicas ou elétricas;Incêndio;Sem Vítimas;Pleno dia;Crescente;Sol;Dupla;Reta;Sim;1;0;0;0;1;0;0;1;-20,57231099;-40,48455601;SPRF-ES;DEL03-ES;UOP01-DEL03-ES
559913;08/11/2023;quarta-feira;11:35:00;PR;272;543;TERRA ROXA;Demais falhas mecânicas ou elétricas;Incêndio;Sem Vítimas;Pleno dia;Decrescente;Céu Claro;Simples;Reta;Não;1;0;0;0;1;0;0;1;-24,0728016;-53,99483896;SPRF-PR;DEL06-PR;UOP01-DEL06-PR
559914;08/11/2023;quarta-feira;12:30:00;SC;470;55,8;BLUMENAU;Acessar a via sem observar a presença dos outros veículos;Colisão transversal;Com Vítimas Feridas;Pleno dia;Crescente;Céu Claro;Simples;Reta;Sim;2;0;1;0;1;0;1;2;-26,87655779;-49,12630611;SPRF-SC;DEL04-SC;UOP01-DEL04-SC
559915;04/11/2023;sábado;15:00:00;RJ;101;299;ITABORAI;Ausência de reação do condutor;Colisão lateral mesmo sentido;Com Vítimas Feridas;Pleno dia;Crescente;Céu Claro;Dupla;Reta;Não;2;0;1;0;1;0;1;2;-22,77432673;-42,93823207;SPRF-RJ;DEL02-RJ;UOP02-DEL02-RJ
559917;08/11/2023;quarta-feira;13:50:00;RS;386;395,7;TRIUNFO;Desvio temporário;Saída de leito carroçável;Com Vítimas Feridas;Pleno dia;Crescente;Nublado;Simples;"Curva;Declive;Em Obras        ";Não;1;0;1;0;0;0;1;1;-29,724592;-51,635849;SPRF-RS;DEL04-RS;UOP02-DEL04-RS
559918;08/11/2023;quarta-feira;13:54:00;CE;222;5;CAUCAIA;Condutor desrespeitou a iluminação vermelha do semáforo;Colisão transversal;Com Vítimas Feridas;Pleno dia;Crescente;Céu Claro;Múltipla;Retorno Regulamentado;Sim;2;0;1;0;1;0;1;2;-3,74296918;-38,61330997;SPRF-CE;DEL01-CE;UOP01-DEL01-CE
559919;08/11/2023;quarta-feira;12:30:00;RS;116;126,9;SAO MARCOS;Velocidade Incompatível;Saída de leito carroçável;Com Vítimas Feridas;Pleno dia;Crescente;Nublado;Simples;Curva;Não;1;0;0;1;0;0;1;1;-29,02627594;-51,11013651;SPRF-RS;DEL05-RS;UOP01-DEL05-RS
559920;08/11/2023;quarta-feira;14:00:00;GO;60;102,5;ANAPOLIS;Reação tardia ou ineficiente do condutor;Colisão traseira;Com Vítimas Feridas;Pleno dia;Crescente;Céu Claro;Dupla;"Reta;Em Obras                 ";Não;2;0;0;1;1;0;1;2;-16,4098;-48,9913;SPRF-GO;DEL02-GO;UOP01-DEL02-GO
559923;08/11/2023;quarta-feira;14:55:00;PE;101;70;RECIFE;Condutor deixou de manter distância do veículo da frente;Colisão traseira;Com Vítimas Feridas;Pleno dia;Crescente;Céu Claro;Dupla;Reta;Não;2;0;1;0;1;0;1;2;-8,06776119;-34,94265074;SPRF-PE;DEL01-PE;UOP01-DEL01-PE
559924;08/11/2023;quarta-feira;13:50:00;RJ;101;325;NITEROI;Condutor deixou de manter distância do veículo da frente;Colisão traseira;Com Vítimas Feridas;Pleno dia;Decrescente;Céu Claro;Simples;"Reta;Ponte                    ";Sim;2;0;1;0;1;0;1;2;-22,87292569;-43,13625699;SPRF-RJ;DEL02-RJ;UOP01-DEL02-RJ
559925;08/11/2023;quarta-feira;14:30:00;ES;101;267,4;SERRA;Trafegar com motocicleta (ou similar) entre as faixas;Colisão lateral mesmo sentido;Com Vítimas Feridas;Pleno dia;Crescente;Céu Claro;Dupla;Reta;Sim;2;0;1;0;1;0;1;2;-20,19930999;-40,26884609;SPRF-ES;DEL02-ES;UOP01-DEL02-ES
559926;08/11/2023;quarta-feira;14:10:00;PB;230;510;CAJAZEIRAS;Ingestão de álcool pelo condutor;Saída de leito carroçável;Com Vítimas Feridas;Pleno dia;Crescente;Céu Claro;Simples;Reta;Não;1;0;1;0;0;0;1;1;-6,8906;-38,5885;SPRF-PB;DEL03-PB;UOP03-DEL03-PB
559928;08/11/2023;quarta-feira;12:20:00;RO;364;341;JI-PARANA;Reação tardia ou ineficiente do condutor;Engavetamento;Com Vítimas Feridas;Pleno dia;Crescente;Céu Claro;Múltipla;"Viaduto;Reta                  ";Sim;4;0;1;0;3;0;1;4;-10,88987987;-61,93126772;SPRF-RO;DEL02-RO;UOP01-DEL02-RO
559929;08/11/2023;quarta-feira;14:15:00;RJ;465;4;SEROPEDICA;Reação tardia ou ineficiente do condutor;Atropelamento de Pedestre;Com Vítimas Feridas;Pleno dia;Decrescente;Céu Claro;Simples;Reta;Sim;2;0;1;0;1;0;1;2;-22,740971;-43,705597;SPRF-RJ;DEL01-RJ;UOP03-DEL01-RJ
559930;08/11/2023;quarta-feira;14:45:00;SC;101;194;BIGUACU;Acessar a via sem observar a presença dos outros veículos;Colisão transversal;Com Vítimas Feridas;Pleno dia;Crescente;Céu Claro;Dupla;Interseção de Vias;Sim;2;0;1;0;1;0;1;2;-27,49815117;-48,65661236;SPRF-SC;DEL01-SC;UOP01-DEL01-SC
559932;08/11/2023;quarta-feira;15:00:00;SP;116;210;GUARULHOS;Manobra de mudança de faixa;Colisão traseira;Com Vítimas Feridas;Pleno dia;Decrescente;Céu Claro;Dupla;"Declive;Interseção de Vias    ";Sim;3;0;1;0;2;0;1;2;-23,42870023;-46,41085991;SPRF-SP;DEL01-SP;UOP01-DEL01-SP
559933;08/11/2023;quarta-feira;10:30:00;MT;364;404;CUIABA;Ausência de reação do condutor;Colisão transversal;Com Vítimas Feridas;Pleno dia;Crescente;Céu Claro;Dupla;Reta;Não;2;0;1;0;0;1;1;2;-15,66158612;-55,97144205;SPRF-MT;DEL01-MT;UOP02-DEL01-MT
559934;08/11/2023;quarta-feira;15:10:00;MG;381;355;JOAO MONLEVADE;Afundamento ou ondulação no pavimento;Tombamento;Com Vítimas Feridas;Pleno dia;Decrescente;Céu Claro;Simples;Reta;Não;1;0;1;0;0;0;1;1;-19,84112398;-43,199388;SPRF-MG;DEL03-MG;UOP01-DEL03-MG
559935;06/11/2023;segunda-feira;12:30:00;MT;364;227;RONDONOPOLIS;Animais na Pista;Eventos atípicos;Sem Vítimas;Pleno dia;Crescente;Céu Claro;Dupla;Curva;Não;2;0;0;0;2;0;0;1;-16,29044795;-54,76386888;SPRF-MT;DEL02-MT;UOP01-DEL02-MT
559937;08/11/2023;quarta-feira;14:30:00;PR;277;1,9;FOZ DO IGUACU;Desrespeitar a preferência no cruzamento;Colisão transversal;Com Vítimas Feridas;Pleno dia;Crescente;Céu Claro;Dupla;"Reta;Interseção de Vias       ";Sim;2;0;1;0;1;0;1;2;-25,49018282;-54,58303392;SPRF-PR;DEL05-PR;UOP03-DEL05-PR
559938;08/11/2023;quarta-feira;14:20:00;PR;376;182,4;SARANDI;Condutor Dormindo;Colisão com objeto;Com Vítimas Feridas;Pleno dia;Crescente;Céu Claro;Dupla;Reta;Sim;1;0;1;0;0;0;1;1;-23,43654;-51,879702;SPRF-PR;DEL09-PR;UOP01-DEL09-PR
559939;08/11/2023;quarta-feira;15:15:00;GO;60;26;ALEXANIA;Ausência de reação do condutor;Saída de leito carroçável;Sem Vítimas;Pleno dia;Decrescente;Céu Claro;Dupla;"Reta;Aclive                   ";Não;2;0;0;0;2;0;0;1;-16,0963;-48,5202;SPRF-DF;DEL03-DF;UOP01-DEL03-DF
559940;08/11/2023;quarta-feira;15:45:00;MG;262;364;JUATUBA;Ausência de reação do condutor;Saída de leito carroçável;Com Vítimas Feridas;Pleno dia;Decrescente;Céu Claro;Dupla;Curva;Não;1;0;1;0;0;0;1;1;-19,98290644;-44,24492623;SPRF-MG;DEL01-MG;UOP03-DEL01-MG