id;data_inversa;dia_semana;horario;uf;br;km;municipio;causa_acidente;tipo_acidente;classificacao_acidente;fase_dia;sentido_via;condicao_metereologica;tipo_pista;tracado_via;uso_solo;pessoas;mortos;feridos_leves;feridos_graves;ilesos;ignorados;feridos;veiculos;latitude;longitude;regional;delegacia;uop
560068;09/11/2023;quinta-feira;10:20:00;RS;116;243,9;SAO LEOPOLDO;Condutor deixou de manter distância do veículo da frente;Colisão traseira;Com Vítimas Feridas;Pleno dia;Decrescente;Céu Claro;Dupla;Reta;Sim;2;0;1;0;1;0;1;2;-29,73196199;-51,14952004;SPRF-RS;DEL01-RS;UOP02-DEL01-RS
560070;09/11/2023;quinta-feira;10:00:00;RJ;101;484;ANGRA DOS REIS;Acessar a via sem observar a presença dos outros veículos;Colisão lateral mesmo sentido;Com Vítimas Feridas;Pleno dia;Crescente;Céu Claro;Simples;Interseção de Vias;Não;2;0;1;0;1;0;1;2;-22,99096308;-44,30429882;SPRF-RJ;DEL03-RJ;UOP03-DEL03-RJ
560071;28/10/2023;sábado;17:40:00;PE;101;48;ABREU E LIMA;Ausência de reação do condutor;Colisão traseira;Com Vítimas Feridas;Anoitecer;Crescente;Ignorado;Múltipla;Reta;Sim;2;0;1;0;0;1;1;2;-7,89272139;-34,90348399;SPRF-PE;DEL01-PE;UOP02-DEL01-PE
560074;09/08/2023;quarta-feira;21:01:00;MG;365;851;SANTA VITORIA;Ausência de reação do condutor;Colisão lateral mesmo sentido;Sem Vítimas;Plena Noite;Crescente;Céu Claro;Simples;Reta;Não;2;0;0;0;0;2;0;1;-19,01825662;-50,32731611;SPRF-MG;DEL15-MG;UOP03-DEL15-MG
560077;09/11/2023;quinta-feira;07:33:00;RO;435;73;COLORADO DO OESTE;Avarias e/ou desgaste excessivo no pneu;Queda de ocupante de veículo;Com Vítimas Feridas;Pleno dia;Crescente;Céu Claro;Simples;Reta;Não;2;0;1;0;1;0;1;1;-13,1038111;-60,4273343;SPRF-RO;DEL04-RO;UOP02-DEL04-RO
560078;09/11/2023;quinta-feira;08:00:00;PE;428;187;PETROLINA;Acessar a via sem observar a presença dos outros veículos;Colisão frontal;Com Vítimas Feridas;Pleno dia;Crescente;Sol;Simples;Reta;Sim;2;0;1;0;1;0;1;2;-9,36472406;-40,48461914;SPRF-PE;DEL06-PE;UOP01-DEL06-PE
560079;09/11/2023;quinta-feira;10:30:00;PE;423;84;SAO JOAO;Reação tardia ou ineficiente do condutor;Engavetamento;Com Vítimas Feridas;Pleno dia;Decrescente;Céu Claro;Simples;"Reta;Declive                  ";Não;3;0;0;1;2;0;1;3;-8,798195;-36,43809;SPRF-PE;DEL03-PE;UOP01-DEL03-PE
560083;09/11/2023;quinta-feira;11:30:00;RS;116;242;SAO LEOPOLDO;Ausência de reação do condutor;Colisão traseira;Com Vítimas Feridas;Pleno dia;Crescente;Nublado;Dupla;Reta;Não;2;0;1;0;1;0;1;2;-29,72297087;-51,14858729;SPRF-RS;DEL01-RS;UOP02-DEL01-RS
560084;09/11/2023;quinta-feira;10:00:00;RO;364;425;JARU;Desrespeitar a preferência no cruzamento;Colisão transversal;Com Vítimas Feridas;Pleno dia;Decrescente;Céu Claro;Simples;Interseção de Vias;Não;2;0;1;0;1;0;1;2;-10,43752488;-62,47169791;SPRF-RO;DEL03-RO;UOP02-DEL03-RO
560089;09/11/2023;quinta-feira;10:30:00;RS;293;175;BAGE;Demais falhas mecânicas ou elétricas;Incêndio;Sem Vítimas;Pleno dia;Decrescente;Céu Claro;Simples;Reta;Não;3;0;0;0;3;0;0;1;-31,31783088;-54,00275695;SPRF-RS;DEL11-RS;UOP03-DEL11-RS
560090;02/09/2023;sábado;22:30:00;PI;407;423;PICOS;Ingestão de álcool pelo condutor;Colisão transversal;Com Vítimas Feridas;Plena Noite;Decrescente;Céu Claro;Simples;Reta;Sim;4;0;1;0;1;2;1;3;-7,08046946;-41,45903631;SPRF-PI;DEL04-PI;UOP01-DEL04-PI
560091;09/11/2023;quinta-feira;11:45:00;RJ;101;318;SAO GONCALO;Reação tardia ou ineficiente do condutor;Colisão traseira;Sem Vítimas;Pleno dia;Crescente;Céu Claro;Dupla;Reta;Não;2;0;0;0;2;0;0;2;-22,84562994;-43,09841211;SPRF-RJ;DEL02-RJ;UOP02-DEL02-RJ
560093;09/11/2023;quinta-feira;12:37:00;RN;304;292,7;MACAIBA;Estacionar ou parar em local proibido;Engavetamento;Sem Vítimas;Pleno dia;Crescente;Sol;Simples;Curva;Não;3;0;0;0;3;0;0;3;-5,86807684;-35,38497498;SPRF-RN;DEL01-RN;UOP02-DEL01-RN
560094;09/11/2023;quinta-feira;12:10:00;PR;376;619;SAO JOSE DOS PINHAIS;Ausência de reação do condutor;Colisão traseira;Com Vítimas Feridas;Pleno dia;Decrescente;Nublado;Dupla;Reta;Não;2;0;1;0;1;0;1;2;-25,60034699;-49,17355691;SPRF-PR;DEL01-PR;UOP04-DEL01-PR
560095;09/11/2023;quinta-feira;11:55:00;MA;10;259,8;IMPERATRIZ;Avarias e/ou desgaste excessivo no pneu;Tombamento;Com Vítimas Feridas;Pleno dia;Decrescente;Nublado;Simples;Reta;Sim;1;0;1;0;0;0;1;1;-5,472474;-47,472221;SPRF-MA;DEL04-MA;UOP01-DEL04-MA
560096;04/10/2023;quarta-feira;16:20:00;RS;116;266;CANOAS;Avarias e/ou desgaste excessivo no pneu;Colisão traseira;Com Vítimas Feridas;Pleno dia;Decrescente;Chuva;Múltipla;Reta;Não;2;0;1;0;1;0;1;2;-29,93242399;-51,17742077;SPRF-RS;DEL01-RS;UOP01-DEL01-RS
560099;09/11/2023;quinta-feira;12:20:00;SP;116;155;SAO JOSE DOS CAMPOS;Reação tardia ou ineficiente do condutor;Colisão com objeto;Com Vítimas Feridas;Pleno dia;Decrescente;Sol;Dupla;"Reta;Declive                  ";Não;1;0;0;1;0;0;1;1;-23,24524337;-45,92772774;SPRF-SP;DEL02-SP;UOP01-DEL02-SP
560100;08/11/2023;quarta-feira;22:30:00;PE;232;409;SERRA TALHADA;Condutor desrespeitou a iluminação vermelha do semáforo;Colisão transversal;Com Vítimas Feridas;Plena Noite;Decrescente;Céu Claro;Simples;Interseção de Vias;Sim;3;0;1;0;2;0;1;2;-7,981944;-38,289467;SPRF-PE;DEL04-PE;UOP01-DEL04-PE
560102;09/11/2023;quinta-feira;13:50:00;DF;70;16;BRASILIA;Ausência de reação do condutor;Queda de ocupante de veículo;Com Vítimas Feridas;Pleno dia;Crescente;Céu Claro;Dupla;Reta;Não;1;0;1;0;0;0;1;1;-15,796144;-48,194225;SPRF-DF;DEL03-DF;UOP02-DEL03-DF
560103;09/11/2023;quinta-feira;13:20:00;SC;101;311,7;LAGUNA;Ausência de reação do condutor;Colisão traseira;Com Vítimas Feridas;Pleno dia;Decrescente;Céu Claro;Múltipla;Curva;Sim;7;0;1;0;6;0;1;4;-28,433701;-48,806344;SPRF-SC;DEL02-SC;UOP01-DEL02-SC
560111;09/11/2023;quinta-feira;14:40:00;SP;101;51;UBATUBA;Trafegar com motocicleta (ou similar) entre as faixas;Colisão transversal;Com Vítimas Feridas;Pleno dia;Decrescente;Sol;Simples;Interseção de Vias;Sim;2;0;1;0;1;0;1;2;-23,45627795;-45,07111896;SPRF-SP;DEL06-SP;UOP01-DEL06-SP
560112;09/11/2023;quinta-feira;14:30:00;SC;280;52,6;GUARAMIRIM;Acessar a via sem observar a presença dos outros veículos;Colisão traseira;Com Vítimas Feridas;Pleno dia;Crescente;Nublado;Simples;"Reta;Em Obras                 ";Sim;3;0;0;1;1;1;1;3;-26,468904;-48,96492;SPRF-SC;DEL03-SC;UOP03-DEL03-SC
560113;09/11/2023;quinta-feira;14:20:00;SC;280;55;GUARAMIRIM;Carga excessiva e/ou mal acondicionada;Colisão com objeto;Com Vítimas Feridas;Pleno dia;Crescente;Céu Claro;Dupla;"Viaduto;Reta;Aclive           ";Sim;2;0;2;0;0;0;2;1;-26,47584353;-48,9937858;SPRF-SC;DEL03-SC;UOP03-DEL03-SC
560117;09/11/2023;quinta-feira;13:10:00;MT;70;76;GENERAL CARNEIRO;Demais falhas na via;Saída de leito carroçável;Com Vítimas Feridas;Pleno dia;Crescente;Céu Claro;Simples;Curva;Não;2;0;2;0;0;0;2;1;-15,67421693;-52,81408803;SPRF-MT;DEL07-MT;UOP01-DEL07-MT
560118;09/11/2023;quinta-feira;16:00:00;SC;101;203,4;SAO JOSE;Trafegar com motocicleta (ou similar) entre as faixas;Colisão lateral mesmo sentido;Com Vítimas Feridas;Pleno dia;Crescente;Nevoeiro/Neblina;Múltipla;Reta;Não;2;0;1;0;1;0;1;2;-27,5650044;-48,61460082;SPRF-SC;DEL01-SC;UOP01-DEL01-SC
560119;09/11/2023;quinta-feira;09:50:00;SC;470;143,6;RIO DO SUL;Acumulo de água sobre o pavimento;Colisão traseira;Sem Vítimas;Pleno dia;Decrescente;Garoa/Chuvisco;Simples;Reta;Sim;3;0;0;0;2;1;0;3;-27,233143;-49,672886;SPRF-SC;DEL04-SC;UOP02-DEL04-SC
560120;09/11/2023;quinta-feira;07:37:00;BA;349;1056,4;CORRENTINA;Afundamento ou ondulação no pavimento;Saída de leito carroçável;Com Vítimas Feridas;Pleno dia;Crescente;Céu Claro;Simples;Reta;Não;3;0;0;1;2;0;1;1;-13,64645946;-45,67520144;SPRF-BA;DEL08-BA;UOP04-DEL08-BA
560126;09/11/2023;quinta-feira;16:35:00;SE;101;93;NOSSA SENHORA DO SOCORRO;Pedestre andava na pista;Colisão traseira;Sem Vítimas;Anoitecer;Decrescente;Céu Claro;Dupla;"Reta;Aclive                   ";Sim;3;0;0;0;2;1;0;3;-10,90212319;-37,14494787;SPRF-SE;DEL01-SE;UOP01-DEL01-SE
560127;10/10/2023;terça-feira;19:00:00;RS;116;268;CANOAS;Reação tardia ou ineficiente do condutor;Colisão lateral mesmo sentido;Com Vítimas Feridas;Plena Noite;Decrescente;Céu Claro;Dupla;Reta;Sim;4;0;1;0;3;0;1;4;-29,95042502;-51,17652939;SPRF-RS;DEL01-RS;UOP01-DEL01-RS
560128;09/11/2023;quinta-feira;16:00:00;BA;116;16,3;VITORIA DA CONQUISTA;Trafegar com motocicleta (ou similar) entre as faixas;Colisão traseira;Com Vítimas Feridas;Pleno dia;Decrescente;Sol;Simples;Reta;Sim;4;0;2;0;2;0;2;3;-14,902355;-40,847138;SPRF-BA;DEL08-BA;UOP01-DEL08-BA
560130;02/09/2023;sábado;15:30:00;GO;364;260;MINEIROS;Ultrapassagem Indevida;Colisão lateral mesmo sentido;Sem Vítimas;Pleno dia;Crescente;Céu Claro;Simples;Reta;Não;22;0;0;0;22;0;0;1;-17,668005;-52,223953;SPRF-GO;DEL05-GO;UOP01-DEL05-GO
560131;09/11/2023;quinta-feira;17:00:00;SC;101;114,2;ITAJAI;Reação tardia ou ineficiente do condutor;Colisão lateral mesmo sentido;Com Vítimas Feridas;Pleno dia;Decrescente;Céu Claro;Dupla;Reta;Sim;2;0;1;0;1;0;1;2;-26,86192886;-48,7286704;SPRF-SC;DEL04-SC;UOP04-DEL04-SC
560135;09/11/2023;quinta-feira;18:00:00;RN;304;46,7;MOSSORO;Ausência de reação do condutor;Colisão traseira;Com Vítimas Feridas;Plena Noite;Decrescente;Céu Claro;Dupla;Reta;Sim;3;0;2;0;1;0;2;2;-5,22581506;-37,33244419;SPRF-RN;DEL04-RN;UOP01-DEL04-RN
560138;09/11/2023;quinta-feira;18:06:00;CE;222;2;FORTALEZA;Ausência de reação do condutor;Colisão traseira;Com Vítimas Feridas;Plena Noite;Crescente;Céu Claro;Múltipla;Reta;Sim;2;0;2;0;0;0;2;2;-3,73911117;-38,58687498;SPRF-CE;DEL01-CE;UOP01-DEL01-CE
560139;09/11/2023;quinta-feira;18:10:00;MG;381;501;BETIM;Trafegar com motocicleta (ou similar) entre as faixas;Colisão lateral mesmo sentido;Com Vítimas Feridas;Anoitecer;Decrescente;Céu Claro;Múltipla;Reta;Sim;3;0;1;0;2;0;1;3;-20,00948396;-44,21756744;SPRF-MG;DEL01-MG;UOP03-DEL01-MG
560140;09/11/2023;quinta-feira;18:05:00;RS;116;148,9;CAXIAS DO SUL;Pedestre cruzava a pista fora da faixa;Atropelamento de Pedestre;Com Vítimas Feridas;Anoitecer;Crescente;Nublado;Dupla;Reta;Sim;2;0;1;0;1;0;1;2;-29,16750788;-51,15862012;SPRF-RS;DEL05-RS;UOP01-DEL05-RS
560141;09/11/2023;quinta-feira;18:20:00;PE;101;73;RECIFE;Condutor deixou de manter distância do veículo da frente;Colisão transversal;Com Vítimas Feridas;Plena Noite;Decrescente;Céu Claro;Dupla;"Reta;Retorno Regulamentado    ";Sim;3;0;1;0;1;1;1;2;-8,093369;-34,947464;SPRF-PE;DEL01-PE;UOP01-DEL01-PE
560142;09/11/2023;quinta-feira;18:00:00;MG;354;752;ITAMONTE;Acessar a via sem observar a presença dos outros veículos;Colisão transversal;Com Vítimas Feridas;Anoitecer;Crescente;Céu Claro;Simples;"Reta;Interseção de Vias       ";Não;3;0;2;0;1;0;2;2;-22,29340799;-44,86366398;SPRF-MG;DEL17-MG;UOP01-DEL17-MG
560143;09/11/2023;quinta-feira;18:00:00;RN;101;83,5;SAO GONCALO DO AMARANTE;Manobra de mudança de faixa;Colisão lateral mesmo sentido;Sem Vítimas;Plena Noite;Crescente;Céu Claro;Dupla;Reta;Sim;2;0;0;0;2;0;0;2;-5,77217416;-35,26375294;SPRF-RN;DEL02-RN;UOP01-DEL02-RN
560144;09/11/2023;quinta-feira;17:40:00;MT;163;839;SINOP;Acessar a via sem observar a presença dos outros veículos;Colisão transversal;Com Vítimas Feridas;Anoitecer;Crescente;Nublado;Simples;Reta;Sim;2;0;0;1;1;0;1;2;-11,82;-55,484;SPRF-MT;DEL06-MT;UOP02-DEL06-MT
560146;09/11/2023;quinta-feira;15:40:00;RS;158;312,7;ITAARA;Objeto estático sobre o leito carroçável;Colisão com objeto;Com Vítimas Feridas;Pleno dia;Crescente;Nevoeiro/Neblina;Simples;"Reta;Aclive                   ";Não;1;0;0;1;0;0;1;1;-29,632436;-53,76782;SPRF-RS;DEL09-RS;UOP01-DEL09-RS
560147;09/11/2023;quinta-feira;18:00:00;MG;40;530;CONTAGEM;Acessar a via sem observar a presença dos outros veículos;Colisão transversal;Com Vítimas Feridas;Amanhecer;Crescente;Céu Claro;Dupla;Curva;Sim;2;0;1;1;0;0;2;2;-19,92064782;-44,0335681;SPRF-MG;DEL01-MG;UOP02-DEL01-MG
560148;09/11/2023;quinta-feira;18:00:00;RS;116;249,8;SAO LEOPOLDO;Trafegar com motocicleta (ou similar) entre as faixas;Colisão lateral mesmo sentido;Com Vítimas Feridas;Anoitecer;Decrescente;Nublado;Dupla;Reta;Não;2;0;1;0;0;1;1;2;-29,7831804;-51,16099063;SPRF-RS;DEL01-RS;UOP02-DEL01-RS
560149;09/11/2023;quinta-feira;18:20:00;RJ;101;319;NITEROI;Trafegar com motocicleta (ou similar) entre as faixas;Queda de ocupante de veículo;Com Vítimas Feridas;Anoitecer;Decrescente;Céu Claro;Dupla;Reta;Sim;2;0;2;0;0;0;2;1;-22,85411774;-43,1018014;SPRF-RJ;DEL02-RJ;UOP02-DEL02-RJ
560150;09/11/2023;quinta-feira;18:20:00;SP;116;283;EMBU DAS ARTES;Manobra de mudança de faixa;Colisão lateral mesmo sentido;Sem Vítimas;Plena Noite;Decrescente;Céu Claro;Dupla;Reta;Sim;3;0;0;0;3;0;0;2;-23,69297005;-46,86352786;SPRF-SP;DEL04-SP;UOP01-DEL04-SP
560151;09/11/2023;quinta-feira;14:30:00;BA;30;350;BRUMADO;Reação tardia ou ineficiente do condutor;Colisão lateral sentido oposto;Com Vítimas Feridas;Pleno dia;Crescente;Céu Claro;Simples;Curva;Não;4;0;1;0;3;0;1;2;-14,260965;-41,801141;SPRF-BA;DEL08-BA;UOP01-DEL08-BA
560154;09/11/2023;quinta-feira;17:30:00;MS;262;367,2;CAMPO GRANDE;Desrespeitar a preferência no cruzamento;Colisão transversal;Com Vítimas Feridas;Plena Noite;Crescente;Garoa/Chuvisco;Simples;"Reta;Rotatória                ";Não;4;0;1;0;3;0;1;2;-20,47808868;-54,75327909;SPRF-MS;DEL01-MS;UOP03-DEL01-MS
560157;16/10/2023;segunda-feira;08:20:00;ES;393;23,2;MUQUI;Acessar a via sem observar a presença dos outros veículos;Colisão transversal;Sem Vítimas;Pleno dia;Crescente;Ignorado;Simples;"Reta;Declive                  ";Não;2;0;0;0;1;1;0;2;-20,94057167;-41,33099715;SPRF-ES;DEL03-ES;UOP02-DEL03-ES
560158;09/11/2023;quinta-feira;17:00:00;PI;316;148;ELESBAO VELOSO;Reação tardia ou ineficiente do condutor;Colisão traseira;Sem Vítimas;Amanhecer;Crescente;Céu Claro;Simples;"Reta;Em Obras                 ";Não;3;0;0;0;3;0;0;2;-6,11097136;-42,17893427;SPRF-PI;DEL04-PI;UOP02-DEL04-PI
560159;09/11/2023;quinta-feira;19:20:00;MG;262;391;FLORESTAL;Ausência de reação do condutor;Tombamento;Com Vítimas Feridas;Plena Noite;Decrescente;Céu Claro;Dupla;Reta;Não;1;0;1;0;0;0;1;1;-19,903904;-44,5173037;SPRF-MG;DEL01-MG;UOP03-DEL01-MG
560161;09/11/2023;quinta-feira;18:25:00;RN;226;48;BOM JESUS;Ingestão de álcool pelo condutor;Colisão traseira;Com Vítimas Feridas;Plena Noite;Crescente;Céu Claro;Simples;Reta;Sim;2;0;1;0;1;0;1;2;-5,98530442;-35,58427376;SPRF-RN;DEL01-RN;UOP02-DEL01-RN
560162;03/10/2023;terça-feira;15:20:00;PE;232;147;SAO CAITANO;Ausência de reação do condutor;Colisão transversal;Com Vítimas Feridas;Pleno dia;Crescente;Céu Claro;Dupla;"Reta;Interseção de Vias;Viadut";Sim;2;0;0;1;1;0;1;2;-8,332745;-36,138514;SPRF-PE;DEL03-PE;UOP02-DEL03-PE
560163;09/11/2023;quinta-feira;19:00:00;MT;70;280;PRIMAVERA DO LESTE;Ingestão de álcool pelo condutor;Saída de leito carroçável;Com Vítimas Feridas;Plena Noite;Decrescente;Céu Claro;Simples;Reta;Sim;1;0;1;0;0;0;1;1;-15,5628096;-54,2970162;SPRF-MT;DEL05-MT;UOP01-DEL05-MT
560165;09/11/2023;quinta-feira;13:00:00;PA;230;173;ITUPIRANGA;Reação tardia ou ineficiente do condutor;Capotamento;Com Vítimas Feridas;Pleno dia;Decrescente;Céu Claro;Simples;"Curva;Declive                 ";Não;9;0;6;2;1;0;8;1;-5,11507412;-49,40395626;SPRF-PA;DEL03-PA;UOP01-DEL03-PA
560166;09/11/2023;quinta-feira;19:30:00;SP;116;317;SAO LOURENCO DA SERRA;Área urbana sem a presença de local apropriado para a travessia de pedestres;Colisão frontal;Com Vítimas Feridas;Plena Noite;Crescente;Céu Claro;Simples;Retorno Regulamentado;Não;2;0;0;1;1;0;1;2;-23,91799802;-46,98973192;SPRF-SP;DEL04-SP;UOP03-DEL04-SP
560169;09/11/2023;quinta-feira;20:30:00;RS;116;246,7;SAO LEOPOLDO;Manobra de mudança de faixa;Colisão com objeto;Com Vítimas Feridas;Plena Noite;Decrescente;Céu Claro;Dupla;Reta;Sim;2;0;1;0;1;0;1;2;-29,758751;-51,15186806;SPRF-RS;DEL01-RS;UOP02-DEL01-RS
560173;09/11/2023;quinta-feira;21:00:00;RJ;116;41;TERESOPOLIS;Transitar no Acostamento;Atropelamento de Pedestre;Com Vítimas Feridas;Plena Noite;Crescente;Céu Claro;Simples;Reta;Não;2;0;0;1;1;0;1;2;-22,133427;-42,779522;SPRF-RJ;DEL04-RJ;UOP01-DEL04-RJ
560175;09/11/2023;quinta-feira;17:30:00;MG;116;413;GOVERNADOR VALADARES;Pedestre cruzava a pista fora da faixa;Atropelamento de Pedestre;Com Vítimas Feridas;Anoitecer;Decrescente;Céu Claro;Simples;"Reta;Aclive                   ";Sim;3;0;2;1;0;0;3;2;-18,86882342;-41,97144241;SPRF-MG;DEL06-MG;UOP01-DEL06-MG
560177;09/11/2023;quinta-feira;21:29:00;RN;101;106;PARNAMIRIM;Acessar a via sem observar a presença dos outros veículos;Colisão transversal;Com Vítimas Feridas;Plena Noite;Crescente;Céu Claro;Múltipla;Reta;Sim;2;0;1;0;1;0;1;2;-5,91056401;-35,26130795;SPRF-RN;DEL01-RN;UOP01-DEL01-RN
560179;09/11/2023;quinta-feira;21:05:00;PB;104;97,7;ESPERANCA;Animais na Pista;Atropelamento de Animal;Com Vítimas Feridas;Plena Noite;Decrescente;Céu Claro;Simples;Declive;Sim;1;0;1;0;0;0;1;1;-7,01994564;-35,85788662;SPRF-PB;DEL02-PB;UOP04-DEL02-PB
560180;14/08/2023;segunda-feira;00:10:00;PR;369;146,5;LONDRINA;Reação tardia ou ineficiente do condutor;Colisão traseira;Com Vítimas Feridas;Plena Noite;Decrescente;Céu Claro;Dupla;Declive;Sim;2;0;0;1;1;0;1;2;-23,29343559;-51,12649262;SPRF-PR;DEL07-PR;UOP01-DEL07-PR
560182;09/11/2023;quinta-feira;21:15:00;MG;381;484,4;BETIM;Velocidade Incompatível;Colisão lateral mesmo sentido;Com Vítimas Feridas;Plena Noite;Crescente;Céu Claro;Múltipla;"Curva;Declive                 ";Sim;3;0;1;0;2;0;1;3;-19,95921107;-44,0900445;SPRF-MG;DEL01-MG;UOP03-DEL01-MG
560183;09/11/2023;quinta-feira;21:20:00;CE;116;23;AQUIRAZ;Ausência de reação do condutor;Colisão traseira;Com Vítimas Feridas;Plena Noite;Crescente;Céu Claro;Dupla;Reta;Sim;2;0;0;1;0;1;1;2;-3,95221914;-38,5125947;SPRF-CE;DEL01-CE;UOP02-DEL01-CE
560184;09/11/2023;quinta-feira;22:15:00;PR;272;557;TERRA ROXA;Chuva;Saída de leito carroçável;Com Vítimas Feridas;Plena Noite;Crescente;Chuva;Simples;Curva;Não;1;0;0;1;0;0;1;1;-24,08581365;-54,12416704;SPRF-PR;DEL06-PR;UOP01-DEL06-PR
560185;09/11/2023;quinta-feira;22:20:00;SC;282;17;PALHOCA;Conversão proibida;Queda de ocupante de veículo;Com Vítimas Feridas;Plena Noite;Crescente;Céu Claro;Simples;Reta;Não;3;0;2;0;1;0;2;2;-27,665707;-48,688065;SPRF-SC;DEL01-SC;UOP02-DEL01-SC
560186;09/11/2023;quinta-feira;22:10:00;CE;116;7;FORTALEZA;Área urbana sem a presença de local apropriado para a travessia de pedestres;Atropelamento de Pedestre;Com Vítimas Feridas;Plena Noite;Crescente;Céu Claro;Múltipla;Reta;Sim;2;0;1;0;0;1;1;2;-3,81335226;-38,5011005;SPRF-CE;DEL01-CE;UOP02-DEL01-CE
560187;09/11/2023;quinta-feira;22:30:00;PR;116;209;RIO NEGRO;Ingestão de álcool pelo condutor;Colisão transversal;Com Vítimas Feridas;Pleno dia;Crescente;Céu Claro;Simples;Interseção de Vias;Sim;3;0;1;0;2;0;1;2;-26,07620916;-49,75230908;SPRF-SC;DEL06-SC;UOP01-DEL06-SC
560189;09/11/2023;quinta-feira;19:56:00;SP;116;561;BARRA DO TURVO;Entrada inopinada do pedestre;Atropelamento de Pedestre;Com Vítimas Fatais;Plena Noite;Decrescente;Chuva;Dupla;"Reta;Aclive                   ";Não;2;1;0;0;1;0;0;2;-25,02045097;-48,51586004;SPRF-SP;DEL05-SP;UOP02-DEL05-SP
560190;09/11/2023;quinta-feira;23:00:00;RJ;116;176;SAO JOAO DE MERITI;Ausência de reação do condutor;Tombamento;Com Vítimas Feridas;Plena Noite;Decrescente;Céu Claro;Múltipla;Reta;Não;1;0;1;0;0;0;1;1;-22,7839538;-43,38195488;SPRF-RJ;DEL01-RJ;UOP02-DEL01-RJ
560193;09/11/2023;quinta-feira;23:50:00;PB;230;150,8;CAMPINA GRANDE;Animais na Pista;Atropelamento de Animal;Com Vítimas Feridas;Plena Noite;Decrescente;Céu Claro;Simples;Reta;Sim;1;0;1;0;0;0;1;1;-7,2688;-35,8837;SPRF-PB;DEL02-PB;UOP01-DEL02-PB
560194;09/11/2023;quinta-feira;21:30:00;PB;230;161,9;CAMPINA GRANDE;Animais na Pista;Atropelamento de Animal;Com Vítimas Feridas;Plena Noite;Decrescente;Céu Claro;Simples;"Reta;Declive                  ";Não;1;0;0;1;0;0;1;1;-7,2361;-35,941;SPRF-PB;DEL02-PB;UOP01-DEL02-PB
560195;09/11/2023;quinta-feira;23:30:00;MG;262;368;JUATUBA;Ausência de reação do condutor;Capotamento;Com Vítimas Feridas;Plena Noite;Decrescente;Céu Claro;Dupla;Curva;Não;2;0;1;0;1;0;1;1;-19,96108676;-44,33670044;SPRF-MG;DEL01-MG;UOP03-DEL01-MG
560196;09/11/2023;quinta-feira;21:20:00;MS;267;574;CARACOL;Ingestão de álcool pelo condutor;Tombamento;Com Vítimas Feridas;Plena Noite;Crescente;Céu Claro;Simples;"Reta;Declive                  ";Não;1;0;0;1;0;0;1;1;-21,739151;-56,915237;SPRF-MS;DEL05-MS;UOP01-DEL05-MS
560198;09/11/2023;quinta-feira;18:35:00;SP;116;138,2;SAO JOSE DOS CAMPOS;Manobra de mudança de faixa;Colisão lateral mesmo sentido;Com Vítimas Feridas;Anoitecer;Crescente;Céu Claro;Dupla;"Reta;Aclive                   ";Não;2;0;1;0;1;0;1;2;-23,15763069;-45,79647845;SPRF-SP;DEL02-SP;UOP01-DEL02-SP
560199;09/11/2023;quinta-feira;23:00:00;AL;101;140;SAO MIGUEL DOS CAMPOS;Transitar na contramão;Colisão frontal;Com Vítimas Fatais;Plena Noite;Crescente;Céu Claro;Dupla;Reta;Não;4;1;0;0;3;0;0;2;-9,82539401;-36,12632699;SPRF-AL;DEL02-AL;UOP01-DEL02-AL
560200;09/11/2023;quinta-feira;23:50:00;SP;153;22,8;NOVA GRANADA;Ingestão de álcool pelo condutor;Colisão lateral mesmo sentido;Sem Vítimas;Plena Noite;Crescente;Céu Claro;Simples;"Reta;Aclive                   ";Não;2;0;0;0;2;0;0;2;-20,476847;-49,296506;SPRF-SP;DEL09-SP;UOP01-DEL09-SP
560202;10/11/2023;sexta-feira;02:00:00;RS;386;347;LAJEADO;Ingestão de álcool pelo condutor;Colisão com objeto;Sem Vítimas;Plena Noite;Decrescente;Céu Claro;Dupla;"Reta;Viaduto                  ";Sim;1;0;0;0;1;0;0;1;-29,451736;-51,965893;SPRF-RS;DEL04-RS;UOP01-DEL04-RS
560203;10/11/2023;sexta-feira;00:15:00;MG;40;661;CARANDAI;Demais falhas mecânicas ou elétricas;Incêndio;Sem Vítimas;Plena Noite;Crescente;Céu Claro;Simples;Curva;Não;2;0;0;0;2;0;0;1;-20,90511396;-43,82787922;SPRF-MG;DEL05-MG;UOP02-DEL05-MG
560205;10/11/2023;sexta-feira;02:20:00;SP;381;53;MAIRIPORA;Ausência de reação do condutor;Colisão traseira;Com Vítimas Feridas;Plena Noite;Decrescente;Céu Claro;Dupla;Reta;Não;2;0;1;0;1;0;1;2;-23,236369;-46,600463;SPRF-SP;DEL03-SP;UOP01-DEL03-SP
560206;10/11/2023;sexta-feira;02:05:00;MS;262;474;ANASTACIO;Reação tardia ou ineficiente do condutor;Saída de leito carroçável;Com Vítimas Feridas;Plena Noite;Crescente;Céu Claro;Simples;"Reta;Declive                  ";Não;2;0;2;0;0;0;2;1;-20,50916612;-55,66317201;SPRF-MS;DEL03-MS;UOP01-DEL03-MS