id;data_inversa;dia_semana;horario;uf;br;km;municipio;causa_acidente;tipo_acidente;classificacao_acidente;fase_dia;sentido_via;condicao_metereologica;tipo_pista;tracado_via;uso_solo;pessoas;mortos;feridos_leves;feridos_graves;ilesos;ignorados;feridos;veiculos;latitude;longitude;regional;delegacia;uop
560207;10/11/2023;sexta-feira;02:20:00;RJ;101;289;ITABORAI;Demais falhas mecânicas ou elétricas;Incêndio;Sem Vítimas;Plena Noite;Decrescente;Céu Claro;Dupla;Reta;Não;1;0;0;0;0;1;0;1;-22,76376316;-42,85172094;SPRF-RJ;DEL02-RJ;UOP02-DEL02-RJ
560209;10/11/2023;sexta-feira;03:20:00;RS;470;223;GARIBALDI;Reação tardia ou ineficiente do condutor;Saída de leito carroçável;Com Vítimas Feridas;Plena Noite;Decrescente;Céu Claro;Simples;Reta;Não;1;0;1;0;0;0;1;1;-29,21249203;-51,51794436;SPRF-RS;DEL06-RS;UOP01-DEL06-RS
560211;10/11/2023;sexta-feira;02:30:00;SP;116;37,7;CACHOEIRA PAULISTA;Condutor Dormindo;Saída de leito carroçável;Sem Vítimas;Plena Noite;Crescente;Céu Claro;Dupla;Reta;Sim;1;0;0;0;0;1;0;1;-22,66497021;-44,98430985;SPRF-SP;DEL08-SP;UOP02-DEL08-SP
560212;10/11/2023;sexta-feira;00:40:00;MA;135;181;SAO MATEUS DO MARANHAO;Manobra de mudança de faixa;Colisão transversal;Com Vítimas Feridas;Plena Noite;Crescente;Céu Claro;Simples;Reta;Sim;2;0;1;0;1;0;1;2;-4,02943302;-44,46517693;SPRF-MA;DEL03-MA;UOP01-DEL03-MA
560213;10/11/2023;sexta-feira;02:40:00;SC;282;19;PALHOCA;Ingestão de álcool pelo condutor;Saída de leito carroçável;Sem Vítimas;Plena Noite;Crescente;Céu Claro;Simples;Reta;Sim;1;0;0;0;1;0;0;1;-27,678635;-48,70192;SPRF-SC;DEL01-SC;UOP02-DEL01-SC
560216;10/11/2023;sexta-feira;04:05:00;SP;116;59,3;GUARATINGUETA;Velocidade Incompatível;Colisão lateral mesmo sentido;Com Vítimas Feridas;Amanhecer;Decrescente;Céu Claro;Dupla;Reta;Não;2;0;1;0;1;0;1;2;-22,78555649;-45,15339465;SPRF-SP;DEL08-SP;UOP01-DEL08-SP
560221;10/11/2023;sexta-feira;02:30:00;SC;101;369,1;ICARA;Transitar na contramão;Saída de leito carroçável;Com Vítimas Feridas;Plena Noite;Decrescente;Céu Claro;Múltipla;"Reta;Declive                  ";Não;1;0;1;0;0;0;1;1;-28,70135398;-49,19591904;SPRF-SC;DEL02-SC;UOP01-DEL02-SC
560222;10/11/2023;sexta-feira;05:35:00;RS;290;86;PORTO ALEGRE;Ingestão de álcool pelo condutor;Saída de leito carroçável;Sem Vítimas;Pleno dia;Decrescente;Céu Claro;Dupla;Reta;Não;1;0;0;0;1;0;0;1;-29,968412;-51,117138;SPRF-RS;DEL01-RS;UOP01-DEL01-RS
560225;10/11/2023;sexta-feira;04:50:00;PR;163;283;MARECHAL CANDIDO RONDON;Transitar na contramão;Colisão com objeto;Com Vítimas Feridas;Amanhecer;Crescente;Céu Claro;Simples;"Em Obras;Declive;Reta         ";Sim;1;0;1;0;0;0;1;1;-24,56648386;-54,03420568;SPRF-PR;DEL06-PR;UOP02-DEL06-PR
560226;10/11/2023;sexta-feira;05:10:00;PR;376;10,1;MARINGA;Manobra de mudança de faixa;Colisão lateral mesmo sentido;Sem Vítimas;Amanhecer;Decrescente;Céu Claro;Dupla;Declive;Sim;3;0;0;0;3;0;0;2;-23,38228;-51,90901;SPRF-PR;DEL09-PR;UOP01-DEL09-PR
560227;10/11/2023;sexta-feira;06:25:00;SE;235;2,5;NOSSA SENHORA DO SOCORRO;Animais na Pista;Atropelamento de Animal;Com Vítimas Feridas;Pleno dia;Decrescente;Céu Claro;Dupla;"Aclive;Reta                   ";Sim;1;0;1;0;0;0;1;1;-10,90691279;-37,09813714;SPRF-SE;DEL01-SE;UOP01-DEL01-SE
560228;09/11/2023;quinta-feira;20:40:00;PA;155;310;MARABA;Transitar na contramão;Colisão frontal;Com Vítimas Feridas;Plena Noite;Decrescente;Céu Claro;Simples;Reta;Não;3;0;0;1;2;0;1;2;-5,65160594;-49,11019532;SPRF-PA;DEL03-PA;UOP01-DEL03-PA
560229;10/11/2023;sexta-feira;07:00:00;RJ;116;173;SAO JOAO DE MERITI;Ausência de reação do condutor;Colisão traseira;Com Vítimas Feridas;Pleno dia;Decrescente;Céu Claro;Dupla;Reta;Sim;2;0;1;0;1;0;1;2;-22,79810324;-43,35726614;SPRF-RJ;DEL01-RJ;UOP02-DEL01-RJ
560230;10/11/2023;sexta-feira;06:30:00;GO;60;179;ABADIA DE GOIAS;Velocidade Incompatível;Colisão transversal;Com Vítimas Feridas;Pleno dia;Decrescente;Céu Claro;Dupla;"Reta;Declive                  ";Não;3;0;2;0;1;0;2;2;-16,76548184;-49,47113883;SPRF-GO;DEL01-GO;UOP02-DEL01-GO
560234;10/11/2023;sexta-feira;06:00:00;PB;230;128,2;CAMPINA GRANDE;Animais na Pista;Saída de leito carroçável;Sem Vítimas;Pleno dia;Decrescente;Céu Claro;Dupla;"Reta;Declive                  ";Não;1;0;0;0;1;0;0;1;-7,2605;-35,7061;SPRF-PB;DEL02-PB;UOP01-DEL02-PB
560235;10/11/2023;sexta-feira;06:40:00;ES;101;297;CARIACICA;Demais falhas mecânicas ou elétricas;Queda de ocupante de veículo;Com Vítimas Feridas;Pleno dia;Crescente;Sol;Dupla;Reta;Não;2;0;2;0;0;0;2;1;-20,34529844;-40,41026774;SPRF-ES;DEL01-ES;UOP01-DEL01-ES
560238;10/11/2023;sexta-feira;07:50:00;RS;116;264;CANOAS;Reação tardia ou ineficiente do condutor;Colisão traseira;Com Vítimas Feridas;Pleno dia;Crescente;Céu Claro;Dupla;Reta;Não;2;0;1;0;1;0;1;2;-29,914435;-51,17754495;SPRF-RS;DEL01-RS;UOP01-DEL01-RS
560240;10/11/2023;sexta-feira;07:20:00;PB;230;23;JOAO PESSOA;Reação tardia ou ineficiente do condutor;Colisão traseira;Com Vítimas Feridas;Pleno dia;Decrescente;Céu Claro;Dupla;Viaduto;Sim;3;0;0;1;2;0;1;2;-7,1562;-34,8574;SPRF-PB;DEL01-PB;UOP01-DEL01-PB
560241;10/11/2023;sexta-feira;07:10:00;SE;235;52,1;ITABAIANA;Reação tardia ou ineficiente do condutor;Colisão traseira;Com Vítimas Feridas;Pleno dia;Decrescente;Céu Claro;Simples;Reta;Sim;3;0;2;0;1;0;2;2;-10,693279;-37,437557;SPRF-SE;DEL01-SE;UOP02-DEL01-SE
560243;23/06/2023;sexta-feira;18:35:00;MG;40;565,3;NOVA LIMA;Ausência de reação do condutor;Colisão traseira;Com Vítimas Fatais;Plena Noite;Crescente;Céu Claro;Simples;Reta;Não;3;1;1;0;1;0;1;3;-20,170942;-43,96556854;SPRF-MG;DEL01-MG;UOP02-DEL01-MG
560245;10/11/2023;sexta-feira;07:40:00;MG;116;416,5;GOVERNADOR VALADARES;Transitar na contramão;Colisão transversal;Com Vítimas Feridas;Pleno dia;Crescente;Céu Claro;Simples;Interseção de Vias;Sim;2;0;1;0;1;0;1;2;-18,90130308;-41,94492414;SPRF-MG;DEL06-MG;UOP01-DEL06-MG
560246;13/10/2023;sexta-feira;18:40:00;RJ;101;328;NITEROI;Manobra de mudança de faixa;Queda de ocupante de veículo;Com Vítimas Feridas;Anoitecer;Decrescente;Ignorado;Múltipla;Reta;Não;3;0;1;0;1;1;1;3;-22,87028692;-43,16579699;SPRF-RJ;DEL02-RJ;UOP01-DEL02-RJ
560247;25/10/2023;quarta-feira;22:30:00;MT;163;25;ITIQUIRA;Animais na Pista;Atropelamento de Animal;Com Vítimas Feridas;Plena Noite;Decrescente;Nublado;Dupla;Reta;Não;2;0;1;0;1;0;1;1;-17,29821999;-54,76331983;SPRF-MT;DEL02-MT;UOP03-DEL02-MT
560248;09/11/2023;quinta-feira;23:30:00;RJ;101;387;RIO DE JANEIRO;Condutor Dormindo;Saída de leito carroçável;Com Vítimas Feridas;Pleno dia;Decrescente;Céu Claro;Múltipla;Reta;Sim;1;0;1;0;0;0;1;1;-22,88537839;-43,64965688;SPRF-RJ;DEL03-RJ;UOP01-DEL03-RJ
560249;01/10/2023;domingo;23:45:00;RS;116;261;CANOAS;Ausência de reação do condutor;Colisão frontal;Com Vítimas Feridas;Plena Noite;Decrescente;Céu Claro;Múltipla;Reta;Sim;2;0;1;0;1;0;1;2;-29,914435;-51,17754495;SPRF-RS;DEL01-RS;UOP01-DEL01-RS
560250;10/11/2023;sexta-feira;07:20:00;MG;365;613;UBERLANDIA;Pedestre cruzava a pista fora da faixa;Atropelamento de Pedestre;Com Vítimas Feridas;Pleno dia;Decrescente;Céu Claro;Simples;Reta;Sim;3;0;0;1;2;0;1;2;-18,92106426;-48,20534706;SPRF-MG;DEL15-MG;UOP01-DEL15-MG
560251;10/11/2023;sexta-feira;07:30:00;MG;365;613;UBERLANDIA;Condutor deixou de manter distância do veículo da frente;Colisão lateral mesmo sentido;Com Vítimas Feridas;Pleno dia;Decrescente;Céu Claro;Simples;Reta;Sim;3;0;1;0;2;0;1;2;-18,92126724;-48,20474625;SPRF-MG;DEL15-MG;UOP01-DEL15-MG
560252;10/11/2023;sexta-feira;08:00:00;PR;116;209;RIO NEGRO;Condutor deixou de manter distância do veículo da frente;Colisão traseira;Com Vítimas Feridas;Pleno dia;Decrescente;Nublado;Simples;"Reta;Declive                  ";Sim;2;0;1;0;1;0;1;2;-26,07620916;-49,75230908;SPRF-SC;DEL06-SC;UOP01-DEL06-SC
560253;10/11/2023;sexta-feira;08:00:00;CE;116;4;FORTALEZA;Manobra de mudança de faixa;Colisão lateral mesmo sentido;Com Vítimas Feridas;Pleno dia;Decrescente;Céu Claro;Múltipla;Reta;Sim;2;0;1;0;1;0;1;2;-3,7867209;-38,5114568;SPRF-CE;DEL01-CE;UOP02-DEL01-CE
560254;10/11/2023;sexta-feira;07:30:00;PI;343;343;TERESINA;Transitar na contramão;Colisão frontal;Com Vítimas Feridas;Pleno dia;Crescente;Céu Claro;Simples;Reta;Sim;3;0;1;0;2;0;1;2;-5,087362;-42,757851;SPRF-PI;DEL01-PI;UOP01-DEL01-PI
560256;10/11/2023;sexta-feira;08:45:00;ES;101;262;SERRA;Trafegar com motocicleta (ou similar) entre as faixas;Colisão lateral mesmo sentido;Com Vítimas Feridas;Pleno dia;Crescente;Sol;Dupla;"Reta;Declive                  ";Não;5;0;2;0;3;0;2;2;-20,15721684;-40,2769196;SPRF-ES;DEL02-ES;UOP01-DEL02-ES
560257;10/11/2023;sexta-feira;08:45:00;RS;116;245;SAO LEOPOLDO;Acumulo de areia ou detritos sobre o pavimento;Tombamento;Com Vítimas Feridas;Pleno dia;Crescente;Céu Claro;Dupla;"Reta;Em Obras                 ";Sim;1;0;1;0;0;0;1;1;-29,74980902;-51,15125361;SPRF-RS;DEL01-RS;UOP02-DEL01-RS
560258;10/11/2023;sexta-feira;08:30:00;SC;101;151;ITAPEMA;Demais falhas mecânicas ou elétricas;Queda de ocupante de veículo;Com Vítimas Feridas;Pleno dia;Decrescente;Céu Claro;Múltipla;Reta;Sim;1;0;1;0;0;0;1;1;-27,126536;-48,609642;SPRF-SC;DEL04-SC;UOP03-DEL04-SC
560259;10/11/2023;sexta-feira;08:15:00;MG;40;282,3;TRES MARIAS;Ausência de reação do condutor;Colisão transversal;Com Vítimas Feridas;Pleno dia;Crescente;Céu Claro;Simples;Curva;Sim;3;0;0;1;2;0;1;2;-18,24923582;-45,20220684;SPRF-MG;DEL14-MG;UOP02-DEL14-MG
560260;10/11/2023;sexta-feira;07:30:00;GO;251;29;CRISTALINA;Condutor deixou de manter distância do veículo da frente;Tombamento;Com Vítimas Feridas;Pleno dia;Crescente;Céu Claro;Simples;Reta;Sim;1;0;1;0;0;0;1;1;-16,08811703;-47,51565164;SPRF-DF;DEL01-DF;UOP01-DEL01-DF
560261;10/11/2023;sexta-feira;06:00:00;MS;262;356;CAMPO GRANDE;Acessar a via sem observar a presença dos outros veículos;Colisão transversal;Com Vítimas Feridas;Amanhecer;Crescente;Céu Claro;Simples;Rotatória;Não;2;0;2;0;0;0;2;2;-20,546267;-54,683599;SPRF-MS;DEL01-MS;UOP03-DEL01-MS
560262;06/11/2023;segunda-feira;06:40:00;BA;242;512;OLIVEIRA DOS BREJINHOS;Velocidade Incompatível;Capotamento;Com Vítimas Feridas;Pleno dia;Crescente;Nublado;Simples;Reta;Não;3;0;1;0;2;0;1;1;-12,32962784;-42,55392094;SPRF-BA;DEL06-BA;UOP01-DEL06-BA
560265;10/11/2023;sexta-feira;09:30:00;RN;101;96;NATAL;Reação tardia ou ineficiente do condutor;Engavetamento;Com Vítimas Feridas;Pleno dia;Decrescente;Nublado;Dupla;Reta;Sim;5;0;1;0;3;1;1;4;-5,84949622;-35,20890752;SPRF-RN;DEL01-RN;UOP01-DEL01-RN
560266;10/11/2023;sexta-feira;09:58:00;MG;40;506;RIBEIRAO DAS NEVES;Condutor deixou de manter distância do veículo da frente;Colisão traseira;Com Vítimas Feridas;Pleno dia;Decrescente;Céu Claro;Dupla;Reta;Sim;2;0;1;0;1;0;1;2;-19,74716686;-44,14731173;SPRF-MG;DEL02-MG;UOP01-DEL02-MG
560267;10/11/2023;sexta-feira;09:55:00;SC;101;204;SAO JOSE;Trafegar com motocicleta (ou similar) entre as faixas;Colisão lateral sentido oposto;Com Vítimas Feridas;Pleno dia;Crescente;Nublado;Múltipla;Reta;Sim;2;0;0;1;1;0;1;2;-27,57413014;-48,61363083;SPRF-SC;DEL01-SC;UOP01-DEL01-SC
560268;10/11/2023;sexta-feira;07:40:00;SP;116;110;TAUBATE;Avarias e/ou desgaste excessivo no pneu;Tombamento;Com Vítimas Feridas;Pleno dia;Decrescente;Sol;Dupla;"Aclive;Curva                  ";Sim;2;0;2;0;0;0;2;1;-23,03412614;-45,5526999;SPRF-SP;DEL02-SP;UOP02-DEL02-SP
560269;10/11/2023;sexta-feira;10:00:00;MG;40;789,6;JUIZ DE FORA;Ausência de reação do condutor;Saída de leito carroçável;Com Vítimas Feridas;Pleno dia;Crescente;Céu Claro;Dupla;Reta;Não;1;0;1;0;0;0;1;1;-21,75969297;-43,44077628;SPRF-MG;DEL05-MG;UOP01-DEL05-MG
560270;21/10/2023;sábado;07:45:00;RJ;101;255;RIO BONITO;Animais na Pista;Saída de leito carroçável;Com Vítimas Feridas;Pleno dia;Crescente;Céu Claro;Dupla;Reta;Sim;5;0;5;0;0;0;5;1;-22,69421578;-42,55904705;SPRF-RJ;DEL02-RJ;UOP03-DEL02-RJ
560271;10/11/2023;sexta-feira;07:20:00;RJ;101;525;ANGRA DOS REIS;Acessar a via sem observar a presença dos outros veículos;Colisão transversal;Com Vítimas Feridas;Pleno dia;Crescente;Céu Claro;Simples;Interseção de Vias;Não;2;0;1;0;1;0;1;2;-23,00539889;-44,48448504;SPRF-RJ;DEL03-RJ;UOP03-DEL03-RJ
560272;11/10/2023;quarta-feira;18:00:00;PR;376;174;MARINGA;Acessar a via sem observar a presença dos outros veículos;Colisão transversal;Com Vítimas Feridas;Pleno dia;Crescente;Céu Claro;Dupla;"Reta;Interseção de Vias       ";Sim;2;0;0;2;0;0;2;2;-23,41739268;-51,9587177;SPRF-PR;DEL09-PR;UOP01-DEL09-PR
560273;10/11/2023;sexta-feira;09:30:00;MA;222;674;ACAILANDIA;Condutor deixou de manter distância do veículo da frente;Engavetamento;Sem Vítimas;Pleno dia;Decrescente;Céu Claro;Simples;Reta;Sim;4;0;0;0;3;1;0;3;-4,93412557;-47,45359225;SPRF-MA;DEL04-MA;UOP03-DEL04-MA
560277;10/11/2023;sexta-feira;09:30:00;PE;104;36,7;CARUARU;Velocidade Incompatível;Colisão traseira;Com Vítimas Feridas;Pleno dia;Crescente;Céu Claro;Dupla;"Reta;Aclive                   ";Não;4;0;3;0;0;1;3;2;-8,052739;-36,049232;SPRF-PE;DEL02-PE;UOP01-DEL02-PE
560278;10/11/2023;sexta-feira;11:05:00;RN;101;102,9;PARNAMIRIM;Condutor deixou de manter distância do veículo da frente;Colisão traseira;Com Vítimas Feridas;Pleno dia;Crescente;Céu Claro;Dupla;Reta;Não;3;0;2;0;0;1;2;2;-5,88858217;-35,24018997;SPRF-RN;DEL01-RN;UOP01-DEL01-RN
560279;10/11/2023;sexta-feira;09:00:00;BA;101;808;ITAMARAJU;Acessar a via sem observar a presença dos outros veículos;Colisão transversal;Com Vítimas Feridas;Pleno dia;Crescente;Céu Claro;Simples;"Reta;Interseção de Vias       ";Sim;2;0;0;1;1;0;1;2;-17,19644104;-39,59171792;SPRF-BA;DEL09-BA;UOP02-DEL09-BA
560280;10/11/2023;sexta-feira;10:35:00;SC;282;21,1;PALHOCA;Reação tardia ou ineficiente do condutor;Colisão com objeto;Com Vítimas Feridas;Pleno dia;Decrescente;Céu Claro;Simples;Reta;Sim;2;0;1;0;1;0;1;1;-27,68907;-48,717541;SPRF-SC;DEL01-SC;UOP02-DEL01-SC
560281;10/11/2023;sexta-feira;07:30:00;PA;230;604;VITORIA DO XINGU;Animais na Pista;Atropelamento de Animal;Com Vítimas Feridas;Pleno dia;Decrescente;Céu Claro;Simples;Reta;Não;6;0;1;0;4;1;1;2;-3,12582165;-51,93487828;SPRF-PA;DEL04-PA;UOP01-DEL04-PA
560284;10/11/2023;sexta-feira;09:32:00;PR;163;144,1;CAPITAO LEONIDAS MARQUES;Ingestão de álcool pelo condutor;Colisão traseira;Com Vítimas Feridas;Pleno dia;Decrescente;Céu Claro;Dupla;Reta;Não;8;0;2;0;6;0;2;2;-25,46918522;-53,58266078;SPRF-PR;DEL05-PR;UOP05-DEL05-PR
560286;10/11/2023;sexta-feira;12:05:00;SP;116;139;SAO JOSE DOS CAMPOS;Pedestre andava na pista;Atropelamento de Pedestre;Com Vítimas Feridas;Pleno dia;Decrescente;Sol;Dupla;Reta;Sim;3;0;0;1;2;0;1;2;-23,16153216;-45,80400592;SPRF-SP;DEL02-SP;UOP01-DEL02-SP
560287;10/11/2023;sexta-feira;12:24:00;ES;262;17;VIANA;Acessar a via sem observar a presença dos outros veículos;Colisão traseira;Com Vítimas Feridas;Pleno dia;Crescente;Céu Claro;Simples;Reta;Não;2;0;0;1;1;0;1;2;-20,38635961;-40,47272969;SPRF-ES;DEL01-ES;UOP01-DEL01-ES
560288;10/11/2023;sexta-feira;09:10:00;SC;101;149,9;ITAPEMA;Acessar a via sem observar a presença dos outros veículos;Colisão transversal;Com Vítimas Feridas;Pleno dia;Crescente;Sol;Dupla;Reta;Sim;2;0;1;0;1;0;1;2;-27,1089649;-48,61277586;SPRF-SC;DEL04-SC;UOP03-DEL04-SC
560290;10/11/2023;sexta-feira;12:15:00;ES;262;95;DOMINGOS MARTINS;Acessar a via sem observar a presença dos outros veículos;Colisão transversal;Com Vítimas Feridas;Pleno dia;Decrescente;Céu Claro;Simples;"Reta;Interseção de Vias       ";Não;2;0;1;0;1;0;1;2;-20,3659225;-41,06040133;SPRF-ES;DEL01-ES;UOP02-DEL01-ES
560291;10/11/2023;sexta-feira;12:20:00;PR;373;174;PONTA GROSSA;Ausência de reação do condutor;Colisão traseira;Sem Vítimas;Pleno dia;Crescente;Céu Claro;Dupla;Reta;Sim;2;0;0;0;1;1;0;2;-25,07594908;-50,20995715;SPRF-PR;DEL03-PR;UOP01-DEL03-PR
560292;10/11/2023;sexta-feira;08:30:00;PR;277;717;SANTA TEREZINHA DE ITAIPU;Ausência de reação do condutor;Colisão traseira;Com Vítimas Feridas;Pleno dia;Crescente;Céu Claro;Dupla;Reta;Não;3;0;1;0;2;0;1;3;-25,47637493;-54,47651902;SPRF-PR;DEL05-PR;UOP01-DEL05-PR
560293;10/11/2023;sexta-feira;12:10:00;PB;101;87,8;JOAO PESSOA;Pedestre cruzava a pista fora da faixa;Atropelamento de Pedestre;Com Vítimas Fatais;Pleno dia;Crescente;Céu Claro;Dupla;Reta;Sim;2;1;0;0;1;0;0;2;-7,15886802;-34,90628504;SPRF-PB;DEL01-PB;UOP01-DEL01-PB
560295;10/11/2023;sexta-feira;10:05:00;RS;480;64,5;BARAO DE COTEGIPE;Ausência de reação do condutor;Saída de leito carroçável;Com Vítimas Feridas;Pleno dia;Decrescente;Céu Claro;Simples;Curva;Sim;1;0;1;0;0;0;1;1;-27,62515935;-52,36800671;SPRF-RS;DEL08-RS;UOP04-DEL08-RS
560296;10/11/2023;sexta-feira;12:10:00;MG;381;477;CONTAGEM;Condutor deixou de manter distância do veículo da frente;Colisão traseira;Com Vítimas Feridas;Pleno dia;Decrescente;Céu Claro;Dupla;"Declive;Reta                  ";Sim;2;0;1;0;1;0;1;2;-19,96179268;-44,05041676;SPRF-MG;DEL01-MG;UOP03-DEL01-MG
560297;31/10/2023;terça-feira;18:15:00;PE;101;59;RECIFE;Manobra de mudança de faixa;Colisão lateral mesmo sentido;Com Vítimas Feridas;Plena Noite;Crescente;Céu Claro;Dupla;Reta;Sim;3;0;2;0;0;1;2;2;-7,97708575;-34,92607318;SPRF-PE;DEL01-PE;UOP02-DEL01-PE
560298;10/11/2023;sexta-feira;10:10:00;MG;116;540,7;SANTA RITA DE MINAS;Acessar a via sem observar a presença dos outros veículos;Colisão lateral mesmo sentido;Com Vítimas Feridas;Pleno dia;Crescente;Céu Claro;Simples;Reta;Não;2;0;1;0;1;0;1;2;-19,886814;-42,13777186;SPRF-MG;DEL06-MG;UOP02-DEL06-MG
560299;21/10/2023;sábado;13:50:00;CE;222;2,1;FORTALEZA;Entrada inopinada do pedestre;Atropelamento de Pedestre;Com Vítimas Fatais;Pleno dia;Crescente;Céu Claro;Dupla;Reta;Sim;2;1;0;0;1;0;0;2;-3,73911117;-38,58687498;SPRF-CE;DEL01-CE;UOP01-DEL01-CE
560300;10/11/2023;sexta-feira;11:00:00;RJ;116;313,3;RESENDE;Avarias e/ou desgaste excessivo no pneu;Tombamento;Com Vítimas Feridas;Pleno dia;Decrescente;Céu Claro;Dupla;Reta;Sim;2;0;2;0;0;0;2;1;-22,45998766;-44,46237202;SPRF-RJ;DEL07-RJ;UOP02-DEL07-RJ
560301;10/11/2023;sexta-feira;13:20:00;SP;116;210,1;GUARULHOS;Reação tardia ou ineficiente do condutor;Colisão traseira;Com Vítimas Feridas;Pleno dia;Crescente;Céu Claro;Múltipla;Reta;Sim;7;0;1;0;6;0;1;4;-23,42870023;-46,41085991;SPRF-SP;DEL01-SP;UOP01-DEL01-SP
560304;29/10/2023;domingo;23:30:00;PE;101;46;IGARASSU;Pedestre andava na pista;Atropelamento de Pedestre;Com Vítimas Feridas;Plena Noite;Decrescente;Céu Claro;Múltipla;Reta;Sim;2;0;0;1;0;1;1;2;-7,87406004;-34,90588126;SPRF-PE;DEL01-PE;UOP02-DEL01-PE
560305;10/11/2023;sexta-feira;13:45:00;GO;60;163,6;GOIANIA;Velocidade Incompatível;Colisão com objeto;Com Vítimas Feridas;Pleno dia;Decrescente;Céu Claro;Múltipla;"Interseção de Vias;Reta       ";Não;2;0;2;0;0;0;2;1;-16,7002;-49,3335;SPRF-GO;DEL01-GO;UOP02-DEL01-GO
560307;10/11/2023;sexta-feira;12:40:00;RO;364;241,5;CACOAL;Reação tardia ou ineficiente do condutor;Colisão traseira;Com Vítimas Feridas;Pleno dia;Crescente;Céu Claro;Simples;"Reta;Aclive                   ";Sim;2;0;1;0;1;0;1;2;-11,44070217;-61,4786063;SPRF-RO;DEL02-RO;UOP02-DEL02-RO
560308;10/11/2023;sexta-feira;13:30:00;MG;381;506;BETIM;Condutor usando celular;Saída de leito carroçável;Com Vítimas Feridas;Pleno dia;Decrescente;Céu Claro;Dupla;Reta;Sim;1;0;1;0;0;0;1;1;-20,05039397;-44,27962502;SPRF-MG;DEL01-MG;UOP03-DEL01-MG
560309;10/11/2023;sexta-feira;00:05:00;BA;324;593;CANDEIAS;Reação tardia ou ineficiente do condutor;Saída de leito carroçável;Com Vítimas Feridas;Plena Noite;Crescente;Céu Claro;Dupla;Curva;Sim;1;0;1;0;0;0;1;1;-12,69890302;-38,46419428;SPRF-BA;DEL01-BA;UOP01-DEL01-BA
560311;10/11/2023;sexta-feira;11:07:00;RN;405;1,6;MOSSORO;Reação tardia ou ineficiente do condutor;Atropelamento de Pedestre;Com Vítimas Feridas;Pleno dia;Crescente;Céu Claro;Dupla;Reta;Sim;2;0;2;0;0;0;2;2;-5,19170196;-37,361471;SPRF-RN;DEL04-RN;UOP02-DEL04-RN
560313;10/11/2023;sexta-feira;13:45:00;SC;280;22,5;ARAQUARI;Acessar a via sem observar a presença dos outros veículos;Colisão transversal;Com Vítimas Feridas;Pleno dia;Crescente;Céu Claro;Simples;Reta;Sim;5;0;1;0;4;0;1;2;-26,37092616;-48,70204099;SPRF-SC;DEL03-SC;UOP03-DEL03-SC
560314;10/11/2023;sexta-feira;13:55:00;RJ;116;173;SAO JOAO DE MERITI;Trafegar com motocicleta (ou similar) entre as faixas;Queda de ocupante de veículo;Com Vítimas Feridas;Pleno dia;Crescente;Céu Claro;Dupla;Reta;Sim;4;0;1;0;3;0;1;3;-22,79810324;-43,35726614;SPRF-RJ;DEL01-RJ;UOP02-DEL01-RJ
560315;10/11/2023;sexta-feira;04:44:00;MA;222;498,1;BURITICUPU;Manobra de mudança de faixa;Colisão frontal;Com Vítimas Fatais;Plena Noite;Crescente;Céu Claro;Simples;"Declive;Reta                  ";Não;3;1;0;0;2;0;0;2;-4,29676732;-46,23090676;SPRF-MA;DEL02-MA;UOP01-DEL02-MA
560316;10/11/2023;sexta-feira;11:30:00;PB;230;508,7;CAJAZEIRAS;Desrespeitar a preferência no cruzamento;Colisão transversal;Com Vítimas Feridas;Pleno dia;Crescente;Céu Claro;Simples;Reta;Não;3;0;1;2;0;0;3;2;-6,8988;-38,5722;SPRF-PB;DEL03-PB;UOP03-DEL03-PB
560318;10/11/2023;sexta-feira;13:50:00;RJ;393;280,3;BARRA DO PIRAI;Conversão proibida;Colisão transversal;Sem Vítimas;Pleno dia;Crescente;Céu Claro;Simples;Reta;Sim;2;0;0;0;1;1;0;2;-22,47527571;-44,05112028;SPRF-RJ;DEL05-RJ;UOP04-DEL05-RJ
560319;07/11/2023;terça-feira;03:15:00;RJ;116;183;NOVA IGUACU;Reação tardia ou ineficiente do condutor;Colisão traseira;Com Vítimas Feridas;Plena Noite;Decrescente;Céu Claro;Dupla;Reta;Não;3;0;3;0;0;0;3;2;-22,7516014;-43,43849831;SPRF-RJ;DEL01-RJ;UOP02-DEL01-RJ
560321;10/11/2023;sexta-feira;14:01:00;PB;230;10;CABEDELO;Reação tardia ou ineficiente do condutor;Colisão traseira;Com Vítimas Feridas;Pleno dia;Decrescente;Céu Claro;Dupla;Curva;Sim;2;0;0;1;1;0;1;2;-7,0514;-34,8499;SPRF-PB;DEL01-PB;UOP01-DEL01-PB
560324;10/11/2023;sexta-feira;13:35:00;RO;364;212;PIMENTA BUENO;Condutor Dormindo;Saída de leito carroçável;Com Vítimas Feridas;Pleno dia;Decrescente;Sol;Simples;Reta;Não;1;0;1;0;0;0;1;1;-11,57891791;-61,26824092;SPRF-RO;DEL02-RO;UOP02-DEL02-RO
560329;10/11/2023;sexta-feira;14:45:00;PR;369;185;ARAPONGAS;Acessar a via sem observar a presença dos outros veículos;Colisão transversal;Com Vítimas Feridas;Pleno dia;Decrescente;Céu Claro;Simples;"Interseção de Vias;Reta       ";Sim;2;0;0;1;1;0;1;2;-23,41307797;-51,42704219;SPRF-PR;DEL07-PR;UOP03-DEL07-PR