id;data_inversa;dia_semana;horario;uf;br;km;municipio;causa_acidente;tipo_acidente;classificacao_acidente;fase_dia;sentido_via;condicao_metereologica;tipo_pista;tracado_via;uso_solo;pessoas;mortos;feridos_leves;feridos_graves;ilesos;ignorados;feridos;veiculos;latitude;longitude;regional;delegacia;uop
560330;10/11/2023;sexta-feira;13:00:00;SC;163;70,1;SAO MIGUEL DO OESTE;Desrespeitar a preferência no cruzamento;Colisão transversal;Com Vítimas Feridas;Pleno dia;Crescente;Céu Claro;Dupla;"Reta;Interseção de Vias       ";Sim;2;0;1;0;1;0;1;2;-26,73470669;-53,50648642;SPRF-SC;DEL07-SC;UOP03-DEL07-SC
560331;10/11/2023;sexta-feira;15:30:00;PR;163;253;TOLEDO;Ingestão de álcool pelo condutor;Colisão lateral mesmo sentido;Com Vítimas Feridas;Pleno dia;Crescente;Céu Claro;Dupla;Reta;Não;1;0;1;0;0;0;1;1;-24,68980596;-53,759096;SPRF-PR;DEL06-PR;UOP02-DEL06-PR
560332;08/07/2023;sábado;11:25:00;RJ;116;84;TERESOPOLIS;Reação tardia ou ineficiente do condutor;Tombamento;Com Vítimas Feridas;Pleno dia;Decrescente;Céu Claro;Simples;Curva;Não;1;0;0;1;0;0;1;1;-22,419613;-42,949172;SPRF-RJ;DEL04-RJ;UOP01-DEL04-RJ
560333;21/10/2023;sábado;17:50:00;PR;476;145;CURITIBA;Manobra de mudança de faixa;Colisão traseira;Com Vítimas Feridas;Pleno dia;Crescente;Nublado;Dupla;Reta;Sim;3;0;0;2;0;1;2;2;-25,547749;-49,32095;SPRF-PR;DEL01-PR;UOP06-DEL01-PR
560335;10/11/2023;sexta-feira;12:20:00;SC;101;326,1;CAPIVARI DE BAIXO;Ausência de reação do condutor;Tombamento;Com Vítimas Feridas;Pleno dia;Decrescente;Céu Claro;Dupla;Reta;Sim;1;0;0;1;0;0;1;1;-28,43911004;-48,96297455;SPRF-SC;DEL02-SC;UOP01-DEL02-SC
560336;10/11/2023;sexta-feira;15:50:00;SC;101;203,9;SAO JOSE;Manobra de mudança de faixa;Colisão lateral mesmo sentido;Com Vítimas Feridas;Pleno dia;Crescente;Nublado;Múltipla;Reta;Sim;2;0;1;0;1;0;1;2;-27,5650044;-48,61460082;SPRF-SC;DEL01-SC;UOP01-DEL01-SC
560338;10/11/2023;sexta-feira;14:10:00;RS;158;214,6;CRUZ ALTA;Ausência de reação do condutor;Tombamento;Com Vítimas Feridas;Pleno dia;Decrescente;Nublado;Simples;"Reta;Em Obras                 ";Não;1;0;1;0;0;0;1;1;-28,80854515;-53,60889162;SPRF-RS;DEL10-RS;UOP02-DEL10-RS
560339;05/09/2023;terça-feira;19:35:00;PI;316;311;PICOS;Acessar a via sem observar a presença dos outros veículos;Colisão transversal;Com Vítimas Feridas;Plena Noite;Decrescente;Céu Claro;Simples;Reta;Sim;2;0;1;0;1;0;1;2;-7,076331;-41,46596;SPRF-PI;DEL04-PI;UOP01-DEL04-PI
560340;10/11/2023;sexta-feira;15:30:00;SP;116;134;CACAPAVA;Reação tardia ou ineficiente do condutor;Colisão traseira;Com Vítimas Feridas;Pleno dia;Crescente;Céu Claro;Dupla;Reta;Não;2;0;0;1;1;0;1;2;-23,13726214;-45,7562542;SPRF-SP;DEL02-SP;UOP02-DEL02-SP
560341;10/11/2023;sexta-feira;15:53:00;SP;153;63;SAO JOSE DO RIO PRETO;Trafegar com motocicleta (ou similar) entre as faixas;Colisão lateral mesmo sentido;Com Vítimas Feridas;Pleno dia;Crescente;Sol;Dupla;Reta;Sim;2;0;1;0;0;1;1;2;-20,82149698;-49,35764818;SPRF-SP;DEL09-SP;UOP01-DEL09-SP
560342;10/11/2023;sexta-feira;13:46:00;PR;116;149,9;MANDIRITUBA;Ausência de reação do condutor;Atropelamento de Pedestre;Com Vítimas Feridas;Pleno dia;Crescente;Céu Claro;Simples;Reta;Não;2;0;1;0;1;0;1;2;-25,84349581;-49,3486454;SPRF-PR;DEL01-PR;UOP03-DEL01-PR
560344;10/11/2023;sexta-feira;15:45:00;RJ;40;120;DUQUE DE CAXIAS;Ausência de reação do condutor;Colisão lateral mesmo sentido;Com Vítimas Feridas;Pleno dia;Crescente;Céu Claro;Múltipla;Reta;Não;2;0;1;0;1;0;1;2;-22,77280597;-43,28626763;SPRF-RJ;DEL01-RJ;UOP01-DEL01-RJ
560345;10/11/2023;sexta-feira;16:30:00;RN;406;156;CEARA-MIRIM;Ultrapassagem Indevida;Colisão traseira;Com Vítimas Feridas;Pleno dia;Decrescente;Céu Claro;Simples;Reta;Não;2;0;0;1;1;0;1;2;-5,68509697;-35,39436096;SPRF-RN;DEL02-RN;UOP01-DEL02-RN
560346;10/11/2023;sexta-feira;16:30:00;SP;116;132;CACAPAVA;Reação tardia ou ineficiente do condutor;Engavetamento;Com Vítimas Feridas;Pleno dia;Crescente;Céu Claro;Dupla;Reta;Não;3;0;1;0;2;0;1;3;-23,13169757;-45,74481322;SPRF-SP;DEL02-SP;UOP02-DEL02-SP
560347;10/11/2023;sexta-feira;15:35:00;GO;60;461;JATAI;Reação tardia ou ineficiente do condutor;Saída de leito carroçável;Sem Vítimas;Pleno dia;Decrescente;Céu Claro;Dupla;Reta;Não;1;0;0;0;0;1;0;1;-17,8741;-51,6251;SPRF-GO;DEL05-GO;UOP01-DEL05-GO
560348;09/11/2023;quinta-feira;15:40:00;MA;10;193,4;RIBAMAR FIQUENE;Acumulo de areia ou detritos sobre o pavimento;Capotamento;Com Vítimas Feridas;Pleno dia;Crescente;Céu Claro;Simples;Reta;Não;1;0;1;0;0;0;1;1;-6,0274;-47,38271;SPRF-MA;DEL04-MA;UOP02-DEL04-MA
560349;10/11/2023;sexta-feira;16:55:00;RN;101;81,8;SAO GONCALO DO AMARANTE;Reação tardia ou ineficiente do condutor;Queda de ocupante de veículo;Com Vítimas Feridas;Pleno dia;Decrescente;Céu Claro;Dupla;Reta;Sim;2;0;1;0;1;0;1;2;-5,76469466;-35,28295988;SPRF-RN;DEL02-RN;UOP01-DEL02-RN
560350;10/11/2023;sexta-feira;15:40:00;BA;415;32;ILHEUS;Transitar na contramão;Colisão frontal;Com Vítimas Feridas;Pleno dia;Decrescente;Céu Claro;Simples;Reta;Sim;5;0;1;0;4;0;1;2;-14,784031;-39,244417;SPRF-BA;DEL05-BA;UOP01-DEL05-BA
560351;10/11/2023;sexta-feira;16:30:00;SC;282;4,9;FLORIANOPOLIS;Reação tardia ou ineficiente do condutor;Colisão lateral mesmo sentido;Sem Vítimas;Pleno dia;Crescente;Céu Claro;Dupla;Reta;Não;2;0;0;0;2;0;0;2;-27,592646;-48,604034;SPRF-SC;DEL01-SC;UOP01-DEL01-SC
560352;10/11/2023;sexta-feira;17:15:00;TO;153;334;GUARAI;Acessar a via sem observar a presença dos outros veículos;Colisão transversal;Com Vítimas Feridas;Pleno dia;Crescente;Céu Claro;Dupla;"Retorno Regulamentado;Interseç";Não;3;0;2;0;1;0;2;2;-8,835718;-48,512123;SPRF-TO;DEL02-TO;UOP02-DEL02-TO
560353;10/11/2023;sexta-feira;16:30:00;SC;470;54,1;BLUMENAU;Acessar a via sem observar a presença dos outros veículos;Colisão transversal;Com Vítimas Feridas;Pleno dia;Decrescente;Nublado;Simples;"Interseção de Vias;Reta       ";Sim;2;0;1;0;1;0;1;2;-26,871065;-49,110374;SPRF-SC;DEL04-SC;UOP01-DEL04-SC
560355;10/11/2023;sexta-feira;16:25:00;RJ;101;311;SAO GONCALO;Manobra de mudança de faixa;Colisão lateral mesmo sentido;Com Vítimas Feridas;Pleno dia;Decrescente;Céu Claro;Dupla;Reta;Não;2;0;1;0;1;0;1;2;-22,80062246;-43,05318779;SPRF-RJ;DEL02-RJ;UOP02-DEL02-RJ
560357;10/11/2023;sexta-feira;16:45:00;SC;101;211;SAO JOSE;Reação tardia ou ineficiente do condutor;Colisão traseira;Com Vítimas Feridas;Pleno dia;Decrescente;Nublado;Múltipla;Reta;Sim;7;0;3;0;4;0;3;3;-27,62329313;-48,65245588;SPRF-SC;DEL01-SC;UOP02-DEL01-SC
560359;10/11/2023;sexta-feira;17:55:00;RS;116;526,5;PELOTAS;Desrespeitar a preferência no cruzamento;Colisão transversal;Com Vítimas Feridas;Pleno dia;Decrescente;Garoa/Chuvisco;Dupla;Rotatória;Sim;5;0;2;0;3;0;2;2;-31,74307729;-52,39966642;SPRF-RS;DEL07-RS;UOP01-DEL07-RS
560362;10/11/2023;sexta-feira;14:00:00;RO;364;11;VILHENA;Condutor deixou de manter distância do veículo da frente;Colisão lateral mesmo sentido;Com Vítimas Feridas;Pleno dia;Decrescente;Céu Claro;Simples;Reta;Sim;3;0;1;0;2;0;1;2;-12,74605898;-60,11270299;SPRF-RO;DEL04-RO;UOP01-DEL04-RO
560363;10/11/2023;sexta-feira;17:10:00;PR;277;454,3;LARANJEIRAS DO SUL;Acessar a via sem observar a presença dos outros veículos;Colisão transversal;Com Vítimas Feridas;Pleno dia;Decrescente;Céu Claro;Simples;Interseção de Vias;Sim;3;0;2;1;0;0;3;2;-25,36980336;-52,37913399;SPRF-PR;DEL04-PR;UOP02-DEL04-PR
560364;05/11/2023;domingo;19:40:00;PR;277;169;PALMEIRA;Transitar na contramão;Colisão frontal;Com Vítimas Feridas;Plena Noite;Decrescente;Céu Claro;Simples;Reta;Sim;3;0;1;1;1;0;2;2;-25,46271613;-49,922854;SPRF-PR;DEL03-PR;UOP03-DEL03-PR
560365;10/11/2023;sexta-feira;17:20:00;MG;251;510,5;MONTES CLAROS;Ausência de reação do condutor;Colisão traseira;Sem Vítimas;Pleno dia;Decrescente;Céu Claro;Simples;"Reta;Aclive                   ";Não;2;0;0;0;2;0;0;2;-16,63495;-43,697107;SPRF-MG;DEL12-MG;UOP01-DEL12-MG
560366;10/11/2023;sexta-feira;17:15:00;PE;232;133;CARUARU;Manobra de mudança de faixa;Colisão traseira;Com Vítimas Feridas;Pleno dia;Crescente;Nublado;Dupla;"Reta;Aclive                   ";Sim;3;0;1;0;2;0;1;2;-8,30607988;-36,01576003;SPRF-PE;DEL02-PE;UOP01-DEL02-PE
560367;10/11/2023;sexta-feira;15:20:00;PE;101;105;CABO DE SANTO AGOSTINHO;Ausência de reação do condutor;Capotamento;Com Vítimas Feridas;Pleno dia;Decrescente;Céu Claro;Dupla;Curva;Não;4;0;2;0;2;0;2;1;-8,29241321;-35,05598304;SPRF-PE;DEL01-PE;UOP03-DEL01-PE
560368;24/09/2023;domingo;00:15:00;MG;381;442;SABARA;Animais na Pista;Atropelamento de Animal;Com Vítimas Feridas;Plena Noite;Decrescente;Céu Claro;Simples;Reta;Não;3;0;1;0;1;1;1;2;-19,8183901;-43,81131985;SPRF-MG;DEL01-MG;UOP01-DEL01-MG
560370;10/11/2023;sexta-feira;16:10:00;RJ;116;127;MAGE;Acessar a via sem observar a presença dos outros veículos;Colisão traseira;Com Vítimas Feridas;Pleno dia;Crescente;Céu Claro;Dupla;"Interseção de Vias;Curva      ";Não;2;0;1;0;0;1;1;2;-22,66137035;-43,09295957;SPRF-RJ;DEL04-RJ;UOP02-DEL04-RJ
560371;10/11/2023;sexta-feira;17:30:00;RJ;493;0,1;ITABORAI;Acesso irregular;Colisão transversal;Com Vítimas Feridas;Pleno dia;Crescente;Sol;Dupla;Reta;Sim;2;0;1;0;1;0;1;2;-22,77062;-42,92223;SPRF-RJ;DEL02-RJ;UOP02-DEL02-RJ
560372;10/11/2023;sexta-feira;17:45:00;ES;101;329;GUARAPARI;Avarias e/ou desgaste excessivo no pneu;Tombamento;Com Vítimas Feridas;Anoitecer;Crescente;Céu Claro;Simples;Curva;Não;1;0;1;0;0;0;1;1;-20,58543019;-40,49702183;SPRF-ES;DEL03-ES;UOP01-DEL03-ES
560376;10/11/2023;sexta-feira;18:10:00;PR;376;170;MARINGA;Reação tardia ou ineficiente do condutor;Tombamento;Com Vítimas Feridas;Pleno dia;Decrescente;Céu Claro;Dupla;Reta;Não;2;0;2;0;0;0;2;1;-23,40524613;-51,99391365;SPRF-PR;DEL09-PR;UOP01-DEL09-PR
560377;10/11/2023;sexta-feira;18:10:00;CE;116;5,5;FORTALEZA;Acessar a via sem observar a presença dos outros veículos;Colisão transversal;Com Vítimas Feridas;Plena Noite;Crescente;Céu Claro;Dupla;Reta;Sim;3;0;2;1;0;0;3;2;-3,79467116;-38,50772734;SPRF-CE;DEL01-CE;UOP02-DEL01-CE
560379;10/11/2023;sexta-feira;18:05:00;SC;282;3;FLORIANOPOLIS;Demais falhas mecânicas ou elétricas;Incêndio;Sem Vítimas;Anoitecer;Crescente;Céu Claro;Múltipla;Reta;Não;1;0;0;0;1;0;0;1;-27,600384;-48,599705;SPRF-SC;DEL01-SC;UOP01-DEL01-SC
560381;10/11/2023;sexta-feira;18:00:00;GO;153;507;GOIANIA;Demais falhas mecânicas ou elétricas;Queda de ocupante de veículo;Com Vítimas Feridas;Anoitecer;Crescente;Céu Claro;Múltipla;"Aclive;Reta                   ";Sim;1;0;1;0;0;0;1;1;-16,7715;-49,2387;SPRF-GO;DEL01-GO;UOP03-DEL01-GO
560383;10/11/2023;sexta-feira;07:30:00;PI;343;4;TERESINA;Condutor deixou de manter distância do veículo da frente;Colisão traseira;Com Vítimas Feridas;Pleno dia;Decrescente;Céu Claro;Simples;Reta;Sim;2;0;1;0;1;0;1;2;-5,089569;-42,802288;SPRF-PI;DEL01-PI;UOP01-DEL01-PI
560384;10/11/2023;sexta-feira;18:00:00;SP;116;216;GUARULHOS;Ausência de reação do condutor;Colisão traseira;Com Vítimas Feridas;Plena Noite;Decrescente;Nublado;Múltipla;Reta;Sim;2;0;1;0;1;0;1;2;-23,45056589;-46,46258105;SPRF-SP;DEL01-SP;UOP01-DEL01-SP
560385;10/11/2023;sexta-feira;19:00:00;PE;101;68,4;RECIFE;Manobra de mudança de faixa;Queda de ocupante de veículo;Com Vítimas Feridas;Plena Noite;Crescente;Céu Claro;Múltipla;Viaduto;Sim;2;0;0;1;0;1;1;2;-8,054254;-34,946411;SPRF-PE;DEL01-PE;UOP01-DEL01-PE
560386;10/11/2023;sexta-feira;15:00:00;PI;343;646;JERUMENHA;Avarias e/ou desgaste excessivo no pneu;Saída de leito carroçável;Sem Vítimas;Pleno dia;Crescente;Céu Claro;Simples;Reta;Não;1;0;0;0;0;1;0;1;-7,043636;-43,420494;SPRF-PI;DEL03-PI;UOP01-DEL03-PI
560389;10/11/2023;sexta-feira;17:45:00;PR;376;178,1;MARINGA;Condutor deixou de manter distância do veículo da frente;Colisão traseira;Com Vítimas Feridas;Anoitecer;Crescente;Nublado;Dupla;Reta;Sim;3;0;2;0;1;0;2;2;-23,4192146;-51,91293985;SPRF-PR;DEL09-PR;UOP01-DEL09-PR
560390;10/11/2023;sexta-feira;19:00:00;TO;153;674;GURUPI;Acessar a via sem observar a presença dos outros veículos;Colisão lateral mesmo sentido;Com Vítimas Feridas;Plena Noite;Crescente;Céu Claro;Dupla;Reta;Sim;2;0;1;0;1;0;1;2;-11,74596399;-49,08518001;SPRF-TO;DEL01-TO;UOP02-DEL01-TO
560391;10/11/2023;sexta-feira;13:20:00;RN;304;112,5;ACU;Acessar a via sem observar a presença dos outros veículos;Colisão transversal;Com Vítimas Feridas;Pleno dia;Crescente;Céu Claro;Simples;Interseção de Vias;Sim;3;0;0;1;1;1;1;3;-5,6088106;-36,90753937;SPRF-RN;DEL04-RN;UOP01-DEL04-RN
560392;10/11/2023;sexta-feira;19:20:00;ES;101;202;JOAO NEIVA;Ausência de reação do condutor;Colisão transversal;Com Vítimas Feridas;Plena Noite;Crescente;Céu Claro;Simples;Reta;Não;2;0;1;0;0;1;1;2;-19,74171801;-40,36521517;SPRF-ES;DEL04-ES;UOP01-DEL04-ES
560393;10/11/2023;sexta-feira;19:30:00;PB;230;21;JOAO PESSOA;Reação tardia ou ineficiente do condutor;Tombamento;Com Vítimas Feridas;Plena Noite;Crescente;Céu Claro;Dupla;Reta;Sim;2;0;1;0;1;0;1;1;-7,1415;-34,8519;SPRF-PB;DEL01-PB;UOP01-DEL01-PB
560395;10/11/2023;sexta-feira;19:00:00;SP;381;68;MAIRIPORA;Trafegar com motocicleta (ou similar) entre as faixas;Colisão lateral mesmo sentido;Com Vítimas Feridas;Plena Noite;Decrescente;Nublado;Múltipla;"Reta;Declive                  ";Sim;2;0;1;0;1;0;1;2;-23,34043796;-46,57433588;SPRF-SP;DEL03-SP;UOP01-DEL03-SP
560397;10/11/2023;sexta-feira;19:50:00;MG;365;146;PIRAPORA;Transitar na contramão;Colisão frontal;Com Vítimas Fatais;Plena Noite;Crescente;Céu Claro;Simples;Curva;Não;5;1;2;1;1;0;3;2;-17,26133688;-44,84929511;SPRF-MG;DEL10-MG;UOP02-DEL010-MG
560399;10/11/2023;sexta-feira;19:45:00;SC;282;20,4;PALHOCA;Retorno proibido;Tombamento;Com Vítimas Feridas;Plena Noite;Decrescente;Nublado;Múltipla;"Reta;Declive;Interseção de Via";Sim;2;0;1;0;1;0;1;2;-27,683958;-48,71006;SPRF-SC;DEL01-SC;UOP02-DEL01-SC
560400;10/11/2023;sexta-feira;20:10:00;MG;116;722,1;MURIAE;Transitar na contramão;Colisão frontal;Com Vítimas Feridas;Plena Noite;Crescente;Céu Claro;Simples;Reta;Não;7;0;0;2;5;0;2;2;-21,26038315;-42,40248274;SPRF-MG;DEL07-MG;UOP02-DEL07-MG
560401;10/11/2023;sexta-feira;19:36:00;PR;116;205;RIO NEGRO;Conversão proibida;Colisão lateral sentido oposto;Com Vítimas Feridas;Plena Noite;Decrescente;Céu Claro;Simples;"Reta;Interseção de Vias;Decliv";Sim;8;0;0;2;6;0;2;3;-26,05749692;-49,72632005;SPRF-SC;DEL06-SC;UOP01-DEL06-SC
560402;10/11/2023;sexta-feira;20:00:00;RS;158;327;SANTA MARIA;Entrada inopinada do pedestre;Atropelamento de Pedestre;Com Vítimas Feridas;Plena Noite;Crescente;Céu Claro;Simples;"Desvio Temporário;Em Obras    ";Sim;2;0;1;0;1;0;1;2;-29,70873284;-53,82439256;SPRF-RS;DEL09-RS;UOP01-DEL09-RS
560403;10/11/2023;sexta-feira;19:55:00;SP;116;56;LORENA;Animais na Pista;Atropelamento de Animal;Com Vítimas Feridas;Plena Noite;Decrescente;Céu Claro;Dupla;Reta;Sim;1;0;1;0;0;0;1;1;-22,76904403;-45,13040598;SPRF-SP;DEL08-SP;UOP02-DEL08-SP
560405;10/11/2023;sexta-feira;18:55:00;SC;101;41,7;JOINVILLE;Acessar a via sem observar a presença dos outros veículos;Colisão transversal;Com Vítimas Feridas;Plena Noite;Crescente;Garoa/Chuvisco;Simples;"Viaduto;Interseção de Vias    ";Sim;3;0;1;0;1;1;1;2;-26,28215489;-48,88973081;SPRF-SC;DEL03-SC;UOP01-DEL03-SC
560406;10/11/2023;sexta-feira;19:50:00;RN;406;152;CEARA-MIRIM;Demais falhas mecânicas ou elétricas;Queda de ocupante de veículo;Com Vítimas Feridas;Plena Noite;Crescente;Céu Claro;Simples;Reta;Não;1;0;0;1;0;0;1;1;-5,65651272;-35,41672366;SPRF-RN;DEL02-RN;UOP01-DEL02-RN
560408;10/11/2023;sexta-feira;17:10:00;SC;163;113;GUARUJA DO SUL;Acessar a via sem observar a presença dos outros veículos;Colisão transversal;Com Vítimas Feridas;Pleno dia;Decrescente;Sol;Simples;Reta;Sim;3;0;1;1;1;0;2;2;-26,38298412;-53,5226101;SPRF-SC;DEL07-SC;UOP03-DEL07-SC
560409;10/11/2023;sexta-feira;19:44:00;PE;232;67;GRAVATA;Reação tardia ou ineficiente do condutor;Colisão lateral mesmo sentido;Com Vítimas Feridas;Plena Noite;Decrescente;Céu Claro;Dupla;Reta;Não;2;0;0;1;1;0;1;2;-8,16727986;-35,464311;SPRF-PE;DEL02-PE;UOP02-DEL02PE
560410;10/11/2023;sexta-feira;20:50:00;SP;116;283;EMBU DAS ARTES;Trafegar com motocicleta (ou similar) entre as faixas;Colisão lateral mesmo sentido;Com Vítimas Feridas;Plena Noite;Crescente;Nublado;Dupla;Reta;Sim;2;0;1;0;1;0;1;2;-23,69297005;-46,86352786;SPRF-SP;DEL04-SP;UOP01-DEL04-SP
560411;10/11/2023;sexta-feira;19:40:00;PR;376;174;MARINGA;Condutor deixou de manter distância do veículo da frente;Colisão traseira;Com Vítimas Feridas;Plena Noite;Decrescente;Céu Claro;Dupla;Reta;Sim;3;0;0;1;2;0;1;2;-23,41520996;-51,98052406;SPRF-PR;DEL09-PR;UOP01-DEL09-PR
560412;10/11/2023;sexta-feira;19:30:00;GO;40;2;VALPARAISO DE GOIAS;Acessar a via sem observar a presença dos outros veículos;Colisão lateral mesmo sentido;Sem Vítimas;Plena Noite;Decrescente;Céu Claro;Dupla;"Reta;Retorno Regulamentado    ";Sim;2;0;0;0;0;2;0;2;-16,067129;-47,984235;SPRF-DF;DEL01-DF;UOP01-DEL01-DF
560414;10/11/2023;sexta-feira;20:55:00;DF;20;21;BRASILIA;Frear bruscamente;Queda de ocupante de veículo;Com Vítimas Feridas;Anoitecer;Decrescente;Céu Claro;Dupla;Reta;Sim;2;0;0;1;1;0;1;1;-15,603384;-47,684692;SPRF-DF;DEL02-DF;UOP01-DEL02-DF
560415;10/11/2023;sexta-feira;17:40:00;SP;381;64;MAIRIPORA;Trafegar com motocicleta (ou similar) entre as faixas;Queda de ocupante de veículo;Com Vítimas Feridas;Anoitecer;Crescente;Céu Claro;Múltipla;Reta;Não;2;0;1;0;0;1;1;2;-23,3089645;-46,57924651;SPRF-SP;DEL03-SP;UOP01-DEL03-SP
560416;10/11/2023;sexta-feira;18:20:00;PR;369;158;CAMBE;Ingestão de álcool pelo condutor;Colisão traseira;Sem Vítimas;Anoitecer;Decrescente;Céu Claro;Dupla;"Declive;Reta                  ";Sim;2;0;0;0;2;0;0;2;-23,28556265;-51,23787403;SPRF-PR;DEL07-PR;UOP01-DEL07-PR
560418;10/11/2023;sexta-feira;19:50:00;MA;10;235;GOVERNADOR EDISON LOBAO;Deficiência do Sistema de Iluminação/Sinalização;Colisão traseira;Com Vítimas Feridas;Plena Noite;Crescente;Céu Claro;Simples;Reta;Não;3;0;0;1;2;0;1;3;-5,658533;-47,387058;SPRF-MA;DEL04-MA;UOP01-DEL04-MA
560419;10/11/2023;sexta-feira;09:55:00;SP;116;488;CAJATI;Acumulo de óleo sobre o pavimento;Tombamento;Com Vítimas Feridas;Pleno dia;Crescente;Céu Claro;Simples;Reta;Sim;1;0;0;1;0;0;1;1;-24,73097634;-48,09815591;SPRF-SP;DEL05-SP;UOP01-DEL05-SP
560420;10/11/2023;sexta-feira;21:15:00;PE;104;33,9;CARUARU;Ingestão de álcool pelo condutor;Saída de leito carroçável;Com Vítimas Feridas;Plena Noite;Decrescente;Céu Claro;Dupla;Reta;Não;1;0;0;1;0;0;1;1;-8,026115;-36,053188;SPRF-PE;DEL02-PE;UOP01-DEL02-PE
560421;10/11/2023;sexta-feira;19:30:00;SC;101;324,9;CAPIVARI DE BAIXO;Ausência de reação do condutor;Colisão lateral mesmo sentido;Com Vítimas Feridas;Plena Noite;Crescente;Céu Claro;Dupla;Reta;Sim;2;0;1;0;1;0;1;2;-28,42890047;-48,92285509;SPRF-SC;DEL02-SC;UOP01-DEL02-SC
560425;10/11/2023;sexta-feira;22:30:00;SC;470;66;INDAIAL;Mal súbito do condutor;Colisão frontal;Com Vítimas Feridas;Plena Noite;Crescente;Chuva;Simples;Reta;Não;2;0;2;0;0;0;2;2;-26,870407;-49,221844;SPRF-SC;DEL04-SC;UOP01-DEL04-SC
560426;10/11/2023;sexta-feira;22:15:00;RJ;116;307;RESENDE;Ausência de reação do condutor;Colisão com objeto;Com Vítimas Feridas;Plena Noite;Decrescente;Céu Claro;Dupla;Reta;Não;1;0;1;0;0;0;1;1;-22,45713262;-44,41063703;SPRF-RJ;DEL07-RJ;UOP02-DEL07-RJ
560427;06/11/2023;segunda-feira;16:10:00;SP;116;486;CAJATI;Ausência de reação do condutor;Colisão traseira;Sem Vítimas;Pleno dia;Crescente;Céu Claro;Múltipla;Reta;Não;2;0;0;0;2;0;0;2;-24,7217453;-48,08178493;SPRF-SP;DEL05-SP;UOP01-DEL05-SP
560429;10/11/2023;sexta-feira;19:13:00;AC;364;138;RIO BRANCO;Ausência de reação do condutor;Colisão transversal;Sem Vítimas;Plena Noite;Decrescente;Céu Claro;Dupla;Rotatória;Sim;2;0;0;0;2;0;0;2;-9,96112502;-67,85646604;SPRF-AC;DEL01-AC;UOP01-DEL01-AC
560430;10/11/2023;sexta-feira;21:30:00;PE;232;60,7;POMBOS;Reação tardia ou ineficiente do condutor;Saída de leito carroçável;Com Vítimas Feridas;Plena Noite;Crescente;Céu Claro;Dupla;"Curva;Aclive                  ";Não;2;0;0;2;0;0;2;1;-8,14788448;-35,40768085;SPRF-PE;DEL02-PE;UOP02-DEL02PE
560431;10/11/2023;sexta-feira;21:40:00;MG;40;511;RIBEIRAO DAS NEVES;Condutor deixou de manter distância do veículo da frente;Colisão traseira;Com Vítimas Feridas;Plena Noite;Crescente;Céu Claro;Dupla;"Aclive;Reta                   ";Sim;3;0;1;0;2;0;1;2;-19,78946999;-44,11290699;SPRF-MG;DEL01-MG;UOP02-DEL01-MG
560432;10/11/2023;sexta-feira;22:30:00;SP;116;284;EMBU DAS ARTES;Transitar no Acostamento;Colisão traseira;Com Vítimas Fatais;Plena Noite;Crescente;Céu Claro;Dupla;Reta;Sim;3;1;0;0;1;1;0;3;-23,69998;-46,867767;SPRF-SP;DEL04-SP;UOP01-DEL04-SP
560433;10/11/2023;sexta-feira;20:10:00;MG;116;604,1;SAO JOAO DO MANHUACU;Velocidade Incompatível;Saída de leito carroçável;Com Vítimas Feridas;Plena Noite;Crescente;Céu Claro;Simples;Curva;Não;1;0;1;0;0;0;1;1;-20,36145007;-42,15035025;SPRF-MG;DEL06-MG;UOP03-DEL06-MG
560435;10/11/2023;sexta-feira;22:00:00;PR;272;366;CAMPO MOURAO;Acessar a via sem observar a presença dos outros veículos;Colisão transversal;Com Vítimas Feridas;Plena Noite;Crescente;Céu Claro;Dupla;Interseção de Vias;Sim;2;0;1;0;0;1;1;2;-24,04638081;-52,39456989;SPRF-PR;DEL09-PR;UOP03-DEL09-PR
560436;10/11/2023;sexta-feira;22:45:00;SP;116;270;TABOAO DA SERRA;Velocidade Incompatível;Queda de ocupante de veículo;Com Vítimas Feridas;Plena Noite;Crescente;Céu Claro;Dupla;Reta;Não;1;0;1;0;0;0;1;1;-23,61799728;-46,79677694;SPRF-SP;DEL04-SP;UOP01-DEL04-SP
560437;10/11/2023;sexta-feira;22:50:00;MS;163;462;CAMPO GRANDE;Reação tardia ou ineficiente do condutor;Colisão lateral sentido oposto;Sem Vítimas;Plena Noite;Crescente;Céu Claro;Simples;Reta;Não;2;0;0;0;1;1;0;2;-20,62069293;-54,5742707;SPRF-MS;DEL01-MS;UOP01-DEL01-MS
560438;10/11/2023;sexta-feira;23:55:00;AL;316;249;ATALAIA;Acessar a via sem observar a presença dos outros veículos;Colisão traseira;Com Vítimas Feridas;Plena Noite;Decrescente;Céu Claro;Simples;Reta;Sim;2;0;1;0;1;0;1;2;-9,54840634;-35,98068337;SPRF-AL;DEL01-AL;UOP01-DEL01-AL
560440;10/11/2023;sexta-feira;23:45:00;MG;116;762,8;LEOPOLDINA;Reação tardia ou ineficiente do condutor;Tombamento;Com Vítimas Feridas;Plena Noite;Decrescente;Céu Claro;Simples;Reta;Sim;1;0;1;0;0;0;1;1;-21,52887723;-42,62360898;SPRF-MG;DEL07-MG;UOP01-DEL07-MG