id;data_inversa;dia_semana;horario;uf;br;km;municipio;causa_acidente;tipo_acidente;classificacao_acidente;fase_dia;sentido_via;condicao_metereologica;tipo_pista;tracado_via;uso_solo;pessoas;mortos;feridos_leves;feridos_graves;ilesos;ignorados;feridos;veiculos;latitude;longitude;regional;delegacia;uop
560441;10/11/2023;sexta-feira;21:00:00;PE;104;22;TAQUARITINGA DO NORTE;Ingestão de álcool pelo condutor;Colisão traseira;Sem Vítimas;Plena Noite;Crescente;Céu Claro;Simples;"Curva;Em Obras                ";Não;2;0;0;0;2;0;0;2;-7,967257;-36,116974;SPRF-PE;DEL02-PE;UOP01-DEL02-PE
560443;11/11/2023;sábado;00:45:00;MG;50;168;UBERABA;Ausência de reação do condutor;Colisão traseira;Com Vítimas Feridas;Plena Noite;Decrescente;Céu Claro;Dupla;"Reta;Aclive                   ";Não;5;0;0;2;3;0;2;2;-19,71878606;-47,97991239;SPRF-MG;DEL13-MG;UOP01-DEL13-MG
560444;10/11/2023;sexta-feira;23:30:00;GO;153;31;PORANGATU;Reação tardia ou ineficiente do condutor;Saída de leito carroçável;Com Vítimas Feridas;Plena Noite;Decrescente;Céu Claro;Simples;Reta;Não;3;0;2;1;0;0;3;1;-13,095159;-49,195751;SPRF-GO;DEL07-GO;UOP01-DEL07-GO
560445;10/11/2023;sexta-feira;19:00:00;MT;174;393;NOVA LACERDA;Transitar na contramão;Colisão frontal;Com Vítimas Fatais;Plena Noite;Decrescente;Céu Claro;Simples;Reta;Não;2;1;0;0;1;0;0;2;-14,44382499;-59,59962877;SPRF-MT;DEL04-MT;UOP02-DEL04-MT
560447;11/11/2023;sábado;01:30:00;SC;101;135;BALNEARIO CAMBORIU;Ausência de reação do condutor;Tombamento;Com Vítimas Feridas;Plena Noite;Crescente;Nublado;Dupla;Reta;Sim;1;0;1;0;0;0;1;1;-27,0050108;-48,62677494;SPRF-SC;DEL04-SC;UOP03-DEL04-SC
560448;11/11/2023;sábado;01:45:00;SC;282;535,7;CHAPECO;Ingestão de álcool pelo condutor;Saída de leito carroçável;Sem Vítimas;Pleno dia;Decrescente;Céu Claro;Simples;Reta;Não;2;0;0;0;1;1;0;1;-27,00080666;-52,64970118;SPRF-SC;DEL07-SC;UOP01-DEL07-SC
560449;11/11/2023;sábado;01:40:00;SC;101;212,7;PALHOCA;Reação tardia ou ineficiente do condutor;Colisão com objeto;Sem Vítimas;Plena Noite;Crescente;Garoa/Chuvisco;Dupla;Reta;Sim;1;0;0;0;1;0;0;1;-27,62996929;-48,65903871;SPRF-SC;DEL01-SC;UOP02-DEL01-SC
560450;11/11/2023;sábado;01:50:00;BA;116;580;NOVA ITARANA;Condutor Dormindo;Saída de leito carroçável;Com Vítimas Feridas;Plena Noite;Crescente;Céu Claro;Simples;Curva;Não;1;0;1;0;0;0;1;1;-13,08915503;-39,9629037;SPRF-BA;DEL03-BA;UOP02-DEL03-BA
560451;10/11/2023;sexta-feira;23:30:00;MS;163;341,9;RIO BRILHANTE;Ausência de reação do condutor;Tombamento;Com Vítimas Feridas;Plena Noite;Crescente;Céu Claro;Simples;Curva;Não;1;0;0;1;0;0;1;1;-21,65950995;-54,43842301;SPRF-MS;DEL02-MS;UOP02-DEL02-MS
560452;11/11/2023;sábado;02:00:00;GO;40;24;LUZIANIA;Ausência de reação do condutor;Colisão com objeto;Sem Vítimas;Plena Noite;Crescente;Céu Claro;Dupla;"Reta;Retorno Regulamentado    ";Sim;1;0;0;0;0;1;0;1;-16,24413994;-47,90726423;SPRF-DF;DEL01-DF;UOP01-DEL01-DF
560454;11/11/2023;sábado;00:10:00;RJ;101;331;RIO DE JANEIRO;Ausência de reação do condutor;Colisão traseira;Com Vítimas Feridas;Plena Noite;Decrescente;Céu Claro;Múltipla;"Curva;Ponte                   ";Não;2;0;1;0;1;0;1;2;-22,867662;-43,195337;SPRF-RJ;DEL02-RJ;UOP01-DEL02-RJ
560457;11/11/2023;sábado;02:30:00;DF;70;10;BRASILIA;Animais na Pista;Atropelamento de Animal;Com Vítimas Feridas;Plena Noite;Decrescente;Céu Claro;Múltipla;Reta;Não;1;0;1;0;0;0;1;1;-15,787066;-48,140709;SPRF-DF;DEL03-DF;UOP02-DEL03-DF
560458;11/11/2023;sábado;03:30:00;BA;116;834,6;VITORIA DA CONQUISTA;Animais na Pista;Atropelamento de Pedestre;Com Vítimas Feridas;Plena Noite;Crescente;Céu Claro;Simples;Reta;Não;1;0;1;0;0;0;1;1;-14,945806;-40,896632;SPRF-BA;DEL08-BA;UOP01-DEL08-BA
560460;11/11/2023;sábado;01:00:00;GO;60;33;ALEXANIA;Pedestre cruzava a pista fora da faixa;Atropelamento de Pedestre;Com Vítimas Fatais;Plena Noite;Crescente;Nublado;Dupla;"Reta;Declive                  ";Sim;4;1;0;0;0;3;0;2;-16,09810343;-48,51971984;SPRF-DF;DEL03-DF;UOP01-DEL03-DF
560461;11/11/2023;sábado;03:50:00;DF;40;0,2;BRASILIA;Ausência de reação do condutor;Colisão com objeto;Sem Vítimas;Plena Noite;Crescente;Céu Claro;Dupla;Reta;Sim;1;0;0;0;0;1;0;1;-15,97305047;-47,99057364;SPRF-DF;DEL01-DF;UOP01-DEL01-DF
560466;11/11/2023;sábado;05:30:00;RS;290;718;URUGUAIANA;Ingestão de álcool pelo condutor;Saída de leito carroçável;Sem Vítimas;Plena Noite;Decrescente;Garoa/Chuvisco;Simples;Reta;Sim;1;0;0;0;0;1;0;1;-29,774612;-57,04377;SPRF-RS;DEL13-RS;UOP01-DEL13-RS
560467;11/11/2023;sábado;04:30:00;SC;470;57;BLUMENAU;Acessar a via sem observar a presença dos outros veículos;Colisão transversal;Com Vítimas Feridas;Amanhecer;Crescente;Garoa/Chuvisco;Simples;"Interseção de Vias;Reta       ";Sim;3;0;1;0;1;1;1;2;-26,880428;-49,136532;SPRF-SC;DEL04-SC;UOP01-DEL04-SC
560469;10/11/2023;sexta-feira;20:20:00;GO;80;111;VILA PROPICIO;Reação tardia ou ineficiente do condutor;Colisão com objeto;Sem Vítimas;Plena Noite;Crescente;Céu Claro;Simples;"Declive;Interseção de Vias    ";Não;1;0;0;0;1;0;0;1;-15,208875;-48,697312;SPRF-GO;DEL07-GO;UOP02-DEL07-GO
560470;11/11/2023;sábado;05:00:00;SC;101;7;GARUVA;Demais falhas mecânicas ou elétricas;Tombamento;Com Vítimas Feridas;Amanhecer;Crescente;Garoa/Chuvisco;Dupla;Reta;Não;1;0;1;0;0;0;1;1;-26,03593;-48,860302;SPRF-SC;DEL03-SC;UOP01-DEL03-SC
560471;11/11/2023;sábado;05:20:00;GO;50;121;IPAMERI;Condutor Dormindo;Saída de leito carroçável;Com Vítimas Feridas;Amanhecer;Decrescente;Céu Claro;Dupla;Curva;Não;2;0;1;1;0;0;2;1;-16,9362;-47,7189;SPRF-GO;DEL06-GO;UOP01-DEL06-GO
560474;11/11/2023;sábado;02:40:00;BA;116;633,5;JAGUAQUARA;Transitar na contramão;Colisão frontal;Com Vítimas Fatais;Plena Noite;Decrescente;Céu Claro;Simples;Reta;Sim;3;2;1;0;0;0;1;2;-13,47539479;-40,03995749;SPRF-BA;DEL03-BA;UOP01-DEL03-BA
560476;11/11/2023;sábado;02:50:00;SC;116;66,7;MONTE CASTELO;Transitar na contramão;Colisão frontal;Com Vítimas Fatais;Plena Noite;Crescente;Nevoeiro/Neblina;Simples;Reta;Não;3;1;0;2;0;0;2;2;-26,4394133;-50,2285653;SPRF-SC;DEL06-SC;UOP02-DEL06-SC
560477;11/11/2023;sábado;03:00:00;PR;369;18,7;CAMBARA;Ausência de reação do condutor;Colisão com objeto;Com Vítimas Feridas;Plena Noite;Decrescente;Céu Claro;Simples;"Reta;Declive                  ";Sim;6;0;4;1;1;0;5;1;-23,03378846;-50,06083488;SPRF-PR;DEL07-PR;UOP05-DEL07-PR
560478;11/11/2023;sábado;04:45:00;MG;381;486,7;BETIM;Ingestão de substâncias psicoativas pelo condutor;Engavetamento;Sem Vítimas;Amanhecer;Crescente;Céu Claro;Múltipla;Reta;Sim;3;0;0;0;0;3;0;3;-19,95644414;-44,13611598;SPRF-MG;DEL01-MG;UOP03-DEL01-MG
560481;11/11/2023;sábado;04:00:00;PA;230;8;ALTAMIRA;Ingestão de álcool pelo condutor;Colisão com objeto;Com Vítimas Feridas;Amanhecer;Crescente;Céu Claro;Simples;"Retorno Regulamentado;Rotatóri";Sim;1;0;1;0;0;0;1;1;-3,21727662;-52,24315211;SPRF-PA;DEL03-PA;UOP01-DEL03-PA
560484;11/11/2023;sábado;02:30:00;PR;163;86;CAPANEMA;Ingestão de álcool pelo condutor;Saída de leito carroçável;Com Vítimas Feridas;Anoitecer;Crescente;Céu Claro;Simples;"Curva;Declive                 ";Sim;1;0;1;0;0;0;1;1;-25,68970863;-53,78717422;SPRF-PR;DEL02-PR;UOP02-DEL02-PR
560485;11/11/2023;sábado;06:00:00;SP;116;144;SAO JOSE DOS CAMPOS;Avarias e/ou desgaste excessivo no pneu;Tombamento;Com Vítimas Feridas;Pleno dia;Decrescente;Nublado;Múltipla;Reta;Sim;1;0;1;0;0;0;1;1;-23,18274416;-45,84633592;SPRF-SP;DEL02-SP;UOP01-DEL02-SP
560486;11/11/2023;sábado;06:15:00;PR;277;604,9;SANTA TEREZA DO OESTE;Reação tardia ou ineficiente do condutor;Colisão frontal;Com Vítimas Feridas;Pleno dia;Crescente;Céu Claro;Simples;Aclive;Não;5;0;4;0;1;0;4;2;-25,02905699;-53,569607;SPRF-PR;DEL05-PR;UOP02-DEL05-PR
560488;11/11/2023;sábado;05:00:00;MA;135;51;BACABEIRA;Ausência de reação do condutor;Colisão frontal;Com Vítimas Fatais;Amanhecer;Crescente;Céu Claro;Dupla;Aclive;Sim;5;1;0;1;3;0;1;3;-2,972108;-44,317272;SPRF-MA;DEL01-MA;UOP01-DEL01-MA
560489;11/11/2023;sábado;07:20:00;RS;290;92;PORTO ALEGRE;Ausência de reação do condutor;Tombamento;Com Vítimas Feridas;Pleno dia;Crescente;Nublado;Dupla;"Aclive;Interseção de Vias;Curv";Não;2;0;2;0;0;0;2;1;-29,971916;-51,176838;SPRF-RS;DEL01-RS;UOP01-DEL01-RS
560491;11/11/2023;sábado;07:30:00;RS;116;300;GUAIBA;Ingestão de álcool pelo condutor;Saída de leito carroçável;Sem Vítimas;Pleno dia;Crescente;Céu Claro;Dupla;Curva;Sim;3;0;0;0;3;0;0;1;-30,12368942;-51,34922543;SPRF-RS;DEL02-RS;UOP01-DEL02-RS
560493;11/11/2023;sábado;07:00:00;SC;116;249,5;LAGES;Ingestão de álcool pelo condutor;Saída de leito carroçável;Sem Vítimas;Amanhecer;Decrescente;Nevoeiro/Neblina;Simples;"Curva;Aclive                  ";Não;1;0;0;0;0;1;0;1;-27,82408543;-50,37802219;SPRF-SC;DEL05-SC;UOP02-DEL05-SC
560494;11/11/2023;sábado;05:45:00;RJ;356;76;ITALVA;Transitar na contramão;Colisão transversal;Com Vítimas Feridas;Amanhecer;Crescente;Céu Claro;Simples;Reta;Sim;3;0;2;0;1;0;2;2;-21,4292092;-41,6933554;SPRF-RJ;DEL08-RJ;UOP03-DEL08-RJ
560495;11/11/2023;sábado;06:00:00;GO;158;92;PIRANHAS;Ausência de reação do condutor;Colisão traseira;Com Vítimas Fatais;Amanhecer;Decrescente;Céu Claro;Simples;Reta;Não;2;1;0;0;0;1;0;2;-16,62555192;-51,72259438;SPRF-GO;DEL04-GO;UOP02-DEL04-GO
560496;11/11/2023;sábado;07:00:00;SP;116;273;TABOAO DA SERRA;Reação tardia ou ineficiente do condutor;Colisão com objeto;Sem Vítimas;Amanhecer;Decrescente;Céu Claro;Simples;Curva;Sim;1;0;0;0;0;1;0;1;-23,6307407;-46,82829425;SPRF-SP;DEL04-SP;UOP01-DEL04-SP
560497;11/11/2023;sábado;07:30:00;ES;101;145,9;LINHARES;Reação tardia ou ineficiente do condutor;Colisão traseira;Com Vítimas Feridas;Pleno dia;Crescente;Céu Claro;Dupla;"Reta;Interseção de Vias       ";Sim;2;0;1;0;1;0;1;2;-19,36089598;-40,06464018;SPRF-ES;DEL04-ES;UOP01-DEL04-ES
560499;10/11/2023;sexta-feira;22:00:00;PA;10;330;SAO MIGUEL DO GUAMA;Iluminação deficiente;Capotamento;Sem Vítimas;Plena Noite;Crescente;Céu Claro;Simples;Reta;Não;1;0;0;0;0;1;0;1;-1,552086;-47,511364;SPRF-PA;DEL01-PA;UOP02-DEL01-PA
560500;11/11/2023;sábado;07:35:00;MG;40;500,7;ESMERALDAS;Acumulo de areia ou detritos sobre o pavimento;Tombamento;Com Vítimas Feridas;Pleno dia;Decrescente;Céu Claro;Dupla;"Reta;Declive                  ";Sim;2;0;1;0;0;1;1;2;-19,70073502;-44,17382703;SPRF-MG;DEL02-MG;UOP01-DEL02-MG
560501;11/11/2023;sábado;06:20:00;RO;174;16;VILHENA;Acessar a via sem observar a presença dos outros veículos;Colisão transversal;Com Vítimas Feridas;Pleno dia;Crescente;Sol;Simples;Reta;Sim;3;0;0;3;0;0;3;2;-12,71452302;-60,1262149;SPRF-RO;DEL04-RO;UOP01-DEL04-RO
560503;11/11/2023;sábado;08:15:00;RS;290;75;GRAVATAI;Manobra de mudança de faixa;Colisão com objeto;Com Vítimas Feridas;Pleno dia;Crescente;Nublado;Múltipla;Reta;Não;1;0;1;0;0;0;1;1;-29,95521;-51,006855;SPRF-RS;DEL01-RS;UOP01-DEL01-RS
560504;11/11/2023;sábado;08:25:00;PI;402;33,9;PARNAIBA;Acessar a via sem observar a presença dos outros veículos;Colisão transversal;Com Vítimas Feridas;Pleno dia;Decrescente;Sol;Simples;Reta;Sim;2;0;2;0;0;0;2;2;-2,93239061;-41,74947054;SPRF-PI;DEL05-PI;UOP01-DEL05-PI
560505;11/11/2023;sábado;07:15:00;SC;101;56,2;JOINVILLE;Acessar a via sem observar a presença dos outros veículos;Colisão traseira;Com Vítimas Feridas;Pleno dia;Decrescente;Céu Claro;Dupla;Reta;Não;2;0;1;0;1;0;1;2;-26,43207484;-48,82263984;SPRF-SC;DEL03-SC;UOP01-DEL03-SC
560507;11/11/2023;sábado;08:15:00;CE;116;18;ITAITINGA;Reação tardia ou ineficiente do condutor;Colisão transversal;Com Vítimas Feridas;Pleno dia;Crescente;Céu Claro;Dupla;Reta;Sim;2;0;1;0;1;0;1;2;-3,90782058;-38,50571752;SPRF-CE;DEL01-CE;UOP02-DEL01-CE
560508;11/11/2023;sábado;07:50:00;PR;476;182;CONTENDA;Ausência de reação do condutor;Saída de leito carroçável;Com Vítimas Feridas;Pleno dia;Crescente;Céu Claro;Simples;Curva;Não;2;0;0;2;0;0;2;1;-25,714262;-49,608009;SPRF-PR;DEL01-PR;UOP06-DEL01-PR
560509;11/11/2023;sábado;08:30:00;MG;40;501;ESMERALDAS;Ausência de reação do condutor;Colisão traseira;Com Vítimas Feridas;Pleno dia;Crescente;Sol;Dupla;"Reta;Aclive                   ";Sim;2;0;0;1;1;0;1;2;-19,707545;-44,167453;SPRF-MG;DEL02-MG;UOP01-DEL02-MG
560510;11/11/2023;sábado;07:50:00;RJ;40;119;DUQUE DE CAXIAS;Ultrapassagem Indevida;Colisão lateral mesmo sentido;Com Vítimas Feridas;Pleno dia;Crescente;Céu Claro;Simples;Curva;Sim;3;0;2;0;1;0;2;2;-22,76375592;-43,28683062;SPRF-RJ;DEL01-RJ;UOP01-DEL01-RJ
560511;11/11/2023;sábado;07:30:00;MG;40;44;PARACATU;Acessar a via sem observar a presença dos outros veículos;Colisão transversal;Com Vítimas Feridas;Pleno dia;Crescente;Céu Claro;Simples;"Reta;Rotatória                ";Sim;2;0;1;0;1;0;1;2;-17,23101648;-46,85390396;SPRF-MG;DEL14-MG;UOP01-DEL14-MG
560514;11/11/2023;sábado;08:15:00;SP;381;89;GUARULHOS;Acumulo de areia ou detritos sobre o pavimento;Tombamento;Com Vítimas Feridas;Pleno dia;Decrescente;Céu Claro;Dupla;Curva;Sim;1;0;1;0;0;0;1;1;-23,48469299;-46,55983288;SPRF-SP;DEL03-SP;UOP01-DEL03-SP
560515;11/11/2023;sábado;08:00:00;PR;277;593,8;CASCAVEL;Mal súbito do condutor;Saída de leito carroçável;Sem Vítimas;Pleno dia;Crescente;Céu Claro;Simples;Reta;Sim;1;0;0;0;1;0;0;1;-24,9795365;-53,4902792;SPRF-PR;DEL04-PR;UOP01-DEL04-PR
560516;11/11/2023;sábado;08:30:00;PI;343;321,7;TERESINA;Acessar a via sem observar a presença dos outros veículos;Colisão lateral mesmo sentido;Com Vítimas Feridas;Pleno dia;Crescente;Céu Claro;Simples;Reta;Não;3;0;1;1;1;0;2;2;-5,051889;-42,57745;SPRF-PI;DEL01-PI;UOP01-DEL01-PI
560517;11/11/2023;sábado;07:05:00;RO;364;700,9;PORTO VELHO;Reação tardia ou ineficiente do condutor;Colisão traseira;Com Vítimas Feridas;Pleno dia;Decrescente;Céu Claro;Dupla;"Reta;Em Obras                 ";Não;4;0;1;1;2;0;2;2;-8,80049426;-63,76902;SPRF-RO;DEL01-RO;UOP01-DEL01-RO
560518;11/11/2023;sábado;09:20:00;PE;104;60,5;CARUARU;Transitar na contramão;Colisão transversal;Com Vítimas Feridas;Pleno dia;Decrescente;Céu Claro;Dupla;"Reta;Aclive;Retorno Regulament";Sim;3;0;2;1;0;0;3;2;-8,2438;-35,9752;SPRF-PE;DEL02-PE;UOP01-DEL02-PE
560520;11/11/2023;sábado;08:50:00;RJ;101;400;ITAGUAI;Ausência de reação do condutor;Colisão lateral mesmo sentido;Com Vítimas Feridas;Pleno dia;Crescente;Céu Claro;Dupla;Reta;Sim;2;0;1;0;1;0;1;2;-22,8483707;-43,76952338;SPRF-RJ;DEL03-RJ;UOP01-DEL03-RJ
560521;11/11/2023;sábado;07:50:00;RS;472;575;URUGUAIANA;Acessar a via sem observar a presença dos outros veículos;Colisão transversal;Com Vítimas Feridas;Pleno dia;Decrescente;Nublado;Simples;"Curva;Interseção de Vias      ";Sim;3;0;2;0;1;0;2;2;-29,76313205;-57,05513906;SPRF-RS;DEL13-RS;UOP01-DEL13-RS
560522;11/11/2023;sábado;08:40:00;PB;101;87,3;JOAO PESSOA;Reação tardia ou ineficiente do condutor;Colisão traseira;Com Vítimas Feridas;Pleno dia;Decrescente;Sol;Dupla;Reta;Sim;2;0;1;0;1;0;1;2;-7,15886802;-34,90628504;SPRF-PB;DEL01-PB;UOP01-DEL01-PB
560524;11/11/2023;sábado;08:30:00;RO;364;383;OURO PRETO DO OESTE;Acessar a via sem observar a presença dos outros veículos;Colisão transversal;Com Vítimas Feridas;Pleno dia;Crescente;Céu Claro;Simples;Curva;Sim;2;0;0;1;1;0;1;2;-10,72104014;-62,24385208;SPRF-RO;DEL02-RO;UOP01-DEL02-RO
560525;11/11/2023;sábado;09:20:00;SP;116;275;TABOAO DA SERRA;Entrada inopinada do pedestre;Atropelamento de Pedestre;Com Vítimas Feridas;Pleno dia;Decrescente;Céu Claro;Dupla;Reta;Sim;2;0;1;0;1;0;1;2;-23,63638826;-46,83251584;SPRF-SP;DEL04-SP;UOP01-DEL04-SP
560526;11/11/2023;sábado;08:50:00;PE;232;35,8;MORENO;Problema com o freio;Queda de ocupante de veículo;Com Vítimas Feridas;Pleno dia;Crescente;Céu Claro;Dupla;Reta;Não;1;0;1;0;0;0;1;1;-8,10907341;-35,19256991;SPRF-PE;DEL01-PE;UOP01-DEL01-PE
560529;11/11/2023;sábado;09:15:00;SC;101;354,6;SANGAO;Ausência de reação do condutor;Tombamento;Com Vítimas Feridas;Pleno dia;Crescente;Nublado;Dupla;"Reta;Aclive;Viaduto           ";Não;1;0;0;1;0;0;1;1;-28,61806302;-49,07013199;SPRF-SC;DEL02-SC;UOP01-DEL02-SC
560530;11/11/2023;sábado;09:55:00;GO;153;493;GOIANIA;Condutor deixou de manter distância do veículo da frente;Engavetamento;Com Vítimas Feridas;Pleno dia;Crescente;Céu Claro;Simples;"Reta;Declive                  ";Não;3;0;2;0;1;0;2;3;-16,6537;-49,2172;SPRF-GO;DEL01-GO;UOP01-DEL01-GO
560531;11/11/2023;sábado;10:10:00;ES;101;278;SERRA;Manobra de mudança de faixa;Capotamento;Com Vítimas Feridas;Pleno dia;Crescente;Sol;Dupla;"Reta;Retorno Regulamentado    ";Sim;2;0;1;0;1;0;1;2;-20,21698365;-40,32974606;SPRF-ES;DEL02-ES;UOP01-DEL02-ES
560533;05/10/2023;quinta-feira;07:00:00;PR;476;119;COLOMBO;Manobra de mudança de faixa;Colisão lateral mesmo sentido;Com Vítimas Feridas;Pleno dia;Crescente;Chuva;Múltipla;"Reta;Aclive                   ";Sim;3;0;0;1;2;0;1;3;-25,364202;-49,185825;SPRF-PR;DEL01-PR;UOP01-DEL01-PR
560535;11/11/2023;sábado;10:00:00;SP;116;101,7;PINDAMONHANGABA;Condutor deixou de manter distância do veículo da frente;Colisão traseira;Com Vítimas Feridas;Pleno dia;Decrescente;Sol;Dupla;"Reta;Aclive                   ";Não;3;0;2;0;1;0;2;2;-22,99074204;-45,48115098;SPRF-SP;DEL08-SP;UOP01-DEL08-SP
560537;11/11/2023;sábado;09:00:00;BA;324;516;FEIRA DE SANTANA;Acesso irregular;Colisão transversal;Com Vítimas Feridas;Pleno dia;Crescente;Céu Claro;Simples;Reta;Sim;2;0;1;0;1;0;1;2;-12,24255294;-38,93743157;SPRF-BA;DEL02-BA;UOP01-DEL02-BA
560538;11/11/2023;sábado;09:05:00;PB;230;164,2;CAMPINA GRANDE;Acessar a via sem observar a presença dos outros veículos;Colisão traseira;Com Vítimas Feridas;Pleno dia;Decrescente;Céu Claro;Simples;"Reta;Retorno Regulamentado    ";Sim;3;0;3;0;0;0;3;2;-7,21368979;-35,94889283;SPRF-PB;DEL02-PB;UOP01-DEL02-PB
560541;11/11/2023;sábado;10:20:00;SP;153;61;SAO JOSE DO RIO PRETO;Ausência de reação do condutor;Tombamento;Com Vítimas Feridas;Pleno dia;Crescente;Céu Claro;Dupla;Curva;Sim;2;0;2;0;0;0;2;1;-20,80502876;-49,35574909;SPRF-SP;DEL09-SP;UOP01-DEL09-SP
560542;11/11/2023;sábado;10:40:00;CE;116;26,8;AQUIRAZ;Avarias e/ou desgaste excessivo no pneu;Tombamento;Com Vítimas Feridas;Pleno dia;Crescente;Céu Claro;Dupla;"Reta;Declive                  ";Não;1;0;0;1;0;0;1;1;-3,9752959;-38,51436047;SPRF-CE;DEL01-CE;UOP02-DEL01-CE
560543;10/11/2023;sexta-feira;18:50:00;RN;304;35;MOSSORO;Acostamento em desnível;Tombamento;Com Vítimas Feridas;Plena Noite;Decrescente;Céu Claro;Dupla;"Em Obras;Rotatória            ";Sim;1;0;1;0;0;0;1;1;-5,16149497;-37,35068212;SPRF-RN;DEL04-RN;UOP02-DEL04-RN
560545;11/11/2023;sábado;09:30:00;SC;282;473;VARGEAO;Demais falhas mecânicas ou elétricas;Tombamento;Com Vítimas Feridas;Pleno dia;Crescente;Céu Claro;Simples;Reta;Não;2;0;2;0;0;0;2;1;-26,871765;-52,146477;SPRF-SC;DEL07-SC;UOP01-DEL07-SC
560547;11/11/2023;sábado;10:14:00;GO;60;22,9;ALEXANIA;Reação tardia ou ineficiente do condutor;Colisão traseira;Com Vítimas Feridas;Pleno dia;Crescente;Céu Claro;Dupla;Curva;Não;2;0;0;1;0;1;1;2;-16,0963;-48,5202;SPRF-DF;DEL03-DF;UOP01-DEL03-DF
560548;10/11/2023;sexta-feira;07:00:00;BA;101;537;BUERAREMA;Velocidade Incompatível;Saída de leito carroçável;Com Vítimas Feridas;Pleno dia;Crescente;Nublado;Simples;Curva;Não;1;0;0;1;0;0;1;1;-15,00243243;-39,32933807;SPRF-BA;DEL05-BA;UOP01-DEL05-BA
560550;11/11/2023;sábado;11:00:00;SP;116;157;SAO JOSE DOS CAMPOS;Condutor deixou de manter distância do veículo da frente;Colisão traseira;Sem Vítimas;Pleno dia;Crescente;Céu Claro;Múltipla;"Reta;Aclive                   ";Não;2;0;0;0;2;0;0;2;-23,25558031;-45,9437828;SPRF-SP;DEL02-SP;UOP01-DEL02-SP
560551;11/11/2023;sábado;10:00:00;RJ;116;31;SAPUCAIA;Velocidade Incompatível;Queda de ocupante de veículo;Com Vítimas Feridas;Pleno dia;Decrescente;Sol;Simples;Reta;Não;2;0;1;0;1;0;1;1;-22,07933369;-42,80038411;SPRF-RJ;DEL05-RJ;UOP01-DEL05-RJ
560553;11/11/2023;sábado;11:20:00;SC;101;242,6;PAULO LOPES;Reação tardia ou ineficiente do condutor;Colisão traseira;Com Vítimas Feridas;Pleno dia;Crescente;Céu Claro;Múltipla;Reta;Não;3;0;1;1;1;0;2;2;-27,87545797;-48,64678433;SPRF-SC;DEL01-SC;UOP02-DEL01-SC
560554;11/11/2023;sábado;12:00:00;MG;40;448,1;PARAOPEBA;Condutor deixou de manter distância do veículo da frente;Saída de leito carroçável;Com Vítimas Feridas;Pleno dia;Crescente;Céu Claro;Dupla;"Curva;Declive                 ";Sim;2;0;1;1;0;0;2;1;-19,30240508;-44,37700868;SPRF-MG;DEL02-MG;UOP01-DEL02-MG
560555;28/09/2023;quinta-feira;19:22:00;RN;406;102,6;JOAO CAMARA;Condutor deixou de manter distância do veículo da frente;Colisão traseira;Com Vítimas Feridas;Plena Noite;Decrescente;Céu Claro;Simples;Reta;Sim;4;0;0;4;0;0;4;2;-5,52900453;-35,8176187;SPRF-RN;DEL02-RN;UOP01-DEL02-RN
560559;11/11/2023;sábado;12:20:00;SP;116;112,9;TAUBATE;Reação tardia ou ineficiente do condutor;Saída de leito carroçável;Com Vítimas Feridas;Pleno dia;Decrescente;Céu Claro;Dupla;Reta;Não;1;0;1;0;0;0;1;1;-23,0440828;-45,58041405;SPRF-SP;DEL02-SP;UOP02-DEL02-SP
560560;29/04/2023;sábado;21:38:00;PE;232;483;VERDEJANTE;Transitar na contramão;Colisão lateral sentido oposto;Com Vítimas Feridas;Plena Noite;Decrescente;Garoa/Chuvisco;Simples;"Reta;Ponte                    ";Sim;3;0;0;2;1;0;2;2;-8,00761503;-38,91459501;SPRF-PE;DEL05-PE;UOP01-DEL05-PE
560561;11/11/2023;sábado;11:00:00;PE;232;130;CARUARU;Condutor deixou de manter distância do veículo da frente;Colisão lateral mesmo sentido;Com Vítimas Feridas;Pleno dia;Crescente;Céu Claro;Dupla;"Reta;Em Obras                 ";Sim;2;0;1;0;1;0;1;2;-8,29955;-35,992045;SPRF-PE;DEL02-PE;UOP01-DEL02-PE
560562;11/11/2023;sábado;11:00:00;RJ;101;296;ITABORAI;Ausência de reação do condutor;Engavetamento;Com Vítimas Feridas;Pleno dia;Decrescente;Céu Claro;Dupla;Reta;Sim;6;0;1;0;5;0;1;3;-22,7670498;-42,91019601;SPRF-RJ;DEL02-RJ;UOP02-DEL02-RJ
560563;11/11/2023;sábado;09:10:00;PR;163;316;TERRA ROXA;Acessar a via sem observar a presença dos outros veículos;Colisão traseira;Com Vítimas Feridas;Pleno dia;Crescente;Céu Claro;Simples;Reta;Não;3;0;1;0;2;0;1;2;-24,37834015;-54,15266373;SPRF-PR;DEL06-PR;UOP02-DEL06-PR
560564;11/11/2023;sábado;11:45:00;PI;316;31,8;DEMERVAL LOBAO;Acessar a via sem observar a presença dos outros veículos;Tombamento;Com Vítimas Feridas;Pleno dia;Decrescente;Sol;Simples;Reta;Sim;2;0;0;1;1;0;1;2;-5,354595;-42,67727;SPRF-PI;DEL01-PI;UOP02-DEL01-PI