id;data_inversa;dia_semana;horario;uf;br;km;municipio;causa_acidente;tipo_acidente;classificacao_acidente;fase_dia;sentido_via;condicao_metereologica;tipo_pista;tracado_via;uso_solo;pessoas;mortos;feridos_leves;feridos_graves;ilesos;ignorados;feridos;veiculos;latitude;longitude;regional;delegacia;uop
560565;11/11/2023;sábado;11:30:00;MG;381;4,2;BETIM;Demais falhas mecânicas ou elétricas;Incêndio;Com Vítimas Feridas;Pleno dia;Decrescente;Céu Claro;Dupla;Reta;Sim;1;0;1;0;0;0;1;1;-19,96825;-44,198708;SPRF-MG;DEL01-MG;UOP03-DEL01-MG
560568;11/11/2023;sábado;12:30:00;PR;376;668;GUARATUBA;Reação tardia ou ineficiente do condutor;Tombamento;Com Vítimas Feridas;Pleno dia;Decrescente;Céu Claro;Dupla;Curva;Não;1;0;0;1;0;0;1;1;-25,86853017;-48,9331913;SPRF-PR;DEL01-PR;UOP04-DEL01-PR
560570;11/11/2023;sábado;13:15:00;SC;282;23,5;PALHOCA;Conversão proibida;Colisão lateral mesmo sentido;Com Vítimas Feridas;Pleno dia;Crescente;Céu Claro;Simples;Reta;Sim;3;0;1;0;2;0;1;2;-27,687958;-48,736794;SPRF-SC;DEL01-SC;UOP03-DEL01-SC
560571;11/11/2023;sábado;13:10:00;MG;40;421,6;CURVELO;Ultrapassagem Indevida;Colisão frontal;Com Vítimas Feridas;Pleno dia;Decrescente;Céu Claro;Simples;"Reta;Aclive                   ";Não;3;0;2;0;0;1;2;3;-19,15478812;-44,55712798;SPRF-MG;DEL02-MG;UOP01-DEL02-MG
560576;11/11/2023;sábado;10:40:00;RS;392;265;CACAPAVA DO SUL;Ausência de reação do condutor;Saída de leito carroçável;Com Vítimas Feridas;Pleno dia;Crescente;Chuva;Simples;"Curva;Declive                 ";Não;4;0;1;0;3;0;1;1;-30,434884;-53,50004801;SPRF-RS;DEL09-RS;UOP02-DEL09-RS
560577;08/10/2023;domingo;08:00:00;RS;290;106;ELDORADO DO SUL;Condutor Dormindo;Saída de leito carroçável;Sem Vítimas;Pleno dia;Crescente;Chuva;Simples;Reta;Sim;1;0;0;0;1;0;0;1;-29,998999;-51,294563;SPRF-RS;DEL02-RS;UOP01-DEL02-RS
560578;11/11/2023;sábado;10:00:00;RJ;356;160,2;SAO JOAO DA BARRA;Reação tardia ou ineficiente do condutor;Engavetamento;Com Vítimas Feridas;Pleno dia;Crescente;Céu Claro;Simples;Reta;Não;5;0;2;0;3;0;2;3;-21,71992893;-41,17306805;SPRF-RJ;DEL08-RJ;UOP02-DEL08-RJ
560580;11/11/2023;sábado;12:40:00;MG;40;552;NOVA LIMA;Demais falhas mecânicas ou elétricas;Queda de ocupante de veículo;Com Vítimas Feridas;Pleno dia;Crescente;Céu Claro;Dupla;Reta;Sim;2;0;0;2;0;0;2;1;-20,06084086;-43,97716423;SPRF-MG;DEL01-MG;UOP02-DEL01-MG
560581;11/11/2023;sábado;13:20:00;BA;110;381,4;CATU;Condutor Dormindo;Saída de leito carroçável;Com Vítimas Feridas;Pleno dia;Decrescente;Sol;Simples;Curva;Não;2;0;1;0;1;0;1;1;-12,412511;-38,458286;SPRF-BA;DEL01-BA;UOP01-DEL01-BA
560582;11/11/2023;sábado;12:30:00;AL;424;99,5;COQUEIRO SECO;Manobra de mudança de faixa;Colisão transversal;Com Vítimas Feridas;Pleno dia;Decrescente;Céu Claro;Simples;Reta;Não;4;0;2;0;2;0;2;2;-9,64381803;-35,85750913;SPRF-AL;DEL02-AL;UOP01-DEL02-AL
560583;11/11/2023;sábado;08:50:00;MA;222;265;ARARI;Demais falhas na via;Queda de ocupante de veículo;Com Vítimas Feridas;Pleno dia;Crescente;Céu Claro;Simples;Reta;Não;1;0;1;0;0;0;1;1;-3,57371589;-44,58787511;SPRF-MA;DEL01-MA;UOP02-DEL01-MA
560584;11/11/2023;sábado;13:55:00;GO;40;83;CRISTALINA;Afundamento ou ondulação no pavimento;Queda de ocupante de veículo;Com Vítimas Feridas;Pleno dia;Decrescente;Céu Claro;Dupla;Reta;Não;1;0;1;0;0;0;1;1;-16,692061;-47,697907;SPRF-DF;DEL01-DF;UOP02-DEL01-DF
560585;11/11/2023;sábado;13:30:00;MT;163;831,9;SINOP;Manobra de mudança de faixa;Colisão lateral mesmo sentido;Com Vítimas Feridas;Pleno dia;Crescente;Céu Claro;Simples;Reta;Sim;5;0;0;2;2;1;2;4;-11,888918;-55,502382;SPRF-MT;DEL06-MT;UOP02-DEL06-MT
560586;11/11/2023;sábado;14:20:00;SC;101;199,2;SAO JOSE;Reação tardia ou ineficiente do condutor;Colisão traseira;Com Vítimas Feridas;Pleno dia;Crescente;Nublado;Simples;Reta;Não;2;0;1;0;1;0;1;2;-27,53413705;-48,63003205;SPRF-SC;DEL01-SC;UOP01-DEL01-SC
560587;16/10/2023;segunda-feira;19:15:00;GO;50;97,8;CRISTALINA;Acessar a via sem observar a presença dos outros veículos;Colisão transversal;Com Vítimas Feridas;Plena Noite;Crescente;Céu Claro;Simples;Interseção de Vias;Sim;2;0;1;0;1;0;1;2;-16,76665294;-47,61627328;SPRF-DF;DEL01-DF;UOP02-DEL01-DF
560590;11/11/2023;sábado;14:56:00;PE;101;73;RECIFE;Ausência de reação do condutor;Colisão lateral mesmo sentido;Com Vítimas Feridas;Pleno dia;Decrescente;Céu Claro;Dupla;Curva;Não;2;0;1;0;1;0;1;2;-8,093369;-34,947464;SPRF-PE;DEL01-PE;UOP01-DEL01-PE
560593;11/11/2023;sábado;11:30:00;MT;174;275;PONTES E LACERDA;Ausência de reação do condutor;Queda de ocupante de veículo;Com Vítimas Feridas;Pleno dia;Decrescente;Céu Claro;Simples;Reta;Não;1;0;1;0;0;0;1;1;-15,32483198;-59,22825699;SPRF-MT;DEL04-MT;UOP01-DEL04-MT
560595;11/11/2023;sábado;13:00:00;PA;10;7,5;DOM ELISEU;Acessar a via sem observar a presença dos outros veículos;Colisão transversal;Com Vítimas Feridas;Pleno dia;Crescente;Sol;Simples;"Reta;Declive                  ";Não;2;0;0;1;1;0;1;2;-4,38439306;-47,53529121;SPRF-PA;DEL02-PA;UOP02-DEL02-PA
560596;11/11/2023;sábado;15:25:00;PB;101;93,2;JOAO PESSOA;Ingestão de álcool pelo condutor;Colisão traseira;Com Vítimas Feridas;Pleno dia;Crescente;Céu Claro;Dupla;Reta;Não;3;0;2;0;1;0;2;2;-7,205825;-34,90879;SPRF-PB;DEL01-PB;UOP02-DEL01-PB
560597;11/11/2023;sábado;15:30:00;PR;376;664;GUARATUBA;Trafegar com motocicleta (ou similar) entre as faixas;Tombamento;Com Vítimas Feridas;Pleno dia;Crescente;Céu Claro;Dupla;"Declive;Curva                 ";Não;2;0;1;0;1;0;1;2;-25,85321576;-48,96608688;SPRF-PR;DEL01-PR;UOP04-DEL01-PR
560598;11/11/2023;sábado;15:20:00;RS;448;22;PORTO ALEGRE;Acumulo de água sobre o pavimento;Colisão com objeto;Com Vítimas Feridas;Pleno dia;Decrescente;Chuva;Dupla;"Curva;Aclive                  ";Não;1;0;1;0;0;0;1;1;-29,972212;-51,199139;SPRF-RS;DEL01-RS;UOP01-DEL01-RS
560599;11/11/2023;sábado;13:58:00;PR;153;74;CONSELHEIRO MAIRINCK;Ultrapassagem Indevida;Colisão frontal;Com Vítimas Feridas;Pleno dia;Crescente;Céu Claro;Simples;Reta;Não;3;0;1;0;2;0;1;2;-23,55846818;-50,14055014;SPRF-PR;DEL07-PR;UOP04-DEL07-PR
560600;11/11/2023;sábado;14:45:00;SC;101;114,4;ITAJAI;Objeto estático sobre o leito carroçável;Tombamento;Com Vítimas Feridas;Pleno dia;Crescente;Céu Claro;Dupla;Reta;Não;2;0;2;0;0;0;2;1;-26,86192886;-48,7286704;SPRF-SC;DEL04-SC;UOP04-DEL04-SC
560601;11/11/2023;sábado;15:25:00;PE;101;72;RECIFE;Reação tardia ou ineficiente do condutor;Colisão traseira;Com Vítimas Feridas;Pleno dia;Crescente;Céu Claro;Dupla;Reta;Sim;3;0;1;0;1;1;1;3;-8,08493106;-34,9450639;SPRF-PE;DEL01-PE;UOP01-DEL01-PE
560603;01/11/2023;quarta-feira;13:30:00;RO;364;994;PORTO VELHO;Afundamento ou ondulação no pavimento;Capotamento;Com Vítimas Feridas;Pleno dia;Crescente;Céu Claro;Simples;Reta;Não;4;0;4;0;0;0;4;1;-9,68444609;-65,942069;SPRF-RO;DEL01-RO;UOP03-DEL01-RO
560606;11/11/2023;sábado;15:55:00;RN;101;101;PARNAMIRIM;Acessar a via sem observar a presença dos outros veículos;Colisão lateral mesmo sentido;Com Vítimas Feridas;Pleno dia;Decrescente;Sol;Múltipla;Interseção de Vias;Sim;2;0;1;0;0;1;1;2;-5,88681084;-35,23143404;SPRF-RN;DEL01-RN;UOP01-DEL01-RN
560608;11/11/2023;sábado;12:45:00;RO;364;559;ALTO PARAISO;Acessar a via sem observar a presença dos outros veículos;Colisão frontal;Com Vítimas Fatais;Pleno dia;Decrescente;Céu Claro;Simples;Reta;Não;4;2;1;1;0;0;2;2;-9,564884;-63,075218;SPRF-RO;DEL03-RO;UOP01-DEL03-RO
560609;11/11/2023;sábado;15:30:00;MG;381;491;BETIM;Reação tardia ou ineficiente do condutor;Colisão traseira;Com Vítimas Feridas;Pleno dia;Decrescente;Céu Claro;Dupla;Reta;Sim;2;0;1;0;1;0;1;2;-19,95913858;-44,15162802;SPRF-MG;DEL01-MG;UOP03-DEL01-MG
560610;11/11/2023;sábado;16:30:00;RJ;101;391;ITAGUAI;Acessar a via sem observar a presença dos outros veículos;Colisão lateral mesmo sentido;Sem Vítimas;Pleno dia;Decrescente;Céu Claro;Dupla;Reta;Sim;3;0;0;0;3;0;0;3;-22,894827;-43,68492;SPRF-RJ;DEL03-RJ;UOP01-DEL03-RJ
560612;11/11/2023;sábado;16:30:00;RS;290;15;SANTO ANTONIO DA PATRULHA;Acumulo de água sobre o pavimento;Saída de leito carroçável;Com Vítimas Feridas;Pleno dia;Decrescente;Chuva;Dupla;Reta;Não;1;0;1;0;0;0;1;1;-29,86499;-50,410789;SPRF-RS;DEL03-RS;UOP01-DEL03-RS
560613;11/11/2023;sábado;12:50:00;RJ;116;114,2;GUAPIMIRIM;Ausência de reação do condutor;Colisão traseira;Com Vítimas Feridas;Pleno dia;Decrescente;Céu Claro;Dupla;Curva;Não;6;0;6;0;0;0;6;2;-22,58009519;-43,0114958;SPRF-RJ;DEL04-RJ;UOP02-DEL04-RJ
560614;11/11/2023;sábado;16:15:00;SC;101;89,7;BARRA VELHA;Acessar a via sem observar a presença dos outros veículos;Colisão transversal;Com Vítimas Feridas;Pleno dia;Decrescente;Nublado;Múltipla;"Reta;Interseção de Vias       ";Sim;2;0;1;0;1;0;1;2;-26,65175997;-48,68721921;SPRF-SC;DEL03-SC;UOP02-DEL03-SC
560615;11/11/2023;sábado;15:50:00;SC;101;158,8;PORTO BELO;Avarias e/ou desgaste excessivo no pneu;Tombamento;Com Vítimas Feridas;Pleno dia;Decrescente;Nublado;Dupla;Reta;Não;1;0;1;0;0;0;1;1;-27,19096301;-48,61259017;SPRF-SC;DEL04-SC;UOP03-DEL04-SC
560616;11/11/2023;sábado;15:50:00;MA;222;201;ITAPECURU MIRIM;Ausência de reação do condutor;Capotamento;Com Vítimas Feridas;Pleno dia;Decrescente;Céu Claro;Simples;Reta;Não;1;0;0;1;0;0;1;1;-3,44373818;-44,33016213;SPRF-MA;DEL01-MA;UOP02-DEL01-MA
560617;11/11/2023;sábado;14:40:00;MS;60;597,7;JARDIM;Ausência de reação do condutor;Saída de leito carroçável;Com Vítimas Feridas;Pleno dia;Crescente;Sol;Simples;Reta;Não;1;0;0;1;0;0;1;1;-21,523231;-56,165944;SPRF-MS;DEL05-MS;UOP01-DEL05-MS
560618;11/11/2023;sábado;11:50:00;MT;163;754;SORRISO;Acessar a via sem observar a presença dos outros veículos;Colisão lateral mesmo sentido;Com Vítimas Feridas;Pleno dia;Crescente;Céu Claro;Dupla;"Reta;Retorno Regulamentado    ";Sim;3;0;0;1;2;0;1;3;-12,542861;-55,708175;SPRF-MT;DEL06-MT;UOP01-DEL06-MT
560619;11/11/2023;sábado;16:55:00;ES;262;169;IBATIBA;Desrespeitar a preferência no cruzamento;Colisão transversal;Sem Vítimas;Pleno dia;Decrescente;Céu Claro;Simples;"Curva;Interseção de Vias      ";Não;2;0;0;0;2;0;0;2;-20,26468044;-41,57615064;SPRF-ES;DEL01-ES;UOP02-DEL01-ES
560620;11/11/2023;sábado;16:17:00;PA;163;972;BELTERRA;Conversão proibida;Colisão transversal;Com Vítimas Feridas;Pleno dia;Decrescente;Céu Claro;Simples;Reta;Não;2;0;1;0;1;0;1;2;-2,650817;-54,818684;SPRF-PA;DEL05-PA;UOP01-DEL05-PA
560621;11/11/2023;sábado;14:40:00;SC;101;2,5;GARUVA;Demais falhas mecânicas ou elétricas;Tombamento;Com Vítimas Feridas;Pleno dia;Decrescente;Céu Claro;Dupla;Reta;Sim;1;0;1;0;0;0;1;1;-25,99699834;-48,87891655;SPRF-SC;DEL03-SC;UOP01-DEL03-SC
560622;11/11/2023;sábado;16:05:00;RJ;101;327;NITEROI;Reação tardia ou ineficiente do condutor;Colisão traseira;Com Vítimas Feridas;Pleno dia;Decrescente;Céu Claro;Múltipla;Ponte;Não;2;0;1;0;1;0;1;2;-22,87117393;-43,15595099;SPRF-RJ;DEL02-RJ;UOP01-DEL02-RJ
560623;11/11/2023;sábado;16:30:00;PE;101;44;IGARASSU;Ausência de reação do condutor;Colisão traseira;Sem Vítimas;Pleno dia;Crescente;Céu Claro;Múltipla;Reta;Sim;3;0;0;0;3;0;0;2;-7,85637001;-34,90842109;SPRF-PE;DEL01-PE;UOP02-DEL01-PE
560625;11/11/2023;sábado;17:00:00;PR;369;157;LONDRINA;Ausência de reação do condutor;Saída de leito carroçável;Sem Vítimas;Pleno dia;Decrescente;Céu Claro;Dupla;Reta;Não;1;0;0;0;1;0;0;1;-23,2915055;-51,2211408;SPRF-PR;DEL07-PR;UOP01-DEL07-PR
560626;11/11/2023;sábado;16:30:00;RJ;101;421;MANGARATIBA;Ultrapassagem Indevida;Colisão lateral mesmo sentido;Com Vítimas Feridas;Pleno dia;Decrescente;Céu Claro;Simples;Reta;Não;3;0;2;0;1;0;2;2;-22,91666975;-43,93080593;SPRF-RJ;DEL03-RJ;UOP02-DEL03-RJ
560628;11/11/2023;sábado;18:00:00;RS;116;152,5;CAXIAS DO SUL;Reação tardia ou ineficiente do condutor;Colisão lateral sentido oposto;Sem Vítimas;Anoitecer;Crescente;Garoa/Chuvisco;Simples;Curva;Sim;2;0;0;0;2;0;0;2;-29,1829343;-51,16801501;SPRF-RS;DEL05-RS;UOP01-DEL05-RS
560629;11/11/2023;sábado;15:10:00;MT;70;76;GENERAL CARNEIRO;Curva acentuada;Saída de leito carroçável;Com Vítimas Feridas;Pleno dia;Decrescente;Céu Claro;Simples;Curva;Não;3;0;3;0;0;0;3;1;-15,67421693;-52,81408803;SPRF-MT;DEL07-MT;UOP01-DEL07-MT
560631;11/11/2023;sábado;17:20:00;MG;262;39,2;MANHUACU;Conversão proibida;Colisão transversal;Com Vítimas Feridas;Pleno dia;Crescente;Céu Claro;Simples;Reta;Sim;3;0;3;0;0;0;3;2;-20,27165802;-42,03950458;SPRF-MG;DEL06-MG;UOP03-DEL06-MG
560632;11/11/2023;sábado;14:45:00;PA;316;36;SANTA IZABEL DO PARA;Acessar a via sem observar a presença dos outros veículos;Colisão transversal;Com Vítimas Feridas;Pleno dia;Crescente;Céu Claro;Dupla;Reta;Sim;2;0;0;1;1;0;1;2;-1,29009976;-48,15602469;SPRF-PA;DEL01-PA;UOP01-DEL01-PA
560634;11/11/2023;sábado;17:20:00;MG;262;392;FLORESTAL;Velocidade Incompatível;Saída de leito carroçável;Com Vítimas Feridas;Pleno dia;Crescente;Céu Claro;Dupla;Reta;Não;1;0;1;0;0;0;1;1;-19,92150767;-44,47289804;SPRF-MG;DEL01-MG;UOP03-DEL01-MG
560638;11/11/2023;sábado;14:50:00;RS;472;640;BARRA DO QUARAI;Ausência de reação do condutor;Saída de leito carroçável;Sem Vítimas;Pleno dia;Decrescente;Céu Claro;Simples;"Reta;Em Obras                 ";Não;1;0;0;0;0;1;0;1;-30,15807533;-57,40707589;SPRF-RS;DEL13-RS;UOP01-DEL13-RS
560639;11/11/2023;sábado;18:30:00;RN;304;303;PARNAMIRIM;Demais falhas mecânicas ou elétricas;Saída de leito carroçável;Com Vítimas Feridas;Plena Noite;Crescente;Céu Claro;Dupla;Reta;Sim;2;0;2;0;0;0;2;1;-5,88217905;-35,28934802;SPRF-RN;DEL01-RN;UOP02-DEL01-RN
560640;11/11/2023;sábado;16:30:00;RN;226;317;MESSIAS TARGINO;Frear bruscamente;Colisão lateral mesmo sentido;Com Vítimas Feridas;Pleno dia;Crescente;Céu Claro;Simples;Reta;Não;4;0;1;0;3;0;1;2;-6,06371046;-37,49649237;SPRF-RN;DEL04-RN;UOP01-DEL04-RN
560642;11/11/2023;sábado;05:20:00;PR;376;171;MARINGA;Ingestão de álcool pelo condutor;Saída de leito carroçável;Com Vítimas Feridas;Amanhecer;Crescente;Nublado;Dupla;Reta;Sim;1;0;1;0;0;0;1;1;-23,41822772;-51,97500595;SPRF-PR;DEL09-PR;UOP01-DEL09-PR
560643;06/10/2023;sexta-feira;23:20:00;RS;116;237;NOVO HAMBURGO;Manobra de mudança de faixa;Colisão traseira;Sem Vítimas;Plena Noite;Decrescente;Chuva;Dupla;Reta;Sim;2;0;0;0;1;1;0;2;-29,67839398;-51,1422266;SPRF-RS;DEL01-RS;UOP02-DEL01-RS
560645;11/11/2023;sábado;13:10:00;RS;153;401;CACHOEIRA DO SUL;Chuva;Saída de leito carroçável;Com Vítimas Feridas;Pleno dia;Decrescente;Chuva;Simples;"Reta;Aclive                   ";Não;4;0;1;0;3;0;1;2;-29,98437884;-52,92869568;SPRF-RS;DEL02-RS;UOP03-DEL02-RS
560646;11/11/2023;sábado;19:10:00;ES;101;137,5;LINHARES;Ausência de reação do condutor;Saída de leito carroçável;Com Vítimas Feridas;Plena Noite;Decrescente;Céu Claro;Dupla;Curva;Não;1;0;1;0;0;0;1;1;-19,29308199;-40,08591691;SPRF-ES;DEL04-ES;UOP01-DEL04-ES
560649;11/11/2023;sábado;19:30:00;SC;101;209;SAO JOSE;Condutor deixou de manter distância do veículo da frente;Engavetamento;Com Vítimas Feridas;Plena Noite;Crescente;Garoa/Chuvisco;Múltipla;Reta;Sim;4;0;1;0;3;0;1;3;-27,61000542;-48,63895057;SPRF-SC;DEL01-SC;UOP01-DEL01-SC
560650;11/11/2023;sábado;18:30:00;PR;163;194,6;SANTA TEREZA DO OESTE;Reação tardia ou ineficiente do condutor;Saída de leito carroçável;Com Vítimas Feridas;Anoitecer;Crescente;Céu Claro;Dupla;Curva;Não;1;0;0;1;0;0;1;1;-25,04594776;-53,5563755;SPRF-PR;DEL05-PR;UOP05-DEL05-PR
560651;11/11/2023;sábado;19:42:00;RN;405;152,6;PAU DOS FERROS;Condutor deixou de manter distância do veículo da frente;Colisão traseira;Sem Vítimas;Plena Noite;Crescente;Céu Claro;Simples;Reta;Sim;2;0;0;0;2;0;0;2;-6,12389317;-38,20650897;SPRF-RN;DEL04-RN;UOP02-DEL04-RN
560653;11/11/2023;sábado;19:10:00;PR;116;167;QUITANDINHA;Acessar a via sem observar a presença dos outros veículos;Colisão transversal;Com Vítimas Feridas;Plena Noite;Decrescente;Céu Claro;Simples;Reta;Não;4;0;0;1;3;0;1;2;-25,86830628;-49,45462385;SPRF-PR;DEL01-PR;UOP03-DEL01-PR
560654;11/11/2023;sábado;19:54:00;SC;101;418,3;ARARANGUA;Desvio temporário;Colisão lateral sentido oposto;Com Vítimas Feridas;Plena Noite;Decrescente;Chuva;Simples;"Desvio Temporário;Reta        ";Não;3;0;1;0;2;0;1;2;-28,978;-49,534;SPRF-SC;DEL02-SC;UOP02-DEL02-SC
560655;11/11/2023;sábado;19:05:00;MT;364;208;RONDONOPOLIS;Manobra de mudança de faixa;Colisão transversal;Com Vítimas Feridas;Plena Noite;Crescente;Céu Claro;Dupla;"Reta;Retorno Regulamentado    ";Sim;5;0;0;1;4;0;1;2;-16,43621099;-54,68287599;SPRF-MT;DEL02-MT;UOP01-DEL02-MT
560658;11/11/2023;sábado;20:15:00;DF;60;9;BRASILIA;Condutor deixou de manter distância do veículo da frente;Colisão traseira;Com Vítimas Feridas;Plena Noite;Decrescente;Céu Claro;Dupla;Reta;Sim;2;0;1;0;1;0;1;2;-15,906293;-48,139965;SPRF-DF;DEL03-DF;UOP01-DEL03-DF
560660;11/11/2023;sábado;19:00:00;PI;135;356;BOM JESUS;Pedestre andava na pista;Atropelamento de Pedestre;Com Vítimas Feridas;Plena Noite;Decrescente;Céu Claro;Simples;Reta;Não;2;0;1;0;1;0;1;2;-9,10596896;-44,36867609;SPRF-PI;DEL03-PI;UOP02-DEL03-PI
560661;11/11/2023;sábado;18:30:00;RJ;101;67;CAMPOS DOS GOYTACAZES;Transitar no Acostamento;Colisão transversal;Sem Vítimas;Pleno dia;Decrescente;Céu Claro;Simples;"Reta;Interseção de Vias       ";Não;2;0;0;0;2;0;0;2;-21,76751094;-41,34876249;SPRF-RJ;DEL08-RJ;UOP02-DEL08-RJ
560662;11/11/2023;sábado;18:30:00;ES;262;63;MARECHAL FLORIANO;Manobra de mudança de faixa;Colisão lateral mesmo sentido;Com Vítimas Feridas;Plena Noite;Crescente;Céu Claro;Simples;Curva;Não;3;0;0;2;0;1;2;2;-20,42077468;-40,80814348;SPRF-ES;DEL01-ES;UOP02-DEL01-ES
560666;11/11/2023;sábado;21:00:00;RJ;356;130;CAMPOS DOS GOYTACAZES;Velocidade Incompatível;Saída de leito carroçável;Com Vítimas Fatais;Plena Noite;Crescente;Céu Claro;Simples;Reta;Não;1;1;0;0;0;0;0;1;-21,69613303;-41,36022556;SPRF-RJ;DEL08-RJ;UOP01-DEL08-RJ
560668;11/11/2023;sábado;17:30:00;GO;70;40;COCALZINHO DE GOIAS;Reação tardia ou ineficiente do condutor;Saída de leito carroçável;Sem Vítimas;Anoitecer;Decrescente;Céu Claro;Dupla;"Reta;Em Obras;Interseção de Vi";Sim;2;0;0;0;2;0;0;1;-15,77917675;-48,53412247;SPRF-DF;DEL03-DF;UOP02-DEL03-DF
560670;11/11/2023;sábado;18:22:00;MT;70;273;PRIMAVERA DO LESTE;Manobra de mudança de faixa;Colisão frontal;Com Vítimas Fatais;Plena Noite;Decrescente;Céu Claro;Simples;Reta;Não;2;1;0;0;1;0;0;2;-15,54158116;-54,23761592;SPRF-MT;DEL05-MT;UOP01-DEL05-MT
560672;11/11/2023;sábado;19:45:00;SP;381;85;SAO PAULO;Pedestre andava na pista;Atropelamento de Pedestre;Com Vítimas Feridas;Plena Noite;Crescente;Céu Claro;Dupla;Reta;Sim;2;0;0;2;0;0;2;2;-23,449343;-46,56983501;SPRF-SP;DEL03-SP;UOP01-DEL03-SP
560673;11/11/2023;sábado;21:25:00;PB;230;18;JOAO PESSOA;Transitar na contramão;Queda de ocupante de veículo;Com Vítimas Feridas;Plena Noite;Decrescente;Céu Claro;Dupla;Reta;Sim;1;0;1;0;0;0;1;1;-7,12168934;-34,84505653;SPRF-PB;DEL01-PB;UOP01-DEL01-PB
560674;11/11/2023;sábado;21:10:00;PB;101;87,2;JOAO PESSOA;Acesso irregular;Colisão transversal;Com Vítimas Feridas;Plena Noite;Decrescente;Céu Claro;Dupla;Reta;Sim;2;0;1;1;0;0;2;2;-7,15886802;-34,90628504;SPRF-PB;DEL01-PB;UOP01-DEL01-PB
560675;11/11/2023;sábado;21:39:00;RS;386;40;FREDERICO WESTPHALEN;Ingestão de álcool pelo condutor;Saída de leito carroçável;Sem Vítimas;Plena Noite;Crescente;Céu Claro;Simples;Rotatória;Não;1;0;0;0;1;0;0;1;-27,404215;-53,412556;SPRF-RS;DEL08-RS;UOP02-DEL08-RS
560676;11/11/2023;sábado;18:50:00;SC;NA;NA;CORREIA PINTO;Reação tardia ou ineficiente do condutor;Colisão lateral sentido oposto;Com Vítimas Feridas;Anoitecer;Não Informado;Céu Claro;Simples;Declive;Sim;2;0;0;1;0;1;1;2;-27,58533;-50,3661;SPRF-SC;DEL05-SC;UOP03-DEL05-SC
560677;11/11/2023;sábado;20:30:00;RJ;393;284;VOLTA REDONDA;Conversão proibida;Colisão frontal;Com Vítimas Feridas;Plena Noite;Crescente;Céu Claro;Simples;Reta;Sim;2;0;1;0;1;0;1;2;-22,47341979;-44,05990606;SPRF-RJ;DEL05-RJ;UOP04-DEL05-RJ
560678;11/11/2023;sábado;20:30:00;SC;101;154;PORTO BELO;Reação tardia ou ineficiente do condutor;Saída de leito carroçável;Com Vítimas Feridas;Plena Noite;Crescente;Chuva;Dupla;Reta;Sim;2;0;1;0;1;0;1;1;-27,153819;-48,61086393;SPRF-SC;DEL04-SC;UOP03-DEL04-SC
560679;11/11/2023;sábado;22:05:00;RJ;116;148,3;DUQUE DE CAXIAS;Condutor deixou de manter distância do veículo da frente;Colisão traseira;Com Vítimas Feridas;Plena Noite;Decrescente;Céu Claro;Múltipla;Reta;Sim;2;0;1;0;0;1;1;2;-22,6723488;-43,28215398;SPRF-RJ;DEL01-RJ;UOP01-DEL01-RJ
560680;11/11/2023;sábado;21:00:00;SC;101;131;BALNEARIO CAMBORIU;Ausência de reação do condutor;Saída de leito carroçável;Com Vítimas Feridas;Plena Noite;Decrescente;Nublado;Dupla;Reta;Não;3;0;3;0;0;0;3;1;-26,99064209;-48,66310912;SPRF-SC;DEL04-SC;UOP03-DEL04-SC
560681;11/11/2023;sábado;21:04:00;PI;343;592;FLORIANO;Acessar a via sem observar a presença dos outros veículos;Colisão transversal;Com Vítimas Feridas;Plena Noite;Decrescente;Céu Claro;Simples;"Reta;Interseção de Vias;Decliv";Sim;3;0;3;0;0;0;3;2;-6,777731;-43,031559;SPRF-PI;DEL03-PI;UOP01-DEL03-PI
560682;11/11/2023;sábado;20:30:00;SP;381;36;ATIBAIA;Reação tardia ou ineficiente do condutor;Queda de ocupante de veículo;Com Vítimas Feridas;Plena Noite;Crescente;Céu Claro;Dupla;Reta;Sim;1;0;1;0;0;0;1;1;-23,09707232;-46,57180706;SPRF-SP;DEL03-SP;UOP01-DEL03-SP
560683;11/11/2023;sábado;22:15:00;RN;101;95;NATAL;Condutor deixou de manter distância do veículo da frente;Colisão traseira;Com Vítimas Feridas;Plena Noite;Decrescente;Céu Claro;Múltipla;Reta;Sim;4;0;4;0;0;0;4;2;-5,84076841;-35,21035949;SPRF-RN;DEL01-RN;UOP01-DEL01-RN
560685;11/11/2023;sábado;21:30:00;ES;101;263,9;SERRA;Reação tardia ou ineficiente do condutor;Colisão traseira;Com Vítimas Feridas;Plena Noite;Crescente;Céu Claro;Dupla;Reta;Sim;5;0;3;0;1;1;3;2;-20,17292791;-40,26736384;SPRF-ES;DEL02-ES;UOP01-DEL02-ES
560686;11/11/2023;sábado;19:35:00;MS;262;505,8;ANASTACIO;Animais na Pista;Atropelamento de Animal;Com Vítimas Feridas;Plena Noite;Crescente;Céu Claro;Simples;Reta;Não;2;0;2;0;0;0;2;1;-20,48316913;-55,95314809;SPRF-MS;DEL03-MS;UOP01-DEL03-MS
560687;11/11/2023;sábado;21:30:00;PR;116;121;CURITIBA;Reação tardia ou ineficiente do condutor;Saída de leito carroçável;Com Vítimas Feridas;Plena Noite;Decrescente;Céu Claro;Dupla;Reta;Sim;2;0;1;0;1;0;1;1;-25,5599323;-49,30743945;SPRF-PR;DEL01-PR;UOP03-DEL01-PR