id;data_inversa;dia_semana;horario;uf;br;km;municipio;causa_acidente;tipo_acidente;classificacao_acidente;fase_dia;sentido_via;condicao_metereologica;tipo_pista;tracado_via;uso_solo;pessoas;mortos;feridos_leves;feridos_graves;ilesos;ignorados;feridos;veiculos;latitude;longitude;regional;delegacia;uop
560688;11/11/2023;sábado;20:10:00;SC;282;373,7;ERVAL VELHO;Transitar na contramão;Colisão frontal;Com Vítimas Feridas;Plena Noite;Crescente;Céu Claro;Simples;Reta;Não;5;0;5;0;0;0;5;2;-27,244722;-51,44812;SPRF-SC;DEL07-SC;UOP05-DEL07-SC
560690;11/11/2023;sábado;21:02:00;PR;369;55,6;BANDEIRANTES;Condutor desrespeitou a iluminação vermelha do semáforo;Colisão transversal;Com Vítimas Feridas;Plena Noite;Decrescente;Céu Claro;Simples;"Reta;Interseção de Vias       ";Sim;2;0;1;0;1;0;1;2;-23,110208;-50,372695;SPRF-PR;DEL07-PR;UOP05-DEL07-PR
560691;11/11/2023;sábado;18:40:00;MA;135;67;SANTA RITA;Manobra de mudança de faixa;Colisão frontal;Com Vítimas Fatais;Plena Noite;Crescente;Céu Claro;Simples;Reta;Não;2;1;0;0;1;0;0;2;-3,11481199;-44,32344911;SPRF-MA;DEL01-MA;UOP02-DEL01-MA
560692;11/11/2023;sábado;20:45:00;PA;230;122;MARABA;Ingestão de álcool pelo condutor;Colisão traseira;Com Vítimas Feridas;Plena Noite;Decrescente;Céu Claro;Dupla;Reta;Sim;2;0;1;0;1;0;1;2;-5,36137537;-49,12376139;SPRF-PA;DEL03-PA;UOP01-DEL03-PA
560694;11/11/2023;sábado;22:45:00;MG;381;896,9;CAMBUI;Reação tardia ou ineficiente do condutor;Colisão traseira;Com Vítimas Feridas;Plena Noite;Crescente;Céu Claro;Dupla;Interseção de Vias;Não;2;0;0;1;0;1;1;2;-22,59655006;-46,05681179;SPRF-MG;DEL16-MG;UOP03-DEL16-MG
560695;11/11/2023;sábado;21:50:00;PE;428;189,7;PETROLINA;Ausência de reação do condutor;Colisão traseira;Com Vítimas Feridas;Plena Noite;Crescente;Céu Claro;Múltipla;Reta;Sim;2;0;2;0;0;0;2;2;-9,377732;-40,50401;SPRF-PE;DEL06-PE;UOP01-DEL06-PE
560696;11/11/2023;sábado;21:40:00;TO;153;413,8;MIRANORTE;Ingestão de álcool pelo condutor;Queda de ocupante de veículo;Com Vítimas Fatais;Plena Noite;Crescente;Céu Claro;Dupla;"Reta;Aclive                   ";Sim;1;1;0;0;0;0;0;1;-9,532369;-48,593407;SPRF-TO;DEL02-TO;UOP02-DEL02-TO
560701;11/11/2023;sábado;23:04:00;RJ;40;109;DUQUE DE CAXIAS;Reação tardia ou ineficiente do condutor;Colisão traseira;Com Vítimas Feridas;Plena Noite;Decrescente;Céu Claro;Dupla;Reta;Sim;3;0;1;0;2;0;1;2;-22,67374628;-43,28638368;SPRF-RJ;DEL01-RJ;UOP01-DEL01-RJ
560704;11/11/2023;sábado;23:20:00;PE;424;47;VENTUROSA;Ausência de reação do condutor;Colisão com objeto;Sem Vítimas;Plena Noite;Crescente;Céu Claro;Simples;"Declive;Curva                 ";Não;1;0;0;0;0;1;0;1;-8,69835023;-36,78668889;SPRF-PE;DEL03-PE;UOP01-DEL03-PE
560705;11/11/2023;sábado;23:15:00;BA;116;858;VITORIA DA CONQUISTA;Desrespeitar a preferência no cruzamento;Colisão transversal;Com Vítimas Feridas;Plena Noite;Crescente;Céu Claro;Simples;Reta;Não;3;0;1;1;1;0;2;2;-15,115801;-41,029927;SPRF-BA;DEL08-BA;UOP01-DEL08-BA
560706;11/11/2023;sábado;23:15:00;PI;343;347,4;TERESINA;Ausência de reação do condutor;Colisão com objeto;Com Vítimas Feridas;Plena Noite;Decrescente;Céu Claro;Simples;Reta;Sim;1;0;0;1;0;0;1;1;-5,11681;-42,782649;SPRF-PI;DEL01-PI;UOP01-DEL01-PI
560707;12/11/2023;domingo;00:44:00;PE;232;137;CARUARU;Ingestão de álcool pelo condutor;Capotamento;Sem Vítimas;Plena Noite;Decrescente;Céu Claro;Dupla;"Reta;Declive                  ";Não;2;0;0;0;1;1;0;2;-8,31589863;-36,05040211;SPRF-PE;DEL02-PE;UOP01-DEL02-PE
560708;12/11/2023;domingo;00:30:00;MG;40;517;RIBEIRAO DAS NEVES;Velocidade Incompatível;Saída de leito carroçável;Com Vítimas Feridas;Plena Noite;Crescente;Céu Claro;Dupla;Reta;Sim;2;0;2;0;0;0;2;1;-19,82351202;-44,08438913;SPRF-MG;DEL01-MG;UOP02-DEL01-MG
560709;11/11/2023;sábado;22:20:00;SC;101;290;IMBITUBA;Ausência de reação do condutor;Saída de leito carroçável;Com Vítimas Feridas;Plena Noite;Decrescente;Céu Claro;Dupla;"Reta;Interseção de Vias       ";Não;1;0;1;0;0;0;1;1;-28,26202477;-48,70403355;SPRF-SC;DEL02-SC;UOP03-DEL02-SC
560710;12/11/2023;domingo;00:25:00;RJ;393;274;BARRA DO PIRAI;Ingestão de álcool pelo condutor;Saída de leito carroçável;Sem Vítimas;Plena Noite;Decrescente;Céu Claro;Simples;"Curva;Declive                 ";Não;2;0;0;0;1;1;0;1;-22,48328327;-43,96042792;SPRF-RJ;DEL05-RJ;UOP04-DEL05-RJ
560713;12/11/2023;domingo;01:00:00;MG;262;802;UBERABA;Ingestão de álcool pelo condutor;Colisão traseira;Sem Vítimas;Plena Noite;Crescente;Céu Claro;Dupla;Reta;Sim;1;0;0;0;1;0;0;1;-19,779234;-47,964844;SPRF-MG;DEL13-MG;UOP01-DEL13-MG
560714;12/11/2023;domingo;01:30:00;ES;101;295;CARIACICA;Ingestão de álcool pelo condutor;Queda de ocupante de veículo;Com Vítimas Feridas;Plena Noite;Crescente;Céu Claro;Múltipla;Reta;Não;1;0;1;0;0;0;1;1;-20,33223667;-40,40004683;SPRF-ES;DEL01-ES;UOP01-DEL01-ES
560715;12/11/2023;domingo;01:30:00;SP;116;322;JUQUITIBA;Condutor Dormindo;Colisão traseira;Com Vítimas Feridas;Plena Noite;Crescente;Céu Claro;Dupla;Reta;Não;6;0;2;0;4;0;2;3;-23,935106;-47,026682;SPRF-SP;DEL04-SP;UOP03-DEL04-SP
560716;12/11/2023;domingo;00:30:00;RJ;101;70;CAMPOS DOS GOYTACAZES;Demais falhas na via;Queda de ocupante de veículo;Com Vítimas Feridas;Plena Noite;Crescente;Céu Claro;Simples;Reta;Não;1;0;1;0;0;0;1;1;-21,781011;-41,373363;SPRF-RJ;DEL08-RJ;UOP02-DEL08-RJ
560717;12/11/2023;domingo;00:50:00;RN;304;118;ITAJA;Acessar a via sem observar a presença dos outros veículos;Colisão traseira;Com Vítimas Feridas;Plena Noite;Crescente;Céu Claro;Simples;Reta;Não;2;0;0;1;0;1;1;2;-5,6259351;-36,87237305;SPRF-RN;DEL04-RN;UOP01-DEL04-RN
560718;12/11/2023;domingo;01:45:00;RS;287;250,4;SANTA MARIA;Reação tardia ou ineficiente do condutor;Colisão lateral mesmo sentido;Sem Vítimas;Plena Noite;Decrescente;Nublado;Dupla;"Aclive;Interseção de Vias;Reta";Sim;5;0;0;0;5;0;0;2;-29,691298;-53,8692;SPRF-RS;DEL09-RS;UOP01-DEL09-RS
560720;12/11/2023;domingo;02:45:00;PB;101;106;ALHANDRA;Ingestão de álcool pelo condutor;Colisão com objeto;Sem Vítimas;Plena Noite;Crescente;Céu Claro;Dupla;Reta;Não;2;0;0;0;2;0;0;1;-7,29538485;-34,93737102;SPRF-PB;DEL01-PB;UOP02-DEL01-PB
560721;12/11/2023;domingo;03:00:00;RJ;356;78;ITALVA;Animais na Pista;Atropelamento de Animal;Com Vítimas Feridas;Amanhecer;Crescente;Céu Claro;Simples;Reta;Não;1;0;1;0;0;0;1;1;-21,43975905;-41,67832968;SPRF-RJ;DEL08-RJ;UOP03-DEL08-RJ
560724;11/11/2023;sábado;23:30:00;MT;163;702;SORRISO;Objeto estático sobre o leito carroçável;Saída de leito carroçável;Com Vítimas Feridas;Plena Noite;Crescente;Céu Claro;Simples;Reta;Não;1;0;0;1;0;0;1;1;-12,959591;-55,870975;SPRF-MT;DEL06-MT;UOP01-DEL06-MT
560725;12/11/2023;domingo;02:52:00;PR;116;140;MANDIRITUBA;Pedestre andava na pista;Atropelamento de Pedestre;Com Vítimas Feridas;Plena Noite;Crescente;Céu Claro;Dupla;Reta;Sim;2;0;0;1;0;1;1;2;-25,776325;-49,32417;SPRF-PR;DEL01-PR;UOP03-DEL01-PR
560728;11/11/2023;sábado;21:20:00;SC;282;373,7;ERVAL VELHO;Demais falhas na via;Tombamento;Com Vítimas Feridas;Plena Noite;Decrescente;Céu Claro;Simples;Reta;Não;2;0;2;0;0;0;2;1;-27,244722;-51,44812;SPRF-SC;DEL07-SC;UOP05-DEL07-SC
560729;12/11/2023;domingo;03:08:00;PE;408;25;TIMBAUBA;Transitar na contramão;Colisão frontal;Com Vítimas Feridas;Amanhecer;Crescente;Céu Claro;Dupla;Reta;Não;2;0;1;0;1;0;1;2;-7,52257159;-35,29948406;SPRF-PE;DEL01-PE;UOP02-DEL01-PE
560730;12/11/2023;domingo;03:00:00;PR;376;159,5;MARINGA;Velocidade Incompatível;Saída de leito carroçável;Com Vítimas Feridas;Plena Noite;Crescente;Céu Claro;Dupla;Curva;Não;1;0;1;0;0;0;1;1;-23,36446552;-52,0839715;SPRF-PR;DEL09-PR;UOP01-DEL09-PR
560731;12/11/2023;domingo;03:30:00;GO;364;49;CACHOEIRA ALTA;Reação tardia ou ineficiente do condutor;Saída de leito carroçável;Com Vítimas Feridas;Plena Noite;Crescente;Céu Claro;Simples;"Reta;Declive                  ";Não;3;0;2;0;1;0;2;1;-18,814787;-50,886787;SPRF-GO;DEL05-GO;UOP02-DEL05-GO
560732;11/11/2023;sábado;18:15:00;CE;402;197,4;MORRINHOS;Acostamento em desnível;Queda de ocupante de veículo;Sem Vítimas;Plena Noite;Crescente;Céu Claro;Simples;Reta;Não;1;0;0;0;0;1;0;1;-3,22732561;-40,06022595;SPRF-CE;DEL01-CE;UOP03-DEL01-CE
560733;11/11/2023;sábado;21:40:00;SC;116;117;SANTA CECILIA;Demais falhas mecânicas ou elétricas;Saída de leito carroçável;Sem Vítimas;Plena Noite;Crescente;Céu Claro;Simples;Curva;Não;1;0;0;0;1;0;0;1;-26,81731599;-50,35097407;SPRF-SC;DEL06-SC;UOP02-DEL06-SC
560734;12/11/2023;domingo;05:40:00;RS;116;262;CANOAS;Velocidade Incompatível;Saída de leito carroçável;Sem Vítimas;Pleno dia;Decrescente;Chuva;Dupla;Curva;Não;1;0;0;0;1;0;0;1;-29,896475;-51,17593;SPRF-RS;DEL01-RS;UOP01-DEL01-RS
560735;12/11/2023;domingo;01:15:00;ES;101;217;IBIRACU;Ausência de reação do condutor;Queda de ocupante de veículo;Com Vítimas Feridas;Plena Noite;Crescente;Céu Claro;Dupla;Reta;Não;2;0;2;0;0;0;2;1;-19,847186;-40,384266;SPRF-ES;DEL02-ES;UOP01-DEL02-ES
560736;12/11/2023;domingo;05:40:00;SP;153;58;SAO JOSE DO RIO PRETO;Ausência de reação do condutor;Tombamento;Com Vítimas Feridas;Pleno dia;Decrescente;Céu Claro;Dupla;Declive;Sim;1;0;1;0;0;0;1;1;-20,77838195;-49,35300538;SPRF-SP;DEL09-SP;UOP01-DEL09-SP
560737;12/11/2023;domingo;05:50:00;PE;101;42;IGARASSU;Velocidade Incompatível;Colisão traseira;Com Vítimas Feridas;Pleno dia;Decrescente;Céu Claro;Múltipla;Reta;Sim;2;0;1;0;0;1;1;2;-7,83887431;-34,91196739;SPRF-PE;DEL01-PE;UOP02-DEL01-PE
560738;12/11/2023;domingo;05:00:00;PI;316;61;MONSENHOR GIL;Ingestão de álcool pelo condutor;Tombamento;Com Vítimas Feridas;Amanhecer;Crescente;Céu Claro;Simples;Aclive;Não;1;0;0;1;0;0;1;1;-5,58402402;-42,61489907;SPRF-PI;DEL01-PI;UOP02-DEL01-PI
560739;12/11/2023;domingo;06:10:00;MG;50;186;UBERABA;Velocidade Incompatível;Saída de leito carroçável;Com Vítimas Feridas;Pleno dia;Decrescente;Céu Claro;Dupla;Retorno Regulamentado;Não;3;0;1;2;0;0;3;1;-19,82507776;-47,89035168;SPRF-MG;DEL13-MG;UOP01-DEL13-MG
560740;12/11/2023;domingo;06:20:00;PR;116;120;CURITIBA;Velocidade Incompatível;Colisão com objeto;Com Vítimas Feridas;Pleno dia;Crescente;Céu Claro;Dupla;Reta;Sim;4;0;0;4;0;0;4;1;-25,55122256;-49,30503748;SPRF-PR;DEL01-PR;UOP03-DEL01-PR
560741;12/11/2023;domingo;06:55:00;DF;70;12;BRASILIA;Conversão proibida;Colisão transversal;Com Vítimas Feridas;Pleno dia;Crescente;Céu Claro;Dupla;Reta;Sim;3;0;3;0;0;0;3;2;-15,79317239;-48,16052198;SPRF-DF;DEL03-DF;UOP02-DEL03-DF
560742;11/11/2023;sábado;22:50:00;BA;367;55;PORTO SEGURO;Acessar a via sem observar a presença dos outros veículos;Colisão transversal;Com Vítimas Feridas;Plena Noite;Decrescente;Céu Claro;Simples;Curva;Não;3;0;1;1;1;0;2;2;-16,38726598;-39,339153;SPRF-BA;DEL09-BA;UOP03-DEL09-BA
560745;12/11/2023;domingo;05:20:00;PR;373;216,9;IMBITUVA;Reação tardia ou ineficiente do condutor;Saída de leito carroçável;Sem Vítimas;Amanhecer;Crescente;Céu Claro;Simples;Curva;Não;2;0;0;0;2;0;0;1;-25,15715795;-50,54211301;SPRF-PR;DEL03-PR;UOP01-DEL03-PR
560746;12/11/2023;domingo;05:30:00;CE;222;298;TIANGUA;Reação tardia ou ineficiente do condutor;Saída de leito carroçável;Com Vítimas Feridas;Amanhecer;Decrescente;Céu Claro;Simples;"Curva;Declive                 ";Não;2;0;1;0;1;0;1;1;-3,65334406;-40,9299664;SPRF-CE;DEL04-CE;UOP02-DEL04-CE
560747;12/11/2023;domingo;07:40:00;MG;146;439;CABO VERDE;Transitar na contramão;Colisão frontal;Com Vítimas Feridas;Pleno dia;Decrescente;Céu Claro;Simples;"Reta;Aclive                   ";Não;2;0;0;1;1;0;1;2;-21,44197161;-46,42134681;SPRF-MG;DEL09-MG;UOP01-DEL09-MG
560749;16/10/2023;segunda-feira;07:30:00;PR;476;117;COLOMBO;Reação tardia ou ineficiente do condutor;Tombamento;Com Vítimas Feridas;Amanhecer;Crescente;Ignorado;Múltipla;"Reta;Interseção de Vias       ";Sim;1;0;1;0;0;0;1;1;-25,34784628;-49,17424679;SPRF-PR;DEL01-PR;UOP01-DEL01-PR
560751;12/11/2023;domingo;00:40:00;BA;110;189;RIBEIRA DO AMPARO;Ausência de reação do condutor;Saída de leito carroçável;Com Vítimas Feridas;Plena Noite;Decrescente;Céu Claro;Simples;Curva;Não;3;0;3;0;0;0;3;1;-11,011584;-38,51495706;SPRF-BA;DEL07-BA;UOP02-DEL07-BA
560752;12/11/2023;domingo;05:00:00;RJ;116;142,4;DUQUE DE CAXIAS;Reação tardia ou ineficiente do condutor;Saída de leito carroçável;Com Vítimas Feridas;Pleno dia;Decrescente;Céu Claro;Dupla;Reta;Sim;1;0;0;1;0;0;1;1;-22,64876087;-43,23031638;SPRF-RJ;DEL01-RJ;UOP01-DEL01-RJ
560753;12/11/2023;domingo;08:20:00;RJ;101;501;ANGRA DOS REIS;Ausência de reação do condutor;Saída de leito carroçável;Com Vítimas Feridas;Pleno dia;Crescente;Céu Claro;Simples;Reta;Não;1;0;1;0;0;0;1;1;-22,92308827;-44,36056298;SPRF-RJ;DEL03-RJ;UOP03-DEL03-RJ
560754;11/11/2023;sábado;19:45:00;RJ;116;176;SAO JOAO DE MERITI;Demais falhas mecânicas ou elétricas;Queda de ocupante de veículo;Com Vítimas Feridas;Pleno dia;Crescente;Céu Claro;Múltipla;Reta;Sim;1;0;1;0;0;0;1;1;-22,7839538;-43,38195488;SPRF-RJ;DEL01-RJ;UOP02-DEL01-RJ
560755;12/11/2023;domingo;06:20:00;BA;110;382;SAO SEBASTIAO DO PASSE;Velocidade Incompatível;Saída de leito carroçável;Com Vítimas Feridas;Pleno dia;Crescente;Céu Claro;Simples;Curva;Não;2;0;2;0;0;0;2;1;-12,46815995;-38,47693711;SPRF-BA;DEL01-BA;UOP01-DEL01-BA
560756;12/11/2023;domingo;08:00:00;MG;381;329;NOVA ERA;Ausência de reação do condutor;Colisão com objeto;Com Vítimas Feridas;Pleno dia;Decrescente;Céu Claro;Dupla;Curva;Não;1;0;1;0;0;0;1;1;-19,78359101;-43,0443485;SPRF-MG;DEL03-MG;UOP01-DEL03-MG
560759;31/10/2023;terça-feira;10:00:00;RO;364;101;VILHENA;Demais falhas mecânicas ou elétricas;Incêndio;Sem Vítimas;Pleno dia;Crescente;Céu Claro;Simples;Reta;Não;1;0;0;0;1;0;0;1;-12,26413124;-60,6449302;SPRF-RO;DEL04-RO;UOP01-DEL04-RO
560760;12/11/2023;domingo;08:50:00;DF;20;26;BRASILIA;Acessar a via sem observar a presença dos outros veículos;Colisão lateral mesmo sentido;Com Vítimas Feridas;Pleno dia;Crescente;Céu Claro;Dupla;"Reta;Aclive;Interseção de Vias";Não;4;0;1;0;3;0;1;2;-15,596223;-47,640285;SPRF-DF;DEL02-DF;UOP01-DEL02-DF
560761;12/11/2023;domingo;08:35:00;MG;40;472;SETE LAGOAS;Manobra de mudança de faixa;Colisão lateral mesmo sentido;Com Vítimas Feridas;Pleno dia;Crescente;Sol;Dupla;Reta;Não;2;0;1;0;0;1;1;2;-19,47543632;-44,29066576;SPRF-MG;DEL02-MG;UOP01-DEL02-MG
560762;12/11/2023;domingo;08:50:00;RJ;101;320;NITEROI;Demais falhas mecânicas ou elétricas;Colisão lateral mesmo sentido;Com Vítimas Feridas;Pleno dia;Crescente;Céu Claro;Dupla;Reta;Não;2;0;1;0;1;0;1;1;-22,86171098;-43,10714015;SPRF-RJ;DEL02-RJ;UOP01-DEL02-RJ
560763;12/11/2023;domingo;08:40:00;RS;290;11;OSORIO;Avarias e/ou desgaste excessivo no pneu;Saída de leito carroçável;Sem Vítimas;Pleno dia;Decrescente;Chuva;Dupla;Reta;Não;1;0;0;0;1;0;0;1;-29,888996;-50,383354;SPRF-RS;DEL03-RS;UOP01-DEL03-RS
560764;12/11/2023;domingo;04:40:00;MA;222;382;PINDARE-MIRIM;Deficiência do Sistema de Iluminação/Sinalização;Colisão traseira;Com Vítimas Feridas;Plena Noite;Crescente;Céu Claro;Simples;"Reta;Declive                  ";Não;5;0;2;2;1;0;4;2;-3,81937281;-45,48773532;SPRF-MA;DEL02-MA;UOP01-DEL02-MA
560765;12/11/2023;domingo;09:40:00;RN;101;106,6;PARNAMIRIM;Condutor deixou de manter distância do veículo da frente;Colisão traseira;Sem Vítimas;Pleno dia;Crescente;Nublado;Múltipla;Reta;Sim;2;0;0;0;2;0;0;2;-5,91056401;-35,26130795;SPRF-RN;DEL01-RN;UOP01-DEL01-RN
560766;12/11/2023;domingo;09:00:00;PR;476;93;BOCAIUVA DO SUL;Ausência de reação do condutor;Colisão lateral mesmo sentido;Com Vítimas Feridas;Pleno dia;Decrescente;Céu Claro;Simples;"Interseção de Vias;Reta       ";Sim;2;0;1;0;0;1;1;2;-25,209375;-49,1133;SPRF-PR;DEL01-PR;UOP01-DEL01-PR
560767;12/11/2023;domingo;08:00:00;SC;280;242,2;BELA VISTA DO TOLDO;Reação tardia ou ineficiente do condutor;Saída de leito carroçável;Sem Vítimas;Pleno dia;Crescente;Céu Claro;Simples;Reta;Não;1;0;0;0;0;1;0;1;-26,23022151;-50,4638958;SPRF-SC;DEL06-SC;UOP04-DEL06-SC
560768;12/11/2023;domingo;10:00:00;MG;40;564,5;NOVA LIMA;Ausência de reação do condutor;Queda de ocupante de veículo;Com Vítimas Feridas;Pleno dia;Crescente;Sol;Dupla;"Reta;Aclive                   ";Não;2;0;2;0;0;0;2;1;-20,16086012;-43,96464349;SPRF-MG;DEL01-MG;UOP02-DEL01-MG
560769;12/11/2023;domingo;10:45:00;MG;153;210,3;FRUTAL;Condutor Dormindo;Colisão frontal;Com Vítimas Feridas;Pleno dia;Crescente;Céu Claro;Simples;"Reta;Interseção de Vias;Rotató";Não;4;0;0;4;0;0;4;2;-20,07281424;-49,07299961;SPRF-MG;DEL13-MG;UOP02-DEL13-MG
560770;12/11/2023;domingo;10:30:00;SC;101;229,5;PALHOCA;Ausência de reação do condutor;Saída de leito carroçável;Com Vítimas Feridas;Pleno dia;Crescente;Sol;Dupla;"Reta;Declive                  ";Não;1;0;1;0;0;0;1;1;-27,7688932;-48,63205379;SPRF-SC;DEL01-SC;UOP02-DEL01-SC
560773;04/11/2023;sábado;18:30:00;BA;116;817,5;VITORIA DA CONQUISTA;Reação tardia ou ineficiente do condutor;Tombamento;Com Vítimas Feridas;Anoitecer;Decrescente;Céu Claro;Simples;"Reta;Aclive                   ";Não;1;0;0;1;0;0;1;1;-14,82736;-40,82581;SPRF-BA;DEL08-BA;UOP01-DEL08-BA
560775;12/11/2023;domingo;09:30:00;RS;153;393;CACHOEIRA DO SUL;Ausência de reação do condutor;Saída de leito carroçável;Sem Vítimas;Pleno dia;Decrescente;Chuva;Simples;Curva;Não;1;0;0;0;0;1;0;1;-29,92395106;-52,97074199;SPRF-RS;DEL02-RS;UOP03-DEL02-RS
560776;12/11/2023;domingo;11:20:00;RJ;40;123;DUQUE DE CAXIAS;Manobra de mudança de faixa;Colisão lateral mesmo sentido;Com Vítimas Feridas;Pleno dia;Crescente;Céu Claro;Dupla;Reta;Não;1;0;0;1;0;0;1;1;-22,79907687;-43,29015739;SPRF-RJ;DEL01-RJ;UOP01-DEL01-RJ
560777;12/11/2023;domingo;10:00:00;RJ;40;77;PETROPOLIS;Velocidade Incompatível;Tombamento;Com Vítimas Feridas;Pleno dia;Crescente;Céu Claro;Simples;"Declive;Curva                 ";Não;2;0;2;0;0;0;2;1;-22,48502075;-43,22740316;SPRF-RJ;DEL06-RJ;UOP01-DEL06-RJ
560778;12/11/2023;domingo;11:15:00;PR;277;724;FOZ DO IGUACU;Condutor Dormindo;Colisão traseira;Sem Vítimas;Pleno dia;Crescente;Sol;Dupla;Reta;Sim;2;0;0;0;2;0;0;2;-25,50257577;-54,53868311;SPRF-PR;DEL05-PR;UOP03-DEL05-PR
560779;12/11/2023;domingo;10:40:00;PR;163;77,2;PLANALTO;Condutor usando celular;Saída de leito carroçável;Com Vítimas Feridas;Pleno dia;Decrescente;Céu Claro;Simples;Reta;Não;1;0;0;1;0;0;1;1;-25,740883;-53,800497;SPRF-PR;DEL02-PR;UOP02-DEL02-PR
560780;12/11/2023;domingo;11:45:00;GO;40;6,4;VALPARAISO DE GOIAS;Velocidade Incompatível;Saída de leito carroçável;Com Vítimas Feridas;Pleno dia;Crescente;Sol;Dupla;Reta;Sim;1;0;1;0;0;0;1;1;-16,100814;-47,977351;SPRF-DF;DEL01-DF;UOP01-DEL01-DF
560783;12/11/2023;domingo;11:40:00;PR;376;491;PONTA GROSSA;Reação tardia ou ineficiente do condutor;Saída de leito carroçável;Com Vítimas Feridas;Pleno dia;Crescente;Céu Claro;Dupla;Reta;Não;1;0;1;0;0;0;1;1;-25,15130703;-50,1421625;SPRF-PR;DEL03-PR;UOP04-DEL03-PR
560784;12/11/2023;domingo;09:00:00;BA;101;447;AURELINO LEAL;Ausência de reação do condutor;Tombamento;Com Vítimas Feridas;Pleno dia;Decrescente;Sol;Simples;"Aclive;Curva                  ";Não;1;0;1;0;0;0;1;1;-14,47398806;-39,32749872;SPRF-BA;DEL05-BA;UOP01-DEL05-BA
560785;12/11/2023;domingo;11:50:00;SC;101;205;SAO JOSE;Condutor deixou de manter distância do veículo da frente;Colisão traseira;Com Vítimas Feridas;Pleno dia;Decrescente;Céu Claro;Dupla;Reta;Sim;2;0;1;0;1;0;1;2;-27,58313237;-48,61532885;SPRF-SC;DEL01-SC;UOP01-DEL01-SC
560787;12/11/2023;domingo;03:00:00;GO;452;3;RIO VERDE;Ausência de reação do condutor;Saída de leito carroçável;Sem Vítimas;Pleno dia;Decrescente;Céu Claro;Múltipla;Aclive;Não;1;0;0;0;0;1;0;1;-17,80066089;-50,87743393;SPRF-GO;DEL04-GO;UOP01-DEL04-GO
560788;12/11/2023;domingo;10:50:00;SC;101;231;PALHOCA;Ausência de reação do condutor;Tombamento;Com Vítimas Feridas;Pleno dia;Crescente;Céu Claro;Dupla;Reta;Não;1;0;0;1;0;0;1;1;-27,78669984;-48,6356424;SPRF-SC;DEL01-SC;UOP02-DEL01-SC
560789;12/11/2023;domingo;11:40:00;PR;277;108;CURITIBA;Ausência de reação do condutor;Queda de ocupante de veículo;Com Vítimas Feridas;Pleno dia;Decrescente;Céu Claro;Dupla;Reta;Sim;2;0;2;0;0;0;2;1;-25,43120244;-49,31631804;SPRF-PR;DEL03-PR;UOP03-DEL03-PR
560791;12/11/2023;domingo;12:10:00;ES;101;391;RIO NOVO DO SUL;Condutor deixou de manter distância do veículo da frente;Colisão traseira;Com Vítimas Feridas;Pleno dia;Decrescente;Céu Claro;Simples;Reta;Não;5;0;0;2;2;1;2;4;-20,8657929;-40,89634385;SPRF-ES;DEL03-ES;UOP02-DEL03-ES
560792;12/11/2023;domingo;12:20:00;SC;470;78,9;RODEIO;Acessar a via sem observar a presença dos outros veículos;Colisão transversal;Com Vítimas Feridas;Pleno dia;Crescente;Céu Claro;Simples;Reta;Não;5;0;3;0;2;0;3;2;-26,95135314;-49,30728693;SPRF-SC;DEL04-SC;UOP01-DEL04-SC
560793;12/11/2023;domingo;12:15:00;RJ;465;20;NOVA IGUACU;Entrada inopinada do pedestre;Atropelamento de Pedestre;Com Vítimas Feridas;Pleno dia;Crescente;Céu Claro;Simples;Reta;Sim;2;0;1;0;0;1;1;2;-22,846828;-43,605339;SPRF-RJ;DEL03-RJ;UOP01-DEL03-RJ
560794;12/11/2023;domingo;13:30:00;SP;381;54;MAIRIPORA;Reação tardia ou ineficiente do condutor;Saída de leito carroçável;Com Vítimas Feridas;Pleno dia;Crescente;Sol;Dupla;"Curva;Aclive                  ";Não;2;0;2;0;0;0;2;1;-23,2449074;-46,59562343;SPRF-SP;DEL03-SP;UOP01-DEL03-SP
560797;12/11/2023;domingo;13:30:00;RJ;356;148;CAMPOS DOS GOYTACAZES;Acesso irregular;Colisão transversal;Com Vítimas Feridas;Pleno dia;Decrescente;Céu Claro;Simples;Reta;Não;2;0;0;1;1;0;1;2;-21,77876606;-41,29048496;SPRF-RJ;DEL08-RJ;UOP02-DEL08-RJ
560799;12/11/2023;domingo;12:10:00;PE;232;214,8;PESQUEIRA;Condutor deixou de manter distância do veículo da frente;Colisão lateral mesmo sentido;Com Vítimas Feridas;Pleno dia;Decrescente;Céu Claro;Simples;Reta;Não;2;0;1;1;0;0;2;2;-8,3804455;-36,73076279;SPRF-PE;DEL03-PE;UOP02-DEL03-PE
560800;12/11/2023;domingo;12:39:00;DF;60;1,9;BRASILIA;Ausência de reação do condutor;Queda de ocupante de veículo;Com Vítimas Feridas;Pleno dia;Crescente;Céu Claro;Dupla;Reta;Não;2;0;2;0;0;0;2;1;-15,887068;-48,077058;SPRF-DF;DEL03-DF;UOP01-DEL03-DF
560802;12/11/2023;domingo;13:30:00;MG;40;41,2;PARACATU;Reação tardia ou ineficiente do condutor;Colisão traseira;Com Vítimas Feridas;Pleno dia;Crescente;Céu Claro;Simples;Reta;Sim;2;0;1;0;1;0;1;2;-17,21271307;-46,87295209;SPRF-MG;DEL14-MG;UOP01-DEL14-MG