id;data_inversa;dia_semana;horario;uf;br;km;municipio;causa_acidente;tipo_acidente;classificacao_acidente;fase_dia;sentido_via;condicao_metereologica;tipo_pista;tracado_via;uso_solo;pessoas;mortos;feridos_leves;feridos_graves;ilesos;ignorados;feridos;veiculos;latitude;longitude;regional;delegacia;uop
561023;13/11/2023;segunda-feira;08:00:00;RJ;101;289;ITABORAI;Reação tardia ou ineficiente do condutor;Engavetamento;Com Vítimas Feridas;Pleno dia;Decrescente;Céu Claro;Dupla;Reta;Sim;4;0;1;0;3;0;1;3;-22,76376316;-42,85172094;SPRF-RJ;DEL02-RJ;UOP02-DEL02-RJ
561024;13/11/2023;segunda-feira;07:45:00;MG;381;938;EXTREMA;Manobra de mudança de faixa;Colisão traseira;Com Vítimas Feridas;Pleno dia;Decrescente;Céu Claro;Dupla;Reta;Não;3;0;2;0;1;0;2;2;-22,83909203;-46,32850893;SPRF-MG;DEL16-MG;UOP03-DEL16-MG
561025;13/11/2023;segunda-feira;07:20:00;SC;280;8;SAO FRANCISCO DO SUL;Acessar a via sem observar a presença dos outros veículos;Colisão transversal;Com Vítimas Feridas;Pleno dia;Crescente;Nublado;Simples;"Aclive;Curva                  ";Sim;3;0;2;0;1;0;2;2;-26,27887292;-48,64668626;SPRF-SC;DEL03-SC;UOP03-DEL03-SC
561026;13/11/2023;segunda-feira;06:50:00;MG;381;939;EXTREMA;Velocidade Incompatível;Queda de ocupante de veículo;Com Vítimas Feridas;Pleno dia;Crescente;Céu Claro;Dupla;Reta;Não;1;0;1;0;0;0;1;1;-22,84701434;-46,33321175;SPRF-MG;DEL16-MG;UOP03-DEL16-MG
561028;13/11/2023;segunda-feira;08:50:00;ES;262;19;VIANA;Transitar na contramão;Colisão transversal;Com Vítimas Feridas;Pleno dia;Crescente;Céu Claro;Simples;Curva;Sim;3;0;2;0;1;0;2;2;-20,3919143;-40,49002338;SPRF-ES;DEL01-ES;UOP01-DEL01-ES
561029;13/11/2023;segunda-feira;06:30:00;RS;290;16;SANTO ANTONIO DA PATRULHA;Chuva;Saída de leito carroçável;Com Vítimas Feridas;Pleno dia;Crescente;Chuva;Dupla;Reta;Não;3;0;3;0;0;0;3;1;-29,871126;-50,418049;SPRF-RS;DEL03-RS;UOP01-DEL03-RS
561031;13/11/2023;segunda-feira;09:20:00;CE;116;3,5;FORTALEZA;Condutor deixou de manter distância do veículo da frente;Colisão traseira;Com Vítimas Feridas;Pleno dia;Decrescente;Céu Claro;Múltipla;Reta;Sim;2;0;1;0;1;0;1;2;-3,78257;-38,5132;SPRF-CE;DEL01-CE;UOP02-DEL01-CE
561032;13/11/2023;segunda-feira;08:30:00;SP;116;273;TABOAO DA SERRA;Ausência de reação do condutor;Colisão traseira;Com Vítimas Feridas;Pleno dia;Decrescente;Sol;Dupla;Reta;Não;2;0;1;0;1;0;1;2;-23,62809795;-46,81870306;SPRF-SP;DEL04-SP;UOP01-DEL04-SP
561033;13/11/2023;segunda-feira;09:10:00;PR;277;610;SANTA TEREZA DO OESTE;Acessar a via sem observar a presença dos outros veículos;Colisão transversal;Com Vítimas Feridas;Pleno dia;Decrescente;Nublado;Simples;"Reta;Interseção de Vias;Decliv";Sim;4;0;1;0;3;0;1;2;-25,05111043;-53,62214392;SPRF-PR;DEL05-PR;UOP02-DEL05-PR
561034;13/11/2023;segunda-feira;09:50:00;SP;116;439;REGISTRO;Avarias e/ou desgaste excessivo no pneu;Colisão com objeto;Com Vítimas Feridas;Pleno dia;Crescente;Céu Claro;Simples;"Declive;Curva;Viaduto         ";Não;2;0;2;0;0;0;2;1;-24,45434475;-47,81204635;SPRF-SP;DEL05-SP;UOP01-DEL05-SP
561037;13/11/2023;segunda-feira;07:10:00;PR;376;384;IMBAU;Demais falhas mecânicas ou elétricas;Incêndio;Sem Vítimas;Pleno dia;Decrescente;Céu Claro;Dupla;"Reta;Declive                  ";Sim;1;0;0;0;1;0;0;1;-24,43901348;-50,76258659;SPRF-PR;DEL03-PR;UOP02-DEL03-PR
561040;13/11/2023;segunda-feira;08:10:00;MG;116;510,3;UBAPORANGA;Demais falhas mecânicas ou elétricas;Tombamento;Com Vítimas Feridas;Pleno dia;Crescente;Sol;Simples;Reta;Não;1;0;1;0;0;0;1;1;-19,64532085;-42,10796743;SPRF-MG;DEL06-MG;UOP02-DEL06-MG
561041;13/11/2023;segunda-feira;10:20:00;PR;376;300,6;MAUA DA SERRA;Velocidade Incompatível;Saída de leito carroçável;Com Vítimas Feridas;Pleno dia;Decrescente;Céu Claro;Dupla;"Curva;Aclive                  ";Não;4;0;4;0;0;0;4;1;-23,93311143;-51,13293074;SPRF-PR;DEL07-PR;UOP02-DEL07-PR
561043;13/11/2023;segunda-feira;10:45:00;RS;101;34;TRES CACHOEIRAS;Ausência de reação do condutor;Saída de leito carroçável;Com Vítimas Feridas;Pleno dia;Crescente;Chuva;Dupla;"Reta;Retorno Regulamentado    ";Não;1;0;1;0;0;0;1;1;-29,50900276;-49,98702728;SPRF-RS;DEL03-RS;UOP02-DEL03-RS
561046;13/11/2023;segunda-feira;10:50:00;GO;20;27,8;FORMOSA;Falta de acostamento;Saída de leito carroçável;Com Vítimas Feridas;Pleno dia;Crescente;Sol;Simples;"Reta;Declive                  ";Não;1;0;1;0;0;0;1;1;-15,520933;-47,124645;SPRF-DF;DEL02-DF;UOP02-DEL02-DF
561047;12/11/2023;domingo;18:00:00;PB;412;46,6;SAO JOAO DO CARIRI;Ausência de reação do condutor;Saída de leito carroçável;Com Vítimas Feridas;Anoitecer;Crescente;Céu Claro;Simples;Reta;Não;1;0;1;0;0;0;1;1;-7,342181;-36,454914;SPRF-PB;DEL02-PB;UOP02-DEL02-PB
561048;28/10/2023;sábado;22:00:00;MG;116;116,2;ITAOBIM;Falta de acostamento;Colisão transversal;Com Vítimas Fatais;Plena Noite;Crescente;Céu Claro;Simples;Ponte;Sim;2;1;1;0;0;0;1;2;-16,565216;-41,504654;SPRF-MG;DEL11-MG;UOP02-DEL11-MG
561049;13/11/2023;segunda-feira;11:14:00;PE;101;130,3;ESCADA;Velocidade Incompatível;Colisão traseira;Com Vítimas Feridas;Pleno dia;Crescente;Céu Claro;Dupla;Reta;Sim;3;0;3;0;0;0;3;2;-8,392345;-35,257055;SPRF-PE;DEL01-PE;UOP03-DEL01-PE
561050;13/11/2023;segunda-feira;10:48:00;PE;101;65;RECIFE;Acessar a via sem observar a presença dos outros veículos;Colisão lateral mesmo sentido;Com Vítimas Feridas;Pleno dia;Crescente;Céu Claro;Dupla;Reta;Sim;2;0;2;0;0;0;2;2;-8,02476;-34,94305;SPRF-PE;DEL01-PE;UOP01-DEL01-PE
561052;13/11/2023;segunda-feira;09:49:00;GO;153;514;APARECIDA DE GOIANIA;Acessar a via sem observar a presença dos outros veículos;Colisão transversal;Com Vítimas Feridas;Pleno dia;Crescente;Céu Claro;Dupla;Interseção de Vias;Sim;2;0;1;0;1;0;1;2;-16,8315;-49,2434;SPRF-GO;DEL01-GO;UOP03-DEL01-GO
561053;13/11/2023;segunda-feira;11:30:00;RN;304;32;MOSSORO;Manobra de mudança de faixa;Colisão transversal;Com Vítimas Feridas;Pleno dia;Decrescente;Céu Claro;Dupla;"Reta;Retorno Regulamentado    ";Não;2;0;0;1;1;0;1;2;-5,13471117;-37,34486327;SPRF-RN;DEL04-RN;UOP02-DEL04-RN
561054;13/11/2023;segunda-feira;10:15:00;PE;232;114,9;CARUARU;Ausência de reação do condutor;Saída de leito carroçável;Com Vítimas Feridas;Pleno dia;Crescente;Céu Claro;Dupla;Curva;Não;1;0;1;0;0;0;1;1;-8,30028529;-35,84905306;SPRF-PE;DEL02-PE;UOP02-DEL02PE
561055;13/11/2023;segunda-feira;06:40:00;GO;80;179;URUACU;Condutor Dormindo;Colisão com objeto;Sem Vítimas;Amanhecer;Crescente;Céu Claro;Simples;Reta;Não;1;0;0;0;1;0;0;1;-14,643725;-49,170981;SPRF-GO;DEL07-GO;UOP02-DEL07-GO
561060;13/11/2023;segunda-feira;12:00:00;SP;116;449;REGISTRO;Reação tardia ou ineficiente do condutor;Saída de leito carroçável;Com Vítimas Feridas;Pleno dia;Crescente;Sol;Dupla;Reta;Sim;1;0;0;1;0;0;1;1;-24,52913591;-47,85619324;SPRF-SP;DEL05-SP;UOP01-DEL05-SP
561064;13/11/2023;segunda-feira;11:00:00;RJ;NA;NA;DUQUE DE CAXIAS;Desrespeitar a preferência no cruzamento;Colisão transversal;Sem Vítimas;Pleno dia;Não Informado;Céu Claro;Dupla;Reta;Não;2;0;0;0;2;0;0;2;-22,767136;-43,290221;SPRF-RJ;DEL01-RJ;UOP01-DEL01-RJ
561065;13/11/2023;segunda-feira;12:25:00;RS;158;567;SANTANA DO LIVRAMENTO;Acessar a via sem observar a presença dos outros veículos;Colisão transversal;Com Vítimas Feridas;Pleno dia;Decrescente;Céu Claro;Simples;"Aclive;Interseção de Vias     ";Sim;3;0;1;1;1;0;2;2;-30,87624189;-55,51081469;SPRF-RS;DEL11-RS;UOP01-DEL11-RS
561066;13/11/2023;segunda-feira;12:45:00;SC;280;130;RIO NEGRINHO;Pedestre andava na pista;Atropelamento de Pedestre;Com Vítimas Feridas;Pleno dia;Decrescente;Céu Claro;Simples;Reta;Sim;2;0;1;0;1;0;1;2;-26,2530246;-49,52924913;SPRF-SC;DEL06-SC;UOP03-DEL06-SC
561067;13/11/2023;segunda-feira;07:55:00;MA;230;2;BARAO DE GRAJAU;Acesso irregular;Colisão transversal;Com Vítimas Feridas;Pleno dia;Crescente;Céu Claro;Simples;"Reta;Interseção de Vias;Rotató";Sim;2;0;1;0;1;0;1;2;-6,75451474;-43,02540492;SPRF-PI;DEL03-PI;UOP01-DEL03-PI
561069;13/11/2023;segunda-feira;13:00:00;MG;40;531,8;BELO HORIZONTE;Trafegar com motocicleta (ou similar) entre as faixas;Queda de ocupante de veículo;Com Vítimas Feridas;Pleno dia;Crescente;Céu Claro;Dupla;Reta;Sim;1;0;1;0;0;0;1;1;-19,91962483;-44,02522683;SPRF-MG;DEL01-MG;UOP02-DEL01-MG
561070;13/11/2023;segunda-feira;12:40:00;MG;50;46,9;ARAGUARI;Ausência de reação do condutor;Saída de leito carroçável;Com Vítimas Feridas;Pleno dia;Crescente;Céu Claro;Dupla;Reta;Não;1;0;1;0;0;0;1;1;-18,72939383;-48,20727468;SPRF-MG;DEL15-MG;UOP02-DEL15-MG
561072;13/11/2023;segunda-feira;12:40:00;SP;116;218,8;GUARULHOS;Trafegar com motocicleta (ou similar) entre as faixas;Queda de ocupante de veículo;Com Vítimas Feridas;Pleno dia;Crescente;Céu Claro;Múltipla;Reta;Sim;1;0;1;0;0;0;1;1;-23,457972;-46,479927;SPRF-SP;DEL01-SP;UOP01-DEL01-SP
561076;13/11/2023;segunda-feira;13:20:00;SP;116;217;GUARULHOS;Ausência de reação do condutor;Colisão lateral mesmo sentido;Com Vítimas Feridas;Pleno dia;Crescente;Sol;Múltipla;Reta;Sim;3;0;1;0;2;0;1;2;-23,45423824;-46,47119028;SPRF-SP;DEL01-SP;UOP01-DEL01-SP
561078;13/11/2023;segunda-feira;13:35:00;RS;285;484,5;ENTRE-IJUIS;Manobra de mudança de faixa;Colisão frontal;Com Vítimas Feridas;Pleno dia;Decrescente;Chuva;Simples;Curva;Não;2;0;0;2;0;0;2;2;-28,37287713;-54,14719105;SPRF-RS;DEL10-RS;UOP01-DEL10-RS
561081;13/11/2023;segunda-feira;12:50:00;PE;101;50;ABREU E LIMA;Entrada inopinada do pedestre;Atropelamento de Pedestre;Com Vítimas Feridas;Pleno dia;Crescente;Céu Claro;Dupla;Reta;Sim;3;0;1;0;1;1;1;2;-7,90938602;-34,90123228;SPRF-PE;DEL01-PE;UOP02-DEL01-PE
561082;13/11/2023;segunda-feira;13:45:00;RN;101;105;PARNAMIRIM;Velocidade Incompatível;Colisão traseira;Com Vítimas Feridas;Pleno dia;Decrescente;Sol;Dupla;Reta;Sim;2;0;1;0;1;0;1;2;-5,90165196;-35,25928517;SPRF-RN;DEL01-RN;UOP01-DEL01-RN
561083;13/11/2023;segunda-feira;14:08:00;PB;230;23,8;JOAO PESSOA;Reação tardia ou ineficiente do condutor;Colisão traseira;Com Vítimas Feridas;Pleno dia;Decrescente;Céu Claro;Dupla;"Reta;Aclive;Viaduto           ";Sim;3;0;1;0;2;0;1;2;-7,16504804;-34,86245871;SPRF-PB;DEL01-PB;UOP01-DEL01-PB
561085;13/11/2023;segunda-feira;14:20:00;RN;226;2;NATAL;Condutor deixou de manter distância do veículo da frente;Queda de ocupante de veículo;Com Vítimas Feridas;Pleno dia;Crescente;Céu Claro;Simples;Reta;Sim;2;0;1;0;1;0;1;2;-5,81364934;-35,2466547;SPRF-RN;DEL01-RN;UOP02-DEL01-RN
561086;13/11/2023;segunda-feira;11:49:00;PR;369;383,9;MAMBORE;Chuva;Saída de leito carroçável;Com Vítimas Fatais;Pleno dia;Crescente;Chuva;Simples;Curva;Não;3;1;0;2;0;0;2;2;-24,318027;-52,625221;SPRF-PR;DEL04-PR;UOP03-DEL04-PR
561087;13/11/2023;segunda-feira;14:25:00;MG;40;442,1;PARAOPEBA;Avarias e/ou desgaste excessivo no pneu;Saída de leito carroçável;Com Vítimas Feridas;Pleno dia;Decrescente;Céu Claro;Dupla;Aclive;Não;3;0;3;0;0;0;3;1;-19,28815;-44,392;SPRF-MG;DEL02-MG;UOP01-DEL02-MG
561090;13/11/2023;segunda-feira;13:30:00;BA;324;547,9;AMELIA RODRIGUES;Falta de elemento de contenção que evite a saída do leito carroçável;Saída de leito carroçável;Com Vítimas Feridas;Pleno dia;Crescente;Céu Claro;Dupla;"Reta;Declive                  ";Não;2;0;2;0;0;0;2;1;-12,42109386;-38,74516692;SPRF-BA;DEL01-BA;UOP03-DEL01-BA
561091;13/11/2023;segunda-feira;14:30:00;BA;324;553;TERRA NOVA;Condutor Dormindo;Capotamento;Com Vítimas Feridas;Pleno dia;Decrescente;Céu Claro;Dupla;"Reta;Declive                  ";Não;1;0;1;0;0;0;1;1;-12,45504393;-38,70402395;SPRF-BA;DEL01-BA;UOP03-DEL01-BA
561096;13/11/2023;segunda-feira;13:15:00;AC;364;124;RIO BRANCO;Desrespeitar a preferência no cruzamento;Colisão transversal;Com Vítimas Feridas;Pleno dia;Crescente;Céu Claro;Dupla;"Reta;Rotatória                ";Sim;2;0;1;0;1;0;1;2;-10,01152469;-67,79140099;SPRF-AC;DEL01-AC;UOP01-DEL01-AC
561101;14/09/2023;quinta-feira;13:00:00;GO;60;20;ALEXANIA;Reação tardia ou ineficiente do condutor;Engavetamento;Com Vítimas Feridas;Pleno dia;Crescente;Céu Claro;Dupla;"Reta;Aclive                   ";Não;3;0;1;0;2;0;1;3;-16,0963;-48,5202;SPRF-DF;DEL03-DF;UOP01-DEL03-DF
561102;13/11/2023;segunda-feira;16:05:00;GO;50;201,3;CAMPO ALEGRE DE GOIAS;Reação tardia ou ineficiente do condutor;Saída de leito carroçável;Com Vítimas Feridas;Pleno dia;Crescente;Céu Claro;Dupla;Reta;Não;1;0;1;0;0;0;1;1;-17,5924;-47,806;SPRF-GO;DEL06-GO;UOP01-DEL06-GO
561103;13/11/2023;segunda-feira;16:15:00;CE;116;21,2;ITAITINGA;Ausência de reação do condutor;Colisão traseira;Sem Vítimas;Pleno dia;Crescente;Sol;Dupla;Reta;Sim;3;0;0;0;3;0;0;2;-3,93175901;-38,50825087;SPRF-CE;DEL01-CE;UOP02-DEL01-CE
561105;13/11/2023;segunda-feira;15:55:00;ES;101;146;LINHARES;Reação tardia ou ineficiente do condutor;Colisão com objeto;Com Vítimas Feridas;Pleno dia;Decrescente;Céu Claro;Dupla;Reta;Sim;1;0;0;1;0;0;1;1;-19,36990998;-40,06560718;SPRF-ES;DEL04-ES;UOP01-DEL04-ES
561106;13/11/2023;segunda-feira;13:45:00;AC;317;122;CAPIXABA;Acesso irregular;Colisão frontal;Com Vítimas Fatais;Pleno dia;Crescente;Nublado;Simples;Reta;Não;6;2;0;4;0;0;4;2;-10,38466085;-67,71457029;SPRF-AC;DEL01-AC;UOP01-DEL01-AC
561107;13/11/2023;segunda-feira;16:20:00;SC;101;199,5;SAO JOSE;Ausência de reação do condutor;Queda de ocupante de veículo;Com Vítimas Feridas;Pleno dia;Decrescente;Garoa/Chuvisco;Dupla;"Curva;Aclive                  ";Sim;1;0;1;0;0;0;1;1;-27,53413705;-48,63003205;SPRF-SC;DEL01-SC;UOP01-DEL01-SC
561108;13/11/2023;segunda-feira;16:00:00;PR;277;679;MEDIANEIRA;Acessar a via sem observar a presença dos outros veículos;Colisão transversal;Com Vítimas Feridas;Pleno dia;Crescente;Céu Claro;Dupla;"Reta;Declive                  ";Não;2;0;1;0;1;0;1;2;-25,31758044;-54,15684223;SPRF-PR;DEL05-PR;UOP01-DEL05-PR
561109;13/11/2023;segunda-feira;15:05:00;RJ;116;114,7;MAGE;Transitar na contramão;Colisão frontal;Com Vítimas Feridas;Pleno dia;Decrescente;Sol;Dupla;Reta;Sim;2;0;2;0;0;0;2;2;-22,58009519;-43,0114958;SPRF-RJ;DEL04-RJ;UOP02-DEL04-RJ
561110;13/11/2023;segunda-feira;11:30:00;MT;364;475,9;JANGADA;Demais falhas mecânicas ou elétricas;Incêndio;Sem Vítimas;Pleno dia;Crescente;Céu Claro;Simples;Reta;Não;1;0;0;0;1;0;0;1;-15,36986027;-56,40621185;SPRF-MT;DEL01-MT;UOP02-DEL01-MT
561111;13/11/2023;segunda-feira;17:15:00;SC;282;19,6;PALHOCA;Reação tardia ou ineficiente do condutor;Tombamento;Sem Vítimas;Pleno dia;Decrescente;Chuva;Simples;Reta;Sim;1;0;0;0;1;0;0;1;-27,678635;-48,70192;SPRF-SC;DEL01-SC;UOP02-DEL01-SC
561112;13/11/2023;segunda-feira;17:20:00;SP;101;36;UBATUBA;Acessar a via sem observar a presença dos outros veículos;Colisão transversal;Com Vítimas Feridas;Anoitecer;Decrescente;Céu Claro;Simples;"Reta;Interseção de Vias       ";Não;2;0;0;1;1;0;1;2;-23,39553757;-45,01467705;SPRF-SP;DEL06-SP;UOP01-DEL06-SP
561113;13/11/2023;segunda-feira;17:20:00;PR;277;589;CASCAVEL;Condutor deixou de manter distância do veículo da frente;Colisão traseira;Com Vítimas Feridas;Pleno dia;Decrescente;Céu Claro;Simples;Reta;Não;2;0;1;0;1;0;1;2;-24,97777319;-53,44688591;SPRF-PR;DEL04-PR;UOP01-DEL04-PR
561114;13/11/2023;segunda-feira;17:30:00;SP;116;212;GUARULHOS;Reação tardia ou ineficiente do condutor;Colisão traseira;Com Vítimas Feridas;Anoitecer;Decrescente;Céu Claro;Múltipla;"Reta;Declive                  ";Sim;2;0;1;0;1;0;1;2;-23,43608315;-46,42805094;SPRF-SP;DEL01-SP;UOP01-DEL01-SP
561115;13/11/2023;segunda-feira;17:40:00;GO;40;4,2;VALPARAISO DE GOIAS;Ausência de reação do condutor;Atropelamento de Pedestre;Com Vítimas Feridas;Anoitecer;Crescente;Céu Claro;Dupla;Reta;Sim;2;0;1;0;0;1;1;2;-16,085241;-47,986752;SPRF-DF;DEL01-DF;UOP01-DEL01-DF
561116;13/11/2023;segunda-feira;17:20:00;PE;232;133;CARUARU;Estacionar ou parar em local proibido;Colisão traseira;Com Vítimas Feridas;Anoitecer;Crescente;Sol;Simples;Reta;Não;2;0;1;0;1;0;1;2;-8,30607988;-36,01576003;SPRF-PE;DEL02-PE;UOP01-DEL02-PE
561117;13/11/2023;segunda-feira;18:00:00;CE;116;14;FORTALEZA;Pedestre cruzava a pista fora da faixa;Atropelamento de Pedestre;Com Vítimas Feridas;Plena Noite;Decrescente;Céu Claro;Múltipla;Reta;Sim;2;0;1;1;0;0;2;2;-3,86973356;-38,49827361;SPRF-CE;DEL01-CE;UOP02-DEL01-CE
561118;13/11/2023;segunda-feira;16:50:00;MG;381;482;BETIM;Frear bruscamente;Eventos atípicos;Com Vítimas Feridas;Pleno dia;Crescente;Céu Claro;Dupla;Reta;Sim;2;0;1;0;1;0;1;1;-19,95947326;-44,06856537;SPRF-MG;DEL01-MG;UOP03-DEL01-MG
561119;13/11/2023;segunda-feira;18:00:00;MG;381;486,1;BETIM;Acessar a via sem observar a presença dos outros veículos;Tombamento;Com Vítimas Feridas;Anoitecer;Crescente;Céu Claro;Múltipla;"Curva;Declive                 ";Sim;1;0;1;0;0;0;1;1;-19,95644414;-44,13611598;SPRF-MG;DEL01-MG;UOP03-DEL01-MG
561120;13/11/2023;segunda-feira;15:10:00;AL;316;255;PILAR;Ingestão de álcool pelo condutor;Colisão traseira;Sem Vítimas;Pleno dia;Decrescente;Céu Claro;Simples;Reta;Sim;2;0;0;0;2;0;0;2;-9,59051052;-35,94993902;SPRF-AL;DEL02-AL;UOP01-DEL02-AL
561121;13/11/2023;segunda-feira;18:30:00;SC;101;39;JOINVILLE;Reação tardia ou ineficiente do condutor;Colisão com objeto;Com Vítimas Feridas;Anoitecer;Crescente;Garoa/Chuvisco;Dupla;Reta;Sim;1;0;1;0;0;0;1;1;-26,2628107;-48,90192257;SPRF-SC;DEL03-SC;UOP01-DEL03-SC
561122;13/11/2023;segunda-feira;18:30:00;SC;101;199,2;SAO JOSE;Chuva;Colisão traseira;Com Vítimas Feridas;Anoitecer;Decrescente;Chuva;Múltipla;Reta;Sim;2;0;1;0;0;1;1;2;-27,53413705;-48,63003205;SPRF-SC;DEL01-SC;UOP01-DEL01-SC
561124;13/11/2023;segunda-feira;18:00:00;SP;116;226,5;GUARULHOS;Trafegar com motocicleta (ou similar) entre as faixas;Colisão lateral mesmo sentido;Com Vítimas Feridas;Anoitecer;Decrescente;Nublado;Múltipla;Aclive;Sim;4;0;1;0;3;0;1;3;-23,49102507;-46,54878195;SPRF-SP;DEL01-SP;UOP01-DEL01-SP
561125;13/11/2023;segunda-feira;18:35:00;PR;277;0,5;FOZ DO IGUACU;Velocidade Incompatível;Colisão transversal;Com Vítimas Feridas;Pleno dia;Crescente;Céu Claro;Dupla;"Reta;Interseção de Vias       ";Sim;4;0;1;1;2;0;2;2;-25,50478901;-54,58411217;SPRF-PR;DEL05-PR;UOP03-DEL05-PR
561126;13/11/2023;segunda-feira;17:50:00;SC;101;119,7;ITAJAI;Frear bruscamente;Tombamento;Sem Vítimas;Pleno dia;Decrescente;Chuva;Múltipla;Reta;Sim;1;0;0;0;1;0;0;1;-26,9043179;-48,71555481;SPRF-SC;DEL04-SC;UOP04-DEL04-SC
561127;13/11/2023;segunda-feira;18:55:00;ES;101;265,5;SERRA;Reação tardia ou ineficiente do condutor;Colisão traseira;Com Vítimas Feridas;Plena Noite;Decrescente;Céu Claro;Múltipla;"Curva;Aclive                  ";Sim;2;0;1;0;1;0;1;2;-20,184427;-40,26691;SPRF-ES;DEL02-ES;UOP01-DEL02-ES
561129;13/11/2023;segunda-feira;18:40:00;SC;101;146;ITAPEMA;Condutor deixou de manter distância do veículo da frente;Colisão traseira;Sem Vítimas;Plena Noite;Decrescente;Chuva;Dupla;Declive;Não;2;0;0;0;2;0;0;2;-27,08666525;-48,60955587;SPRF-SC;DEL04-SC;UOP03-DEL04-SC
561130;13/11/2023;segunda-feira;18:40:00;SC;101;50,2;JOINVILLE;Acumulo de água sobre o pavimento;Tombamento;Com Vítimas Feridas;Plena Noite;Decrescente;Chuva;Dupla;Curva;Não;1;0;1;0;0;0;1;1;-26,37546719;-48,85479619;SPRF-SC;DEL03-SC;UOP01-DEL03-SC
561131;13/11/2023;segunda-feira;19:15:00;DF;40;3,4;BRASILIA;Ausência de reação do condutor;Colisão traseira;Com Vítimas Feridas;Plena Noite;Crescente;Céu Claro;Dupla;Reta;Sim;5;0;0;1;4;0;1;3;-16,003145;-47,983944;SPRF-DF;DEL01-DF;UOP01-DEL01-DF
561132;13/11/2023;segunda-feira;19:40:00;SC;101;213;PALHOCA;Frear bruscamente;Queda de ocupante de veículo;Com Vítimas Feridas;Plena Noite;Crescente;Garoa/Chuvisco;Dupla;Reta;Sim;2;0;1;0;1;0;1;2;-27,63697369;-48,66514142;SPRF-SC;DEL01-SC;UOP02-DEL01-SC
561133;13/11/2023;segunda-feira;18:50:00;BA;110;203;CIPO;Animais na Pista;Atropelamento de Animal;Com Vítimas Feridas;Plena Noite;Decrescente;Céu Claro;Simples;Reta;Não;1;0;1;0;0;0;1;1;-11,1335009;-38,51534268;SPRF-BA;DEL07-BA;UOP02-DEL07-BA
561134;13/11/2023;segunda-feira;18:20:00;RJ;356;76;ITALVA;Ultrapassagem Indevida;Colisão lateral mesmo sentido;Sem Vítimas;Anoitecer;Crescente;Céu Claro;Simples;Curva;Sim;2;0;0;0;1;1;0;2;-21,42945984;-41,69323754;SPRF-RJ;DEL08-RJ;UOP03-DEL08-RJ
561135;13/11/2023;segunda-feira;20:00:00;MG;459;59;IPUIUNA;Entrada inopinada do pedestre;Atropelamento de Pedestre;Com Vítimas Feridas;Plena Noite;Decrescente;Céu Claro;Simples;Reta;Não;2;0;1;1;0;0;2;2;-22,087871;-46,226788;SPRF-MG;DEL09-MG;UOP01-DEL09-MG
561136;13/11/2023;segunda-feira;17:50:00;PR;376;5;APUCARANA;Conversão proibida;Colisão transversal;Com Vítimas Feridas;Pleno dia;Decrescente;Céu Claro;Simples;"Reta;Interseção de Vias       ";Sim;3;0;0;3;0;0;3;2;-23,54838916;-51,45080924;SPRF-PR;DEL07-PR;UOP03-DEL07-PR
561138;13/11/2023;segunda-feira;18:35:00;MT;163;831;SINOP;Reação tardia ou ineficiente do condutor;Queda de ocupante de veículo;Com Vítimas Feridas;Plena Noite;Crescente;Céu Claro;Dupla;Retorno Regulamentado;Sim;1;0;1;0;0;0;1;1;-12,022768;-55,51723;SPRF-MT;DEL06-MT;UOP02-DEL06-MT
561139;13/11/2023;segunda-feira;19:10:00;SC;101;209,1;SAO JOSE;Reação tardia ou ineficiente do condutor;Colisão traseira;Com Vítimas Feridas;Plena Noite;Decrescente;Garoa/Chuvisco;Dupla;Reta;Sim;2;0;1;0;1;0;1;2;-27,61000542;-48,63895057;SPRF-SC;DEL01-SC;UOP01-DEL01-SC
561143;13/11/2023;segunda-feira;18:55:00;SP;381;73;SAO PAULO;Reação tardia ou ineficiente do condutor;Tombamento;Com Vítimas Feridas;Plena Noite;Crescente;Nublado;Dupla;"Reta;Declive                  ";Não;2;0;2;0;0;0;2;1;-23,36553404;-46,55253934;SPRF-SP;DEL03-SP;UOP01-DEL03-SP
561144;13/11/2023;segunda-feira;19:35:00;BA;242;738;CATOLANDIA;Condutor deixou de manter distância do veículo da frente;Colisão traseira;Com Vítimas Feridas;Plena Noite;Crescente;Céu Claro;Simples;Reta;Não;3;0;0;2;1;0;2;2;-12,177037;-44,534199;SPRF-BA;DEL10-BA;UOP01-DEL10-BA
561145;13/11/2023;segunda-feira;20:50:00;SE;235;52,5;ITABAIANA;Pista esburacada;Tombamento;Com Vítimas Feridas;Plena Noite;Decrescente;Céu Claro;Múltipla;Reta;Sim;1;0;1;0;0;0;1;1;-10,693279;-37,437557;SPRF-SE;DEL01-SE;UOP02-DEL01-SE
561147;13/11/2023;segunda-feira;20:10:00;RJ;101;433;MANGARATIBA;Pedestre cruzava a pista fora da faixa;Atropelamento de Pedestre;Com Vítimas Feridas;Plena Noite;Decrescente;Céu Claro;Simples;"Rotatória;Desvio Temporário   ";Sim;2;0;1;0;1;0;1;2;-22,93842518;-44,03644001;SPRF-RJ;DEL03-RJ;UOP02-DEL03-RJ