id;data_inversa;dia_semana;horario;uf;br;km;municipio;causa_acidente;tipo_acidente;classificacao_acidente;fase_dia;sentido_via;condicao_metereologica;tipo_pista;tracado_via;uso_solo;pessoas;mortos;feridos_leves;feridos_graves;ilesos;ignorados;feridos;veiculos;latitude;longitude;regional;delegacia;uop
561290;14/11/2023;terça-feira;14:50:00;PR;376;498,3;PONTA GROSSA;Velocidade Incompatível;Colisão transversal;Com Vítimas Feridas;Pleno dia;Crescente;Céu Claro;Dupla;Aclive;Não;2;0;0;1;1;0;1;2;-25,18839776;-50,0846328;SPRF-PR;DEL03-PR;UOP04-DEL03-PR
561291;14/11/2023;terça-feira;15:13:00;RO;364;343;JI-PARANA;Condutor desrespeitou a iluminação vermelha do semáforo;Colisão transversal;Com Vítimas Feridas;Pleno dia;Decrescente;Céu Claro;Múltipla;"Reta;Interseção de Vias       ";Sim;2;0;1;0;1;0;1;2;-10,87878519;-61,94499012;SPRF-RO;DEL02-RO;UOP01-DEL02-RO
561293;14/11/2023;terça-feira;16:34:00;SP;116;281;EMBU DAS ARTES;Trafegar com motocicleta (ou similar) entre as faixas;Colisão traseira;Com Vítimas Feridas;Pleno dia;Decrescente;Céu Claro;Dupla;"Curva;Declive                 ";Sim;3;0;2;0;1;0;2;2;-23,67784787;-46,85769227;SPRF-SP;DEL04-SP;UOP01-DEL04-SP
561294;14/11/2023;terça-feira;16:20:00;SC;101;121;ITAJAI;Trafegar com motocicleta (ou similar) entre as faixas;Colisão traseira;Com Vítimas Feridas;Pleno dia;Decrescente;Nublado;Múltipla;Reta;Sim;2;0;1;0;1;0;1;2;-26,92103178;-48,70856446;SPRF-SC;DEL04-SC;UOP04-DEL04-SC
561297;14/11/2023;terça-feira;16:45:00;PR;376;153,9;MANDAGUACU;Demais falhas mecânicas ou elétricas;Queda de ocupante de veículo;Com Vítimas Feridas;Pleno dia;Decrescente;Nublado;Dupla;"Aclive;Reta                   ";Sim;1;0;1;0;0;0;1;1;-23,32908302;-52,11162178;SPRF-PR;DEL09-PR;UOP01-DEL09-PR
561298;14/11/2023;terça-feira;16:30:00;PE;101;81,7;JABOATAO DOS GUARARAPES;Transitar no Acostamento;Tombamento;Com Vítimas Feridas;Pleno dia;Decrescente;Céu Claro;Dupla;Reta;Sim;1;0;1;0;0;0;1;1;-8,166669;-34,938127;SPRF-PE;DEL01-PE;UOP01-DEL01-PE
561299;14/11/2023;terça-feira;16:25:00;RN;110;47,8;MOSSORO;Conversão proibida;Colisão transversal;Com Vítimas Feridas;Pleno dia;Decrescente;Céu Claro;Simples;"Reta;Declive                  ";Sim;2;0;1;0;1;0;1;2;-5,20338376;-37,32563418;SPRF-RN;DEL04-RN;UOP01-DEL04-RN
561300;26/08/2023;sábado;03:16:00;MS;163;463,5;CAMPO GRANDE;Reação tardia ou ineficiente do condutor;Tombamento;Com Vítimas Feridas;Plena Noite;Decrescente;Ignorado;Simples;Reta;Sim;1;0;1;0;0;0;1;1;-20,61187111;-54,57639346;SPRF-MS;DEL01-MS;UOP01-DEL01-MS
561302;14/11/2023;terça-feira;16:40:00;SC;282;210;LAGES;Reação tardia ou ineficiente do condutor;Saída de leito carroçável;Com Vítimas Feridas;Pleno dia;Decrescente;Chuva;Simples;"Reta;Aclive                   ";Não;2;0;1;0;1;0;1;1;-27,778582;-50,231815;SPRF-SC;DEL05-SC;UOP01-DEL05-SC
561303;14/11/2023;terça-feira;12:20:00;RJ;101;230;SILVA JARDIM;Ausência de reação do condutor;Saída de leito carroçável;Com Vítimas Feridas;Pleno dia;Decrescente;Céu Claro;Dupla;Reta;Não;4;0;4;0;0;0;4;1;-22,56944992;-42,37641111;SPRF-RJ;DEL02-RJ;UOP03-DEL02-RJ
561304;14/11/2023;terça-feira;15:49:00;RO;364;340;JI-PARANA;Condutor desrespeitou a iluminação vermelha do semáforo;Colisão transversal;Com Vítimas Feridas;Pleno dia;Crescente;Céu Claro;Múltipla;"Reta;Interseção de Vias       ";Sim;3;0;1;0;2;0;1;2;-10,898802;-61,93046;SPRF-RO;DEL02-RO;UOP01-DEL02-RO
561305;14/11/2023;terça-feira;16:00:00;PR;116;17;ANTONINA;Reação tardia ou ineficiente do condutor;Tombamento;Com Vítimas Feridas;Pleno dia;Crescente;Garoa/Chuvisco;Dupla;Curva;Não;1;0;1;0;0;0;1;1;-25,10305915;-48,70103892;SPRF-PR;DEL01-PR;UOP02-DEL01-PR
561306;14/11/2023;terça-feira;17:00:00;SP;116;275;EMBU DAS ARTES;Avarias e/ou desgaste excessivo no pneu;Queda de ocupante de veículo;Com Vítimas Feridas;Pleno dia;Crescente;Nublado;Dupla;Reta;Sim;1;0;1;0;0;0;1;1;-23,63638826;-46,83251584;SPRF-SP;DEL04-SP;UOP01-DEL04-SP
561307;14/11/2023;terça-feira;17:30:00;SP;116;274,9;TABOAO DA SERRA;Trafegar com motocicleta (ou similar) entre as faixas;Colisão lateral mesmo sentido;Com Vítimas Feridas;Pleno dia;Crescente;Céu Claro;Dupla;Reta;Sim;2;0;1;0;1;0;1;2;-23,63445084;-46,82418514;SPRF-SP;DEL04-SP;UOP01-DEL04-SP
561308;14/11/2023;terça-feira;17:10:00;RJ;101;430;MANGARATIBA;Chuva;Colisão frontal;Com Vítimas Feridas;Pleno dia;Crescente;Céu Claro;Simples;"Curva;Declive                 ";Não;4;0;4;0;0;0;4;3;-22,93710123;-44,01083798;SPRF-RJ;DEL03-RJ;UOP02-DEL03-RJ
561309;14/11/2023;terça-feira;16:37:00;MG;365;620,5;UBERLANDIA;Condutor deixou de manter distância do veículo da frente;Colisão traseira;Com Vítimas Feridas;Pleno dia;Decrescente;Céu Claro;Dupla;Reta;Sim;4;0;1;0;3;0;1;3;-18,88688729;-48,26765224;SPRF-MG;DEL15-MG;UOP01-DEL15-MG
561314;14/11/2023;terça-feira;17:00:00;PR;369;188;ARAPONGAS;Chuva;Colisão traseira;Com Vítimas Feridas;Anoitecer;Crescente;Chuva;Simples;Reta;Sim;4;0;0;1;2;1;1;3;-23,43236922;-51,42243147;SPRF-PR;DEL07-PR;UOP03-DEL07-PR
561315;14/11/2023;terça-feira;17:45:00;BA;324;621;SALVADOR;Entrada inopinada do pedestre;Atropelamento de Pedestre;Com Vítimas Feridas;Anoitecer;Crescente;Céu Claro;Dupla;Reta;Não;2;0;2;0;0;0;2;2;-12,91233708;-38,45956983;SPRF-BA;DEL01-BA;UOP01-DEL01-BA
561316;14/11/2023;terça-feira;17:15:00;SC;280;128;RIO NEGRINHO;Trafegar com motocicleta (ou similar) entre as faixas;Colisão lateral mesmo sentido;Com Vítimas Feridas;Pleno dia;Crescente;Céu Claro;Simples;Reta;Sim;2;0;2;0;0;0;2;2;-26,24317941;-49,51320018;SPRF-SC;DEL06-SC;UOP03-DEL06-SC
561319;14/11/2023;terça-feira;17:37:00;RJ;101;329;NITEROI;Trafegar com motocicleta (ou similar) entre as faixas;Colisão lateral mesmo sentido;Com Vítimas Feridas;Anoitecer;Decrescente;Céu Claro;Múltipla;Reta;Não;3;0;1;0;2;0;1;3;-22,86939305;-43,175642;SPRF-RJ;DEL02-RJ;UOP01-DEL02-RJ
561322;14/11/2023;terça-feira;17:15:00;MG;116;713;MURIAE;Demais falhas mecânicas ou elétricas;Tombamento;Com Vítimas Feridas;Pleno dia;Crescente;Sol;Simples;"Reta;Aclive                   ";Não;1;0;1;0;0;0;1;1;-21,194529;-42,380298;SPRF-MG;DEL07-MG;UOP02-DEL07-MG
561324;01/09/2023;sexta-feira;18:40:00;MS;262;773;CORUMBA;Animais na Pista;Atropelamento de Animal;Com Vítimas Feridas;Anoitecer;Decrescente;Ignorado;Simples;Reta;Não;1;0;1;0;0;0;1;1;-19,08285699;-57,62168025;SPRF-MS;DEL03-MS;UOP03-DEL03-MS
561326;14/11/2023;terça-feira;13:25:00;PR;116;14;COLOMBO;Reação tardia ou ineficiente do condutor;Colisão traseira;Com Vítimas Feridas;Pleno dia;Decrescente;Céu Claro;Dupla;"Curva;Declive                 ";Não;2;0;1;0;1;0;1;2;-25,3818;-49,1643;SPRF-PR;DEL01-PR;UOP02-DEL01-PR
561329;14/11/2023;terça-feira;17:30:00;SC;101;123;ITAJAI;Ausência de reação do condutor;Colisão lateral mesmo sentido;Com Vítimas Feridas;Anoitecer;Decrescente;Nublado;Múltipla;Reta;Não;2;0;1;0;1;0;1;2;-26,93668609;-48,69876905;SPRF-SC;DEL04-SC;UOP04-DEL04-SC
561330;14/11/2023;terça-feira;18:30:00;SP;116;161;JACAREI;Trafegar com motocicleta (ou similar) entre as faixas;Colisão traseira;Com Vítimas Feridas;Plena Noite;Decrescente;Céu Claro;Dupla;Reta;Sim;2;0;1;0;1;0;1;2;-23,27617003;-45,97592098;SPRF-SP;DEL02-SP;UOP01-DEL02-SP
561331;14/11/2023;terça-feira;14:10:00;RS;158;0,3;SANTANA DO LIVRAMENTO;Demais falhas mecânicas ou elétricas;Colisão transversal;Com Vítimas Feridas;Pleno dia;Decrescente;Nublado;Simples;"Interseção de Vias;Rotatória  ";Sim;3;0;1;0;2;0;1;2;-30,87646335;-55,51400185;SPRF-RS;DEL08-RS;UOP02-DEL08-RS
561332;14/11/2023;terça-feira;15:30:00;PE;424;5;ARCOVERDE;Acessar a via sem observar a presença dos outros veículos;Colisão transversal;Com Vítimas Feridas;Pleno dia;Decrescente;Céu Claro;Simples;"Declive;Reta                  ";Não;6;0;5;0;1;0;5;2;-8,46833914;-37,03835126;SPRF-PE;DEL04-PE;UOP02-DEL04-PE
561333;14/11/2023;terça-feira;18:42:00;RN;110;47,5;MOSSORO;Reação tardia ou ineficiente do condutor;Engavetamento;Com Vítimas Feridas;Plena Noite;Decrescente;Céu Claro;Simples;Reta;Sim;6;0;3;0;3;0;3;4;-5,20634173;-37,32945085;SPRF-RN;DEL04-RN;UOP01-DEL04-RN
561334;14/11/2023;terça-feira;18:10:00;SC;101;134;BALNEARIO CAMBORIU;Acessar a via sem observar a presença dos outros veículos;Colisão transversal;Com Vítimas Feridas;Anoitecer;Crescente;Céu Claro;Múltipla;Reta;Sim;2;0;1;0;1;0;1;2;-27,00542375;-48,62641633;SPRF-SC;DEL04-SC;UOP03-DEL04-SC
561335;14/11/2023;terça-feira;18:50:00;MG;381;499;BETIM;Demais falhas mecânicas ou elétricas;Colisão com objeto;Com Vítimas Feridas;Plena Noite;Decrescente;Céu Claro;Dupla;Declive;Sim;2;0;1;0;1;0;1;2;-20,01792651;-44,2261448;SPRF-MG;DEL01-MG;UOP03-DEL01-MG
561336;14/11/2023;terça-feira;19:05:00;SC;101;115;ITAJAI;Trafegar com motocicleta (ou similar) entre as faixas;Colisão traseira;Com Vítimas Feridas;Plena Noite;Decrescente;Nublado;Múltipla;Reta;Não;3;0;1;0;2;0;1;2;-26,87064015;-48,72954134;SPRF-SC;DEL04-SC;UOP04-DEL04-SC
561337;14/11/2023;terça-feira;14:10:00;PB;230;263;JUNCO DO SERIDO;Acessar a via sem observar a presença dos outros veículos;Colisão transversal;Com Vítimas Feridas;Pleno dia;Decrescente;Céu Claro;Simples;"Reta;Declive                  ";Não;2;0;0;1;1;0;1;2;-6,984;-36,7279;SPRF-PB;DEL03-PB;UOP01-DEL03-PB
561338;14/11/2023;terça-feira;18:00:00;MT;70;2;BARRA DO GARCAS;Ultrapassagem Indevida;Colisão frontal;Com Vítimas Feridas;Plena Noite;Crescente;Céu Claro;Simples;"Reta;Declive                  ";Sim;3;0;1;0;2;0;1;2;-15,88749699;-52,26810568;SPRF-MT;DEL07-MT;UOP01-DEL07-MT
561341;14/11/2023;terça-feira;18:13:00;MG;381;907;CAMBUI;Ausência de reação do condutor;Colisão com objeto;Com Vítimas Feridas;Anoitecer;Crescente;Céu Claro;Dupla;Curva;Não;1;0;1;0;0;0;1;1;-22,71022398;-46,12178305;SPRF-MG;DEL16-MG;UOP03-DEL16-MG
561343;14/11/2023;terça-feira;11:30:00;MG;153;87;PRATA;Reação tardia ou ineficiente do condutor;Saída de leito carroçável;Com Vítimas Feridas;Pleno dia;Crescente;Céu Claro;Múltipla;Reta;Não;2;0;0;1;1;0;1;1;-19,11737199;-48,96972196;SPRF-MG;DEL15-MG;UOP03-DEL15-MG
561344;12/09/2023;terça-feira;10:00:00;PI;316;310;PICOS;Condutor deixou de manter distância do veículo da frente;Colisão traseira;Com Vítimas Feridas;Pleno dia;Crescente;Céu Claro;Dupla;Rotatória;Sim;2;0;1;0;1;0;1;2;-7,07639186;-41,47475001;SPRF-PI;DEL04-PI;UOP01-DEL04-PI
561345;14/11/2023;terça-feira;19:25:00;RN;406;161,1;CEARA-MIRIM;Entrada inopinada do pedestre;Atropelamento de Pedestre;Com Vítimas Feridas;Plena Noite;Decrescente;Céu Claro;Simples;Reta;Sim;2;0;1;0;1;0;1;2;-5,72093004;-35,36655305;SPRF-RN;DEL02-RN;UOP01-DEL02-RN
561347;14/11/2023;terça-feira;19:30:00;MG;381;360;JOAO MONLEVADE;Acessar a via sem observar a presença dos outros veículos;Colisão transversal;Com Vítimas Feridas;Plena Noite;Decrescente;Ignorado;Simples;"Reta;Interseção de Vias;Decliv";Sim;5;0;3;2;0;0;5;2;-19,85985912;-43,22566968;SPRF-MG;DEL03-MG;UOP01-DEL03-MG
561349;14/11/2023;terça-feira;18:15:00;PE;232;413,8;SERRA TALHADA;Condutor deixou de manter distância do veículo da frente;Colisão traseira;Com Vítimas Feridas;Plena Noite;Decrescente;Céu Claro;Simples;"Reta;Interseção de Vias       ";Não;3;0;2;0;0;1;2;2;-7,98749764;-38,32762957;SPRF-PE;DEL04-PE;UOP01-DEL04-PE
561354;05/10/2023;quinta-feira;03:30:00;BA;324;624;SALVADOR;Demais falhas mecânicas ou elétricas;Incêndio;Sem Vítimas;Amanhecer;Decrescente;Céu Claro;Dupla;Reta;Não;1;0;0;0;0;1;0;1;-12,933839;-38,47190701;SPRF-BA;DEL01-BA;UOP01-DEL01-BA
561355;14/11/2023;terça-feira;20:00:00;SP;116;288;ITAPECERICA DA SERRA;Ausência de reação do condutor;Colisão com objeto;Sem Vítimas;Plena Noite;Decrescente;Céu Claro;Dupla;"Curva;Retorno Regulamentado   ";Não;1;0;0;0;0;1;0;1;-23,719254;-46,883144;SPRF-SP;DEL04-SP;UOP01-DEL04-SP
561356;14/11/2023;terça-feira;20:40:00;MG;364;32;FRUTAL;Acessar a via sem observar a presença dos outros veículos;Colisão transversal;Com Vítimas Feridas;Plena Noite;Crescente;Céu Claro;Simples;Reta;Sim;4;0;1;0;3;0;1;2;-20,025185;-48,94096;SPRF-MG;DEL13-MG;UOP02-DEL13-MG
561357;14/11/2023;terça-feira;14:30:00;PR;376;446,4;TIBAGI;Reação tardia ou ineficiente do condutor;Saída de leito carroçável;Com Vítimas Feridas;Pleno dia;Decrescente;Chuva;Dupla;Curva;Não;2;0;2;0;0;0;2;1;-24,84949;-50,464352;SPRF-PR;DEL03-PR;UOP02-DEL03-PR
561358;14/11/2023;terça-feira;15:45:00;BA;101;358,9;WENCESLAU GUIMARAES;Conversão proibida;Colisão transversal;Sem Vítimas;Pleno dia;Crescente;Céu Claro;Simples;"Reta;Ponte                    ";Sim;2;0;0;0;1;1;0;2;-13,685906;-39,499732;SPRF-BA;DEL05-BA;UOP03-DEL05-BA
561360;14/11/2023;terça-feira;21:00:00;PR;376;5;MARINGA;Ingestão de álcool pelo condutor;Colisão traseira;Sem Vítimas;Plena Noite;Crescente;Garoa/Chuvisco;Dupla;Reta;Não;2;0;0;0;2;0;0;2;-23,38439548;-51,96619034;SPRF-PR;DEL09-PR;UOP01-DEL09-PR
561361;14/11/2023;terça-feira;18:40:00;PB;230;507;CAJAZEIRAS;Desrespeitar a preferência no cruzamento;Colisão transversal;Com Vítimas Feridas;Plena Noite;Crescente;Céu Claro;Simples;"Reta;Interseção de Vias       ";Sim;2;0;1;0;1;0;1;2;-6,9024;-38,5643;SPRF-PB;DEL03-PB;UOP03-DEL03-PB
561362;14/11/2023;terça-feira;20:05:00;MG;40;637,9;CONSELHEIRO LAFAIETE;Acessar a via sem observar a presença dos outros veículos;Colisão transversal;Com Vítimas Feridas;Plena Noite;Decrescente;Céu Claro;Simples;"Curva;Declive                 ";Não;3;0;3;0;0;0;3;2;-20,72691;-43,801079;SPRF-MG;DEL05-MG;UOP02-DEL05-MG
561364;14/11/2023;terça-feira;18:55:00;SP;116;503;CAJATI;Reação tardia ou ineficiente do condutor;Queda de ocupante de veículo;Com Vítimas Feridas;Plena Noite;Crescente;Chuva;Dupla;"Curva;Declive                 ";Não;2;0;1;0;1;0;1;1;-24,77541893;-48,20947907;SPRF-SP;DEL05-SP;UOP02-DEL05-SP
561366;14/11/2023;terça-feira;20:55:00;RN;226;4,1;NATAL;Acessar a via sem observar a presença dos outros veículos;Colisão transversal;Com Vítimas Feridas;Plena Noite;Crescente;Nublado;Simples;Curva;Sim;2;0;1;0;1;0;1;2;-5,81958019;-35,25969486;SPRF-RN;DEL01-RN;UOP02-DEL01-RN
561368;04/11/2023;sábado;08:00:00;MS;158;353;BRASILANDIA;Ingestão de álcool pelo condutor;Colisão traseira;Com Vítimas Feridas;Pleno dia;Crescente;Céu Claro;Simples;Reta;Não;2;0;1;0;1;0;1;2;-21,25920648;-51,92246901;SPRF-MS;DEL07-MS;UOP01-DEL07-MS
561369;14/11/2023;terça-feira;15:50:00;MT;364;435,7;VARZEA GRANDE;Acesso irregular;Colisão frontal;Com Vítimas Feridas;Pleno dia;Crescente;Céu Claro;Dupla;Reta;Sim;2;0;1;0;0;1;1;2;-15,64291551;-56,20038986;SPRF-MT;DEL01-MT;UOP02-DEL01-MT
561370;14/11/2023;terça-feira;20:30:00;BA;116;12,1;VITORIA DA CONQUISTA;Animais na Pista;Atropelamento de Animal;Com Vítimas Feridas;Plena Noite;Crescente;Céu Claro;Simples;Reta;Sim;1;0;1;0;0;0;1;1;-14,851;-40,8485;SPRF-BA;DEL08-BA;UOP01-DEL08-BA
561373;14/11/2023;terça-feira;19:30:00;SP;116;506;CAJATI;Reação tardia ou ineficiente do condutor;Saída de leito carroçável;Com Vítimas Feridas;Plena Noite;Crescente;Chuva;Simples;"Curva;Declive                 ";Não;1;0;1;0;0;0;1;1;-24,79704815;-48,2145174;SPRF-SP;DEL05-SP;UOP02-DEL05-SP
561374;14/11/2023;terça-feira;16:00:00;SC;470;192;POUSO REDONDO;Acessar a via sem observar a presença dos outros veículos;Colisão transversal;Sem Vítimas;Pleno dia;Decrescente;Chuva;Simples;Curva;Não;2;0;0;0;2;0;0;2;-27,293324;-50,078678;SPRF-SC;DEL04-SC;UOP02-DEL04-SC
561375;14/11/2023;terça-feira;16:13:00;PR;158;511;CORONEL VIVIDA;Velocidade Incompatível;Saída de leito carroçável;Sem Vítimas;Pleno dia;Decrescente;Chuva;Simples;"Curva;Aclive                  ";Não;1;0;0;0;1;0;0;1;-26,04930329;-52,6250267;SPRF-PR;DEL02-PR;UOP01-DEL02-PR
561376;14/11/2023;terça-feira;20:00:00;RJ;101;327;NITEROI;Reação tardia ou ineficiente do condutor;Tombamento;Com Vítimas Feridas;Plena Noite;Decrescente;Nublado;Múltipla;Reta;Não;1;0;1;0;0;0;1;1;-22,87117393;-43,15595099;SPRF-RJ;DEL02-RJ;UOP01-DEL02-RJ
561377;14/11/2023;terça-feira;21:25:00;SP;116;271;TABOAO DA SERRA;Pedestre andava na pista;Atropelamento de Pedestre;Com Vítimas Fatais;Plena Noite;Crescente;Céu Claro;Múltipla;Reta;Sim;5;1;0;0;4;0;0;2;-23,6092305;-46,77047621;SPRF-SP;DEL04-SP;UOP01-DEL04-SP
561378;14/11/2023;terça-feira;21:00:00;RJ;101;484;ANGRA DOS REIS;Pista Escorregadia;Atropelamento de Pedestre;Com Vítimas Feridas;Plena Noite;Crescente;Chuva;Simples;Reta;Sim;3;0;2;0;1;0;2;2;-22,99096308;-44,30429882;SPRF-RJ;DEL03-RJ;UOP03-DEL03-RJ
561379;14/11/2023;terça-feira;21:50:00;PR;376;200,4;MARIALVA;Reação tardia ou ineficiente do condutor;Saída de leito carroçável;Com Vítimas Feridas;Plena Noite;Decrescente;Chuva;Dupla;"Declive;Reta                  ";Não;3;0;3;0;0;0;3;1;-23,50951388;-51,72140497;SPRF-PR;DEL09-PR;UOP01-DEL09-PR
561380;14/11/2023;terça-feira;20:45:00;SC;101;345;TUBARAO;Ausência de reação do condutor;Saída de leito carroçável;Com Vítimas Feridas;Plena Noite;Decrescente;Garoa/Chuvisco;Dupla;Reta;Não;2;0;2;0;0;0;2;1;-28,55542527;-49,05412674;SPRF-SC;DEL02-SC;UOP01-DEL02-SC
561382;14/11/2023;terça-feira;20:30:00;RJ;495;24,7;PETROPOLIS;Ausência de reação do condutor;Colisão frontal;Com Vítimas Feridas;Plena Noite;Crescente;Nublado;Simples;Curva;Sim;2;0;1;0;1;0;1;2;-22,409143;-43,094292;SPRF-RJ;DEL06-RJ;UOP01-DEL06-RJ
561383;14/11/2023;terça-feira;22:40:00;MG;381;491;BETIM;Pedestre cruzava a pista fora da faixa;Atropelamento de Pedestre;Com Vítimas Fatais;Plena Noite;Decrescente;Céu Claro;Múltipla;Reta;Não;2;1;0;0;1;0;0;2;-19,960203;-44,153326;SPRF-MG;DEL01-MG;UOP03-DEL01-MG
561384;14/11/2023;terça-feira;21:00:00;SP;116;64,4;GUARATINGUETA;Transitar no Acostamento;Atropelamento de Pedestre;Com Vítimas Feridas;Plena Noite;Crescente;Céu Claro;Dupla;Reta;Sim;2;0;1;0;1;0;1;2;-22,81942006;-45,18421298;SPRF-SP;DEL08-SP;UOP01-DEL08-SP
561385;25/09/2023;segunda-feira;09:35:00;RN;101;101,9;PARNAMIRIM;Reação tardia ou ineficiente do condutor;Colisão traseira;Com Vítimas Feridas;Pleno dia;Decrescente;Céu Claro;Dupla;Reta;Sim;2;0;0;1;1;0;1;2;-5,89034022;-35,24894996;SPRF-RN;DEL01-RN;UOP01-DEL01-RN
561387;14/11/2023;terça-feira;22:05:00;RJ;116;185;NOVA IGUACU;Ausência de reação do condutor;Colisão lateral mesmo sentido;Com Vítimas Feridas;Plena Noite;Crescente;Ignorado;Dupla;Reta;Não;3;0;2;0;0;1;2;2;-22,74151051;-43,45351823;SPRF-RJ;DEL01-RJ;UOP02-DEL01-RJ
561388;14/11/2023;terça-feira;20:00:00;MA;316;567;CAXIAS;Demais falhas mecânicas ou elétricas;Incêndio;Sem Vítimas;Plena Noite;Crescente;Céu Claro;Simples;Reta;Não;1;0;0;0;1;0;0;1;-4,911043;-43,225277;SPRF-MA;DEL03-MA;UOP02-DEL03-MA
561389;14/11/2023;terça-feira;23:15:00;MG;381;511;IGARAPE;Transitar na contramão;Colisão frontal;Sem Vítimas;Plena Noite;Decrescente;Céu Claro;Simples;Reta;Sim;2;0;0;0;1;1;0;2;-20,08463223;-44,3099407;SPRF-MG;DEL01-MG;UOP03-DEL01-MG
561391;14/11/2023;terça-feira;20:15:00;BA;116;422;FEIRA DE SANTANA;Pista Escorregadia;Queda de ocupante de veículo;Com Vítimas Feridas;Plena Noite;Decrescente;Céu Claro;Dupla;"Interseção de Vias;Rotatória  ";Sim;1;0;1;0;0;0;1;1;-12,22064702;-38,96561131;SPRF-BA;DEL02-BA;UOP01-DEL02-BA
561392;14/11/2023;terça-feira;23:50:00;SP;116;223;GUARULHOS;Ausência de reação do condutor;Queda de ocupante de veículo;Com Vítimas Feridas;Plena Noite;Decrescente;Céu Claro;Múltipla;Reta;Não;1;0;1;0;0;0;1;1;-23,47559815;-46,5246609;SPRF-SP;DEL01-SP;UOP01-DEL01-SP
561394;14/11/2023;terça-feira;23:15:00;RJ;101;304;SAO GONCALO;Demais falhas mecânicas ou elétricas;Queda de ocupante de veículo;Com Vítimas Feridas;Plena Noite;Decrescente;Chuva;Simples;Reta;Sim;1;0;1;0;0;0;1;1;-22,78491869;-42,98627706;SPRF-RJ;DEL02-RJ;UOP02-DEL02-RJ
561397;14/11/2023;terça-feira;22:40:00;SC;470;60,6;BLUMENAU;Ultrapassagem Indevida;Colisão lateral sentido oposto;Com Vítimas Feridas;Plena Noite;Crescente;Chuva;Simples;Curva;Sim;3;0;1;1;1;0;2;3;-26,88138;-49,164543;SPRF-SC;DEL04-SC;UOP01-DEL04-SC
561400;15/11/2023;quarta-feira;00:30:00;PR;277;82;CURITIBA;Pedestre andava na pista;Atropelamento de Pedestre;Com Vítimas Feridas;Pleno dia;Crescente;Nublado;Dupla;Reta;Sim;2;0;1;0;0;1;1;2;-25,568939;-49,181978;SPRF-PR;DEL01-PR;UOP07-DEL01-PR
561403;14/11/2023;terça-feira;19:40:00;GO;153;198;URUACU;Acessar a via sem observar a presença dos outros veículos;Colisão transversal;Com Vítimas Feridas;Plena Noite;Decrescente;Céu Claro;Simples;Reta;Sim;2;0;1;0;0;1;1;2;-14,49657;-49,151176;SPRF-GO;DEL07-GO;UOP02-DEL07-GO
561405;15/11/2023;quarta-feira;03:20:00;SC;101;419;ARARANGUA;Acesso irregular;Saída de leito carroçável;Sem Vítimas;Plena Noite;Decrescente;Nublado;Simples;Reta;Sim;2;0;0;0;2;0;0;1;-28,99148816;-49,54805017;SPRF-SC;DEL02-SC;UOP02-DEL02-SC
561406;15/11/2023;quarta-feira;04:25:00;PR;277;319;GUARAPUAVA;Pedestre andava na pista;Atropelamento de Pedestre;Com Vítimas Feridas;Plena Noite;Decrescente;Chuva;Simples;"Reta;Aclive                   ";Não;2;0;1;0;1;0;1;2;-25,33982216;-51,21601848;SPRF-PR;DEL08-PR;UOP01-DEL08-PR
561407;15/11/2023;quarta-feira;00:15:00;PI;316;4;TERESINA;Entrada inopinada do pedestre;Atropelamento de Pedestre;Com Vítimas Fatais;Plena Noite;Crescente;Nublado;Múltipla;Reta;Sim;2;1;0;0;1;0;0;2;-5,13655894;-42,78900388;SPRF-PI;DEL01-PI;UOP02-DEL01-PI
561413;15/11/2023;quarta-feira;05:30:00;RS;386;328,9;MARQUES DE SOUZA;Ingestão de álcool pelo condutor;Tombamento;Com Vítimas Feridas;Amanhecer;Decrescente;Nevoeiro/Neblina;Dupla;"Curva;Aclive                  ";Não;1;0;1;0;0;0;1;1;-29,34055529;-52,07792044;SPRF-RS;DEL04-RS;UOP01-DEL04-RS
561417;15/11/2023;quarta-feira;04:15:00;SC;163;66,9;SAO MIGUEL DO OESTE;Ausência de reação do condutor;Colisão com objeto;Com Vítimas Feridas;Plena Noite;Crescente;Chuva;Dupla;Reta;Sim;1;0;1;0;0;0;1;1;-26,76829633;-53,50019222;SPRF-SC;DEL07-SC;UOP03-DEL07-SC
561418;15/11/2023;quarta-feira;01:45:00;SC;163;0,8;DIONISIO CERQUEIRA;Acessar a via sem observar a presença dos outros veículos;Colisão transversal;Sem Vítimas;Plena Noite;Decrescente;Céu Claro;Simples;Reta;Sim;2;0;0;0;1;1;0;2;-26,2613;-53,6206;SPRF-SC;DEL07-SC;UOP03-DEL07-SC
561420;15/11/2023;quarta-feira;06:15:00;RS;285;421,3;PANAMBI;Reação tardia ou ineficiente do condutor;Colisão lateral mesmo sentido;Com Vítimas Feridas;Amanhecer;Decrescente;Garoa/Chuvisco;Simples;"Reta;Declive                  ";Não;3;0;0;1;1;1;1;3;-28,338804;-53,561169;SPRF-RS;DEL10-RS;UOP01-DEL10-RS