id;data_inversa;dia_semana;horario;uf;br;km;municipio;causa_acidente;tipo_acidente;classificacao_acidente;fase_dia;sentido_via;condicao_metereologica;tipo_pista;tracado_via;uso_solo;pessoas;mortos;feridos_leves;feridos_graves;ilesos;ignorados;feridos;veiculos;latitude;longitude;regional;delegacia;uop
561552;15/11/2023;quarta-feira;19:15:00;MA;10;143;PORTO FRANCO;Reação tardia ou ineficiente do condutor;Colisão com objeto;Com Vítimas Feridas;Plena Noite;Decrescente;Céu Claro;Simples;Curva;Não;1;0;0;1;0;0;1;1;-6,47001;-47,396454;SPRF-MA;DEL04-MA;UOP02-DEL04-MA
561554;15/11/2023;quarta-feira;20:00:00;RJ;101;322;NITEROI;Reação tardia ou ineficiente do condutor;Tombamento;Com Vítimas Feridas;Plena Noite;Decrescente;Nublado;Dupla;Reta;Sim;1;0;0;1;0;0;1;1;-22,878923;-43,110676;SPRF-RJ;DEL02-RJ;UOP01-DEL02-RJ
561555;15/11/2023;quarta-feira;22:40:00;RJ;101;317;SAO GONCALO;Demais falhas mecânicas ou elétricas;Incêndio;Sem Vítimas;Plena Noite;Decrescente;Céu Claro;Dupla;Reta;Sim;1;0;0;0;1;0;0;1;-22,83707798;-43,09492006;SPRF-RJ;DEL02-RJ;UOP02-DEL02-RJ
561556;15/11/2023;quarta-feira;21:45:00;MG;116;583,7;MANHUACU;Transitar na contramão;Colisão transversal;Com Vítimas Feridas;Plena Noite;Crescente;Céu Claro;Simples;Curva;Não;3;0;3;0;0;0;3;2;-20,21424995;-42,18135561;SPRF-MG;DEL06-MG;UOP03-DEL06-MG
561558;02/11/2023;quinta-feira;18:40:00;ES;101;159;LINHARES;Mal súbito do condutor;Queda de ocupante de veículo;Com Vítimas Feridas;Anoitecer;Crescente;Nublado;Simples;Reta;Sim;1;0;1;0;0;0;1;1;-19,4684012;-40,1102557;SPRF-ES;DEL04-ES;UOP01-DEL04-ES
561559;15/11/2023;quarta-feira;22:10:00;MG;50;165;UBERABA;Ausência de reação do condutor;Saída de leito carroçável;Com Vítimas Feridas;Plena Noite;Crescente;Céu Claro;Dupla;Interseção de Vias;Não;1;0;1;0;0;0;1;1;-19,69326783;-47,98949154;SPRF-MG;DEL13-MG;UOP01-DEL13-MG
561561;15/11/2023;quarta-feira;22:15:00;RJ;40;119;DUQUE DE CAXIAS;Transitar na contramão;Colisão lateral mesmo sentido;Com Vítimas Feridas;Plena Noite;Crescente;Céu Claro;Múltipla;Reta;Sim;2;0;1;0;1;0;1;2;-22,7645349;-43,28699648;SPRF-RJ;DEL01-RJ;UOP01-DEL01-RJ
561562;15/11/2023;quarta-feira;23:50:00;SP;116;227;GUARULHOS;Reação tardia ou ineficiente do condutor;Colisão com objeto;Com Vítimas Feridas;Plena Noite;Decrescente;Nublado;Dupla;"Reta;Em Obras                 ";Sim;1;0;1;0;0;0;1;1;-23,49659264;-46,55648754;SPRF-SP;DEL01-SP;UOP01-DEL01-SP
561563;15/11/2023;quarta-feira;22:45:00;BA;367;47;PORTO SEGURO;Velocidade Incompatível;Colisão traseira;Com Vítimas Feridas;Plena Noite;Decrescente;Nublado;Simples;Reta;Não;2;0;1;0;0;1;1;2;-16,37262254;-39,27151389;SPRF-BA;DEL09-BA;UOP03-DEL09-BA
561564;15/11/2023;quarta-feira;23:48:00;GO;40;9,8;LUZIANIA;Ausência de reação do condutor;Colisão traseira;Com Vítimas Feridas;Plena Noite;Crescente;Garoa/Chuvisco;Dupla;Reta;Sim;2;0;0;1;1;0;1;2;-16,131158;-47,957739;SPRF-DF;DEL01-DF;UOP01-DEL01-DF
561565;15/11/2023;quarta-feira;21:42:00;SP;116;51;LORENA;Mal súbito do condutor;Colisão com objeto;Com Vítimas Feridas;Plena Noite;Crescente;Nublado;Simples;Retorno Regulamentado;Sim;2;0;1;0;0;1;1;2;-22,74157511;-45,09206392;SPRF-SP;DEL08-SP;UOP02-DEL08-SP
561566;15/11/2023;quarta-feira;22:45:00;MG;381;543,8;ITATIAIUCU;Ausência de reação do condutor;Colisão com objeto;Com Vítimas Feridas;Plena Noite;Crescente;Chuva;Dupla;Curva;Não;4;0;2;0;2;0;2;1;-20,27336801;-44,42585498;SPRF-MG;DEL04-MG;UOP03-DEL04-MG
561568;15/11/2023;quarta-feira;23:00:00;RO;174;15;VILHENA;Ingestão de álcool pelo condutor;Colisão transversal;Com Vítimas Feridas;Plena Noite;Crescente;Céu Claro;Dupla;"Reta;Interseção de Vias       ";Sim;4;0;2;0;2;0;2;3;-12,723321;-60,12801;SPRF-RO;DEL04-RO;UOP01-DEL04-RO
561570;15/11/2023;quarta-feira;23:40:00;PI;343;340,7;TERESINA;Ausência de reação do condutor;Colisão traseira;Sem Vítimas;Plena Noite;Crescente;Céu Claro;Dupla;Reta;Sim;2;0;0;0;1;1;0;2;-5,077077;-42,741922;SPRF-PI;DEL01-PI;UOP01-DEL01-PI
561571;16/11/2023;quinta-feira;00:20:00;RS;285;449,7;IJUI;Ingestão de álcool pelo condutor;Colisão traseira;Com Vítimas Feridas;Plena Noite;Decrescente;Chuva;Simples;Reta;Não;4;0;2;0;2;0;2;2;-28,372511;-53,832718;SPRF-RS;DEL10-RS;UOP01-DEL10-RS
561572;16/11/2023;quinta-feira;01:00:00;MG;262;31,1;REDUTO;Ingestão de álcool ou de substâncias psicoativas pelo pedestre;Saída de leito carroçável;Com Vítimas Feridas;Plena Noite;Decrescente;Céu Claro;Simples;Curva;Não;2;0;2;0;0;0;2;1;-20,2532742;-41,992629;SPRF-MG;DEL06-MG;UOP03-DEL06-MG
561573;16/11/2023;quinta-feira;02:20:00;SP;116;288;ITAPECERICA DA SERRA;Ausência de reação do condutor;Queda de ocupante de veículo;Com Vítimas Feridas;Plena Noite;Decrescente;Céu Claro;Dupla;Reta;Sim;1;0;1;0;0;0;1;1;-23,719254;-46,883144;SPRF-SP;DEL04-SP;UOP01-DEL04-SP
561576;16/11/2023;quinta-feira;03:50:00;PR;376;124,2;ALTO PARANA;Animais na Pista;Saída de leito carroçável;Com Vítimas Fatais;Plena Noite;Decrescente;Céu Claro;Dupla;Reta;Não;2;1;1;0;0;0;1;1;-23,137911;-52,289969;SPRF-PR;DEL09-PR;UOP02-DEL09-PR
561577;16/11/2023;quinta-feira;06:15:00;BA;324;514;FEIRA DE SANTANA;Ausência de reação do condutor;Colisão traseira;Com Vítimas Feridas;Pleno dia;Crescente;Nublado;Simples;Reta;Sim;1;0;1;0;0;0;1;1;-12,23229233;-38,95215305;SPRF-BA;DEL02-BA;UOP01-DEL02-BA
561578;16/11/2023;quinta-feira;05:40:00;CE;222;4;FORTALEZA;Acessar a via sem observar a presença dos outros veículos;Colisão transversal;Com Vítimas Feridas;Pleno dia;Decrescente;Céu Claro;Múltipla;"Reta;Interseção de Vias       ";Sim;3;0;3;0;0;0;3;2;-3,74164754;-38,60449792;SPRF-CE;DEL01-CE;UOP01-DEL01-CE
561579;16/11/2023;quinta-feira;05:55:00;SC;163;74;SAO MIGUEL DO OESTE;Velocidade Incompatível;Colisão traseira;Com Vítimas Feridas;Amanhecer;Decrescente;Ignorado;Simples;Reta;Não;2;0;1;0;1;0;1;2;-26,70200479;-53,51350653;SPRF-SC;DEL07-SC;UOP03-DEL07-SC
561580;15/11/2023;quarta-feira;19:10:00;MS;60;566;NIOAQUE;Ingestão de álcool pelo condutor;Colisão traseira;Com Vítimas Feridas;Plena Noite;Crescente;Céu Claro;Simples;Reta;Não;2;0;0;1;1;0;1;2;-21,30625304;-55,99979653;SPRF-MS;DEL05-MS;UOP01-DEL05-MS
561582;16/11/2023;quinta-feira;06:10:00;SP;116;210;GUARULHOS;Reação tardia ou ineficiente do condutor;Colisão traseira;Com Vítimas Feridas;Pleno dia;Crescente;Céu Claro;Dupla;Reta;Sim;4;0;2;0;2;0;2;3;-23,42870023;-46,41085991;SPRF-SP;DEL01-SP;UOP01-DEL01-SP
561587;16/11/2023;quinta-feira;07:00:00;BA;324;522;FEIRA DE SANTANA;Acessar a via sem observar a presença dos outros veículos;Atropelamento de Pedestre;Com Vítimas Feridas;Amanhecer;Crescente;Céu Claro;Dupla;Reta;Não;2;0;1;0;1;0;1;2;-12,28462524;-38,91926018;SPRF-BA;DEL01-BA;UOP03-DEL01-BA
561588;16/11/2023;quinta-feira;06:45:00;BA;324;580,5;CANDEIAS;Demais falhas mecânicas ou elétricas;Saída de leito carroçável;Sem Vítimas;Pleno dia;Crescente;Sol;Dupla;"Reta;Declive                  ";Não;3;0;0;0;3;0;0;1;-12,60744869;-38,49550854;SPRF-BA;DEL01-BA;UOP01-DEL01-BA
561589;16/11/2023;quinta-feira;07:05:00;AP;210;0;MACAPA;Condutor deixou de manter distância do veículo da frente;Colisão traseira;Com Vítimas Feridas;Pleno dia;Decrescente;Céu Claro;Dupla;Reta;Sim;2;0;1;0;1;0;1;2;0,07780012;-51,06097;SPRF-AP;DEL01-AP;UOP01-DEL01-AP
561590;16/11/2023;quinta-feira;06:10:00;MG;262;353;BETIM;Velocidade Incompatível;Colisão com objeto;Com Vítimas Feridas;Amanhecer;Decrescente;Céu Claro;Simples;Interseção de Vias;Sim;1;0;1;0;0;0;1;1;-19,95947688;-44,15416308;SPRF-MG;DEL01-MG;UOP03-DEL01-MG
561591;16/11/2023;quinta-feira;07:45:00;PR;376;182;MARINGA;Animais na Pista;Atropelamento de Animal;Com Vítimas Feridas;Pleno dia;Crescente;Céu Claro;Dupla;Reta;Não;1;0;1;0;0;0;1;1;-23,43684112;-51,87880764;SPRF-PR;DEL09-PR;UOP01-DEL09-PR
561593;16/11/2023;quinta-feira;07:10:00;PR;277;109;CAMPO LARGO;Reação tardia ou ineficiente do condutor;Colisão com objeto;Com Vítimas Feridas;Pleno dia;Crescente;Nublado;Dupla;Reta;Não;1;0;0;1;0;0;1;1;-25,440554;-49,447775;SPRF-PR;DEL03-PR;UOP03-DEL03-PR
561594;15/11/2023;quarta-feira;22:00:00;PI;343;184;PIRIPIRI;Ingestão de álcool pelo condutor;Colisão com objeto;Com Vítimas Feridas;Plena Noite;Crescente;Céu Claro;Simples;Rotatória;Não;1;0;1;0;0;0;1;1;-4,264742;-41,756226;SPRF-PI;DEL02-PI;UOP01-DEL02-PI
561595;16/11/2023;quinta-feira;07:15:00;RS;472;179,5;SANTA ROSA;Chuva;Colisão traseira;Com Vítimas Feridas;Pleno dia;Crescente;Chuva;Simples;Reta;Não;5;0;2;0;3;0;2;4;-27,84575481;-54,55673218;SPRF-RS;DEL10-RS;UOP01-DEL10-RS
561596;16/11/2023;quinta-feira;07:40:00;RS;116;264;CANOAS;Manobra de mudança de faixa;Colisão traseira;Com Vítimas Feridas;Pleno dia;Crescente;Nublado;Dupla;Reta;Não;2;0;1;0;1;0;1;2;-29,914435;-51,17754495;SPRF-RS;DEL01-RS;UOP01-DEL01-RS
561597;16/11/2023;quinta-feira;08:00:00;PB;230;22;JOAO PESSOA;Transitar no Acostamento;Colisão traseira;Com Vítimas Feridas;Pleno dia;Decrescente;Céu Claro;Dupla;Reta;Sim;2;0;2;0;0;0;2;1;-7,1495;-34,8517;SPRF-PB;DEL01-PB;UOP01-DEL01-PB
561598;16/11/2023;quinta-feira;07:50:00;PR;277;722,4;FOZ DO IGUACU;Condutor deixou de manter distância do veículo da frente;Colisão traseira;Com Vítimas Feridas;Pleno dia;Crescente;Céu Claro;Dupla;"Reta;Retorno Regulamentado    ";Sim;2;0;1;0;1;0;1;2;-25,49494908;-54,52095097;SPRF-PR;DEL05-PR;UOP03-DEL05-PR
561599;16/11/2023;quinta-feira;07:40:00;ES;101;394,5;RIO NOVO DO SUL;Ausência de reação do condutor;Queda de ocupante de veículo;Com Vítimas Feridas;Pleno dia;Crescente;Sol;Simples;Reta;Não;1;0;1;0;0;0;1;1;-20,86561852;-40,92318907;SPRF-ES;DEL03-ES;UOP02-DEL03-ES
561601;16/11/2023;quinta-feira;07:40:00;PE;101;52;PAULISTA;Animais na Pista;Atropelamento de Animal;Com Vítimas Feridas;Pleno dia;Crescente;Céu Claro;Dupla;Reta;Sim;2;0;2;0;0;0;2;1;-7,92358799;-34,89607201;SPRF-PE;DEL01-PE;UOP02-DEL01-PE
561602;16/11/2023;quinta-feira;06:20:00;TO;153;692,7;CARIRI DO TOCANTINS;Acessar a via sem observar a presença dos outros veículos;Colisão frontal;Com Vítimas Feridas;Amanhecer;Crescente;Céu Claro;Simples;Reta;Sim;2;0;0;1;1;0;1;2;-11,88743313;-49,16441973;SPRF-TO;DEL01-TO;UOP02-DEL01-TO
561604;16/11/2023;quinta-feira;08:10:00;MG;381;531,1;ITATIAIUCU;Velocidade Incompatível;Saída de leito carroçável;Com Vítimas Feridas;Pleno dia;Decrescente;Céu Claro;Dupla;Reta;Não;1;0;0;1;0;0;1;1;-20,18182886;-44,37895835;SPRF-MG;DEL04-MG;UOP03-DEL04-MG
561606;16/11/2023;quinta-feira;07:50:00;PR;369;91,7;CORNELIO PROCOPIO;Desrespeitar a preferência no cruzamento;Colisão transversal;Com Vítimas Feridas;Pleno dia;Decrescente;Céu Claro;Simples;Interseção de Vias;Sim;2;0;1;0;1;0;1;2;-23,19885743;-50,65405905;SPRF-PR;DEL07-PR;UOP05-DEL07-PR
561608;16/11/2023;quinta-feira;08:40:00;RN;405;150;PAU DOS FERROS;Falta de acostamento;Colisão frontal;Com Vítimas Feridas;Pleno dia;Decrescente;Céu Claro;Simples;Curva;Sim;2;0;1;0;1;0;1;2;-6,10719;-38,205797;SPRF-RN;DEL04-RN;UOP02-DEL04-RN
561609;16/11/2023;quinta-feira;09:00:00;SP;116;269;TABOAO DA SERRA;Reação tardia ou ineficiente do condutor;Colisão traseira;Com Vítimas Feridas;Pleno dia;Decrescente;Nublado;Múltipla;Reta;Sim;2;0;1;0;1;0;1;2;-23,61593059;-46,78826044;SPRF-SP;DEL04-SP;UOP01-DEL04-SP
561611;04/11/2023;sábado;18:20:00;MG;365;3;MONTES CLAROS;Iluminação deficiente;Atropelamento de Pedestre;Com Vítimas Feridas;Plena Noite;Crescente;Céu Claro;Simples;Reta;Não;2;0;0;1;0;1;1;2;-16,74574399;-43,88392402;SPRF-MG;DEL12-MG;UOP01-DEL12-MG
561615;19/08/2023;sábado;13:00:00;PI;343;617;FLORIANO;Acostamento em desnível;Capotamento;Com Vítimas Feridas;Pleno dia;Decrescente;Céu Claro;Simples;Em Obras;Não;1;0;0;1;0;0;1;1;-6,929653;-43,186806;SPRF-PI;DEL03-PI;UOP01-DEL03-PI
561617;16/11/2023;quinta-feira;08:50:00;MS;163;692;RIO VERDE DE MATO GROSSO;Ingestão de álcool pelo condutor;Colisão traseira;Com Vítimas Feridas;Pleno dia;Crescente;Céu Claro;Simples;"Reta;Declive                  ";Não;3;0;1;0;2;0;1;2;-18,82623701;-54,81596602;SPRF-MS;DEL06-MS;UOP01-DEL06-MS
561618;16/11/2023;quinta-feira;08:50:00;MG;40;527,8;CONTAGEM;Avarias e/ou desgaste excessivo no pneu;Tombamento;Com Vítimas Feridas;Pleno dia;Crescente;Céu Claro;Dupla;Reta;Sim;2;0;1;1;0;0;2;1;-19,90149502;-44,04938939;SPRF-MG;DEL01-MG;UOP02-DEL01-MG
561620;16/11/2023;quinta-feira;04:35:00;TO;153;668;GURUPI;Restrição de visibilidade em curvas verticais;Atropelamento de Animal;Sem Vítimas;Amanhecer;Crescente;Céu Claro;Simples;Reta;Não;2;0;0;0;2;0;0;1;-11,69207791;-49,07070942;SPRF-TO;DEL01-TO;UOP02-DEL01-TO
561621;16/11/2023;quinta-feira;09:30:00;PI;343;190;PIRIPIRI;Ausência de reação do condutor;Colisão traseira;Com Vítimas Feridas;Pleno dia;Crescente;Céu Claro;Simples;Reta;Sim;2;0;1;0;1;0;1;2;-4,320168;-41,782341;SPRF-PI;DEL02-PI;UOP01-DEL02-PI
561623;16/11/2023;quinta-feira;10:10:00;RN;226;113,8;SANTA CRUZ;Velocidade Incompatível;Capotamento;Sem Vítimas;Pleno dia;Crescente;Céu Claro;Simples;"Curva;Aclive                  ";Sim;1;0;0;0;1;0;0;1;-6,20745574;-36,02210999;SPRF-RN;DEL03-RN;UOP02-DEL03-RN
561624;16/11/2023;quinta-feira;10:00:00;GO;414;383;CORUMBA DE GOIAS;Mal súbito do condutor;Colisão com objeto;Com Vítimas Feridas;Pleno dia;Crescente;Céu Claro;Simples;Reta;Não;3;0;3;0;0;0;3;1;-15,86047004;-48,77016595;SPRF-GO;DEL02-GO;UOP01-DEL02-GO
561625;16/11/2023;quinta-feira;08:20:00;RS;392;1,8;RIO GRANDE;Avarias e/ou desgaste excessivo no pneu;Saída de leito carroçável;Sem Vítimas;Pleno dia;Crescente;Sol;Simples;Reta;Sim;1;0;0;0;0;1;0;1;-32,12596904;-52,11130857;SPRF-RS;DEL07-RS;UOP02-DEL07-RS
561627;04/11/2023;sábado;14:42:00;DF;20;20;BRASILIA;Ausência de reação do condutor;Colisão traseira;Sem Vítimas;Pleno dia;Crescente;Nublado;Dupla;Reta;Não;4;0;0;0;4;0;0;4;-15,61064785;-47,69749761;SPRF-DF;DEL02-DF;UOP01-DEL02-DF
561631;16/11/2023;quinta-feira;11:22:00;CE;222;3,7;CAUCAIA;Ausência de reação do condutor;Colisão lateral mesmo sentido;Com Vítimas Feridas;Pleno dia;Crescente;Céu Claro;Múltipla;Reta;Sim;3;0;2;0;1;0;2;2;-3,7403769;-38,59569202;SPRF-CE;DEL01-CE;UOP01-DEL01-CE
561633;16/11/2023;quinta-feira;11:00:00;MA;135;1;SAO LUIS;Condutor deixou de manter distância do veículo da frente;Colisão traseira;Com Vítimas Feridas;Pleno dia;Crescente;Céu Claro;Dupla;Reta;Sim;2;0;0;1;1;0;1;2;-2,58917895;-44,24423719;SPRF-MA;DEL01-MA;UOP01-DEL01-MA
561634;16/11/2023;quinta-feira;11:50:00;SC;101;145;ITAPEMA;Reação tardia ou ineficiente do condutor;Queda de ocupante de veículo;Com Vítimas Feridas;Pleno dia;Decrescente;Chuva;Dupla;Curva;Sim;1;0;0;1;0;0;1;1;-27,08139206;-48,60130993;SPRF-SC;DEL04-SC;UOP03-DEL04-SC
561635;21/10/2023;sábado;00:05:00;RS;392;54,2;RIO GRANDE;Animais na Pista;Atropelamento de Animal;Com Vítimas Feridas;Plena Noite;Decrescente;Céu Claro;Dupla;Reta;Não;2;0;1;1;0;0;2;1;-31,83827896;-52,32843078;SPRF-RS;DEL07-RS;UOP02-DEL07-RS
561637;16/11/2023;quinta-feira;11:00:00;RJ;101;330;RIO DE JANEIRO;Ausência de reação do condutor;Colisão traseira;Com Vítimas Feridas;Pleno dia;Decrescente;Céu Claro;Dupla;Reta;Sim;2;0;0;1;1;0;1;2;-22,8684989;-43,18548699;SPRF-RJ;DEL02-RJ;UOP01-DEL02-RJ
561639;16/11/2023;quinta-feira;11:58:00;ES;101;218;IBIRACU;Avarias e/ou desgaste excessivo no pneu;Tombamento;Com Vítimas Feridas;Pleno dia;Decrescente;Céu Claro;Dupla;"Curva;Declive                 ";Não;2;0;2;0;0;0;2;1;-19,85770907;-40,38278103;SPRF-ES;DEL02-ES;UOP01-DEL02-ES
561640;16/11/2023;quinta-feira;12:10:00;SP;116;228;SAO PAULO;Manobra de mudança de faixa;Colisão lateral mesmo sentido;Com Vítimas Feridas;Pleno dia;Crescente;Céu Claro;Múltipla;"Aclive;Reta                   ";Sim;2;0;1;0;0;1;1;2;-23,50343484;-46,56638712;SPRF-SP;DEL01-SP;UOP01-DEL01-SP
561646;11/11/2023;sábado;00:20:00;MT;174;6;PONTES E LACERDA;Ausência de reação do condutor;Colisão traseira;Com Vítimas Feridas;Plena Noite;Crescente;Céu Claro;Simples;Aclive;Não;1;0;0;1;0;0;1;1;-15,216479;-59,353631;SPRF-MT;DEL03-MT;UOP01-DEL03-MT
561647;15/10/2023;domingo;06:00:00;MT;174;386;CONQUISTA DOESTE;Manobra de mudança de faixa;Colisão frontal;Com Vítimas Fatais;Pleno dia;Crescente;Céu Claro;Simples;Reta;Não;2;1;0;0;1;0;0;2;-14,49448025;-59,56954446;SPRF-MT;DEL04-MT;UOP01-DEL04-MT
561650;16/11/2023;quinta-feira;12:55:00;PB;101;44,7;MAMANGUAPE;Avarias e/ou desgaste excessivo no pneu;Capotamento;Com Vítimas Feridas;Pleno dia;Decrescente;Céu Claro;Dupla;Reta;Não;2;0;2;0;0;0;2;1;-6,88322894;-35,1303459;SPRF-PB;DEL01-PB;UOP04-DEL01-PB
561651;16/11/2023;quinta-feira;09:20:00;BA;110;272;INHAMBUPE;Reação tardia ou ineficiente do condutor;Queda de ocupante de veículo;Com Vítimas Feridas;Pleno dia;Crescente;Sol;Simples;Reta;Não;1;0;0;1;0;0;1;1;-11,66631687;-38,30804228;SPRF-BA;DEL01-BA;UOP04-DEL01-BA
561654;31/10/2023;terça-feira;16:15:00;SC;470;263,5;CURITIBANOS;Reação tardia ou ineficiente do condutor;Saída de leito carroçável;Com Vítimas Feridas;Pleno dia;Crescente;Céu Claro;Simples;Reta;Não;2;0;0;2;0;0;2;1;-27,302788;-50,701061;SPRF-SC;DEL05-SC;UOP03-DEL05-SC
561657;16/11/2023;quinta-feira;11:45:00;RJ;101;575;PARATY;Reação tardia ou ineficiente do condutor;Colisão traseira;Com Vítimas Feridas;Pleno dia;Crescente;Céu Claro;Simples;Reta;Não;2;0;1;0;1;0;1;2;-23,22374513;-44,73223323;SPRF-RJ;DEL03-RJ;UOP04-DEL03-RJ
561658;16/11/2023;quinta-feira;12:40:00;PE;232;57;POMBOS;Reação tardia ou ineficiente do condutor;Engavetamento;Com Vítimas Feridas;Pleno dia;Crescente;Céu Claro;Dupla;Reta;Sim;5;0;3;0;2;0;3;3;-8,1412132;-35,38181492;SPRF-PE;DEL02-PE;UOP02-DEL02PE
561659;16/11/2023;quinta-feira;09:45:00;MT;163;752;SORRISO;Reação tardia ou ineficiente do condutor;Colisão com objeto;Sem Vítimas;Pleno dia;Crescente;Garoa/Chuvisco;Dupla;Reta;Sim;1;0;0;0;1;0;0;1;-12,65455103;-55,78936289;SPRF-MT;DEL06-MT;UOP01-DEL06-MT
561660;16/11/2023;quinta-feira;13:00:00;PE;101;32;IGARASSU;Objeto estático sobre o leito carroçável;Queda de ocupante de veículo;Com Vítimas Feridas;Pleno dia;Decrescente;Céu Claro;Dupla;Curva;Não;1;0;1;0;0;0;1;1;-7,75294197;-34,93621562;SPRF-PE;DEL01-PE;UOP02-DEL01-PE
561661;16/11/2023;quinta-feira;13:40:00;ES;101;290,3;CARIACICA;Ausência de reação do condutor;Engavetamento;Com Vítimas Feridas;Pleno dia;Decrescente;Céu Claro;Múltipla;Reta;Não;3;0;1;0;2;0;1;3;-20,28927747;-40,39181575;SPRF-ES;DEL01-ES;UOP01-DEL01-ES
561664;16/11/2023;quinta-feira;14:30:00;ES;101;266,5;SERRA;Condutor deixou de manter distância do veículo da frente;Colisão lateral mesmo sentido;Com Vítimas Feridas;Pleno dia;Crescente;Céu Claro;Dupla;Reta;Sim;2;0;1;0;1;0;1;2;-20,190199;-40,26828891;SPRF-ES;DEL02-ES;UOP01-DEL02-ES
561665;16/11/2023;quinta-feira;12:00:00;RO;364;12;VILHENA;Ausência de reação do condutor;Colisão traseira;Com Vítimas Feridas;Pleno dia;Decrescente;Sol;Dupla;Reta;Sim;2;0;1;0;1;0;1;2;-12,74353978;-60,12479424;SPRF-RO;DEL04-RO;UOP01-DEL04-RO
561668;16/11/2023;quinta-feira;13:30:00;MG;40;552;NOVA LIMA;Transitar na contramão;Colisão transversal;Com Vítimas Feridas;Pleno dia;Crescente;Céu Claro;Simples;Reta;Sim;3;0;1;0;2;0;1;2;-20,06084086;-43,97716423;SPRF-MG;DEL01-MG;UOP02-DEL01-MG
561669;16/11/2023;quinta-feira;14:15:00;RJ;40;56;PETROPOLIS;Reação tardia ou ineficiente do condutor;Colisão com objeto;Com Vítimas Fatais;Pleno dia;Decrescente;Céu Claro;Dupla;Reta;Sim;5;1;3;1;0;0;4;1;-22,36179383;-43,12627244;SPRF-RJ;DEL05-RJ;UOP02-DEL05-RJ
561670;16/11/2023;quinta-feira;14:26:00;RS;290;41,4;SANTO ANTONIO DA PATRULHA;Condutor usando celular;Capotamento;Com Vítimas Feridas;Pleno dia;Crescente;Nublado;Dupla;Reta;Não;1;0;1;0;0;0;1;1;-29,887197;-50,668839;SPRF-RS;DEL03-RS;UOP01-DEL03-RS
561671;16/11/2023;quinta-feira;15:35:00;MA;222;525;BURITICUPU;Pedestre cruzava a pista fora da faixa;Atropelamento de Pedestre;Sem Vítimas;Pleno dia;Decrescente;Céu Claro;Simples;Reta;Sim;2;0;0;0;1;1;0;2;-4,32435414;-46,44144311;SPRF-MA;DEL02-MA;UOP01-DEL02-MA
561672;16/11/2023;quinta-feira;15:05:00;MG;40;710,6;BARBACENA;Pista Escorregadia;Saída de leito carroçável;Sem Vítimas;Pleno dia;Crescente;Chuva;Dupla;Curva;Não;1;0;0;0;1;0;0;1;-21,24345674;-43,71417309;SPRF-MG;DEL05-MG;UOP02-DEL05-MG
561675;16/11/2023;quinta-feira;15:30:00;ES;101;346,8;GUARAPARI;Acessar a via sem observar a presença dos outros veículos;Colisão lateral mesmo sentido;Com Vítimas Feridas;Pleno dia;Crescente;Céu Claro;Dupla;Reta;Não;3;0;0;2;1;0;2;2;-20,6572762;-40,6175371;SPRF-ES;DEL03-ES;UOP01-DEL03-ES
561676;16/11/2023;quinta-feira;14:36:00;GO;40;5;VALPARAISO DE GOIAS;Acessar a via sem observar a presença dos outros veículos;Colisão transversal;Sem Vítimas;Pleno dia;Crescente;Céu Claro;Dupla;Reta;Não;2;0;0;0;1;1;0;2;-16,093134;-47,982236;SPRF-DF;DEL01-DF;UOP01-DEL01-DF
561678;16/11/2023;quinta-feira;11:00:00;RJ;101;330;RIO DE JANEIRO;Demais falhas mecânicas ou elétricas;Tombamento;Com Vítimas Feridas;Pleno dia;Crescente;Céu Claro;Dupla;Reta;Sim;2;0;1;0;1;0;1;1;-22,8684989;-43,18548699;SPRF-RJ;DEL02-RJ;UOP01-DEL02-RJ
561681;15/10/2023;domingo;10:00:00;MG;40;377,1;CURVELO;Reação tardia ou ineficiente do condutor;Engavetamento;Com Vítimas Feridas;Pleno dia;Crescente;Céu Claro;Simples;Reta;Não;4;0;1;0;3;0;1;4;-18,85900616;-44,74378212;SPRF-MG;DEL02-MG;UOP01-DEL02-MG
561682;16/11/2023;quinta-feira;16:20:00;SC;101;137;BALNEARIO CAMBORIU;Desrespeitar a preferência no cruzamento;Colisão transversal;Com Vítimas Feridas;Pleno dia;Crescente;Chuva;Dupla;"Retorno Regulamentado;Interseç";Sim;2;0;1;0;1;0;1;2;-27,0157238;-48,61192763;SPRF-SC;DEL04-SC;UOP03-DEL04-SC
561685;16/11/2023;quinta-feira;16:15:00;GO;153;501,5;GOIANIA;Condutor deixou de manter distância do veículo da frente;Colisão traseira;Com Vítimas Feridas;Pleno dia;Crescente;Céu Claro;Dupla;Reta;Não;4;0;0;1;3;0;1;3;-16,7189;-49,2382;SPRF-GO;DEL01-GO;UOP01-DEL01-GO
561687;16/11/2023;quinta-feira;17:00:00;MG;262;429;SAO GONCALO DO PARA;Acessar a via sem observar a presença dos outros veículos;Colisão traseira;Com Vítimas Fatais;Pleno dia;Crescente;Céu Claro;Dupla;Retorno Regulamentado;Não;3;1;0;1;1;0;1;2;-19,88839281;-44,79613504;SPRF-MG;DEL08-MG;UOP03-DEL08-MG
561691;16/11/2023;quinta-feira;16:20:00;BA;110;163;RIBEIRA DO POMBAL;Transitar na contramão;Colisão lateral sentido oposto;Sem Vítimas;Pleno dia;Crescente;Céu Claro;Simples;Reta;Não;3;0;0;0;3;0;0;2;-10,78169688;-38,51752132;SPRF-BA;DEL07-BA;UOP02-DEL07-BA