id;data_inversa;dia_semana;horario;uf;br;km;municipio;causa_acidente;tipo_acidente;classificacao_acidente;fase_dia;sentido_via;condicao_metereologica;tipo_pista;tracado_via;uso_solo;pessoas;mortos;feridos_leves;feridos_graves;ilesos;ignorados;feridos;veiculos;latitude;longitude;regional;delegacia;uop
561807;28/03/2023;terça-feira;17:20:00;MG;381;477;CONTAGEM;Entrada inopinada do pedestre;Atropelamento de Pedestre;Com Vítimas Feridas;Pleno dia;Crescente;Chuva;Dupla;"Declive;Reta                  ";Sim;2;0;0;1;1;0;1;2;-19,96179268;-44,05041676;SPRF-MG;DEL01-MG;UOP03-DEL01-MG
561808;17/11/2023;sexta-feira;09:30:00;PR;369;118;URAI;Velocidade Incompatível;Saída de leito carroçável;Com Vítimas Feridas;Pleno dia;Crescente;Céu Claro;Dupla;"Curva;Declive                 ";Não;1;0;0;1;0;0;1;1;-23,28643;-50,88105;SPRF-PR;DEL07-PR;UOP05-DEL07-PR
561809;17/11/2023;sexta-feira;10:10:00;RS;101;10,4;DOM PEDRO DE ALCANTARA;Ausência de reação do condutor;Saída de leito carroçável;Sem Vítimas;Pleno dia;Decrescente;Chuva;Dupla;Reta;Não;1;0;0;0;1;0;0;1;-29,37276611;-49,82302391;SPRF-RS;DEL03-RS;UOP02-DEL03-RS
561810;17/11/2023;sexta-feira;10:30:00;PR;376;547;BALSA NOVA;Objeto estático sobre o leito carroçável;Colisão com objeto;Sem Vítimas;Pleno dia;Crescente;Céu Claro;Dupla;Reta;Não;1;0;0;0;1;0;0;1;-25,44118193;-49,74918365;SPRF-PR;DEL03-PR;UOP03-DEL03-PR
561813;17/11/2023;sexta-feira;10:50:00;RJ;495;1;TERESOPOLIS;Ultrapassagem Indevida;Colisão lateral mesmo sentido;Com Vítimas Feridas;Pleno dia;Crescente;Sol;Simples;Reta;Sim;2;0;1;0;1;0;1;2;-22,400555;-42,976154;SPRF-RJ;DEL04-RJ;UOP01-DEL04-RJ
561816;17/11/2023;sexta-feira;09:30:00;MG;116;412;GOVERNADOR VALADARES;Mal súbito do condutor;Colisão com objeto;Com Vítimas Feridas;Pleno dia;Decrescente;Céu Claro;Simples;Reta;Sim;1;0;1;0;0;0;1;1;-18,86882342;-41,97144241;SPRF-MG;DEL06-MG;UOP01-DEL06-MG
561817;17/11/2023;sexta-feira;11:00:00;PB;104;113;LAGOA SECA;Acessar a via sem observar a presença dos outros veículos;Colisão transversal;Com Vítimas Feridas;Pleno dia;Crescente;Céu Claro;Simples;Reta;Sim;2;0;1;0;1;0;1;2;-7,15342626;-35,85241772;SPRF-PB;DEL02-PB;UOP04-DEL02-PB
561818;17/11/2023;sexta-feira;10:10:00;RJ;116;169;RIO DE JANEIRO;Manobra de mudança de faixa;Colisão transversal;Com Vítimas Feridas;Pleno dia;Crescente;Céu Claro;Simples;Interseção de Vias;Sim;4;0;3;0;1;0;3;2;-22,816206;-43,324463;SPRF-RJ;DEL01-RJ;UOP02-DEL01-RJ
561820;17/11/2023;sexta-feira;11:30:00;RJ;40;66;PETROPOLIS;Velocidade Incompatível;Capotamento;Com Vítimas Feridas;Pleno dia;Decrescente;Céu Claro;Dupla;Reta;Não;1;0;1;0;0;0;1;1;-22,4381808;-43,18488009;SPRF-RJ;DEL06-RJ;UOP01-DEL06-RJ
561821;17/11/2023;sexta-feira;09:50:00;RJ;393;236;VASSOURAS;Desrespeitar a preferência no cruzamento;Colisão transversal;Com Vítimas Feridas;Pleno dia;Crescente;Sol;Simples;Rotatória;Sim;2;0;2;0;0;0;2;2;-22,38996804;-43,64928296;SPRF-RJ;DEL05-RJ;UOP03-DEL05-RJ
561823;17/11/2023;sexta-feira;10:45:00;PR;277;7;PARANAGUA;Reação tardia ou ineficiente do condutor;Colisão transversal;Com Vítimas Feridas;Pleno dia;Crescente;Nublado;Simples;"Reta;Interseção de Vias       ";Sim;2;0;1;0;1;0;1;2;-25,568198;-48,615292;SPRF-PR;DEL01-PR;UOP05-DEL01-PR
561826;17/11/2023;sexta-feira;10:30:00;BA;101;718;EUNAPOLIS;Ausência de reação do condutor;Colisão transversal;Com Vítimas Feridas;Pleno dia;Decrescente;Céu Claro;Simples;"Reta;Declive                  ";Não;2;0;2;0;0;0;2;2;-16,384885;-39,585557;SPRF-BA;DEL09-BA;UOP01-DEL09-BA
561827;13/11/2023;segunda-feira;07:30:00;RJ;393;255;BARRA DO PIRAI;Acessar a via sem observar a presença dos outros veículos;Colisão transversal;Com Vítimas Feridas;Pleno dia;Decrescente;Céu Claro;Simples;"Reta;Interseção de Vias;Rotató";Não;2;0;1;0;1;0;1;2;-22,45028541;-43,7987758;SPRF-RJ;DEL05-RJ;UOP04-DEL05-RJ
561828;17/11/2023;sexta-feira;09:55:00;RS;386;201,5;VICTOR GRAEFF;Velocidade Incompatível;Saída de leito carroçável;Com Vítimas Feridas;Pleno dia;Crescente;Chuva;Simples;"Curva;Declive                 ";Não;1;0;1;0;0;0;1;1;-28,467812;-52,66048;SPRF-RS;DEL04-RS;UOP03-DEL04-RS
561829;17/11/2023;sexta-feira;11:45:00;RN;101;98,1;NATAL;Acumulo de óleo sobre o pavimento;Queda de ocupante de veículo;Com Vítimas Feridas;Pleno dia;Decrescente;Céu Claro;Múltipla;Curva;Sim;1;0;1;0;0;0;1;1;-5,865455;-35,216868;SPRF-RN;DEL01-RN;UOP01-DEL01-RN
561833;17/11/2023;sexta-feira;11:00:00;RJ;356;181;SAO JOAO DA BARRA;Conversão proibida;Colisão lateral sentido oposto;Com Vítimas Feridas;Pleno dia;Decrescente;Céu Claro;Simples;Reta;Sim;2;0;1;0;1;0;1;2;-21,635091;-41,044591;SPRF-RJ;DEL08-RJ;UOP02-DEL08-RJ
561834;17/11/2023;sexta-feira;12:15:00;SC;282;130,9;BOM RETIRO;Acumulo de água sobre o pavimento;Saída de leito carroçável;Com Vítimas Feridas;Pleno dia;Crescente;Chuva;Simples;Curva;Não;1;0;1;0;0;0;1;1;-27,803255;-49,505241;SPRF-SC;DEL05-SC;UOP01-DEL05-SC
561835;17/11/2023;sexta-feira;11:20:00;RJ;101;307;SAO GONCALO;Problema com o freio;Colisão com objeto;Sem Vítimas;Pleno dia;Crescente;Céu Claro;Dupla;Reta;Sim;1;0;0;0;1;0;0;1;-22,79115777;-43,01514205;SPRF-RJ;DEL02-RJ;UOP02-DEL02-RJ
561836;17/11/2023;sexta-feira;11:50:00;PE;232;411,8;SERRA TALHADA;Acessar a via sem observar a presença dos outros veículos;Colisão lateral mesmo sentido;Com Vítimas Feridas;Pleno dia;Decrescente;Sol;Simples;Reta;Não;2;0;0;1;1;0;1;2;-7,97976163;-38,31087404;SPRF-PE;DEL04-PE;UOP01-DEL04-PE
561838;31/10/2023;terça-feira;14:00:00;PR;277;77,7;SAO JOSE DOS PINHAIS;Chuva;Colisão lateral mesmo sentido;Com Vítimas Feridas;Pleno dia;Decrescente;Chuva;Dupla;Reta;Sim;3;0;2;0;1;0;2;2;-25,51327981;-49,12433291;SPRF-PR;DEL01-PR;UOP07-DEL01-PR
561839;17/11/2023;sexta-feira;13:00:00;PB;101;28;JOAO PESSOA;Manobra de mudança de faixa;Colisão lateral mesmo sentido;Sem Vítimas;Pleno dia;Decrescente;Céu Claro;Dupla;Reta;Sim;2;0;0;0;2;0;0;2;-7,16423546;-34,90069628;SPRF-PB;DEL01-PB;UOP04-DEL01-PB
561840;17/11/2023;sexta-feira;12:40:00;BA;101;159;CONCEICAO DO JACUIPE;Animais na Pista;Atropelamento de Animal;Com Vítimas Feridas;Pleno dia;Crescente;Céu Claro;Dupla;"Reta;Aclive                   ";Não;5;0;1;0;4;0;1;1;-12,35551436;-38,782478;SPRF-BA;DEL01-BA;UOP03-DEL01-BA
561845;17/11/2023;sexta-feira;08:15:00;BA;367;26;PORTO SEGURO;Ultrapassagem Indevida;Colisão frontal;Com Vítimas Feridas;Pleno dia;Decrescente;Céu Claro;Simples;Curva;Sim;2;0;1;0;1;0;1;2;-16,43071712;-39,09561713;SPRF-BA;DEL09-BA;UOP03-DEL09-BA
561846;17/11/2023;sexta-feira;14:00:00;AL;423;19,7;CANAPI;Afundamento ou ondulação no pavimento;Queda de ocupante de veículo;Com Vítimas Feridas;Pleno dia;Decrescente;Céu Claro;Simples;Reta;Não;2;0;1;1;0;0;2;1;-9,17394974;-37,45443908;SPRF-AL;DEL03-AL;UOP02-DEL03-AL
561850;17/11/2023;sexta-feira;13:40:00;MG;381;485,9;BETIM;Trafegar com motocicleta (ou similar) entre as faixas;Colisão lateral mesmo sentido;Com Vítimas Feridas;Pleno dia;Crescente;Céu Claro;Múltipla;Reta;Sim;2;0;1;0;1;0;1;2;-19,9560844;-44,1054795;SPRF-MG;DEL01-MG;UOP03-DEL01-MG
561852;17/11/2023;sexta-feira;13:24:00;MG;365;651;UBERLANDIA;Condutor Dormindo;Tombamento;Com Vítimas Feridas;Pleno dia;Decrescente;Céu Claro;Dupla;Curva;Não;1;0;1;0;0;0;1;1;-18,86755464;-48,56819793;SPRF-MG;DEL15-MG;UOP01-DEL15-MG
561853;13/11/2023;segunda-feira;18:20:00;RJ;40;102;DUQUE DE CAXIAS;Ultrapassagem Indevida;Colisão transversal;Com Vítimas Feridas;Plena Noite;Decrescente;Céu Claro;Simples;Curva;Sim;3;0;1;0;2;0;1;2;-22,61089297;-43,28656077;SPRF-RJ;DEL01-RJ;UOP01-DEL01-RJ
561854;18/09/2023;segunda-feira;17:00:00;GO;40;24;LUZIANIA;Ausência de reação do condutor;Queda de ocupante de veículo;Com Vítimas Feridas;Pleno dia;Crescente;Céu Claro;Dupla;Reta;Sim;2;0;0;1;0;1;1;2;-16,24468946;-47,9071337;SPRF-DF;DEL01-DF;UOP01-DEL01-DF
561856;17/11/2023;sexta-feira;13:45:00;SP;116;435;REGISTRO;Reação tardia ou ineficiente do condutor;Saída de leito carroçável;Sem Vítimas;Pleno dia;Decrescente;Nublado;Múltipla;Reta;Não;1;0;0;0;1;0;0;1;-24,42978592;-47,78559107;SPRF-SP;DEL05-SP;UOP01-DEL05-SP
561857;17/11/2023;sexta-feira;14:30:00;RJ;116;182;NOVA IGUACU;Reação tardia ou ineficiente do condutor;Colisão traseira;Com Vítimas Feridas;Pleno dia;Crescente;Céu Claro;Dupla;Reta;Sim;3;0;2;0;1;0;2;2;-22,7567755;-43,43107234;SPRF-RJ;DEL01-RJ;UOP02-DEL01-RJ
561858;17/11/2023;sexta-feira;14:41:00;SC;101;189,6;BIGUACU;Velocidade Incompatível;Colisão com objeto;Com Vítimas Feridas;Pleno dia;Crescente;Nublado;Dupla;"Declive;Curva                 ";Não;2;0;0;1;1;0;1;1;-27,46498469;-48,64213943;SPRF-SC;DEL01-SC;UOP01-DEL01-SC
561859;17/11/2023;sexta-feira;11:55:00;MG;116;349,2;JAMPRUCA;Reação tardia ou ineficiente do condutor;Saída de leito carroçável;Com Vítimas Feridas;Pleno dia;Crescente;Céu Claro;Simples;Reta;Não;1;0;0;1;0;0;1;1;-18,3854254;-41,80337796;SPRF-MG;DEL11-MG;UOP01-DEL11-MG
561860;17/11/2023;sexta-feira;12:40:00;MG;262;799;UBERABA;Chuva;Colisão lateral sentido oposto;Com Vítimas Feridas;Pleno dia;Crescente;Chuva;Simples;Reta;Não;3;0;3;0;0;0;3;2;-19,77864246;-47,93629597;SPRF-MG;DEL13-MG;UOP01-DEL13-MG
561861;17/11/2023;sexta-feira;13:50:00;PR;369;138,6;IBIPORA;Condutor Dormindo;Colisão com objeto;Com Vítimas Feridas;Pleno dia;Crescente;Sol;Simples;Reta;Sim;2;0;1;0;0;1;1;2;-23,27379242;-51,05558574;SPRF-PR;DEL07-PR;UOP01-DEL07-PR
561864;17/11/2023;sexta-feira;14:00:00;PE;101;46,5;IGARASSU;Manobra de mudança de faixa;Colisão lateral mesmo sentido;Com Vítimas Feridas;Pleno dia;Crescente;Céu Claro;Múltipla;Reta;Sim;2;0;1;0;1;0;1;2;-7,87406004;-34,90588126;SPRF-PE;DEL01-PE;UOP02-DEL01-PE
561865;17/11/2023;sexta-feira;14:45:00;RS;386;241,8;SOLEDADE;Acumulo de água sobre o pavimento;Colisão frontal;Com Vítimas Feridas;Pleno dia;Decrescente;Chuva;Simples;Curva;Não;2;0;1;1;0;0;2;2;-28,774895;-52,533451;SPRF-RS;DEL04-RS;UOP03-DEL04-RS
561866;17/11/2023;sexta-feira;12:40:00;MT;163;786;VERA;Ingestão de álcool ou de substâncias psicoativas pelo pedestre;Saída de leito carroçável;Sem Vítimas;Pleno dia;Decrescente;Céu Claro;Simples;"Curva;Interseção de Vias      ";Não;2;0;0;0;2;0;0;2;-12,28703081;-55,56173873;SPRF-MT;DEL06-MT;UOP01-DEL06-MT
561867;17/11/2023;sexta-feira;15:00:00;MG;50;154;UBERABA;Reação tardia ou ineficiente do condutor;Saída de leito carroçável;Com Vítimas Feridas;Pleno dia;Crescente;Céu Claro;Dupla;Reta;Não;1;0;1;0;0;0;1;1;-19,59976082;-48,02524854;SPRF-MG;DEL13-MG;UOP01-DEL13-MG
561868;17/11/2023;sexta-feira;15:30:00;PB;230;23;JOAO PESSOA;Condutor deixou de manter distância do veículo da frente;Colisão lateral mesmo sentido;Com Vítimas Feridas;Pleno dia;Decrescente;Céu Claro;Dupla;Reta;Sim;3;0;1;1;1;0;2;2;-7,15986622;-34,85937614;SPRF-PB;DEL01-PB;UOP01-DEL01-PB
561869;17/11/2023;sexta-feira;12:00:00;TO;153;184;NOVA OLINDA;Condutor Dormindo;Colisão lateral sentido oposto;Com Vítimas Feridas;Pleno dia;Crescente;Céu Claro;Simples;Reta;Não;3;0;3;0;0;0;3;2;-7,51327207;-48,39265684;SPRF-TO;DEL02-TO;UOP01-DEL02-TO
561870;17/11/2023;sexta-feira;15:30:00;SP;116;227,8;SAO PAULO;Reação tardia ou ineficiente do condutor;Colisão traseira;Com Vítimas Feridas;Pleno dia;Crescente;Céu Claro;Múltipla;Reta;Sim;2;0;0;1;1;0;1;2;-23,49659264;-46,55648754;SPRF-SP;DEL01-SP;UOP01-DEL01-SP
561872;17/11/2023;sexta-feira;14:30:00;GO;60;360;SANTO ANTONIO DA BARRA;Reação tardia ou ineficiente do condutor;Saída de leito carroçável;Sem Vítimas;Pleno dia;Decrescente;Chuva;Dupla;Curva;Não;3;0;0;0;3;0;0;1;-17,6276;-50,7675;SPRF-GO;DEL04-GO;UOP02-DEL04-GO
561874;17/11/2023;sexta-feira;15:55:00;PR;373;178;PONTA GROSSA;Transitar no Acostamento;Colisão traseira;Com Vítimas Feridas;Pleno dia;Crescente;Céu Claro;Dupla;Reta;Sim;2;0;1;0;1;0;1;2;-25,05025485;-50,23418475;SPRF-PR;DEL03-PR;UOP01-DEL03-PR
561875;12/11/2023;domingo;17:25:00;RS;116;48,9;VACARIA;Avarias e/ou desgaste excessivo no pneu;Colisão traseira;Com Vítimas Feridas;Anoitecer;Crescente;Chuva;Simples;Curva;Não;3;0;3;0;0;0;3;2;-28,56556596;-50,99566405;SPRF-RS;DEL05-RS;UOP03-DEL05-RS
561876;17/11/2023;sexta-feira;16:30:00;GO;60;94;ANAPOLIS;Condutor deixou de manter distância do veículo da frente;Colisão traseira;Com Vítimas Feridas;Pleno dia;Decrescente;Céu Claro;Simples;Reta;Não;2;0;1;0;1;0;1;2;-16,36010651;-48,93216133;SPRF-GO;DEL02-GO;UOP01-DEL02-GO
561877;17/11/2023;sexta-feira;16:20:00;RJ;116;105,9;GUAPIMIRIM;Velocidade Incompatível;Colisão com objeto;Com Vítimas Feridas;Pleno dia;Crescente;Céu Claro;Simples;"Declive;Reta                  ";Sim;4;0;0;3;1;0;3;1;-22,51502902;-43,00052292;SPRF-RJ;DEL04-RJ;UOP01-DEL04-RJ
561878;17/11/2023;sexta-feira;16:24:00;GO;20;7;FORMOSA;Ausência de reação do condutor;Colisão lateral mesmo sentido;Com Vítimas Feridas;Pleno dia;Crescente;Sol;Simples;"Aclive;Reta                   ";Não;2;0;1;0;1;0;1;2;-15,547604;-47,291592;SPRF-DF;DEL02-DF;UOP02-DEL02-DF
561879;17/11/2023;sexta-feira;15:53:00;RS;116;522,6;PELOTAS;Avarias e/ou desgaste excessivo no pneu;Queda de ocupante de veículo;Com Vítimas Feridas;Pleno dia;Decrescente;Nublado;Dupla;Reta;Não;2;0;2;0;0;0;2;1;-31,71939718;-52,37917542;SPRF-RS;DEL07-RS;UOP01-DEL07-RS
561880;17/11/2023;sexta-feira;16:50:00;SP;116;117,5;TAUBATE;Condutor deixou de manter distância do veículo da frente;Colisão traseira;Com Vítimas Feridas;Pleno dia;Decrescente;Sol;Dupla;Reta;Não;3;0;1;0;1;1;1;2;-23,0582298;-45,6176951;SPRF-SP;DEL02-SP;UOP02-DEL02-SP
561881;17/11/2023;sexta-feira;17:00:00;SP;116;116;TAUBATE;Ausência de reação do condutor;Colisão traseira;Com Vítimas Feridas;Pleno dia;Crescente;Céu Claro;Dupla;Reta;Sim;2;0;0;1;1;0;1;2;-23,05376319;-45,6088049;SPRF-SP;DEL02-SP;UOP02-DEL02-SP
561882;17/11/2023;sexta-feira;16:30:00;RJ;101;562,2;PARATY;Acessar a via sem observar a presença dos outros veículos;Colisão transversal;Com Vítimas Feridas;Pleno dia;Crescente;Céu Claro;Simples;Curva;Não;2;0;0;1;1;0;1;2;-23,133081;-44,70871;SPRF-RJ;DEL03-RJ;UOP04-DEL03-RJ
561883;17/11/2023;sexta-feira;16:20:00;PR;376;614;SAO JOSE DOS PINHAIS;Manobra de mudança de faixa;Colisão lateral mesmo sentido;Com Vítimas Feridas;Pleno dia;Decrescente;Chuva;Simples;Reta;Sim;2;0;1;0;0;1;1;2;-25,565885;-49,182647;SPRF-PR;DEL01-PR;UOP06-DEL01-PR
561885;17/11/2023;sexta-feira;15:40:00;MS;163;615,4;SAO GABRIEL DO OESTE;Acessar a via sem observar a presença dos outros veículos;Colisão transversal;Com Vítimas Feridas;Pleno dia;Crescente;Céu Claro;Simples;"Rotatória;Reta                ";Sim;2;0;1;0;1;0;1;2;-19,39073637;-54,57060659;SPRF-MS;DEL06-MS;UOP02-DEL06-MS
561886;17/10/2023;terça-feira;02:30:00;CE;116;4,8;FORTALEZA;Condutor deixou de manter distância do veículo da frente;Colisão traseira;Com Vítimas Fatais;Plena Noite;Crescente;Céu Claro;Múltipla;Reta;Sim;3;2;0;1;0;0;1;2;-3,7867209;-38,5114568;SPRF-CE;DEL01-CE;UOP02-DEL01-CE
561888;17/11/2023;sexta-feira;14:50:00;RJ;101;456,5;ANGRA DOS REIS;Acessar a via sem observar a presença dos outros veículos;Colisão transversal;Com Vítimas Feridas;Pleno dia;Crescente;Céu Claro;Simples;"Interseção de Vias;Declive;Ret";Sim;3;0;1;2;0;0;3;2;-23,03288558;-44,16793391;SPRF-RJ;DEL03-RJ;UOP03-DEL03-RJ
561889;17/11/2023;sexta-feira;16:00:00;MS;262;6;TRES LAGOAS;Acessar a via sem observar a presença dos outros veículos;Colisão transversal;Com Vítimas Feridas;Pleno dia;Crescente;Sol;Dupla;"Reta;Interseção de Vias       ";Sim;3;0;1;0;2;0;1;2;-20,78237921;-51,67197438;SPRF-MS;DEL07-MS;UOP01-DEL07-MS
561890;17/11/2023;sexta-feira;09:40:00;RJ;40;119;DUQUE DE CAXIAS;Condutor deixou de manter distância do veículo da frente;Colisão traseira;Com Vítimas Feridas;Pleno dia;Crescente;Céu Claro;Múltipla;Reta;Sim;3;0;0;1;2;0;1;2;-22,76375592;-43,28683062;SPRF-RJ;DEL01-RJ;UOP01-DEL01-RJ
561891;17/11/2023;sexta-feira;17:37:00;PE;232;97;BEZERROS;Manobra de mudança de faixa;Colisão lateral mesmo sentido;Com Vítimas Feridas;Plena Noite;Decrescente;Céu Claro;Dupla;Reta;Não;3;0;2;0;1;0;2;2;-8,23379718;-35,71628894;SPRF-PE;DEL02-PE;UOP02-DEL02PE
561893;17/11/2023;sexta-feira;15:50:00;RS;116;238;NOVO HAMBURGO;Pista Escorregadia;Colisão com objeto;Sem Vítimas;Pleno dia;Crescente;Chuva;Simples;"Viaduto;Curva                 ";Sim;1;0;0;0;1;0;0;1;-29,68739789;-51,14197352;SPRF-RS;DEL01-RS;UOP02-DEL01-RS
561895;17/11/2023;sexta-feira;18:40:00;RS;116;57,8;CAMPESTRE DA SERRA;Avarias e/ou desgaste excessivo no pneu;Saída de leito carroçável;Sem Vítimas;Anoitecer;Decrescente;Chuva;Simples;Curva;Não;5;0;0;0;5;0;0;1;-28,61788952;-51,04425538;SPRF-RS;DEL05-RS;UOP03-DEL05-RS
561896;17/11/2023;sexta-feira;17:25:00;RJ;116;188;NOVA IGUACU;Condutor deixou de manter distância do veículo da frente;Engavetamento;Com Vítimas Feridas;Anoitecer;Crescente;Céu Claro;Dupla;Curva;Sim;5;0;1;0;3;1;1;4;-22,7380709;-43,48213999;SPRF-RJ;DEL01-RJ;UOP02-DEL01-RJ
561897;17/11/2023;sexta-feira;18:30:00;RS;386;354;ESTRELA;Acessar a via sem observar a presença dos outros veículos;Colisão transversal;Sem Vítimas;Anoitecer;Decrescente;Chuva;Dupla;"Em Obras;Retorno Regulamentado";Não;2;0;0;0;2;0;0;2;-29,506611;-51,943012;SPRF-RS;DEL04-RS;UOP01-DEL04-RS
561898;08/10/2023;domingo;15:30:00;ES;101;260,5;SERRA;Manobra de mudança de faixa;Colisão lateral mesmo sentido;Com Vítimas Feridas;Pleno dia;Decrescente;Céu Claro;Dupla;"Reta;Aclive                   ";Sim;5;0;1;1;3;0;2;2;-20,14616415;-40,28836206;SPRF-ES;DEL02-ES;UOP01-DEL02-ES
561899;17/11/2023;sexta-feira;17:10:00;RJ;116;174;SAO JOAO DE MERITI;Ausência de reação do condutor;Colisão lateral mesmo sentido;Com Vítimas Feridas;Pleno dia;Crescente;Céu Claro;Múltipla;Reta;Sim;2;0;1;0;1;0;1;2;-22,79423806;-43,36403759;SPRF-RJ;DEL01-RJ;UOP02-DEL01-RJ
561900;17/11/2023;sexta-feira;19:10:00;GO;80;126;BARRO ALTO;Demais falhas mecânicas ou elétricas;Saída de leito carroçável;Com Vítimas Feridas;Plena Noite;Crescente;Céu Claro;Simples;Declive;Não;2;0;0;2;0;0;2;1;-15,01753225;-48,89868378;SPRF-GO;DEL07-GO;UOP02-DEL07-GO
561901;17/11/2023;sexta-feira;18:00:00;ES;447;14;VILA VELHA;Acessar a via sem observar a presença dos outros veículos;Colisão transversal;Com Vítimas Feridas;Plena Noite;Decrescente;Céu Claro;Dupla;Reta;Sim;2;0;1;1;0;0;2;2;-20,35784325;-40,3328294;SPRF-ES;DEL01-ES;UOP01-DEL01-ES
561904;17/11/2023;sexta-feira;19:00:00;PB;101;109;ALHANDRA;Ingestão de álcool e/ou substâncias psicoativas pelo pedestre;Capotamento;Com Vítimas Feridas;Plena Noite;Decrescente;Céu Claro;Dupla;Reta;Sim;1;0;0;1;0;0;1;1;-7,34361299;-34,94797909;SPRF-PB;DEL01-PB;UOP02-DEL01-PB
561905;17/11/2023;sexta-feira;16:46:00;ES;101;287;CARIACICA;Velocidade Incompatível;Tombamento;Com Vítimas Feridas;Pleno dia;Crescente;Céu Claro;Simples;Reta;Não;1;0;0;1;0;0;1;1;-20,26493528;-40,38471702;SPRF-ES;DEL01-ES;UOP01-DEL01-ES
561906;17/11/2023;sexta-feira;16:58:00;MG;40;784,1;JUIZ DE FORA;Desrespeitar a preferência no cruzamento;Colisão transversal;Com Vítimas Feridas;Pleno dia;Decrescente;Céu Claro;Dupla;"Curva;Retorno Regulamentado   ";Não;5;0;1;0;4;0;1;3;-21,71178893;-43,44743099;SPRF-MG;DEL05-MG;UOP01-DEL05-MG
561907;17/11/2023;sexta-feira;19:20:00;SC;101;227;PALHOCA;Acumulo de areia ou detritos sobre o pavimento;Tombamento;Com Vítimas Feridas;Plena Noite;Crescente;Nublado;Simples;Interseção de Vias;Sim;2;0;1;0;1;0;1;1;-27,7509149;-48,63460277;SPRF-SC;DEL01-SC;UOP02-DEL01-SC
561909;17/11/2023;sexta-feira;19:15:00;SC;101;260,2;GAROPABA;Velocidade Incompatível;Saída de leito carroçável;Com Vítimas Feridas;Plena Noite;Crescente;Nublado;Dupla;"Declive;Curva                 ";Não;1;0;1;0;0;0;1;1;-28,0210609;-48,69789507;SPRF-SC;DEL02-SC;UOP03-DEL02-SC
561911;17/11/2023;sexta-feira;17:50:00;BA;367;25,7;PORTO SEGURO;Condutor deixou de manter distância do veículo da frente;Colisão traseira;Com Vítimas Feridas;Anoitecer;Decrescente;Céu Claro;Simples;Reta;Sim;3;0;1;0;2;0;1;3;-16,43805311;-39,09107101;SPRF-BA;DEL09-BA;UOP03-DEL09-BA
561912;17/11/2023;sexta-feira;13:20:00;SP;NA;NA;UBATUBA;Conversão proibida;Colisão transversal;Com Vítimas Feridas;Pleno dia;Não Informado;Céu Claro;Simples;Reta;Sim;2;0;0;1;1;0;1;2;-23,43450962;-45,08726835;SPRF-SP;DEL06-SP;UOP01-DEL06-SP
561913;17/11/2023;sexta-feira;18:50:00;ES;101;330;GUARAPARI;Demais falhas mecânicas ou elétricas;Tombamento;Com Vítimas Feridas;Plena Noite;Crescente;Céu Claro;Dupla;Curva;Não;1;0;0;1;0;0;1;1;-20,5929953;-40,50133975;SPRF-ES;DEL03-ES;UOP01-DEL03-ES
561916;17/11/2023;sexta-feira;18:05:00;SC;280;101;SAO BENTO DO SUL;Reação tardia ou ineficiente do condutor;Saída de leito carroçável;Com Vítimas Feridas;Anoitecer;Crescente;Nevoeiro/Neblina;Simples;Curva;Não;2;0;1;0;1;0;1;1;-26,36622569;-49,34118748;SPRF-SC;DEL06-SC;UOP03-DEL06-SC
561918;17/11/2023;sexta-feira;20:30:00;RJ;393;285;VOLTA REDONDA;Ausência de reação do condutor;Colisão frontal;Com Vítimas Feridas;Plena Noite;Decrescente;Nublado;Simples;Rotatória;Sim;4;0;2;0;2;0;2;2;-22,481726;-44,06308602;SPRF-RJ;DEL05-RJ;UOP04-DEL05-RJ
561919;17/11/2023;sexta-feira;16:00:00;BA;324;401;NOVA FATIMA;Ultrapassagem Indevida;Colisão frontal;Com Vítimas Feridas;Pleno dia;Crescente;Céu Claro;Simples;"Aclive;Reta                   ";Não;8;0;4;2;2;0;6;2;-11,58663793;-39,65183093;SPRF-BA;DEL04-BA;UOP02-DEL04-BA
561921;09/11/2023;quinta-feira;06:40:00;BA;116;422;FEIRA DE SANTANA;Reação tardia ou ineficiente do condutor;Colisão transversal;Com Vítimas Feridas;Pleno dia;Crescente;Céu Claro;Dupla;Reta;Não;3;0;2;0;0;1;2;2;-12,22064702;-38,96561131;SPRF-BA;DEL02-BA;UOP01-DEL02-BA
561923;17/11/2023;sexta-feira;15:20:00;SP;116;219;GUARULHOS;Demais falhas mecânicas ou elétricas;Incêndio;Sem Vítimas;Pleno dia;Decrescente;Nublado;Múltipla;"Reta;Em Obras                 ";Sim;1;0;0;0;1;0;0;1;-23,46143954;-46,48885316;SPRF-SP;DEL01-SP;UOP01-DEL01-SP
561924;17/11/2023;sexta-feira;21:30:00;PR;277;68;SAO JOSE DOS PINHAIS;Ausência de reação do condutor;Capotamento;Com Vítimas Feridas;Plena Noite;Crescente;Nublado;Dupla;Reta;Não;2;0;2;0;0;0;2;1;-25,54112281;-49,06183391;SPRF-PR;DEL01-PR;UOP01-DEL01-PR
561925;17/11/2023;sexta-feira;21:30:00;SP;116;230;SAO PAULO;Trafegar com motocicleta (ou similar) entre as faixas;Colisão lateral mesmo sentido;Com Vítimas Feridas;Plena Noite;Decrescente;Nublado;Múltipla;Reta;Não;2;0;0;1;1;0;1;2;-23,52251783;-46,5855702;SPRF-SP;DEL01-SP;UOP01-DEL01-SP