id;data_inversa;dia_semana;horario;uf;br;km;municipio;causa_acidente;tipo_acidente;classificacao_acidente;fase_dia;sentido_via;condicao_metereologica;tipo_pista;tracado_via;uso_solo;pessoas;mortos;feridos_leves;feridos_graves;ilesos;ignorados;feridos;veiculos;latitude;longitude;regional;delegacia;uop
561926;17/11/2023;sexta-feira;20:44:00;ES;101;233;FUNDAO;Reação tardia ou ineficiente do condutor;Queda de ocupante de veículo;Com Vítimas Feridas;Plena Noite;Decrescente;Céu Claro;Simples;"Reta;Aclive                   ";Não;1;0;0;1;0;0;1;1;-19,961042;-40,406889;SPRF-ES;DEL02-ES;UOP01-DEL02-ES
561927;17/11/2023;sexta-feira;18:25:00;MG;116;535,5;SANTA RITA DE MINAS;Transitar no Acostamento;Atropelamento de Pedestre;Com Vítimas Feridas;Anoitecer;Crescente;Céu Claro;Simples;Curva;Sim;2;0;1;1;0;0;2;2;-19,85292504;-42,14058636;SPRF-MG;DEL06-MG;UOP02-DEL06-MG
561928;17/11/2023;sexta-feira;21:00:00;BA;116;861,2;VITORIA DA CONQUISTA;Pedestre andava na pista;Atropelamento de Pedestre;Com Vítimas Fatais;Plena Noite;Crescente;Nublado;Simples;"Reta;Interseção de Vias       ";Sim;4;1;0;1;0;2;1;3;-15,137385;-41,043006;SPRF-BA;DEL08-BA;UOP01-DEL08-BA
561932;17/11/2023;sexta-feira;18:25:00;RN;101;83;SAO GONCALO DO AMARANTE;Estacionar ou parar em local proibido;Colisão traseira;Com Vítimas Feridas;Plena Noite;Crescente;Céu Claro;Dupla;Reta;Sim;2;0;1;0;1;0;1;2;-5,7710445;-35,26616981;SPRF-RN;DEL02-RN;UOP01-DEL02-RN
561933;17/11/2023;sexta-feira;21:20:00;PR;277;586,4;CASCAVEL;Acessar a via sem observar a presença dos outros veículos;Colisão transversal;Com Vítimas Feridas;Plena Noite;Crescente;Nublado;Simples;Reta;Sim;3;0;2;0;1;0;2;2;-24,9649472;-53,4210459;SPRF-PR;DEL04-PR;UOP01-DEL04-PR
561934;17/11/2023;sexta-feira;09:00:00;RJ;493;1;ITABORAI;Conversão proibida;Colisão transversal;Com Vítimas Feridas;Pleno dia;Decrescente;Céu Claro;Simples;Reta;Sim;3;0;0;1;2;0;1;2;-22,76398788;-42,92731895;SPRF-RJ;DEL02-RJ;UOP02-DEL02-RJ
561935;17/11/2023;sexta-feira;21:30:00;MA;316;517,6;CAXIAS;Acessar a via sem observar a presença dos outros veículos;Colisão transversal;Com Vítimas Fatais;Plena Noite;Crescente;Céu Claro;Simples;Reta;Não;2;1;0;0;0;1;0;2;-4,768307;-43,623756;SPRF-MA;DEL03-MA;UOP02-DEL03-MA
561936;17/11/2023;sexta-feira;22:40:00;RJ;116;1;SAPUCAIA;Acessar a via sem observar a presença dos outros veículos;Colisão transversal;Com Vítimas Feridas;Plena Noite;Decrescente;Céu Claro;Simples;Reta;Sim;2;0;1;0;1;0;1;2;-21,87743576;-42,67292698;SPRF-RJ;DEL05-RJ;UOP01-DEL05-RJ
561937;17/11/2023;sexta-feira;22:00:00;PR;153;14;JACAREZINHO;Ingestão de álcool ou de substâncias psicoativas pelo pedestre;Atropelamento de Pedestre;Com Vítimas Feridas;Plena Noite;Decrescente;Nublado;Simples;Reta;Não;2;0;1;1;0;0;2;2;-23,11032208;-49,94221363;SPRF-PR;DEL07-PR;UOP04-DEL07-PR
561942;17/11/2023;sexta-feira;20:55:00;PB;230;464,4;SOUSA;Acessar a via sem observar a presença dos outros veículos;Colisão transversal;Com Vítimas Feridas;Plena Noite;Crescente;Céu Claro;Simples;Reta;Sim;2;0;1;0;0;1;1;2;-6,780043;-38,248832;SPRF-PB;DEL03-PB;UOP03-DEL03-PB
561943;17/11/2023;sexta-feira;23:55:00;ES;101;450;MIMOSO DO SUL;Reação tardia ou ineficiente do condutor;Tombamento;Com Vítimas Feridas;Plena Noite;Decrescente;Céu Claro;Simples;"Curva;Declive                 ";Não;2;0;0;2;0;0;2;1;-21,14473102;-41,27036927;SPRF-ES;DEL03-ES;UOP02-DEL03-ES
561944;17/11/2023;sexta-feira;23:35:00;GO;40;2;VALPARAISO DE GOIAS;Manobra de mudança de faixa;Colisão lateral mesmo sentido;Com Vítimas Feridas;Plena Noite;Crescente;Garoa/Chuvisco;Dupla;Reta;Sim;3;0;0;2;1;0;2;2;-16,067129;-47,984235;SPRF-DF;DEL01-DF;UOP01-DEL01-DF
561945;18/11/2023;sábado;00:00:00;RS;290;98;PORTO ALEGRE;Ausência de reação do condutor;Colisão traseira;Sem Vítimas;Plena Noite;Decrescente;Chuva;Dupla;Reta;Não;2;0;0;0;2;0;0;2;-29,994816;-51,217403;SPRF-RS;DEL01-RS;UOP01-DEL01-RS
561946;17/11/2023;sexta-feira;22:50:00;BA;242;203;ITABERABA;Reação tardia ou ineficiente do condutor;Saída de leito carroçável;Com Vítimas Feridas;Plena Noite;Decrescente;Céu Claro;Simples;Reta;Não;1;0;1;0;0;0;1;1;-12,52044392;-40,076847;SPRF-BA;DEL06-BA;UOP02-DEL06-BA
561947;18/11/2023;sábado;00:20:00;GO;40;7,9;VALPARAISO DE GOIAS;Ingestão de álcool pelo condutor;Colisão traseira;Com Vítimas Feridas;Plena Noite;Crescente;Céu Claro;Dupla;Reta;Sim;3;0;1;0;2;0;1;2;-16,108482;-47,972524;SPRF-DF;DEL01-DF;UOP01-DEL01-DF
561948;18/11/2023;sábado;00:40:00;MG;381;508;SAO JOAQUIM DE BICAS;Condutor Dormindo;Colisão com objeto;Com Vítimas Feridas;Plena Noite;Decrescente;Céu Claro;Dupla;Curva;Sim;2;0;1;0;0;1;1;2;-20,04492;-44,27148;SPRF-MG;DEL01-MG;UOP03-DEL01-MG
561950;17/11/2023;sexta-feira;19:30:00;SC;470;203,8;PONTE ALTA;Objeto estático sobre o leito carroçável;Colisão com objeto;Com Vítimas Feridas;Plena Noite;Decrescente;Nevoeiro/Neblina;Simples;"Reta;Declive                  ";Não;3;0;2;0;1;0;2;1;-27,28935;-50,16645;SPRF-SC;DEL05-SC;UOP03-DEL05-SC
561951;18/11/2023;sábado;01:35:00;MG;381;840;SAO SEBASTIAO DA BELA VISTA;Velocidade Incompatível;Queda de ocupante de veículo;Com Vítimas Feridas;Plena Noite;Decrescente;Céu Claro;Dupla;"Reta;Declive                  ";Não;1;0;1;0;0;0;1;1;-22,20222397;-45,86078203;SPRF-MG;DEL16-MG;UOP01-DEL16-MG
561953;18/11/2023;sábado;00:30:00;MG;381;532,5;ITATIAIUCU;Objeto estático sobre o leito carroçável;Colisão com objeto;Com Vítimas Feridas;Plena Noite;Decrescente;Céu Claro;Dupla;Curva;Não;3;0;1;0;2;0;1;1;-20,1904316;-44,38268793;SPRF-MG;DEL04-MG;UOP03-DEL04-MG
561956;18/11/2023;sábado;01:00:00;PI;343;590;FLORIANO;Ausência de reação do condutor;Queda de ocupante de veículo;Com Vítimas Feridas;Plena Noite;Decrescente;Céu Claro;Simples;Reta;Sim;1;0;1;0;0;0;1;1;-6,783895;-43,015095;SPRF-PI;DEL03-PI;UOP01-DEL03-PI
561958;18/11/2023;sábado;01:00:00;MG;40;610,8;CONGONHAS;Condutor Dormindo;Capotamento;Com Vítimas Feridas;Plena Noite;Decrescente;Nublado;Simples;"Viaduto;Curva                 ";Não;1;0;1;0;0;0;1;1;-20,5019758;-43,83840447;SPRF-MG;DEL05-MG;UOP02-DEL05-MG
561959;18/11/2023;sábado;02:28:00;GO;153;528,8;HIDROLANDIA;Animais na Pista;Atropelamento de Animal;Com Vítimas Feridas;Plena Noite;Crescente;Céu Claro;Dupla;Reta;Não;2;0;1;0;1;0;1;1;-16,9533;-49,2437;SPRF-GO;DEL01-GO;UOP03-DEL01-GO
561960;17/11/2023;sexta-feira;23:40:00;MG;50;172;UBERABA;Pedestre cruzava a pista fora da faixa;Atropelamento de Pedestre;Com Vítimas Fatais;Plena Noite;Decrescente;Nublado;Dupla;Reta;Sim;2;1;0;0;0;1;0;2;-19,74554892;-47,98382166;SPRF-MG;DEL13-MG;UOP01-DEL13-MG
561961;18/11/2023;sábado;02:00:00;PI;316;0,8;TERESINA;Ingestão de álcool pelo condutor;Colisão com objeto;Com Vítimas Feridas;Plena Noite;Crescente;Céu Claro;Simples;Ponte;Não;1;0;1;0;0;0;1;1;-5,131168;-42,81564;SPRF-PI;DEL01-PI;UOP02-DEL01-PI
561962;18/11/2023;sábado;02:15:00;PR;163;269;TOLEDO;Ingestão de álcool pelo condutor;Saída de leito carroçável;Com Vítimas Feridas;Plena Noite;Crescente;Céu Claro;Dupla;Reta;Não;1;0;1;0;0;0;1;1;-24,62546569;-53,89802092;SPRF-PR;DEL06-PR;UOP02-DEL06-PR
561964;18/11/2023;sábado;03:00:00;PR;163;278;QUATRO PONTES;Ingestão de álcool pelo condutor;Saída de leito carroçável;Sem Vítimas;Plena Noite;Crescente;Nublado;Simples;"Reta;Em Obras;Declive         ";Não;1;0;0;0;1;0;0;1;-24,60094197;-53,98016768;SPRF-PR;DEL06-PR;UOP02-DEL06-PR
561966;18/11/2023;sábado;01:25:00;RJ;393;255;BARRA DO PIRAI;Pedestre andava na pista;Atropelamento de Pedestre;Com Vítimas Feridas;Plena Noite;Crescente;Nublado;Dupla;Reta;Sim;2;0;0;1;0;1;1;2;-22,45028541;-43,7987758;SPRF-RJ;DEL05-RJ;UOP04-DEL05-RJ
561968;18/11/2023;sábado;03:00:00;SC;282;582;PINHALZINHO;Ingestão de álcool pelo condutor;Colisão frontal;Com Vítimas Feridas;Plena Noite;Crescente;Céu Claro;Dupla;Curva;Não;5;0;4;0;1;0;4;2;-26,82866639;-53,00971985;SPRF-SC;DEL07-SC;UOP02-DEL07-SC
561969;18/11/2023;sábado;03:35:00;RJ;101;556,8;PARATY;Velocidade Incompatível;Saída de leito carroçável;Com Vítimas Feridas;Amanhecer;Decrescente;Céu Claro;Simples;Curva;Não;2;0;1;0;1;0;1;1;-23,09154148;-44,6958992;SPRF-RJ;DEL03-RJ;UOP04-DEL03-RJ
561970;18/11/2023;sábado;01:40:00;PE;232;450,5;SAO JOSE DO BELMONTE;Ingestão de álcool pelo condutor;Colisão frontal;Com Vítimas Fatais;Plena Noite;Decrescente;Céu Claro;Simples;"Curva;Aclive                  ";Não;2;1;1;0;0;0;1;2;-7,98214482;-38,63480402;SPRF-PE;DEL04-PE;UOP01-DEL04-PE
561971;18/11/2023;sábado;04:20:00;SC;101;148;ITAPEMA;Ingestão de álcool pelo condutor;Colisão traseira;Com Vítimas Feridas;Plena Noite;Decrescente;Céu Claro;Múltipla;Reta;Não;2;0;1;0;1;0;1;2;-27,10123686;-48,61807962;SPRF-SC;DEL04-SC;UOP03-DEL04-SC
561973;18/11/2023;sábado;03:30:00;BA;330;825;IPIAU;Reação tardia ou ineficiente do condutor;Capotamento;Com Vítimas Feridas;Plena Noite;Crescente;Céu Claro;Simples;Curva;Não;1;0;1;0;0;0;1;1;-14,05165165;-39,81172061;SPRF-BA;DEL03-BA;UOP01-DEL03-BA
561974;18/11/2023;sábado;05:00:00;PA;316;60;CASTANHAL;Reação tardia ou ineficiente do condutor;Queda de ocupante de veículo;Com Vítimas Fatais;Amanhecer;Decrescente;Céu Claro;Dupla;Reta;Sim;2;1;0;0;1;0;0;2;-1,29772957;-47,95528793;SPRF-PA;DEL01-PA;UOP01-DEL01-PA
561975;18/11/2023;sábado;05:20:00;PR;277;695;SAO MIGUEL DO IGUACU;Condutor deixou de manter distância do veículo da frente;Colisão traseira;Sem Vítimas;Amanhecer;Crescente;Nublado;Dupla;Declive;Sim;2;0;0;0;1;1;0;2;-25,38205385;-54,28673709;SPRF-PR;DEL05-PR;UOP01-DEL05-PR
561976;18/11/2023;sábado;05:00:00;RJ;101;156,1;MACAE;Transitar na contramão;Colisão lateral sentido oposto;Com Vítimas Feridas;Pleno dia;Crescente;Céu Claro;Simples;Reta;Não;4;0;3;0;0;1;3;3;-22,26234085;-41,85003207;SPRF-RJ;DEL08-RJ;UOP04-DEL08-RJ
561977;18/11/2023;sábado;05:50:00;RJ;101;417,5;MANGARATIBA;Reação tardia ou ineficiente do condutor;Colisão lateral sentido oposto;Com Vítimas Feridas;Pleno dia;Crescente;Sol;Simples;"Reta;Declive                  ";Não;3;0;2;1;0;0;3;2;-22,91293797;-43,89732384;SPRF-RJ;DEL03-RJ;UOP02-DEL03-RJ
561978;18/11/2023;sábado;04:40:00;MS;163;8;MUNDO NOVO;Velocidade Incompatível;Colisão com objeto;Sem Vítimas;Amanhecer;Crescente;Céu Claro;Simples;"Declive;Curva                 ";Não;1;0;0;0;1;0;0;1;-23,99553602;-54,32870801;SPRF-MS;DEL09-MS;UOP02-DEL09-MS
561981;18/11/2023;sábado;02:30:00;RS;386;191;SANTO ANTONIO DO PLANALTO;Chuva;Colisão com objeto;Com Vítimas Feridas;Plena Noite;Crescente;Chuva;Simples;Reta;Não;1;0;1;0;0;0;1;1;-28,389027;-52,699821;SPRF-RS;DEL08-RS;UOP01-DEL08-RS
561982;17/11/2023;sexta-feira;22:05:00;ES;101;146;LINHARES;Condutor deixou de manter distância do veículo da frente;Colisão traseira;Com Vítimas Feridas;Plena Noite;Decrescente;Céu Claro;Dupla;Reta;Sim;2;0;1;0;0;1;1;2;-19,36990998;-40,06560718;SPRF-ES;DEL04-ES;UOP01-DEL04-ES
561984;18/11/2023;sábado;06:00:00;SC;480;127,6;CHAPECO;Ingestão de álcool pelo condutor;Saída de leito carroçável;Com Vítimas Feridas;Amanhecer;Crescente;Nublado;Simples;"Aclive;Reta                   ";Sim;3;0;2;1;0;0;3;1;-27,033724;-52,633896;SPRF-SC;DEL07-SC;UOP01-DEL07-SC
561985;17/11/2023;sexta-feira;14:36:00;GO;158;248,7;JATAI;Ausência de reação do condutor;Saída de leito carroçável;Com Vítimas Feridas;Plena Noite;Crescente;Nublado;Simples;Declive;Não;1;0;1;0;0;0;1;1;-17,71439095;-51,83388165;SPRF-GO;DEL05-GO;UOP01-DEL05-GO
561986;17/11/2023;sexta-feira;22:15:00;SC;470;51;BLUMENAU;Acessar a via sem observar a presença dos outros veículos;Colisão traseira;Com Vítimas Feridas;Plena Noite;Decrescente;Garoa/Chuvisco;Múltipla;Reta;Sim;3;0;2;0;1;0;2;2;-26,862339;-49,084038;SPRF-SC;DEL04-SC;UOP01-DEL04-SC
561987;18/11/2023;sábado;06:55:00;BA;101;256;CONCEICAO DO ALMEIDA;Frear bruscamente;Queda de ocupante de veículo;Com Vítimas Feridas;Pleno dia;Crescente;Céu Claro;Simples;Reta;Não;2;0;2;0;0;0;2;1;-12,929102;-39,252742;SPRF-BA;DEL01-BA;UOP02-DEL01-BA
561989;18/11/2023;sábado;06:10:00;SE;101;108;SAO CRISTOVAO;Ausência de reação do condutor;Colisão transversal;Com Vítimas Feridas;Pleno dia;Crescente;Céu Claro;Dupla;"Reta;Declive                  ";Não;2;0;0;1;1;0;1;2;-10,96341297;-37,26196001;SPRF-SE;DEL02-SE;UOP01-DEL02-SE
561990;17/11/2023;sexta-feira;22:40:00;BA;101;507;ITABUNA;Ausência de reação do condutor;Colisão traseira;Com Vítimas Feridas;Plena Noite;Crescente;Céu Claro;Simples;Reta;Sim;2;0;1;0;1;0;1;2;-14,82272702;-39,29260991;SPRF-BA;DEL05-BA;UOP01-DEL05-BA
561992;18/11/2023;sábado;05:40:00;RS;116;2;PORTO ALEGRE;Acumulo de água sobre o pavimento;Colisão com objeto;Sem Vítimas;Amanhecer;Decrescente;Chuva;Dupla;Curva;Sim;1;0;0;0;0;1;0;1;-29,98734048;-51,18143499;SPRF-RS;DEL01-RS;UOP01-DEL01-RS
561993;18/11/2023;sábado;07:00:00;CE;222;2,9;FORTALEZA;Condutor desrespeitou a iluminação vermelha do semáforo;Colisão transversal;Com Vítimas Feridas;Pleno dia;Crescente;Céu Claro;Múltipla;"Reta;Interseção de Vias       ";Sim;3;0;0;2;1;0;2;2;-3,73911117;-38,58687498;SPRF-CE;DEL01-CE;UOP01-DEL01-CE
561994;18/11/2023;sábado;05:20:00;MS;163;208;CAARAPO;Demais falhas mecânicas ou elétricas;Colisão com objeto;Sem Vítimas;Pleno dia;Crescente;Céu Claro;Simples;Interseção de Vias;Sim;1;0;0;0;1;0;0;1;-22,63840453;-54,81492936;SPRF-MS;DEL04-MS;UOP02-DEL04-MS
561995;17/11/2023;sexta-feira;18:00:00;RJ;116;182;NOVA IGUACU;Trafegar com motocicleta (ou similar) entre as faixas;Colisão traseira;Com Vítimas Feridas;Anoitecer;Crescente;Céu Claro;Dupla;Reta;Sim;2;0;1;0;1;0;1;2;-22,7567755;-43,43107234;SPRF-RJ;DEL01-RJ;UOP02-DEL01-RJ
561997;18/11/2023;sábado;05:34:00;MG;381;599,2;CARMOPOLIS DE MINAS;Condutor Dormindo;Capotamento;Com Vítimas Feridas;Pleno dia;Decrescente;Céu Claro;Dupla;"Reta;Declive                  ";Não;5;0;5;0;0;0;5;1;-20,61546798;-44,73611382;SPRF-MG;DEL04-MG;UOP01-DEL04-MG
561998;18/11/2023;sábado;06:45:00;PI;316;1,9;TERESINA;Condutor deixou de manter distância do veículo da frente;Colisão traseira;Com Vítimas Feridas;Pleno dia;Decrescente;Sol;Simples;"Viaduto;Aclive                ";Sim;2;0;0;1;1;0;1;2;-5,123343;-42,795245;SPRF-PI;DEL01-PI;UOP02-DEL01-PI
561999;18/11/2023;sábado;07:40:00;PI;343;202;PIRIPIRI;Pista esburacada;Saída de leito carroçável;Com Vítimas Feridas;Pleno dia;Decrescente;Céu Claro;Simples;Reta;Não;2;0;1;0;1;0;1;1;-4,395802;-41,859032;SPRF-PI;DEL02-PI;UOP01-DEL02-PI
562000;18/11/2023;sábado;07:15:00;RJ;40;125;DUQUE DE CAXIAS;Manobra de mudança de faixa;Colisão lateral mesmo sentido;Sem Vítimas;Pleno dia;Decrescente;Céu Claro;Dupla;Reta;Sim;2;0;0;0;2;0;0;2;-22,81487101;-43,28828833;SPRF-RJ;DEL01-RJ;UOP01-DEL01-RJ
562002;05/10/2023;quinta-feira;01:30:00;RS;468;106;TRES PASSOS;Ausência de reação do condutor;Saída de leito carroçável;Com Vítimas Feridas;Plena Noite;Crescente;Céu Claro;Dupla;Interseção de Vias;Não;1;0;1;0;0;0;1;1;-27,43481611;-53,95049663;SPRF-RS;DEL08-RS;UOP02-DEL08-RS
562004;18/11/2023;sábado;04:45:00;RR;174;429;MUCAJAI;Animais na Pista;Atropelamento de Animal;Sem Vítimas;Plena Noite;Crescente;Céu Claro;Simples;Reta;Não;2;0;0;0;2;0;0;1;2,294403;-60,941776;SPRF-RR;DEL01-RR;UOP01-DEL01-RR
562006;18/11/2023;sábado;08:15:00;RJ;116;180;MESQUITA;Avarias e/ou desgaste excessivo no pneu;Queda de ocupante de veículo;Com Vítimas Feridas;Pleno dia;Decrescente;Sol;Dupla;"Declive;Reta                  ";Não;2;0;2;0;0;0;2;1;-22,7651616;-43,4154728;SPRF-RJ;DEL01-RJ;UOP02-DEL01-RJ
562009;03/09/2023;domingo;12:45:00;RS;116;501,3;PELOTAS;Velocidade Incompatível;Saída de leito carroçável;Com Vítimas Feridas;Pleno dia;Decrescente;Chuva;Dupla;Reta;Não;2;0;2;0;0;0;2;1;-31,56103719;-52,25180381;SPRF-RS;DEL07-RS;UOP01-DEL07-RS
562010;17/11/2023;sexta-feira;23:00:00;GO;60;16,6;ALEXANIA;Condutor Dormindo;Saída de leito carroçável;Com Vítimas Feridas;Plena Noite;Crescente;Céu Claro;Dupla;"Reta;Aclive                   ";Não;1;0;1;0;0;0;1;1;-16,117066;-48,37258;SPRF-DF;DEL03-DF;UOP01-DEL03-DF
562011;18/11/2023;sábado;05:00:00;SP;153;147;PROMISSAO;Condutor Dormindo;Saída de leito carroçável;Com Vítimas Feridas;Amanhecer;Crescente;Céu Claro;Simples;Reta;Não;4;0;2;2;0;0;4;1;-21,39045903;-49,78991534;SPRF-SP;DEL07-SP;UOP01-DEL07-SP
562012;18/11/2023;sábado;08:48:00;PE;232;5,1;RECIFE;Condutor deixou de manter distância do veículo da frente;Colisão traseira;Com Vítimas Feridas;Pleno dia;Crescente;Céu Claro;Dupla;Curva;Sim;2;0;0;1;1;0;1;2;-8,06390366;-34,94270325;SPRF-PE;DEL01-PE;UOP01-DEL01-PE
562013;18/11/2023;sábado;05:40:00;MG;40;235;SAO GONCALO DO ABAETE;Ultrapassagem Indevida;Saída de leito carroçável;Com Vítimas Feridas;Amanhecer;Crescente;Céu Claro;Dupla;Aclive;Não;1;0;1;0;0;0;1;1;-18,02833377;-45,53404466;SPRF-MG;DEL14-MG;UOP02-DEL14-MG
562014;18/11/2023;sábado;09:00:00;DF;40;3,5;BRASILIA;Ingestão de álcool pelo condutor;Queda de ocupante de veículo;Com Vítimas Feridas;Pleno dia;Decrescente;Céu Claro;Dupla;Reta;Sim;2;0;2;0;0;0;2;1;-16,003145;-47,983944;SPRF-DF;DEL01-DF;UOP01-DEL01-DF
562015;18/11/2023;sábado;07:54:00;AP;210;3;MACAPA;Ingestão de álcool pelo condutor;Colisão traseira;Com Vítimas Feridas;Pleno dia;Decrescente;Sol;Dupla;Reta;Sim;2;0;1;0;1;0;1;2;0,08723365;-51,08569007;SPRF-AP;DEL01-AP;UOP01-DEL01-AP
562016;18/11/2023;sábado;08:30:00;MG;381;427;CAETE;Reação tardia ou ineficiente do condutor;Tombamento;Com Vítimas Feridas;Pleno dia;Decrescente;Céu Claro;Simples;Curva;Não;1;0;1;0;0;0;1;1;-19,78854826;-43,69815304;SPRF-MG;DEL01-MG;UOP01-DEL01-MG
562017;18/11/2023;sábado;08:20:00;PR;277;10;PARANAGUA;Mal súbito do condutor;Queda de ocupante de veículo;Com Vítimas Feridas;Pleno dia;Crescente;Céu Claro;Dupla;"Viaduto;Aclive;Curva          ";Não;1;0;0;1;0;0;1;1;-25,568198;-48,615292;SPRF-PR;DEL01-PR;UOP05-DEL01-PR
562018;18/11/2023;sábado;05:30:00;GO;414;423;ABADIANIA;Ingestão de álcool pelo condutor;Saída de leito carroçável;Com Vítimas Feridas;Amanhecer;Crescente;Céu Claro;Simples;"Aclive;Curva                  ";Não;1;0;1;0;0;0;1;1;-16,14980894;-48,88957272;SPRF-GO;DEL02-GO;UOP01-DEL02-GO
562019;18/11/2023;sábado;08:31:00;PR;277;78;CURITIBA;Ausência de reação do condutor;Colisão traseira;Com Vítimas Feridas;Pleno dia;Crescente;Céu Claro;Dupla;Reta;Não;2;0;1;0;1;0;1;2;-25,48127855;-49,19563784;SPRF-PR;DEL01-PR;UOP07-DEL01-PR
562020;18/11/2023;sábado;07:34:00;AC;364;123;RIO BRANCO;Condutor deixou de manter distância do veículo da frente;Colisão traseira;Com Vítimas Feridas;Pleno dia;Crescente;Céu Claro;Dupla;Reta;Sim;2;0;1;0;1;0;1;2;-10,0117071;-67,782373;SPRF-AC;DEL01-AC;UOP01-DEL01-AC
562021;18/11/2023;sábado;09:00:00;RJ;116;193;NOVA IGUACU;Condutor deixou de manter distância do veículo da frente;Colisão traseira;Com Vítimas Feridas;Pleno dia;Crescente;Sol;Dupla;Reta;Sim;2;0;0;1;1;0;1;2;-22,73960178;-43,52859094;SPRF-RJ;DEL01-RJ;UOP02-DEL01-RJ
562022;18/11/2023;sábado;09:25:00;BA;116;426;FEIRA DE SANTANA;Pedestre cruzava a pista fora da faixa;Atropelamento de Pedestre;Com Vítimas Feridas;Pleno dia;Crescente;Céu Claro;Simples;Reta;Não;2;0;0;2;0;0;2;2;-12,24420407;-38,98563987;SPRF-BA;DEL02-BA;UOP01-DEL02-BA
562023;18/11/2023;sábado;09:20:00;SC;101;195,1;BIGUACU;Acessar a via sem observar a presença dos outros veículos;Colisão traseira;Com Vítimas Feridas;Pleno dia;Crescente;Nublado;Múltipla;Reta;Sim;2;0;0;1;1;0;1;2;-27,5047092;-48,65010819;SPRF-SC;DEL01-SC;UOP01-DEL01-SC
562025;18/11/2023;sábado;07:25:00;RJ;101;293;ITABORAI;Condutor deixou de manter distância do veículo da frente;Colisão traseira;Com Vítimas Feridas;Pleno dia;Crescente;Sol;Dupla;Reta;Sim;2;0;1;0;1;0;1;2;-22,75508961;-42,89121509;SPRF-RJ;DEL02-RJ;UOP02-DEL02-RJ
562027;01/10/2023;domingo;00:55:00;RS;101;2,2;TORRES;Ausência de reação do condutor;Saída de leito carroçável;Com Vítimas Feridas;Plena Noite;Decrescente;Nublado;Dupla;Reta;Sim;2;0;1;0;1;0;1;1;-29,316784;-49,774467;SPRF-RS;DEL03-RS;UOP02-DEL03-RS
562029;18/11/2023;sábado;09:43:00;AL;101;150,6;JEQUIA DA PRAIA;Condutor Dormindo;Capotamento;Sem Vítimas;Pleno dia;Decrescente;Céu Claro;Dupla;"Declive;Curva                 ";Não;1;0;0;0;1;0;0;1;-9,89281265;-36,14986086;SPRF-AL;DEL02-AL;UOP02-DEL02-AL
562030;18/11/2023;sábado;09:50:00;SP;116;169;JACAREI;Condutor deixou de manter distância do veículo da frente;Engavetamento;Com Vítimas Feridas;Pleno dia;Decrescente;Céu Claro;Dupla;Reta;Não;8;0;5;0;3;0;5;3;-23,307652;-46,045128;SPRF-SP;DEL02-SP;UOP01-DEL02-SP
562031;18/11/2023;sábado;10:10:00;MG;116;521,2;CARATINGA;Acessar a via sem observar a presença dos outros veículos;Colisão transversal;Com Vítimas Feridas;Pleno dia;Crescente;Céu Claro;Simples;Reta;Não;2;0;1;0;1;0;1;2;-19,7341039;-42,13264957;SPRF-MG;DEL06-MG;UOP02-DEL06-MG
562032;18/11/2023;sábado;02:00:00;RS;116;580;PEDRO OSORIO;Animais na Pista;Atropelamento de Animal;Sem Vítimas;Plena Noite;Decrescente;Nublado;Simples;Reta;Não;1;0;0;0;1;0;0;1;-32,03188809;-52,84413291;SPRF-RS;DEL07-RS;UOP03-DEL07-RS
562033;18/11/2023;sábado;10:30:00;CE;222;2,1;FORTALEZA;Condutor deixou de manter distância do veículo da frente;Colisão traseira;Com Vítimas Feridas;Pleno dia;Crescente;Céu Claro;Dupla;Reta;Sim;3;0;1;1;1;0;2;2;-3,73915336;-38,58781457;SPRF-CE;DEL01-CE;UOP01-DEL01-CE
562036;18/11/2023;sábado;09:30:00;PR;116;209;RIO NEGRO;Acessar a via sem observar a presença dos outros veículos;Colisão transversal;Com Vítimas Feridas;Pleno dia;Crescente;Nublado;Simples;Reta;Não;3;0;1;0;2;0;1;2;-26,07620916;-49,75230908;SPRF-SC;DEL06-SC;UOP01-DEL06-SC
562038;18/11/2023;sábado;11:00:00;ES;101;144,8;LINHARES;Manobra de mudança de faixa;Colisão lateral mesmo sentido;Com Vítimas Feridas;Pleno dia;Crescente;Céu Claro;Múltipla;Reta;Sim;2;0;2;0;0;0;2;2;-19,35188295;-40,0636685;SPRF-ES;DEL04-ES;UOP01-DEL04-ES
562039;18/11/2023;sábado;11:45:00;RS;386;440;CANOAS;Ausência de reação do condutor;Saída de leito carroçável;Com Vítimas Feridas;Pleno dia;Decrescente;Chuva;Dupla;"Curva;Declive                 ";Sim;2;0;1;0;1;0;1;1;-29,88210429;-51,23456955;SPRF-RS;DEL01-RS;UOP01-DEL01-RS
562040;18/11/2023;sábado;07:00:00;BA;101;841;VEREDA;Condutor Dormindo;Saída de leito carroçável;Com Vítimas Feridas;Pleno dia;Decrescente;Céu Claro;Simples;"Curva;Aclive                  ";Não;3;0;3;0;0;0;3;1;-17,25721992;-39,63180542;SPRF-BA;DEL09-BA;UOP02-DEL09-BA