id;data_inversa;dia_semana;horario;uf;br;km;municipio;causa_acidente;tipo_acidente;classificacao_acidente;fase_dia;sentido_via;condicao_metereologica;tipo_pista;tracado_via;uso_solo;pessoas;mortos;feridos_leves;feridos_graves;ilesos;ignorados;feridos;veiculos;latitude;longitude;regional;delegacia;uop
562041;18/11/2023;sábado;12:00:00;MG;116;809,9;ALEM PARAIBA;Velocidade Incompatível;Saída de leito carroçável;Com Vítimas Feridas;Pleno dia;Crescente;Céu Claro;Simples;"Declive;Curva                 ";Não;1;0;1;0;0;0;1;1;-21,84030805;-42,68094063;SPRF-MG;DEL07-MG;UOP01-DEL07-MG
562042;18/11/2023;sábado;11:00:00;MG;40;510;RIBEIRAO DAS NEVES;Condutor deixou de manter distância do veículo da frente;Colisão traseira;Com Vítimas Feridas;Pleno dia;Decrescente;Céu Claro;Dupla;"Reta;Declive                  ";Sim;4;0;2;0;2;0;2;2;-19,77463885;-44,12321882;SPRF-MG;DEL01-MG;UOP02-DEL01-MG
562043;18/11/2023;sábado;09:33:00;MG;262;28,9;MANHUACU;Ausência de reação do condutor;Tombamento;Com Vítimas Feridas;Pleno dia;Decrescente;Sol;Simples;"Declive;Rotatória;Curva       ";Sim;1;0;1;0;0;0;1;1;-20,24402083;-41,97382413;SPRF-MG;DEL06-MG;UOP03-DEL06-MG
562044;18/11/2023;sábado;11:20:00;RO;364;421;JARU;Conversão proibida;Colisão transversal;Com Vítimas Feridas;Pleno dia;Decrescente;Céu Claro;Simples;Reta;Não;3;0;0;1;1;1;1;3;-10,47470369;-62,44575957;SPRF-RO;DEL03-RO;UOP02-DEL03-RO
562045;18/11/2023;sábado;12:50:00;GO;414;437;ANAPOLIS;Ultrapassagem Indevida;Colisão transversal;Com Vítimas Feridas;Pleno dia;Crescente;Céu Claro;Simples;Rotatória;Não;2;0;1;0;1;0;1;2;-16,26365299;-48,93824303;SPRF-GO;DEL02-GO;UOP01-DEL02-GO
562046;18/11/2023;sábado;13:35:00;SP;101;19;UBATUBA;Desrespeitar a preferência no cruzamento;Colisão traseira;Com Vítimas Feridas;Pleno dia;Crescente;Céu Claro;Dupla;Interseção de Vias;Não;4;0;1;0;2;1;1;3;-23,32120409;-44,90797484;SPRF-SP;DEL06-SP;UOP01-DEL06-SP
562047;07/11/2023;terça-feira;04:50:00;SC;470;52;BLUMENAU;Sinalização mal posicionada;Colisão com objeto;Com Vítimas Feridas;Amanhecer;Crescente;Nublado;Simples;"Interseção de Vias;Retorno Reg";Sim;1;0;1;0;0;0;1;1;-26,862286;-49,093903;SPRF-SC;DEL04-SC;UOP01-DEL04-SC
562048;18/11/2023;sábado;13:00:00;RJ;40;104;DUQUE DE CAXIAS;Demais falhas mecânicas ou elétricas;Colisão com objeto;Com Vítimas Feridas;Pleno dia;Decrescente;Céu Claro;Múltipla;Reta;Não;3;0;1;0;2;0;1;3;-22,62897902;-43,28579508;SPRF-RJ;DEL01-RJ;UOP01-DEL01-RJ
562049;18/11/2023;sábado;12:30:00;MG;381;537,4;ITATIAIUCU;Avarias e/ou desgaste excessivo no pneu;Tombamento;Com Vítimas Feridas;Pleno dia;Crescente;Sol;Dupla;Reta;Não;1;0;1;0;0;0;1;1;-20,23206636;-44,39955388;SPRF-MG;DEL04-MG;UOP03-DEL04-MG
562050;18/11/2023;sábado;12:45:00;MG;116;716,9;MURIAE;Transitar na contramão;Colisão lateral sentido oposto;Com Vítimas Feridas;Pleno dia;Crescente;Sol;Simples;"Curva;Declive                 ";Não;3;0;1;0;1;1;1;3;-21,2220898;-42,3940793;SPRF-MG;DEL07-MG;UOP02-DEL07-MG
562051;18/11/2023;sábado;07:49:00;MS;262;524,9;AQUIDAUANA;Problema na suspensão;Saída de leito carroçável;Com Vítimas Feridas;Pleno dia;Crescente;Céu Claro;Simples;Reta;Não;3;0;2;0;1;0;2;1;-20,37502822;-56,11492014;SPRF-MS;DEL03-MS;UOP01-DEL03-MS
562052;18/11/2023;sábado;13:45:00;MG;381;481;BETIM;Ausência de reação do condutor;Colisão traseira;Com Vítimas Feridas;Pleno dia;Crescente;Céu Claro;Dupla;Reta;Sim;3;0;1;0;2;0;1;2;-19,955532;-44,097209;SPRF-MG;DEL01-MG;UOP03-DEL01-MG
562053;18/11/2023;sábado;14:00:00;SC;101;177;BIGUACU;Acessar a via sem observar a presença dos outros veículos;Colisão lateral mesmo sentido;Com Vítimas Feridas;Pleno dia;Crescente;Nublado;Simples;Reta;Não;2;0;1;0;1;0;1;2;-27,35538202;-48,63241474;SPRF-SC;DEL01-SC;UOP01-DEL01-SC
562054;18/11/2023;sábado;13:30:00;PE;232;140;SAO CAITANO;Pedestre andava na pista;Eventos atípicos;Com Vítimas Feridas;Pleno dia;Crescente;Sol;Dupla;Reta;Sim;4;0;2;0;2;0;2;2;-8,32046632;-36,07694496;SPRF-PE;DEL03-PE;UOP02-DEL03-PE
562056;18/11/2023;sábado;14:20:00;SP;116;306;SAO LOURENCO DA SERRA;Ausência de reação do condutor;Tombamento;Com Vítimas Feridas;Pleno dia;Crescente;Céu Claro;Dupla;Reta;Não;1;0;1;0;0;0;1;1;-23,8486091;-46,93801566;SPRF-SP;DEL04-SP;UOP01-DEL04-SP
562060;18/11/2023;sábado;14:24:00;SP;381;41;ATIBAIA;Pedestre andava na pista;Atropelamento de Pedestre;Com Vítimas Fatais;Pleno dia;Crescente;Céu Claro;Múltipla;Reta;Não;2;1;0;0;1;0;0;2;-23,13863999;-46,57584088;SPRF-SP;DEL03-SP;UOP01-DEL03-SP
562061;18/11/2023;sábado;14:05:00;PR;376;304,8;MAUA DA SERRA;Velocidade Incompatível;Colisão com objeto;Com Vítimas Feridas;Pleno dia;Crescente;Céu Claro;Dupla;"Declive;Curva                 ";Não;1;0;0;1;0;0;1;1;-23,93160285;-51,12962008;SPRF-PR;DEL07-PR;UOP02-DEL07-PR
562062;18/11/2023;sábado;15:00:00;PB;230;28;JOAO PESSOA;Acumulo de areia ou detritos sobre o pavimento;Tombamento;Com Vítimas Feridas;Pleno dia;Decrescente;Céu Claro;Simples;Curva;Sim;1;0;0;1;0;0;1;1;-7,1651;-34,8941;SPRF-PB;DEL01-PB;UOP01-DEL01-PB
562063;18/11/2023;sábado;13:00:00;RO;NA;NA;VILHENA;Reação tardia ou ineficiente do condutor;Colisão com objeto;Sem Vítimas;Pleno dia;Não Informado;Céu Claro;Simples;"Reta;Em Obras                 ";Sim;3;0;0;0;2;1;0;2;-12,75301111;-60,14384508;SPRF-RO;DEL04-RO;UOP01-DEL04-RO
562064;18/11/2023;sábado;13:50:00;MS;163;615,6;SAO GABRIEL DO OESTE;Acessar a via sem observar a presença dos outros veículos;Colisão transversal;Com Vítimas Feridas;Pleno dia;Crescente;Sol;Simples;"Retorno Regulamentado;Interseç";Sim;2;0;1;0;1;0;1;2;-19,39850778;-54,56579964;SPRF-MS;DEL06-MS;UOP02-DEL06-MS
562065;18/11/2023;sábado;15:00:00;ES;262;19;VIANA;Acessar a via sem observar a presença dos outros veículos;Colisão transversal;Com Vítimas Feridas;Pleno dia;Crescente;Céu Claro;Simples;Reta;Sim;3;0;1;0;1;1;1;2;-20,3919143;-40,49002338;SPRF-ES;DEL01-ES;UOP01-DEL01-ES
562067;18/11/2023;sábado;15:00:00;MG;262;359;BETIM;Demais falhas mecânicas ou elétricas;Incêndio;Sem Vítimas;Pleno dia;Decrescente;Céu Claro;Dupla;Reta;Não;1;0;0;0;1;0;0;1;-19,98040055;-44,250395;SPRF-MG;DEL01-MG;UOP03-DEL01-MG
562068;18/11/2023;sábado;13:20:00;MG;381;773;CAMPANHA;Condutor Dormindo;Saída de leito carroçável;Com Vítimas Feridas;Pleno dia;Crescente;Céu Claro;Dupla;Reta;Não;1;0;1;0;0;0;1;1;-21,80014143;-45,46715288;SPRF-MG;DEL16-MG;UOP02-DEL16-MG
562070;03/11/2023;sexta-feira;02:00:00;MG;50;15;UBERLANDIA;Velocidade Incompatível;Saída de leito carroçável;Com Vítimas Feridas;Plena Noite;Crescente;Céu Claro;Dupla;Viaduto;Sim;2;0;1;1;0;0;2;1;-18,91367554;-48,17187309;SPRF-MG;DEL15-MG;UOP01-DEL15-MG
562071;18/11/2023;sábado;16:10:00;SP;116;222;GUARULHOS;Condutor deixou de manter distância do veículo da frente;Colisão traseira;Com Vítimas Feridas;Pleno dia;Decrescente;Sol;Múltipla;Reta;Sim;2;0;1;0;1;0;1;2;-23,47093408;-46,51631097;SPRF-SP;DEL01-SP;UOP01-DEL01-SP
562074;18/11/2023;sábado;15:50:00;TO;10;457;PALMAS;Acumulo de água sobre o pavimento;Colisão lateral mesmo sentido;Sem Vítimas;Pleno dia;Crescente;Chuva;Múltipla;Reta;Não;2;0;0;0;2;0;0;2;-10,27112436;-48,30525398;SPRF-TO;DEL01-TO;UOP03-DEL01-TO
562075;18/11/2023;sábado;14:30:00;RS;116;221;DOIS IRMAOS;Ausência de reação do condutor;Colisão com objeto;Com Vítimas Feridas;Pleno dia;Decrescente;Nublado;Simples;Curva;Sim;4;0;3;0;1;0;3;1;-29,57244205;-51,09624556;SPRF-RS;DEL01-RS;UOP02-DEL01-RS
562076;18/11/2023;sábado;13:05:00;SC;282;491,2;FAXINAL DOS GUEDES;Acumulo de óleo sobre o pavimento;Colisão transversal;Com Vítimas Feridas;Pleno dia;Crescente;Garoa/Chuvisco;Simples;Curva;Não;8;0;1;0;7;0;1;4;-26,872433;-52,291599;SPRF-SC;DEL07-SC;UOP01-DEL07-SC
562077;18/11/2023;sábado;15:00:00;RJ;101;495;ANGRA DOS REIS;Ingestão de álcool pelo condutor;Tombamento;Com Vítimas Feridas;Pleno dia;Crescente;Céu Claro;Simples;Curva;Não;1;0;1;0;0;0;1;1;-22,93180313;-44,32178488;SPRF-RJ;DEL03-RJ;UOP03-DEL03-RJ
562084;18/11/2023;sábado;16:23:00;ES;101;289,7;CARIACICA;Avarias e/ou desgaste excessivo no pneu;Tombamento;Com Vítimas Feridas;Pleno dia;Crescente;Céu Claro;Dupla;Reta;Sim;1;0;1;0;0;0;1;1;-20,285937;-40,392402;SPRF-ES;DEL01-ES;UOP01-DEL01-ES
562085;18/11/2023;sábado;16:00:00;RJ;101;524;ANGRA DOS REIS;Acessar a via sem observar a presença dos outros veículos;Colisão transversal;Com Vítimas Feridas;Pleno dia;Crescente;Sol;Simples;"Aclive;Interseção de Vias     ";Não;2;0;1;0;1;0;1;2;-22,99959786;-44,47765217;SPRF-RJ;DEL03-RJ;UOP03-DEL03-RJ
562086;18/11/2023;sábado;16:50:00;ES;101;146,6;LINHARES;Pista Escorregadia;Queda de ocupante de veículo;Com Vítimas Feridas;Pleno dia;Decrescente;Céu Claro;Dupla;Reta;Sim;1;0;1;0;0;0;1;1;-19,36990998;-40,06560718;SPRF-ES;DEL04-ES;UOP01-DEL04-ES
562087;18/11/2023;sábado;16:00:00;RJ;40;82;PETROPOLIS;Demais falhas mecânicas ou elétricas;Incêndio;Sem Vítimas;Pleno dia;Decrescente;Céu Claro;Simples;"Reta;Aclive                   ";Não;1;0;0;0;1;0;0;1;-22,53236813;-43,21931362;SPRF-RJ;DEL06-RJ;UOP01-DEL06-RJ
562088;18/11/2023;sábado;16:05:00;SC;282;22,9;SANTO AMARO DA IMPERATRIZ;Ultrapassagem Indevida;Colisão lateral mesmo sentido;Com Vítimas Feridas;Pleno dia;Decrescente;Nublado;Simples;Curva;Sim;4;0;0;1;1;2;1;3;-27,688507;-48,72739;SPRF-SC;DEL01-SC;UOP02-DEL01-SC
562090;18/11/2023;sábado;16:30:00;SE;235;18;LARANJEIRAS;Reação tardia ou ineficiente do condutor;Colisão com objeto;Com Vítimas Feridas;Pleno dia;Decrescente;Céu Claro;Simples;"Reta;Ponte                    ";Não;2;0;0;2;0;0;2;1;-10,846077;-37,209404;SPRF-SE;DEL01-SE;UOP02-DEL01-SE
562091;18/11/2023;sábado;06:00:00;MS;163;490;CAMPO GRANDE;Condutor Dormindo;Colisão com objeto;Com Vítimas Feridas;Pleno dia;Decrescente;Céu Claro;Simples;"Declive;Curva                 ";Sim;1;0;1;0;0;0;1;1;-20,40017983;-54,55539878;SPRF-MS;DEL01-MS;UOP02-DEL01-MS
562092;18/11/2023;sábado;15:45:00;RJ;116;170;RIO DE JANEIRO;Ingestão de álcool pelo condutor;Colisão lateral mesmo sentido;Com Vítimas Feridas;Pleno dia;Decrescente;Céu Claro;Dupla;Reta;Sim;2;0;1;0;1;0;1;2;-22,81113183;-43,3336729;SPRF-RJ;DEL01-RJ;UOP02-DEL01-RJ
562094;18/11/2023;sábado;17:20:00;PA;230;748,4;MEDICILANDIA;Ingestão de álcool pelo condutor;Colisão frontal;Com Vítimas Feridas;Pleno dia;Crescente;Céu Claro;Simples;"Reta;Aclive                   ";Não;5;0;0;1;2;2;1;3;-3,45084124;-52,9195799;SPRF-PA;DEL04-PA;UOP01-DEL04-PA
562096;18/11/2023;sábado;13:50:00;AC;364;155;BUJARI;Conversão proibida;Colisão transversal;Com Vítimas Feridas;Pleno dia;Crescente;Céu Claro;Dupla;"Rotatória;Reta                ";Sim;2;0;1;0;1;0;1;2;-9,83896251;-67,94010271;SPRF-AC;DEL01-AC;UOP01-DEL01-AC
562097;18/11/2023;sábado;17:15:00;PR;277;727;FOZ DO IGUACU;Acumulo de óleo sobre o pavimento;Saída de leito carroçável;Sem Vítimas;Pleno dia;Crescente;Nublado;Dupla;Viaduto;Sim;1;0;0;0;1;0;0;1;-25,51017487;-54,56454899;SPRF-PR;DEL05-PR;UOP03-DEL05-PR
562098;18/11/2023;sábado;17:00:00;SC;101;205,7;SAO JOSE;Reação tardia ou ineficiente do condutor;Colisão traseira;Com Vítimas Feridas;Pleno dia;Crescente;Nublado;Múltipla;Reta;Sim;3;0;1;0;2;0;1;2;-27,58313237;-48,61532885;SPRF-SC;DEL01-SC;UOP01-DEL01-SC
562101;18/11/2023;sábado;17:00:00;MG;365;850;SANTA VITORIA;Ausência de reação do condutor;Saída de leito carroçável;Com Vítimas Feridas;Anoitecer;Decrescente;Céu Claro;Simples;Curva;Não;3;0;0;1;0;2;1;2;-19,01387096;-50,31917103;SPRF-MG;DEL15-MG;UOP03-DEL15-MG
562102;18/11/2023;sábado;17:40:00;PB;230;24;JOAO PESSOA;Reação tardia ou ineficiente do condutor;Colisão lateral mesmo sentido;Com Vítimas Feridas;Anoitecer;Crescente;Céu Claro;Dupla;Reta;Sim;2;0;0;1;1;0;1;2;-7,1637;-34,8618;SPRF-PB;DEL01-PB;UOP01-DEL01-PB
562103;18/11/2023;sábado;15:50:00;MG;116;489,7;INHAPIM;Conversão proibida;Colisão frontal;Com Vítimas Feridas;Pleno dia;Crescente;Céu Claro;Simples;Curva;Não;3;0;2;0;1;0;2;2;-19,46771319;-42,13403065;SPRF-MG;DEL06-MG;UOP02-DEL06-MG
562104;18/11/2023;sábado;18:20:00;PB;230;23;JOAO PESSOA;Condutor deixou de manter distância do veículo da frente;Colisão traseira;Com Vítimas Feridas;Plena Noite;Crescente;Céu Claro;Dupla;Reta;Sim;2;0;1;0;1;0;1;2;-7,1562;-34,8574;SPRF-PB;DEL01-PB;UOP01-DEL01-PB
562107;18/11/2023;sábado;18:20:00;RS;472;578;URUGUAIANA;Acessar a via sem observar a presença dos outros veículos;Colisão transversal;Com Vítimas Feridas;Pleno dia;Decrescente;Sol;Simples;Reta;Sim;2;0;0;1;1;0;1;2;-29,7671399;-57,018372;SPRF-RS;DEL13-RS;UOP01-DEL13-RS
562108;18/11/2023;sábado;17:55:00;RN;304;44;MOSSORO;Ausência de reação do condutor;Colisão com objeto;Sem Vítimas;Plena Noite;Crescente;Céu Claro;Dupla;Reta;Sim;1;0;0;0;0;1;0;1;-5,22351428;-37,35781214;SPRF-RN;DEL04-RN;UOP01-DEL04-RN
562109;18/11/2023;sábado;18:30:00;GO;40;5,2;VALPARAISO DE GOIAS;Entrada inopinada do pedestre;Atropelamento de Pedestre;Com Vítimas Feridas;Anoitecer;Decrescente;Céu Claro;Dupla;Reta;Não;2;0;1;0;1;0;1;2;-16,093134;-47,982236;SPRF-DF;DEL01-DF;UOP01-DEL01-DF
562111;18/11/2023;sábado;18:10:00;MG;40;40;PARACATU;Reação tardia ou ineficiente do condutor;Queda de ocupante de veículo;Com Vítimas Feridas;Anoitecer;Crescente;Garoa/Chuvisco;Simples;Reta;Sim;1;0;0;1;0;0;1;1;-17,21013894;-46,88089301;SPRF-MG;DEL14-MG;UOP01-DEL14-MG
562112;18/11/2023;sábado;18:31:00;PE;232;512;SALGUEIRO;Reação tardia ou ineficiente do condutor;Colisão traseira;Com Vítimas Feridas;Plena Noite;Crescente;Céu Claro;Simples;Reta;Não;2;0;1;0;1;0;1;2;-8,07319601;-39,15511499;SPRF-PE;DEL05-PE;UOP01-DEL05-PE
562113;18/11/2023;sábado;05:40:00;GO;414;378;CORUMBA DE GOIAS;Reação tardia ou ineficiente do condutor;Saída de leito carroçável;Sem Vítimas;Pleno dia;Crescente;Céu Claro;Simples;Reta;Não;1;0;0;0;0;1;0;1;-15,83127599;-48,78021276;SPRF-GO;DEL02-GO;UOP01-DEL02-GO
562114;25/10/2023;quarta-feira;16:45:00;PR;277;730;FOZ DO IGUACU;Ausência de reação do condutor;Queda de ocupante de veículo;Com Vítimas Feridas;Pleno dia;Crescente;Ignorado;Simples;"Ponte;Reta                    ";Sim;2;0;0;1;1;0;1;1;-25,50951149;-54,59963143;SPRF-PR;DEL05-PR;UOP03-DEL05-PR
562117;18/11/2023;sábado;18:20:00;PE;232;157;TACAIMBO;Manobra de mudança de faixa;Colisão lateral sentido oposto;Com Vítimas Feridas;Pleno dia;Crescente;Céu Claro;Simples;Reta;Não;5;0;0;1;4;0;1;2;-8,32994251;-36,22627296;SPRF-PE;DEL03-PE;UOP02-DEL03-PE
562118;18/11/2023;sábado;17:00:00;RO;364;284;PRESIDENTE MEDICI;Avarias e/ou desgaste excessivo no pneu;Saída de leito carroçável;Com Vítimas Feridas;Pleno dia;Crescente;Céu Claro;Simples;Reta;Não;5;0;2;0;3;0;2;1;-11,36784623;-61,83863509;SPRF-RO;DEL02-RO;UOP01-DEL02-RO
562119;18/11/2023;sábado;19:30:00;SE;101;196;CRISTINAPOLIS;Carga excessiva e/ou mal acondicionada;Saída de leito carroçável;Com Vítimas Feridas;Plena Noite;Decrescente;Céu Claro;Simples;Curva;Não;3;0;1;2;0;0;3;2;-11,46225469;-37,74281194;SPRF-SE;DEL02-SE;UOP03-DEL02-SE
562120;18/11/2023;sábado;17:15:00;MT;364;202;RONDONOPOLIS;Reação tardia ou ineficiente do condutor;Tombamento;Com Vítimas Feridas;Pleno dia;Crescente;Céu Claro;Dupla;Reta;Sim;1;0;1;0;0;0;1;1;-16,48347324;-54,64970354;SPRF-MT;DEL02-MT;UOP01-DEL02-MT
562121;18/11/2023;sábado;14:40:00;PA;316;50;SANTA IZABEL DO PARA;Reação tardia ou ineficiente do condutor;Tombamento;Com Vítimas Feridas;Pleno dia;Decrescente;Nublado;Dupla;Reta;Sim;2;0;2;0;0;0;2;1;-1,304277;-48,04272;SPRF-PA;DEL01-PA;UOP01-DEL01-PA
562122;18/11/2023;sábado;20:00:00;GO;153;507;GOIANIA;Ausência de reação do condutor;Saída de leito carroçável;Com Vítimas Feridas;Plena Noite;Crescente;Céu Claro;Múltipla;Reta;Sim;1;0;1;0;0;0;1;1;-16,7715;-49,2387;SPRF-GO;DEL01-GO;UOP03-DEL01-GO
562123;18/11/2023;sábado;20:02:00;GO;60;94;ANAPOLIS;Demais falhas na via;Queda de ocupante de veículo;Com Vítimas Feridas;Plena Noite;Crescente;Céu Claro;Simples;Curva;Sim;1;0;1;0;0;0;1;1;-16,3611;-48,9328;SPRF-GO;DEL02-GO;UOP01-DEL02-GO
562124;18/11/2023;sábado;09:40:00;BA;101;654;ITAPEBI;Velocidade Incompatível;Saída de leito carroçável;Com Vítimas Fatais;Pleno dia;Crescente;Céu Claro;Simples;Curva;Não;2;1;0;0;1;0;0;1;-15,899152;-39,549758;SPRF-BA;DEL05-BA;UOP02-DEL05-BA
562125;18/11/2023;sábado;19:01:00;PB;230;20;JOAO PESSOA;Ingestão de álcool pelo condutor;Engavetamento;Com Vítimas Feridas;Plena Noite;Crescente;Céu Claro;Dupla;Reta;Sim;4;0;2;0;1;1;2;3;-7,1337;-34,8544;SPRF-PB;DEL01-PB;UOP01-DEL01-PB
562126;18/11/2023;sábado;20:00:00;RS;116;264;CANOAS;Acessar a via sem observar a presença dos outros veículos;Colisão lateral mesmo sentido;Com Vítimas Feridas;Plena Noite;Crescente;Céu Claro;Dupla;Reta;Sim;3;0;1;0;2;0;1;3;-29,91378344;-51,17778182;SPRF-RS;DEL01-RS;UOP01-DEL01-RS
562127;18/11/2023;sábado;19:50:00;RJ;116;177;SAO JOAO DE MERITI;Chuva;Colisão lateral mesmo sentido;Com Vítimas Feridas;Plena Noite;Crescente;Céu Claro;Dupla;Reta;Sim;2;0;1;0;1;0;1;2;-22,78055198;-43,39208599;SPRF-RJ;DEL01-RJ;UOP02-DEL01-RJ
562131;18/11/2023;sábado;16:00:00;PA;230;751;MEDICILANDIA;Ultrapassagem Indevida;Colisão transversal;Com Vítimas Feridas;Pleno dia;Crescente;Céu Claro;Simples;"Reta;Declive                  ";Não;2;0;0;1;1;0;1;2;-3,44062176;-52,88165808;SPRF-PA;DEL04-PA;UOP01-DEL04-PA
562132;18/11/2023;sábado;20:30:00;SP;381;76,5;SAO PAULO;Ausência de reação do condutor;Saída de leito carroçável;Sem Vítimas;Plena Noite;Crescente;Nublado;Múltipla;"Declive;Curva                 ";Não;1;0;0;0;1;0;0;1;-23,38372401;-46,56502116;SPRF-SP;DEL03-SP;UOP01-DEL03-SP
562133;18/11/2023;sábado;20:00:00;SC;101;429,8;SOMBRIO;Ingestão de álcool pelo condutor;Colisão traseira;Com Vítimas Feridas;Plena Noite;Decrescente;Nublado;Múltipla;Reta;Não;2;0;1;0;1;0;1;2;-29,04753891;-49,61825012;SPRF-SC;DEL02-SC;UOP02-DEL02-SC
562135;18/11/2023;sábado;20:40:00;SC;101;291;IMBITUBA;Acessar a via sem observar a presença dos outros veículos;Colisão frontal;Sem Vítimas;Plena Noite;Crescente;Nublado;Simples;Interseção de Vias;Não;3;0;0;0;3;0;0;2;-28,28960314;-48,70724738;SPRF-SC;DEL02-SC;UOP03-DEL02-SC
562137;18/11/2023;sábado;20:55:00;GO;153;442;ANAPOLIS;Manobra de mudança de faixa;Colisão lateral mesmo sentido;Com Vítimas Feridas;Plena Noite;Crescente;Céu Claro;Dupla;"Reta;Aclive                   ";Sim;2;0;1;0;1;0;1;2;-16,325272;-48,922024;SPRF-GO;DEL02-GO;UOP01-DEL02-GO
562138;18/11/2023;sábado;20:30:00;SC;470;35,3;GASPAR;Ausência de reação do condutor;Colisão com objeto;Com Vítimas Feridas;Plena Noite;Crescente;Céu Claro;Simples;"Reta;Em Obras;Desvio Temporári";Não;2;0;1;1;0;0;2;1;-26,91324681;-48,96241128;SPRF-SC;DEL04-SC;UOP01-DEL04-SC
562139;18/11/2023;sábado;20:35:00;SC;470;35,3;GASPAR;Ingestão de álcool pelo condutor;Atropelamento de Pedestre;Com Vítimas Fatais;Plena Noite;Crescente;Nevoeiro/Neblina;Simples;"Reta;Em Obras                 ";Não;3;1;0;0;1;1;0;2;-26,91324681;-48,96226108;SPRF-SC;DEL04-SC;UOP01-DEL04-SC
562140;18/11/2023;sábado;20:00:00;PA;10;341;SANTA MARIA DO PARA;Transitar na contramão;Colisão frontal;Com Vítimas Fatais;Plena Noite;Crescente;Céu Claro;Simples;Reta;Não;3;1;1;0;1;0;1;2;-1,45852904;-47,53672911;SPRF-PA;DEL01-PA;UOP02-DEL01-PA
562141;18/11/2023;sábado;17:13:00;MG;381;863;POUSO ALEGRE;Ausência de reação do condutor;Queda de ocupante de veículo;Com Vítimas Feridas;Pleno dia;Decrescente;Nublado;Dupla;"Reta;Declive                  ";Não;2;0;0;1;0;1;1;1;-22,381389;-45,94581;SPRF-MG;DEL16-MG;UOP01-DEL16-MG
562142;18/11/2023;sábado;21:20:00;SP;116;221;GUARULHOS;Condutor deixou de manter distância do veículo da frente;Tombamento;Com Vítimas Feridas;Plena Noite;Decrescente;Céu Claro;Múltipla;Reta;Não;1;0;1;0;0;0;1;1;-23,46802395;-46,50704901;SPRF-SP;DEL01-SP;UOP01-DEL01-SP
562143;18/11/2023;sábado;18:25:00;PR;277;136;BALSA NOVA;Reação tardia ou ineficiente do condutor;Colisão com objeto;Com Vítimas Feridas;Anoitecer;Decrescente;Chuva;Dupla;Reta;Não;3;0;1;1;0;1;2;2;-25,471;-49,691;SPRF-PR;DEL03-PR;UOP03-DEL03-PR
562144;18/11/2023;sábado;20:20:00;RS;290;347;SAO SEPE;Reação tardia ou ineficiente do condutor;Saída de leito carroçável;Com Vítimas Feridas;Plena Noite;Crescente;Céu Claro;Simples;"Reta;Declive                  ";Não;5;0;5;0;0;0;5;1;-30,365965;-53,643803;SPRF-RS;DEL09-RS;UOP02-DEL09-RS
562145;18/11/2023;sábado;21:10:00;SC;101;254,6;PAULO LOPES;Velocidade Incompatível;Colisão com objeto;Com Vítimas Feridas;Plena Noite;Crescente;Nublado;Múltipla;"Curva;Interseção de Vias      ";Sim;2;0;2;0;0;0;2;1;-27,98075872;-48,67985129;SPRF-SC;DEL02-SC;UOP03-DEL02-SC
562147;18/11/2023;sábado;21:18:00;PE;101;74;RECIFE;Reação tardia ou ineficiente do condutor;Saída de leito carroçável;Sem Vítimas;Plena Noite;Crescente;Céu Claro;Dupla;Reta;Sim;1;0;0;0;0;1;0;1;-8,10510039;-34,94896284;SPRF-PE;DEL01-PE;UOP01-DEL01-PE
562148;18/11/2023;sábado;18:00:00;RO;364;258;CACOAL;Demais falhas mecânicas ou elétricas;Incêndio;Com Vítimas Feridas;Anoitecer;Decrescente;Céu Claro;Simples;Curva;Não;1;0;1;0;0;0;1;1;-11,4322033;-61,63311042;SPRF-RO;DEL02-RO;UOP02-DEL02-RO
562149;18/11/2023;sábado;21:30:00;GO;60;382;RIO VERDE;Ausência de reação do condutor;Colisão com objeto;Com Vítimas Feridas;Plena Noite;Decrescente;Nublado;Múltipla;Reta;Sim;1;0;0;1;0;0;1;1;-17,779;-50,8933;SPRF-GO;DEL04-GO;UOP02-DEL04-GO
562150;18/11/2023;sábado;20:20:00;PB;361;83;PIANCO;Transitar no Acostamento;Colisão lateral mesmo sentido;Com Vítimas Feridas;Plena Noite;Crescente;Céu Claro;Simples;Curva;Sim;4;0;0;1;3;0;1;2;-7,1891707;-37,92068612;SPRF-PB;DEL03-PB;UOP01-DEL03-PB
562151;18/11/2023;sábado;22:15:00;TO;10;456;PALMAS;Estacionar ou parar em local proibido;Colisão lateral mesmo sentido;Com Vítimas Feridas;Plena Noite;Decrescente;Céu Claro;Múltipla;"Declive;Curva                 ";Sim;3;0;0;2;1;0;2;2;-10,20863984;-48,15545194;SPRF-TO;DEL01-TO;UOP03-DEL01-TO
562152;18/11/2023;sábado;22:20:00;SP;116;269;TABOAO DA SERRA;Entrada inopinada do pedestre;Atropelamento de Pedestre;Com Vítimas Feridas;Plena Noite;Decrescente;Chuva;Múltipla;Reta;Sim;2;0;1;0;1;0;1;2;-23,61593059;-46,78826044;SPRF-SP;DEL04-SP;UOP01-DEL04-SP
562153;18/11/2023;sábado;20:40:00;RJ;393;162;TRES RIOS;Reação tardia ou ineficiente do condutor;Colisão com objeto;Com Vítimas Feridas;Plena Noite;Decrescente;Céu Claro;Simples;Curva;Não;1;0;0;1;0;0;1;1;-22,10618725;-43,10077682;SPRF-RJ;DEL05-RJ;UOP02-DEL05-RJ