id;data_inversa;dia_semana;horario;uf;br;km;municipio;causa_acidente;tipo_acidente;classificacao_acidente;fase_dia;sentido_via;condicao_metereologica;tipo_pista;tracado_via;uso_solo;pessoas;mortos;feridos_leves;feridos_graves;ilesos;ignorados;feridos;veiculos;latitude;longitude;regional;delegacia;uop
562855;22/11/2023;quarta-feira;08:16:00;PI;316;309;PICOS;Manobra de mudança de faixa;Colisão lateral mesmo sentido;Com Vítimas Feridas;Pleno dia;Decrescente;Céu Claro;Simples;Reta;Sim;2;0;0;1;1;0;1;2;-7,07778744;-41,48370094;SPRF-PI;DEL04-PI;UOP01-DEL04-PI
562856;22/11/2023;quarta-feira;10:00:00;GO;414;439;ANAPOLIS;Ausência de reação do condutor;Colisão traseira;Com Vítimas Feridas;Pleno dia;Crescente;Céu Claro;Simples;Rotatória;Sim;2;0;1;0;1;0;1;2;-16,28128823;-48,94258908;SPRF-GO;DEL02-GO;UOP01-DEL02-GO
562858;22/11/2023;quarta-feira;09:00:00;GO;60;406;RIO VERDE;Condutor Dormindo;Saída de leito carroçável;Com Vítimas Feridas;Pleno dia;Decrescente;Céu Claro;Dupla;Reta;Não;2;0;0;1;1;0;1;1;-17,8154;-51,1083;SPRF-GO;DEL04-GO;UOP02-DEL04-GO
562859;22/11/2023;quarta-feira;10:00:00;PI;343;8,7;PARNAIBA;Acumulo de areia ou detritos sobre o pavimento;Tombamento;Com Vítimas Feridas;Pleno dia;Crescente;Sol;Simples;Reta;Sim;1;0;0;1;0;0;1;1;-2,90030993;-41,73079491;SPRF-PI;DEL05-PI;UOP01-DEL05-PI
562860;22/11/2023;quarta-feira;10:50:00;PE;101;68,2;RECIFE;Ausência de reação do condutor;Tombamento;Com Vítimas Feridas;Pleno dia;Decrescente;Nublado;Dupla;Viaduto;Sim;1;0;0;1;0;0;1;1;-8,05074296;-34,94580619;SPRF-PE;DEL01-PE;UOP01-DEL01-PE
562863;30/10/2023;segunda-feira;08:10:00;MG;262;378;JUATUBA;Pista Escorregadia;Saída de leito carroçável;Com Vítimas Feridas;Pleno dia;Decrescente;Nublado;Dupla;"Curva;Declive                 ";Não;2;0;2;0;0;0;2;2;-19,95652262;-44,3648278;SPRF-MG;DEL01-MG;UOP03-DEL01-MG
562868;22/11/2023;quarta-feira;12:00:00;MG;267;52;MARIPA DE MINAS;Acessar a via sem observar a presença dos outros veículos;Colisão transversal;Com Vítimas Feridas;Pleno dia;Crescente;Céu Claro;Simples;Reta;Não;2;0;1;1;0;0;2;2;-21,700347;-42,986691;SPRF-MG;DEL07-MG;UOP01-DEL07-MG
562870;22/11/2023;quarta-feira;12:40:00;MG;262;586;CAMPOS ALTOS;Chuva;Colisão frontal;Com Vítimas Feridas;Pleno dia;Decrescente;Chuva;Simples;"Declive;Curva                 ";Não;2;0;1;1;0;0;2;2;-19,66225488;-46,10030694;SPRF-MG;DEL08-MG;UOP02-DEL08-MG
562871;10/10/2023;terça-feira;06:40:00;PR;376;254;CALIFORNIA;Acessar a via sem observar a presença dos outros veículos;Tombamento;Com Vítimas Feridas;Amanhecer;Crescente;Céu Claro;Simples;Reta;Sim;1;0;1;0;0;0;1;1;-23,65810233;-51,37211323;SPRF-PR;DEL07-PR;UOP03-DEL07-PR
562872;22/11/2023;quarta-feira;11:58:00;RO;319;59;PORTO VELHO;Acessar a via sem observar a presença dos outros veículos;Colisão transversal;Com Vítimas Feridas;Pleno dia;Crescente;Nublado;Dupla;Reta;Sim;2;0;1;0;1;0;1;2;-8,74321889;-63,91046047;SPRF-RO;DEL01-RO;UOP01-DEL01-RO
562874;22/11/2023;quarta-feira;10:40:00;SC;282;532;CORDILHEIRA ALTA;Condutor deixou de manter distância do veículo da frente;Colisão traseira;Sem Vítimas;Pleno dia;Decrescente;Céu Claro;Simples;"Declive;Reta;Em Obras         ";Não;2;0;0;0;2;0;0;2;-26,996822;-52,615528;SPRF-SC;DEL07-SC;UOP01-DEL07-SC
562875;22/11/2023;quarta-feira;12:20:00;RN;406;162;CEARA-MIRIM;Condutor deixou de manter distância do veículo da frente;Colisão traseira;Com Vítimas Feridas;Pleno dia;Decrescente;Céu Claro;Simples;"Reta;Aclive                   ";Não;3;0;0;1;2;0;1;3;-5,7280941;-35,36099113;SPRF-RN;DEL02-RN;UOP01-DEL02-RN
562877;22/11/2023;quarta-feira;13:34:00;MG;381;942;EXTREMA;Ausência de reação do condutor;Tombamento;Com Vítimas Feridas;Pleno dia;Crescente;Nublado;Dupla;Curva;Não;1;0;0;1;0;0;1;1;-22,86605937;-46,34940386;SPRF-MG;DEL16-MG;UOP03-DEL16-MG
562878;22/11/2023;quarta-feira;11:20:00;SC;480;125,5;CHAPECO;Ultrapassagem Indevida;Colisão lateral mesmo sentido;Com Vítimas Feridas;Pleno dia;Crescente;Céu Claro;Simples;"Interseção de Vias;Aclive     ";Sim;2;0;1;0;1;0;1;2;-27,01674776;-52,63678182;SPRF-SC;DEL07-SC;UOP01-DEL07-SC
562881;22/11/2023;quarta-feira;11:15:00;RJ;40;109;DUQUE DE CAXIAS;Reação tardia ou ineficiente do condutor;Queda de ocupante de veículo;Com Vítimas Feridas;Pleno dia;Decrescente;Céu Claro;Simples;Curva;Sim;1;0;1;0;0;0;1;1;-22,67374628;-43,28638368;SPRF-RJ;DEL01-RJ;UOP01-DEL01-RJ
562882;22/11/2023;quarta-feira;07:30:00;AM;317;497;LABREA;Transitar na contramão;Colisão frontal;Com Vítimas Fatais;Pleno dia;Crescente;Sol;Dupla;Reta;Não;2;1;0;0;1;0;0;2;-9,407833;-67,28323;SPRF-AC;DEL01-AC;UOP01-DEL01-AC
562883;22/11/2023;quarta-feira;13:40:00;MA;10;256,7;IMPERATRIZ;Acessar a via sem observar a presença dos outros veículos;Colisão transversal;Com Vítimas Feridas;Pleno dia;Crescente;Sol;Simples;"Reta;Interseção de Vias       ";Sim;3;0;1;0;2;0;1;2;-5,499715;-47,471836;SPRF-MA;DEL04-MA;UOP01-DEL04-MA
562884;22/11/2023;quarta-feira;12:15:00;SC;101;416;ARARANGUA;Ausência de reação do condutor;Engavetamento;Com Vítimas Feridas;Pleno dia;Decrescente;Nublado;Simples;Reta;Sim;3;0;2;0;1;0;2;3;-28,96708874;-49,52338825;SPRF-SC;DEL02-SC;UOP02-DEL02-SC
562887;22/11/2023;quarta-feira;14:20:00;CE;222;3,3;CAUCAIA;Condutor deixou de manter distância do veículo da frente;Engavetamento;Sem Vítimas;Pleno dia;Decrescente;Céu Claro;Dupla;"Reta;Ponte                    ";Sim;3;0;0;0;3;0;0;3;-3,7403769;-38,59569202;SPRF-CE;DEL01-CE;UOP01-DEL01-CE
562889;25/10/2023;quarta-feira;12:50:00;MG;251;485;FRANCISCO SA;Condutor deixou de manter distância do veículo da frente;Colisão traseira;Com Vítimas Feridas;Pleno dia;Crescente;Nublado;Simples;Reta;Não;3;0;1;0;2;0;1;2;-16,50714948;-43,54451367;SPRF-MG;DEL12-MG;UOP01-DEL12-MG
562891;07/11/2023;terça-feira;07:30:00;PR;376;614;SAO JOSE DOS PINHAIS;Manobra de mudança de faixa;Colisão lateral mesmo sentido;Com Vítimas Feridas;Pleno dia;Decrescente;Céu Claro;Dupla;Reta;Sim;2;0;1;0;0;1;1;2;-25,57084314;-49,19356398;SPRF-PR;DEL01-PR;UOP06-DEL01-PR
562892;22/11/2023;quarta-feira;15:00:00;RJ;116;172;SAO JOAO DE MERITI;Ausência de reação do condutor;Colisão com objeto;Com Vítimas Feridas;Pleno dia;Crescente;Céu Claro;Simples;Reta;Sim;2;0;1;0;1;0;1;1;-22,80188151;-43,35043673;SPRF-RJ;DEL01-RJ;UOP02-DEL01-RJ
562895;22/11/2023;quarta-feira;15:15:00;SC;101;195;BIGUACU;Demais falhas mecânicas ou elétricas;Tombamento;Com Vítimas Feridas;Pleno dia;Crescente;Chuva;Dupla;Reta;Sim;1;0;0;1;0;0;1;1;-27,5047092;-48,65010819;SPRF-SC;DEL01-SC;UOP01-DEL01-SC
562896;22/11/2023;quarta-feira;14:50:00;PR;369;185;ARAPONGAS;Ultrapassagem Indevida;Colisão lateral mesmo sentido;Com Vítimas Feridas;Pleno dia;Crescente;Céu Claro;Simples;Reta;Sim;3;0;2;0;1;0;2;2;-23,41067119;-51,42754912;SPRF-PR;DEL07-PR;UOP03-DEL07-PR
562897;22/11/2023;quarta-feira;15:00:00;MG;40;529,5;CONTAGEM;Reação tardia ou ineficiente do condutor;Colisão traseira;Com Vítimas Feridas;Pleno dia;Crescente;Céu Claro;Dupla;Curva;Sim;2;0;1;0;1;0;1;1;-19,92072124;-44,03773254;SPRF-MG;DEL01-MG;UOP02-DEL01-MG
562898;22/11/2023;quarta-feira;16:00:00;RJ;116;83;TERESOPOLIS;Ausência de reação do condutor;Colisão transversal;Com Vítimas Feridas;Pleno dia;Crescente;Céu Claro;Simples;Interseção de Vias;Sim;2;0;1;0;1;0;1;2;-22,41517488;-42,95011324;SPRF-RJ;DEL04-RJ;UOP01-DEL04-RJ
562899;22/11/2023;quarta-feira;15:50:00;SC;101;119;ITAJAI;Trafegar com motocicleta (ou similar) entre as faixas;Colisão lateral mesmo sentido;Com Vítimas Feridas;Pleno dia;Crescente;Chuva;Múltipla;Reta;Não;2;0;1;0;1;0;1;2;-26,9043179;-48,71555481;SPRF-SC;DEL04-SC;UOP04-DEL04-SC
562900;22/11/2023;quarta-feira;15:30:00;SP;116;223;GUARULHOS;Trafegar com motocicleta (ou similar) entre as faixas;Tombamento;Com Vítimas Feridas;Pleno dia;Crescente;Céu Claro;Múltipla;Reta;Sim;1;0;1;0;0;0;1;1;-23,47559815;-46,5246609;SPRF-SP;DEL01-SP;UOP01-DEL01-SP
562903;22/11/2023;quarta-feira;14:00:00;AL;101;57;MESSIAS;Reação tardia ou ineficiente do condutor;Capotamento;Com Vítimas Feridas;Pleno dia;Decrescente;Céu Claro;Dupla;Curva;Não;4;0;1;0;3;0;1;1;-9,2726282;-35,79226676;SPRF-AL;DEL01-AL;UOP02-DEL01-AL
562904;22/11/2023;quarta-feira;15:00:00;SC;101;390,9;CRICIUMA;Chuva;Colisão com objeto;Com Vítimas Feridas;Pleno dia;Decrescente;Chuva;Dupla;"Reta;Declive                  ";Não;2;0;2;0;0;0;2;1;-28,79513029;-49,35435084;SPRF-SC;DEL02-SC;UOP02-DEL02-SC
562906;22/11/2023;quarta-feira;15:20:00;PR;116;122;CURITIBA;Velocidade Incompatível;Saída de leito carroçável;Com Vítimas Feridas;Pleno dia;Crescente;Garoa/Chuvisco;Dupla;Curva;Não;2;0;2;0;0;0;2;1;-25,56857207;-49,31023179;SPRF-PR;DEL01-PR;UOP03-DEL01-PR
562907;22/11/2023;quarta-feira;10:30:00;RJ;101;507,8;ANGRA DOS REIS;Manobra de mudança de faixa;Colisão frontal;Com Vítimas Fatais;Pleno dia;Crescente;Sol;Simples;"Reta;Ponte                    ";Não;5;2;2;0;0;1;2;3;-22,940419;-44,419735;SPRF-RJ;DEL03-RJ;UOP03-DEL03-RJ
562910;22/11/2023;quarta-feira;16:50:00;SC;101;146;ITAPEMA;Chuva;Tombamento;Com Vítimas Feridas;Anoitecer;Decrescente;Nublado;Múltipla;"Viaduto;Reta                  ";Sim;1;0;1;0;0;0;1;1;-27,08666525;-48,60955587;SPRF-SC;DEL04-SC;UOP03-DEL04-SC
562917;22/11/2023;quarta-feira;14:30:00;MT;163;827,5;SINOP;Ausência de reação do condutor;Queda de ocupante de veículo;Com Vítimas Feridas;Pleno dia;Decrescente;Céu Claro;Simples;Reta;Sim;1;0;1;0;0;0;1;1;-11,92022887;-55,51054865;SPRF-MT;DEL06-MT;UOP02-DEL06-MT
562918;22/11/2023;quarta-feira;17:40:00;CE;222;0;FORTALEZA;Acessar a via sem observar a presença dos outros veículos;Colisão lateral mesmo sentido;Com Vítimas Feridas;Anoitecer;Crescente;Céu Claro;Múltipla;Reta;Sim;2;0;1;0;1;0;1;2;-3,736527;-38,569497;SPRF-CE;DEL01-CE;UOP01-DEL01-CE
562919;22/11/2023;quarta-feira;17:50:00;MG;381;264;TIMOTEO;Transitar na contramão;Colisão frontal;Com Vítimas Feridas;Anoitecer;Crescente;Céu Claro;Simples;Reta;Sim;2;0;2;0;0;0;2;2;-19,52389212;-42,65444398;SPRF-MG;DEL03-MG;UOP02-DEL03-MG
562920;22/11/2023;quarta-feira;17:35:00;RN;406;171;SAO GONCALO DO AMARANTE;Reação tardia ou ineficiente do condutor;Atropelamento de Pedestre;Com Vítimas Feridas;Anoitecer;Decrescente;Céu Claro;Dupla;Reta;Sim;3;0;2;0;1;0;2;2;-5,76172663;-35,29115323;SPRF-RN;DEL02-RN;UOP01-DEL02-RN
562922;14/11/2023;terça-feira;20:10:00;MS;163;289;DOURADINA;Pedestre andava na pista;Atropelamento de Pedestre;Com Vítimas Feridas;Plena Noite;Decrescente;Céu Claro;Simples;Reta;Não;2;0;0;1;1;0;1;2;-22,0750759;-54,56541842;SPRF-MS;DEL04-MS;UOP01-DEL04-MS
562926;22/11/2023;quarta-feira;18:00:00;RS;392;61,9;PELOTAS;Manobra de mudança de faixa;Colisão lateral mesmo sentido;Com Vítimas Feridas;Pleno dia;Decrescente;Chuva;Dupla;Reta;Não;2;0;1;0;1;0;1;2;-31,78636127;-52,3528092;SPRF-RS;DEL07-RS;UOP01-DEL07-RS
562929;17/10/2023;terça-feira;10:20:00;ES;101;14;PEDRO CANARIO;Acumulo de óleo sobre o pavimento;Tombamento;Com Vítimas Feridas;Pleno dia;Decrescente;Sol;Simples;Curva;Não;1;0;0;1;0;0;1;1;-18,28229192;-39,95687688;SPRF-ES;DEL04-ES;UOP02-DEL04-ES
562930;22/11/2023;quarta-feira;17:20:00;PA;230;112;MARABA;Acessar a via sem observar a presença dos outros veículos;Colisão transversal;Com Vítimas Feridas;Pleno dia;Decrescente;Chuva;Simples;"Reta;Aclive                   ";Não;2;0;1;1;0;0;2;2;-5,36913479;-49,04877095;SPRF-PA;DEL03-PA;UOP01-DEL03-PA
562931;22/11/2023;quarta-feira;18:45:00;SC;470;56;BLUMENAU;Acessar a via sem observar a presença dos outros veículos;Colisão transversal;Com Vítimas Feridas;Anoitecer;Decrescente;Nublado;Simples;Reta;Sim;2;0;1;0;1;0;1;2;-26,87674;-49,127743;SPRF-SC;DEL04-SC;UOP01-DEL04-SC
562932;22/11/2023;quarta-feira;18:36:00;ES;101;269;SERRA;Trafegar com motocicleta (ou similar) entre as faixas;Colisão traseira;Com Vítimas Feridas;Anoitecer;Crescente;Céu Claro;Dupla;Reta;Sim;2;0;1;0;0;1;1;2;-20,21740496;-40,26990578;SPRF-ES;DEL02-ES;UOP01-DEL02-ES
562934;22/11/2023;quarta-feira;15:45:00;GO;60;245,2;INDIARA;Velocidade Incompatível;Saída de leito carroçável;Sem Vítimas;Pleno dia;Crescente;Ignorado;Dupla;Curva;Não;1;0;0;0;0;1;0;1;-17,1066;-49,9187;SPRF-GO;DEL01-GO;UOP02-DEL01-GO
562935;22/11/2023;quarta-feira;16:00:00;MG;381;758;TRES CORACOES;Problema na suspensão;Saída de leito carroçável;Com Vítimas Feridas;Pleno dia;Decrescente;Céu Claro;Dupla;Curva;Não;2;0;1;0;1;0;1;1;-21,70752761;-45,37422642;SPRF-MG;DEL16-MG;UOP02-DEL16-MG
562937;22/11/2023;quarta-feira;16:50:00;SP;116;43,5;CANAS;Demais falhas mecânicas ou elétricas;Capotamento;Com Vítimas Feridas;Pleno dia;Decrescente;Chuva;Dupla;Reta;Não;2;0;1;1;0;0;2;1;-22,6973511;-45,03013594;SPRF-SP;DEL08-SP;UOP02-DEL08-SP
562939;22/11/2023;quarta-feira;18:45:00;PR;163;147;CAPITAO LEONIDAS MARQUES;Acumulo de água sobre o pavimento;Saída de leito carroçável;Com Vítimas Feridas;Anoitecer;Crescente;Chuva;Dupla;Reta;Não;2;0;1;0;1;0;1;1;-25,44415695;-53,57850109;SPRF-PR;DEL05-PR;UOP05-DEL05-PR
562940;22/11/2023;quarta-feira;18:50:00;RS;116;247;SAO LEOPOLDO;Trafegar com motocicleta (ou similar) entre as faixas;Colisão lateral mesmo sentido;Com Vítimas Feridas;Anoitecer;Decrescente;Chuva;Dupla;Reta;Sim;6;0;1;0;5;0;1;2;-29,76733091;-51,1535296;SPRF-RS;DEL01-RS;UOP02-DEL01-RS
562941;22/11/2023;quarta-feira;18:00:00;PB;230;81,5;CALDAS BRANDAO;Reação tardia ou ineficiente do condutor;Saída de leito carroçável;Com Vítimas Fatais;Anoitecer;Decrescente;Céu Claro;Dupla;Reta;Sim;2;1;0;0;0;1;0;2;-7,1785;-35,3219;SPRF-PB;DEL01-PB;UOP03-DEL01-PB
562942;22/11/2023;quarta-feira;16:40:00;PR;369;178,4;ROLANDIA;Velocidade Incompatível;Colisão com objeto;Com Vítimas Feridas;Pleno dia;Decrescente;Céu Claro;Simples;"Viaduto;Curva                 ";Sim;1;0;0;1;0;0;1;1;-23,34913054;-51,38547599;SPRF-PR;DEL07-PR;UOP01-DEL07-PR
562943;22/11/2023;quarta-feira;18:35:00;PB;230;21,7;JOAO PESSOA;Condutor deixou de manter distância do veículo da frente;Colisão traseira;Com Vítimas Feridas;Plena Noite;Crescente;Céu Claro;Dupla;Reta;Sim;4;0;2;0;1;1;2;3;-7,1415;-34,8519;SPRF-PB;DEL01-PB;UOP01-DEL01-PB
562944;22/11/2023;quarta-feira;18:15:00;DF;20;12;BRASILIA;Acessar a via sem observar a presença dos outros veículos;Atropelamento de Pedestre;Com Vítimas Feridas;Anoitecer;Crescente;Céu Claro;Dupla;Reta;Sim;2;0;0;1;1;0;1;2;-15,642812;-47,757786;SPRF-DF;DEL02-DF;UOP01-DEL02-DF
562945;22/11/2023;quarta-feira;19:15:00;RN;101;95;NATAL;Manobra de mudança de faixa;Colisão lateral mesmo sentido;Com Vítimas Feridas;Plena Noite;Crescente;Céu Claro;Dupla;"Reta;Declive                  ";Sim;2;0;1;0;1;0;1;2;-5,84076841;-35,21035949;SPRF-RN;DEL01-RN;UOP01-DEL01-RN
562946;22/11/2023;quarta-feira;16:00:00;MG;50;111;UBERABA;Ausência de reação do condutor;Saída de leito carroçável;Com Vítimas Feridas;Pleno dia;Decrescente;Chuva;Dupla;Reta;Não;1;0;1;0;0;0;1;1;-19,23226801;-48,14217502;SPRF-MG;DEL13-MG;UOP01-DEL13-MG
562949;22/11/2023;quarta-feira;19:30:00;PE;232;147;SAO CAITANO;Área urbana sem a presença de local apropriado para a travessia de pedestres;Atropelamento de Pedestre;Com Vítimas Fatais;Plena Noite;Crescente;Céu Claro;Simples;Reta;Sim;2;1;0;0;1;0;0;2;-8,33373137;-36,13751116;SPRF-PE;DEL03-PE;UOP02-DEL03-PE
562950;22/11/2023;quarta-feira;18:40:00;PB;230;506;CAJAZEIRAS;Ausência de reação do condutor;Tombamento;Com Vítimas Feridas;Plena Noite;Decrescente;Céu Claro;Simples;"Reta;Interseção de Vias       ";Sim;1;0;0;1;0;0;1;1;-6,9008;-38,5559;SPRF-PB;DEL03-PB;UOP03-DEL03-PB
562951;22/11/2023;quarta-feira;20:00:00;RJ;116;173;SAO JOAO DE MERITI;Ultrapassagem Indevida;Colisão transversal;Com Vítimas Feridas;Plena Noite;Crescente;Céu Claro;Dupla;"Reta;Retorno Regulamentado    ";Sim;5;0;3;1;1;0;4;3;-22,79810324;-43,35726614;SPRF-RJ;DEL01-RJ;UOP02-DEL01-RJ
562955;22/11/2023;quarta-feira;17:10:00;RJ;101;471;ANGRA DOS REIS;Acessar a via sem observar a presença dos outros veículos;Colisão transversal;Com Vítimas Feridas;Pleno dia;Decrescente;Nublado;Simples;"Retorno Regulamentado;Reta    ";Sim;2;0;1;0;1;0;1;2;-22,99649604;-44,22906307;SPRF-RJ;DEL03-RJ;UOP03-DEL03-RJ
562958;22/11/2023;quarta-feira;19:15:00;SP;116;46;CANAS;Ausência de reação do condutor;Colisão traseira;Com Vítimas Feridas;Plena Noite;Decrescente;Céu Claro;Dupla;"Declive;Reta                  ";Não;2;0;0;1;1;0;1;2;-22,71393589;-45,05335608;SPRF-SP;DEL08-SP;UOP02-DEL08-SP
562959;22/11/2023;quarta-feira;20:30:00;PA;155;308,9;MARABA;Pista esburacada;Colisão com objeto;Com Vítimas Feridas;Plena Noite;Decrescente;Nublado;Simples;"Em Obras;Desvio Temporário;Ret";Não;2;0;2;0;0;0;2;1;-5,66946792;-49,11309147;SPRF-PA;DEL03-PA;UOP01-DEL03-PA
562960;22/11/2023;quarta-feira;20:50:00;RS;153;48,2;ERECHIM;Desrespeitar a preferência no cruzamento;Colisão transversal;Com Vítimas Feridas;Plena Noite;Decrescente;Garoa/Chuvisco;Simples;Reta;Sim;2;0;1;0;1;0;1;2;-27,64835;-52,25309;SPRF-RS;DEL08-RS;UOP04-DEL08-RS
562961;22/11/2023;quarta-feira;17:00:00;SC;470;247,3;CURITIBANOS;Acessar a via sem observar a presença dos outros veículos;Colisão traseira;Com Vítimas Feridas;Pleno dia;Crescente;Chuva;Simples;Reta;Sim;2;0;1;0;1;0;1;2;-27,31303665;-50,5589211;SPRF-SC;DEL05-SC;UOP03-DEL05-SC
562962;22/11/2023;quarta-feira;20:40:00;RJ;40;120;DUQUE DE CAXIAS;Acesso irregular;Queda de ocupante de veículo;Com Vítimas Feridas;Plena Noite;Decrescente;Céu Claro;Dupla;Reta;Sim;3;0;1;0;1;1;1;2;-22,77280597;-43,28626763;SPRF-RJ;DEL01-RJ;UOP01-DEL01-RJ
562966;22/11/2023;quarta-feira;18:35:00;RJ;101;476;ANGRA DOS REIS;Reação tardia ou ineficiente do condutor;Colisão traseira;Com Vítimas Feridas;Plena Noite;Crescente;Céu Claro;Simples;Reta;Não;2;0;1;0;1;0;1;2;-23,0055431;-44,26195833;SPRF-RJ;DEL03-RJ;UOP03-DEL03-RJ
562967;22/11/2023;quarta-feira;19:25:00;MG;116;651,5;FERVEDOURO;Animais na Pista;Atropelamento de Animal;Com Vítimas Feridas;Plena Noite;Decrescente;Nublado;Simples;Curva;Não;2;0;2;0;0;0;2;2;-20,726677;-42,28049;SPRF-MG;DEL07-MG;UOP02-DEL07-MG
562968;22/11/2023;quarta-feira;20:20:00;PR;277;593,9;CASCAVEL;Desrespeitar a preferência no cruzamento;Colisão lateral mesmo sentido;Com Vítimas Feridas;Plena Noite;Crescente;Chuva;Dupla;Interseção de Vias;Sim;2;0;1;0;1;0;1;2;-24,98082053;-53,48254989;SPRF-PR;DEL04-PR;UOP01-DEL04-PR
562971;22/11/2023;quarta-feira;18:12:00;AC;364;124;RIO BRANCO;Condutor deixou de manter distância do veículo da frente;Colisão traseira;Com Vítimas Feridas;Plena Noite;Crescente;Céu Claro;Dupla;Reta;Sim;2;0;1;0;1;0;1;2;-10,01152469;-67,79140099;SPRF-AC;DEL01-AC;UOP01-DEL01-AC
562973;22/11/2023;quarta-feira;20:50:00;PR;116;9;CAMPINA GRANDE DO SUL;Chuva;Saída de leito carroçável;Com Vítimas Feridas;Plena Noite;Crescente;Chuva;Dupla;Reta;Não;4;0;1;0;3;0;1;1;-25,08319454;-48,63391824;SPRF-PR;DEL01-PR;UOP02-DEL01-PR
562974;22/11/2023;quarta-feira;21:00:00;MG;40;628,8;CONSELHEIRO LAFAIETE;Transitar na contramão;Colisão frontal;Com Vítimas Feridas;Plena Noite;Decrescente;Nublado;Simples;Curva;Não;6;0;0;1;5;0;1;2;-20,654887;-43,808104;SPRF-MG;DEL05-MG;UOP02-DEL05-MG
562975;06/11/2023;segunda-feira;08:55:00;SC;101;138;BALNEARIO CAMBORIU;Condutor deixou de manter distância do veículo da frente;Colisão lateral mesmo sentido;Com Vítimas Feridas;Pleno dia;Decrescente;Céu Claro;Múltipla;Reta;Sim;2;0;1;0;1;0;1;2;-27,02397426;-48,60761649;SPRF-SC;DEL04-SC;UOP03-DEL04-SC
562976;22/11/2023;quarta-feira;19:30:00;MG;251;290;SALINAS;Reação tardia ou ineficiente do condutor;Colisão com objeto;Com Vítimas Feridas;Plena Noite;Crescente;Céu Claro;Simples;"Reta;Declive                  ";Não;1;0;1;0;0;0;1;1;-16,0601127;-42,19594908;SPRF-MG;DEL12-MG;UOP02-DEL12-MG
562978;22/11/2023;quarta-feira;23:05:00;SP;116;301,1;SAO LOURENCO DA SERRA;Reação tardia ou ineficiente do condutor;Tombamento;Sem Vítimas;Plena Noite;Decrescente;Nublado;Dupla;Reta;Não;1;0;0;0;1;0;0;1;-23,81147602;-46,92298208;SPRF-SP;DEL04-SP;UOP01-DEL04-SP
562979;22/11/2023;quarta-feira;22:00:00;SP;NA;NA;BADY BASSITT;Chuva;Saída de leito carroçável;Sem Vítimas;Plena Noite;Não Informado;Chuva;Simples;Aclive;Sim;1;0;0;0;0;1;0;1;-20,89770638;-49,43881989;SPRF-SP;DEL09-SP;UOP01-DEL09-SP
562982;22/11/2023;quarta-feira;23:40:00;SP;153;325;SALTO GRANDE;Avarias e/ou desgaste excessivo no pneu;Tombamento;Com Vítimas Feridas;Plena Noite;Decrescente;Nublado;Simples;Reta;Não;2;0;1;0;1;0;1;1;-22,807131;-49,88966573;SPRF-SP;DEL07-SP;UOP03-DEL07-SP
562986;22/11/2023;quarta-feira;22:00:00;RO;364;14;VILHENA;Desrespeitar a preferência no cruzamento;Colisão traseira;Sem Vítimas;Plena Noite;Crescente;Céu Claro;Múltipla;Reta;Sim;2;0;0;0;2;0;0;2;-12,73898138;-60,13911417;SPRF-RO;DEL04-RO;UOP01-DEL04-RO
562987;23/11/2023;quinta-feira;00:30:00;DF;40;4,6;BRASILIA;Ingestão de álcool pelo condutor;Saída de leito carroçável;Sem Vítimas;Plena Noite;Crescente;Céu Claro;Dupla;Reta;Sim;1;0;0;0;1;0;0;1;-16,012033;-47,982124;SPRF-DF;DEL01-DF;UOP01-DEL01-DF
562988;22/11/2023;quarta-feira;14:00:00;PR;277;437,5;VIRMOND;Ausência de reação do condutor;Saída de leito carroçável;Com Vítimas Feridas;Pleno dia;Decrescente;Céu Claro;Simples;Curva;Não;1;0;1;0;0;0;1;1;-25,37472497;-52,22963307;SPRF-PR;DEL04-PR;UOP02-DEL04-PR
562989;23/11/2023;quinta-feira;00:50:00;PR;376;2,2;MANDAGUARI;Avarias e/ou desgaste excessivo no pneu;Tombamento;Com Vítimas Feridas;Plena Noite;Crescente;Chuva;Simples;Reta;Sim;1;0;1;0;0;0;1;1;-23,5144;-51,69929;SPRF-PR;DEL09-PR;UOP01-DEL09-PR
562990;22/11/2023;quarta-feira;22:45:00;PB;361;18;SANTA TERESINHA;Ingestão de álcool pelo condutor;Atropelamento de Pedestre;Com Vítimas Feridas;Plena Noite;Decrescente;Céu Claro;Simples;Curva;Não;3;0;1;1;0;1;2;2;-7,06700484;-37,41014311;SPRF-PB;DEL03-PB;UOP01-DEL03-PB
562991;22/11/2023;quarta-feira;21:30:00;AC;364;112;RIO BRANCO;Reação tardia ou ineficiente do condutor;Saída de leito carroçável;Com Vítimas Fatais;Plena Noite;Decrescente;Céu Claro;Simples;Reta;Não;1;1;0;0;0;0;0;1;-10,0136782;-67,683134;SPRF-AC;DEL01-AC;UOP01-DEL01-AC
562992;23/11/2023;quinta-feira;01:20:00;PR;277;451,7;LARANJEIRAS DO SUL;Acessar a via sem observar a presença dos outros veículos;Colisão transversal;Com Vítimas Feridas;Plena Noite;Decrescente;Nublado;Simples;"Reta;Interseção de Vias       ";Sim;3;0;1;0;2;0;1;2;-25,36888683;-52,3599691;SPRF-PR;DEL04-PR;UOP02-DEL04-PR