id;data_inversa;dia_semana;horario;uf;br;km;municipio;causa_acidente;tipo_acidente;classificacao_acidente;fase_dia;sentido_via;condicao_metereologica;tipo_pista;tracado_via;uso_solo;pessoas;mortos;feridos_leves;feridos_graves;ilesos;ignorados;feridos;veiculos;latitude;longitude;regional;delegacia;uop
562993;22/11/2023;quarta-feira;21:10:00;MA;135;19;SAO LUIS;Reação tardia ou ineficiente do condutor;Colisão traseira;Com Vítimas Feridas;Pleno dia;Crescente;Céu Claro;Dupla;Reta;Sim;2;0;1;0;1;0;1;2;-2,53073;-44,3068;SPRF-MA;DEL01-MA;UOP01-DEL01-MA
562995;16/11/2023;quinta-feira;12:50:00;PB;101;88,2;JOAO PESSOA;Acumulo de areia ou detritos sobre o pavimento;Tombamento;Com Vítimas Feridas;Pleno dia;Decrescente;Chuva;Dupla;Curva;Sim;1;0;0;1;0;0;1;1;-7,16643566;-34,89510298;SPRF-PB;DEL01-PB;UOP01-DEL01-PB
562998;23/11/2023;quinta-feira;05:53:00;DF;20;20;BRASILIA;Condutor deixou de manter distância do veículo da frente;Colisão traseira;Com Vítimas Feridas;Pleno dia;Crescente;Céu Claro;Dupla;"Reta;Declive                  ";Sim;5;0;1;0;4;0;1;2;-15,607905;-47,692791;SPRF-DF;DEL02-DF;UOP01-DEL02-DF
562999;23/11/2023;quinta-feira;05:30:00;RJ;101;262;RIO BONITO;Demais falhas mecânicas ou elétricas;Incêndio;Sem Vítimas;Amanhecer;Decrescente;Nublado;Dupla;"Aclive;Curva                  ";Sim;1;0;0;0;1;0;0;1;-22,71367506;-42,62052996;SPRF-RJ;DEL02-RJ;UOP03-DEL02-RJ
563000;23/11/2023;quinta-feira;05:00:00;SC;101;327,2;CAPIVARI DE BAIXO;Desrespeitar a preferência no cruzamento;Colisão transversal;Com Vítimas Feridas;Amanhecer;Decrescente;Chuva;Múltipla;Viaduto;Sim;2;0;1;0;1;0;1;2;-28,43929312;-48,96180511;SPRF-SC;DEL02-SC;UOP01-DEL02-SC
563001;23/11/2023;quinta-feira;06:00:00;RJ;116;174;SAO JOAO DE MERITI;Demais falhas mecânicas ou elétricas;Queda de ocupante de veículo;Com Vítimas Feridas;Amanhecer;Crescente;Céu Claro;Dupla;Reta;Sim;1;0;1;0;0;0;1;1;-22,79423806;-43,36403759;SPRF-RJ;DEL01-RJ;UOP02-DEL01-RJ
563002;23/11/2023;quinta-feira;06:15:00;MG;40;548;NOVA LIMA;Condutor deixou de manter distância do veículo da frente;Colisão traseira;Com Vítimas Feridas;Pleno dia;Crescente;Céu Claro;Dupla;"Aclive;Curva                  ";Não;2;0;1;0;1;0;1;2;-20,03136499;-43,96967792;SPRF-MG;DEL01-MG;UOP02-DEL01-MG
563003;23/11/2023;quinta-feira;03:00:00;MT;158;774;BARRA DO GARCAS;Avarias e/ou desgaste excessivo no pneu;Saída de leito carroçável;Com Vítimas Feridas;Plena Noite;Crescente;Céu Claro;Simples;Reta;Não;2;0;2;0;0;0;2;1;-15,69918393;-52,23602509;SPRF-MT;DEL07-MT;UOP01-DEL07-MT
563004;22/11/2023;quarta-feira;19:50:00;RS;468;81,5;CAMPO NOVO;Transitar na contramão;Colisão frontal;Com Vítimas Fatais;Plena Noite;Decrescente;Céu Claro;Simples;"Reta;Aclive                   ";Não;6;2;2;2;0;0;4;2;-27,61739378;-53,86292749;SPRF-RS;DEL08-RS;UOP02-DEL08-RS
563005;23/11/2023;quinta-feira;07:00:00;MG;381;496,2;BETIM;Reação tardia ou ineficiente do condutor;Atropelamento de Pedestre;Com Vítimas Feridas;Pleno dia;Crescente;Sol;Múltipla;Reta;Sim;2;0;1;0;1;0;1;2;-19,99676497;-44,20958506;SPRF-MG;DEL01-MG;UOP03-DEL01-MG
563009;23/11/2023;quinta-feira;07:35:00;SC;101;199,3;BIGUACU;Manobra de mudança de faixa;Colisão lateral mesmo sentido;Com Vítimas Feridas;Pleno dia;Crescente;Nublado;Dupla;"Reta;Interseção de Vias       ";Sim;2;0;1;0;1;0;1;2;-27,53413705;-48,63003205;SPRF-SC;DEL01-SC;UOP01-DEL01-SC
563011;23/11/2023;quinta-feira;07:10:00;PB;230;22;JOAO PESSOA;Manobra de mudança de faixa;Colisão traseira;Com Vítimas Feridas;Pleno dia;Decrescente;Sol;Dupla;Reta;Sim;3;0;1;1;1;0;2;2;-7,1495;-34,8517;SPRF-PB;DEL01-PB;UOP01-DEL01-PB
563012;23/11/2023;quinta-feira;07:00:00;RJ;116;170;RIO DE JANEIRO;Manobra de mudança de faixa;Colisão lateral mesmo sentido;Com Vítimas Feridas;Pleno dia;Decrescente;Céu Claro;Dupla;Reta;Não;2;0;1;0;1;0;1;2;-22,81113183;-43,3336729;SPRF-RJ;DEL06-RJ;UOP01-DEL06-RJ
563017;23/11/2023;quinta-feira;08:15:00;SE;235;1;NOSSA SENHORA DO SOCORRO;Reação tardia ou ineficiente do condutor;Colisão traseira;Com Vítimas Feridas;Pleno dia;Decrescente;Céu Claro;Dupla;Reta;Sim;3;0;2;0;1;0;2;2;-10,9073;-37,0947;SPRF-SE;DEL01-SE;UOP01-DEL01-SE
563018;23/11/2023;quinta-feira;07:10:00;MG;50;18;UBERLANDIA;Demais falhas mecânicas ou elétricas;Tombamento;Com Vítimas Feridas;Pleno dia;Crescente;Céu Claro;Dupla;Reta;Não;2;0;1;0;1;0;1;1;-18,931072;-48,196396;SPRF-MG;DEL15-MG;UOP01-DEL15-MG
563020;23/11/2023;quinta-feira;07:15:00;MG;40;787;JUIZ DE FORA;Frear bruscamente;Colisão com objeto;Com Vítimas Feridas;Pleno dia;Crescente;Céu Claro;Dupla;Reta;Não;1;0;1;0;0;0;1;1;-21,73607735;-43,44262787;SPRF-MG;DEL05-MG;UOP01-DEL05-MG
563021;23/11/2023;quinta-feira;06:00:00;MG;116;487;INHAPIM;Condutor Dormindo;Saída de leito carroçável;Com Vítimas Feridas;Pleno dia;Crescente;Céu Claro;Simples;Curva;Não;1;0;1;0;0;0;1;1;-19,45138982;-42,12752114;SPRF-MG;DEL06-MG;UOP02-DEL06-MG
563022;05/07/2023;quarta-feira;21:40:00;SP;116;223;GUARULHOS;Reação tardia ou ineficiente do condutor;Tombamento;Com Vítimas Feridas;Plena Noite;Decrescente;Céu Claro;Dupla;Reta;Sim;1;0;1;0;0;0;1;1;-23,47559815;-46,5246609;SPRF-SP;DEL01-SP;UOP01-DEL01-SP
563024;23/11/2023;quinta-feira;08:30:00;AP;210;0,5;MACAPA;Condutor deixou de manter distância do veículo da frente;Colisão traseira;Com Vítimas Feridas;Pleno dia;Crescente;Céu Claro;Simples;Reta;Não;3;0;2;0;1;0;2;2;0,07780012;-51,06097;SPRF-AP;DEL01-AP;UOP01-DEL01-AP
563025;23/11/2023;quinta-feira;08:35:00;PR;467;108;CASCAVEL;Chuva;Atropelamento de Pedestre;Com Vítimas Feridas;Pleno dia;Decrescente;Chuva;Dupla;Reta;Não;2;0;0;1;1;0;1;2;-24,9237;-53,4676;SPRF-PR;DEL04-PR;UOP01-DEL04-PR
563027;15/10/2023;domingo;00:45:00;SP;116;2,8;QUELUZ;Reação tardia ou ineficiente do condutor;Tombamento;Com Vítimas Feridas;Plena Noite;Crescente;Chuva;Dupla;Curva;Não;31;0;11;6;14;0;17;1;-22,52376778;-44,72379684;SPRF-SP;DEL08-SP;UOP02-DEL08-SP
563028;23/11/2023;quinta-feira;08:30:00;PB;230;13,8;CABEDELO;Condutor deixou de manter distância do veículo da frente;Colisão traseira;Com Vítimas Feridas;Pleno dia;Crescente;Céu Claro;Dupla;Reta;Não;2;0;1;0;1;0;1;2;-7,0772;-34,8494;SPRF-PB;DEL01-PB;UOP01-DEL01-PB
563029;23/11/2023;quinta-feira;07:30:00;PR;277;725,3;FOZ DO IGUACU;Reação tardia ou ineficiente do condutor;Engavetamento;Com Vítimas Feridas;Pleno dia;Crescente;Chuva;Dupla;Reta;Sim;3;0;1;0;2;0;1;3;-25,50991137;-54,54823494;SPRF-PR;DEL05-PR;UOP03-DEL05-PR
563030;23/11/2023;quinta-feira;08:00:00;RJ;116;316;ITATIAIA;Reação tardia ou ineficiente do condutor;Tombamento;Com Vítimas Feridas;Pleno dia;Decrescente;Sol;Dupla;Reta;Não;1;0;0;1;0;0;1;1;-22,46560057;-44,49102813;SPRF-RJ;DEL07-RJ;UOP02-DEL07-RJ
563031;23/11/2023;quinta-feira;07:50:00;SC;101;1,8;ARARANGUA;Condutor deixou de manter distância do veículo da frente;Colisão traseira;Sem Vítimas;Pleno dia;Decrescente;Chuva;Simples;Reta;Não;3;0;0;0;3;0;0;2;-28,93595451;-49,49543303;SPRF-SC;DEL02-SC;UOP02-DEL02-SC
563032;03/10/2023;terça-feira;06:00:00;MG;40;513;RIBEIRAO DAS NEVES;Trafegar com motocicleta (ou similar) entre as faixas;Colisão traseira;Com Vítimas Feridas;Pleno dia;Crescente;Nublado;Dupla;Reta;Não;4;0;2;0;2;0;2;2;-19,79787901;-44,10718918;SPRF-MG;DEL01-MG;UOP02-DEL01-MG
563034;23/11/2023;quinta-feira;08:45:00;SC;101;117,3;ITAJAI;Desrespeitar a preferência no cruzamento;Colisão transversal;Com Vítimas Feridas;Pleno dia;Decrescente;Nublado;Simples;Interseção de Vias;Não;3;0;1;2;0;0;3;2;-26,88747187;-48,72252969;SPRF-SC;DEL04-SC;UOP04-DEL04-SC
563035;17/11/2023;sexta-feira;22:20:00;MS;163;254;DOURADOS;Acessar a via sem observar a presença dos outros veículos;Colisão lateral mesmo sentido;Com Vítimas Feridas;Pleno dia;Crescente;Céu Claro;Dupla;Reta;Não;2;0;2;0;0;0;2;2;-22,27184267;-54,81657129;SPRF-MS;DEL04-MS;UOP01-DEL04-MS
563038;19/11/2023;domingo;17:00:00;MG;381;907;CAMBUI;Velocidade Incompatível;Colisão com objeto;Com Vítimas Feridas;Pleno dia;Crescente;Chuva;Dupla;"Curva;Aclive                  ";Não;1;0;1;0;0;0;1;1;-22,67471714;-46,09585581;SPRF-MG;DEL16-MG;UOP03-DEL16-MG
563039;23/11/2023;quinta-feira;07:30:00;PB;230;464,2;SOUSA;Transitar na contramão;Colisão frontal;Com Vítimas Feridas;Pleno dia;Decrescente;Céu Claro;Simples;Reta;Sim;3;0;1;1;1;0;2;2;-6,78052;-38,250425;SPRF-PB;DEL03-PB;UOP03-DEL03-PB
563045;28/07/2023;sexta-feira;23:00:00;PE;101;74;RECIFE;Demais falhas mecânicas ou elétricas;Incêndio;Sem Vítimas;Plena Noite;Crescente;Céu Claro;Dupla;"Aclive;Curva                  ";Sim;1;0;0;0;0;1;0;1;-8,10146485;-34,94901577;SPRF-PE;DEL01-PE;UOP01-DEL01-PE
563046;23/11/2023;quinta-feira;08:50:00;GO;60;39;ALEXANIA;Reação tardia ou ineficiente do condutor;Saída de leito carroçável;Com Vítimas Feridas;Pleno dia;Crescente;Céu Claro;Dupla;Reta;Não;1;0;1;0;0;0;1;1;-16,113311;-48,558324;SPRF-DF;DEL03-DF;UOP01-DEL03-DF
563047;23/11/2023;quinta-feira;07:30:00;SP;381;60,3;MAIRIPORA;Acumulo de óleo sobre o pavimento;Colisão com objeto;Com Vítimas Feridas;Pleno dia;Crescente;Chuva;Dupla;Curva;Não;5;0;2;0;3;0;2;1;-23,28957673;-46,58729853;SPRF-SP;DEL03-SP;UOP01-DEL03-SP
563048;23/11/2023;quinta-feira;07:00:00;MA;222;328;IGARAPE DO MEIO;Ultrapassagem Indevida;Colisão frontal;Com Vítimas Fatais;Pleno dia;Crescente;Céu Claro;Simples;"Reta;Interseção de Vias       ";Sim;6;1;0;0;4;1;0;3;-3,584985;-45,059746;SPRF-MA;DEL02-MA;UOP01-DEL02-MA
563049;16/11/2023;quinta-feira;14:30:00;MS;463;108;PONTA PORA;Acessar a via sem observar a presença dos outros veículos;Colisão transversal;Com Vítimas Feridas;Pleno dia;Crescente;Céu Claro;Dupla;Retorno Regulamentado;Não;2;0;0;1;0;1;1;2;-22,5856609;-55,68094093;SPRF-MS;DEL04-MS;UOP03-DEL04-MS
563050;23/11/2023;quinta-feira;11:13:00;RN;101;98,8;NATAL;Condutor deixou de manter distância do veículo da frente;Colisão traseira;Sem Vítimas;Pleno dia;Crescente;Sol;Múltipla;Reta;Sim;2;0;0;0;2;0;0;2;-5,86952729;-35,21874547;SPRF-RN;DEL01-RN;UOP01-DEL01-RN
563053;23/11/2023;quinta-feira;08:30:00;ES;101;335;GUARAPARI;Mal súbito do condutor;Queda de ocupante de veículo;Com Vítimas Feridas;Pleno dia;Crescente;Céu Claro;Dupla;"Rotatória;Curva               ";Sim;1;0;0;1;0;0;1;1;-20,62718356;-40,52742029;SPRF-ES;DEL03-ES;UOP01-DEL03-ES
563055;21/11/2023;terça-feira;12:00:00;RJ;101;491;ANGRA DOS REIS;Reação tardia ou ineficiente do condutor;Colisão com objeto;Com Vítimas Feridas;Pleno dia;Decrescente;Céu Claro;Simples;Curva;Não;1;0;0;1;0;0;1;1;-22,95442983;-44,32193004;SPRF-RJ;DEL03-RJ;UOP03-DEL03-RJ
563056;23/11/2023;quinta-feira;11:20:00;PR;376;253,2;CALIFORNIA;Avarias e/ou desgaste excessivo no pneu;Capotamento;Com Vítimas Feridas;Pleno dia;Crescente;Chuva;Dupla;Reta;Não;2;0;1;0;1;0;1;1;-23,63312994;-51,37809455;SPRF-PR;DEL07-PR;UOP03-DEL07-PR
563057;23/11/2023;quinta-feira;11:30:00;ES;101;42;CONCEICAO DA BARRA;Velocidade Incompatível;Queda de ocupante de veículo;Com Vítimas Feridas;Pleno dia;Decrescente;Céu Claro;Simples;Reta;Não;1;0;1;0;0;0;1;1;-18,51702193;-39,91329775;SPRF-ES;DEL04-ES;UOP02-DEL04-ES
563058;23/11/2023;quinta-feira;11:20:00;PE;101;51;ABREU E LIMA;Reação tardia ou ineficiente do condutor;Colisão lateral mesmo sentido;Com Vítimas Feridas;Pleno dia;Crescente;Céu Claro;Simples;Curva;Sim;3;0;2;0;1;0;2;2;-7,9196955;-34,8955071;SPRF-PE;DEL01-PE;UOP02-DEL01-PE
563061;31/08/2023;quinta-feira;04:30:00;SC;101;135,1;BALNEARIO CAMBORIU;Reação tardia ou ineficiente do condutor;Saída de leito carroçável;Com Vítimas Fatais;Plena Noite;Crescente;Nublado;Múltipla;Reta;Sim;2;2;0;0;0;0;0;1;-27,00543615;-48,62589598;SPRF-SC;DEL04-SC;UOP03-DEL04-SC
563063;23/11/2023;quinta-feira;12:10:00;AP;210;2;MACAPA;Ultrapassagem Indevida;Colisão lateral mesmo sentido;Com Vítimas Feridas;Pleno dia;Crescente;Céu Claro;Simples;Interseção de Vias;Sim;3;0;1;0;2;0;1;3;0,083786;-51,079251;SPRF-AP;DEL01-AP;UOP01-DEL01-AP
563066;23/11/2023;quinta-feira;09:30:00;PA;230;114;MARABA;Ausência de reação do condutor;Colisão lateral mesmo sentido;Com Vítimas Feridas;Pleno dia;Decrescente;Nublado;Simples;"Aclive;Reta                   ";Não;2;0;2;0;0;0;2;2;-5,36466678;-49,06623294;SPRF-PA;DEL03-PA;UOP01-DEL03-PA
563067;23/11/2023;quinta-feira;12:15:00;SP;116;221;GUARULHOS;Acessar a via sem observar a presença dos outros veículos;Colisão lateral mesmo sentido;Com Vítimas Feridas;Pleno dia;Crescente;Céu Claro;Múltipla;Reta;Sim;2;0;1;0;0;1;1;2;-23,46802395;-46,50704901;SPRF-SP;DEL01-SP;UOP01-DEL01-SP
563068;04/08/2023;sexta-feira;01:30:00;MT;174;4;PONTES E LACERDA;Manobra de mudança de faixa;Colisão transversal;Com Vítimas Feridas;Plena Noite;Crescente;Céu Claro;Simples;Reta;Sim;3;0;2;0;0;1;2;2;-15,2522817;-59,327574;SPRF-MT;DEL03-MT;UOP01-DEL03-MT
563069;23/11/2023;quinta-feira;13:20:00;PR;277;5,2;FOZ DO IGUACU;Reação tardia ou ineficiente do condutor;Colisão traseira;Sem Vítimas;Pleno dia;Decrescente;Nublado;Dupla;Reta;Sim;2;0;0;0;2;0;0;2;-25,5469;-54,5882;SPRF-PR;DEL05-PR;UOP03-DEL05-PR
563070;23/11/2023;quinta-feira;12:35:00;MA;135;7;SAO LUIS;Acessar a via sem observar a presença dos outros veículos;Colisão transversal;Com Vítimas Feridas;Pleno dia;Crescente;Céu Claro;Simples;Retorno Regulamentado;Sim;3;0;2;0;1;0;2;2;-2,63608835;-44,26848552;SPRF-MA;DEL01-MA;UOP01-DEL01-MA
563071;23/11/2023;quinta-feira;13:30:00;RN;101;96;NATAL;Manobra de mudança de faixa;Colisão lateral mesmo sentido;Com Vítimas Feridas;Pleno dia;Decrescente;Céu Claro;Múltipla;Reta;Sim;5;0;1;0;4;0;1;4;-5,84949622;-35,20890752;SPRF-RN;DEL01-RN;UOP01-DEL01-RN
563072;23/11/2023;quinta-feira;13:00:00;SP;116;269;TABOAO DA SERRA;Reação tardia ou ineficiente do condutor;Colisão traseira;Com Vítimas Feridas;Pleno dia;Crescente;Céu Claro;Múltipla;Reta;Sim;3;0;2;0;1;0;2;2;-23,61593059;-46,78826044;SPRF-SP;DEL04-SP;UOP01-DEL04-SP
563075;25/09/2023;segunda-feira;03:00:00;PA;308;203;BRAGANCA;Manobra de mudança de faixa;Colisão frontal;Com Vítimas Fatais;Plena Noite;Crescente;Céu Claro;Simples;Reta;Não;2;1;0;0;0;1;0;2;-1,06623619;-46,76866019;SPRF-PA;DEL01-PA;UOP03-DEL01-PA
563076;07/10/2023;sábado;19:30:00;RJ;116;45;TERESOPOLIS;Reação tardia ou ineficiente do condutor;Colisão frontal;Com Vítimas Feridas;Plena Noite;Decrescente;Nublado;Simples;Curva;Não;5;0;5;0;0;0;5;2;-22,16311405;-42,81414095;SPRF-RJ;DEL04-RJ;UOP01-DEL04-RJ
563077;23/11/2023;quinta-feira;13:35:00;PE;101;67,7;RECIFE;Trafegar com motocicleta (ou similar) entre as faixas;Colisão lateral mesmo sentido;Com Vítimas Feridas;Pleno dia;Crescente;Céu Claro;Múltipla;Reta;Sim;2;0;2;0;0;0;2;2;-8,042334;-34,943096;SPRF-PE;DEL01-PE;UOP01-DEL01-PE
563079;23/11/2023;quinta-feira;14:15:00;RJ;116;180;NOVA IGUACU;Demais falhas mecânicas ou elétricas;Queda de ocupante de veículo;Com Vítimas Feridas;Pleno dia;Crescente;Céu Claro;Dupla;Reta;Não;2;0;2;0;0;0;2;1;-22,7651616;-43,4154728;SPRF-RJ;DEL01-RJ;UOP02-DEL01-RJ
563084;19/11/2023;domingo;15:00:00;BA;110;374;CATU;Ausência de reação do condutor;Saída de leito carroçável;Com Vítimas Feridas;Pleno dia;Crescente;Sol;Simples;Curva;Não;2;0;2;0;0;0;2;1;-12,403064;-38,389822;SPRF-BA;DEL01-BA;UOP01-DEL01-BA
563085;23/11/2023;quinta-feira;13:15:00;SP;116;139,8;SAO JOSE DOS CAMPOS;Demais falhas mecânicas ou elétricas;Tombamento;Com Vítimas Feridas;Pleno dia;Crescente;Céu Claro;Dupla;Reta;Não;2;0;2;0;0;0;2;1;-23,16153216;-45,80400592;SPRF-SP;DEL02-SP;UOP01-DEL02-SP
563086;23/11/2023;quinta-feira;14:35:00;MG;262;36,3;MANHUACU;Acessar a via sem observar a presença dos outros veículos;Colisão transversal;Com Vítimas Feridas;Pleno dia;Crescente;Céu Claro;Simples;Reta;Sim;3;0;1;0;1;1;1;3;-20,25932046;-42,02298331;SPRF-MG;DEL06-MG;UOP03-DEL06-MG
563088;23/11/2023;quinta-feira;12:50:00;MG;116;411,9;GOVERNADOR VALADARES;Demais falhas mecânicas ou elétricas;Incêndio;Sem Vítimas;Pleno dia;Decrescente;Céu Claro;Simples;Reta;Sim;1;0;0;0;1;0;0;1;-18,86244705;-41,97405237;SPRF-MG;DEL06-MG;UOP01-DEL06-MG
563089;23/10/2023;segunda-feira;01:00:00;SC;101;146;ITAPEMA;Reação tardia ou ineficiente do condutor;Colisão com objeto;Sem Vítimas;Plena Noite;Crescente;Céu Claro;Múltipla;Curva;Sim;1;0;0;0;1;0;0;1;-27,08666525;-48,60955587;SPRF-SC;DEL04-SC;UOP03-DEL04-SC
563091;23/11/2023;quinta-feira;11:20:00;ES;259;59;COLATINA;Condutor deixou de manter distância do veículo da frente;Colisão traseira;Com Vítimas Feridas;Pleno dia;Crescente;Céu Claro;Múltipla;"Reta;Aclive                   ";Não;3;0;1;0;0;2;1;3;-19,52125411;-40,66594194;SPRF-ES;DEL02-ES;UOP01-DEL02-ES
563093;23/11/2023;quinta-feira;15:10:00;SP;153;120;UBARANA;Acessar a via sem observar a presença dos outros veículos;Colisão transversal;Com Vítimas Feridas;Pleno dia;Decrescente;Chuva;Simples;Reta;Não;5;0;4;0;1;0;4;2;-21,16208007;-49,71112986;SPRF-SP;DEL09-SP;UOP01-DEL09-SP
563094;23/11/2023;quinta-feira;15:00:00;GO;70;0;AGUAS LINDAS DE GOIAS;Chuva;Saída de leito carroçável;Com Vítimas Feridas;Pleno dia;Crescente;Chuva;Dupla;"Declive;Curva                 ";Não;1;0;1;0;0;0;1;1;-15,783543;-48,2326;SPRF-DF;DEL03-DF;UOP02-DEL03-DF
563096;23/11/2023;quinta-feira;14:19:00;PR;277;126;BALSA NOVA;Ausência de reação do condutor;Saída de leito carroçável;Com Vítimas Feridas;Pleno dia;Crescente;Chuva;Simples;"Declive;Curva                 ";Não;3;0;2;0;1;0;2;1;-25,4472872;-49,6016494;SPRF-PR;DEL03-PR;UOP03-DEL03-PR
563097;23/11/2023;quinta-feira;15:20:00;AL;101;137;SAO MIGUEL DOS CAMPOS;Pedestre andava na pista;Atropelamento de Pedestre;Com Vítimas Feridas;Pleno dia;Crescente;Céu Claro;Dupla;Reta;Sim;2;0;0;1;1;0;1;2;-9,80260488;-36,11277021;SPRF-AL;DEL02-AL;UOP01-DEL02-AL
563100;23/11/2023;quinta-feira;13:20:00;RJ;116;144;DUQUE DE CAXIAS;Velocidade Incompatível;Colisão com objeto;Com Vítimas Feridas;Pleno dia;Crescente;Sol;Dupla;Reta;Sim;2;0;2;0;0;0;2;1;-22,65927;-43,250698;SPRF-RJ;DEL01-RJ;UOP01-DEL01-RJ
563103;23/11/2023;quinta-feira;15:20:00;CE;116;29;AQUIRAZ;Demais falhas mecânicas ou elétricas;Incêndio;Sem Vítimas;Pleno dia;Decrescente;Céu Claro;Dupla;Reta;Não;1;0;0;0;0;1;0;1;-4,00202799;-38,51692006;SPRF-CE;DEL01-CE;UOP02-DEL01-CE
563109;23/11/2023;quinta-feira;16:40:00;ES;101;261;SERRA;Reação tardia ou ineficiente do condutor;Queda de ocupante de veículo;Com Vítimas Feridas;Pleno dia;Crescente;Sol;Dupla;Reta;Não;1;0;1;0;0;0;1;1;-20,14854215;-40,27970926;SPRF-ES;DEL02-ES;UOP01-DEL02-ES
563111;23/11/2023;quinta-feira;15:01:00;PE;232;407;SERRA TALHADA;Acessar a via sem observar a presença dos outros veículos;Colisão frontal;Com Vítimas Feridas;Pleno dia;Crescente;Céu Claro;Simples;Reta;Sim;2;0;1;0;1;0;1;2;-7,9854402;-38,27148304;SPRF-PE;DEL04-PE;UOP01-DEL04-PE
563112;23/11/2023;quinta-feira;16:45:00;SC;101;196;BIGUACU;Manobra de mudança de faixa;Colisão lateral mesmo sentido;Com Vítimas Feridas;Pleno dia;Crescente;Nublado;Dupla;Reta;Sim;3;0;1;0;2;0;1;2;-27,51101091;-48,64322292;SPRF-SC;DEL01-SC;UOP01-DEL01-SC
563114;23/11/2023;quinta-feira;16:50:00;PE;407;127;PETROLINA;Reação tardia ou ineficiente do condutor;Colisão traseira;Com Vítimas Feridas;Pleno dia;Decrescente;Céu Claro;Simples;"Reta;Em Obras                 ";Sim;2;0;1;0;1;0;1;2;-9,39169575;-40,51798582;SPRF-PE;DEL06-PE;UOP01-DEL06-PE
563115;23/11/2023;quinta-feira;16:35:00;BA;324;615,3;SALVADOR;Trafegar com motocicleta (ou similar) entre as faixas;Colisão traseira;Com Vítimas Feridas;Pleno dia;Crescente;Sol;Múltipla;Reta;Sim;2;0;1;0;1;0;1;2;-12,88282;-38,434245;SPRF-BA;DEL01-BA;UOP01-DEL01-BA
563116;23/11/2023;quinta-feira;16:30:00;TO;226;2;AGUIARNOPOLIS;Acessar a via sem observar a presença dos outros veículos;Colisão transversal;Com Vítimas Feridas;Pleno dia;Decrescente;Céu Claro;Simples;Reta;Sim;2;0;0;1;0;1;1;2;-6,56387041;-47,47622794;SPRF-TO;DEL02-TO;UOP03-DEL02-TO
563120;23/11/2023;quinta-feira;18:00:00;MG;365;632,5;UBERLANDIA;Ausência de reação do condutor;Tombamento;Com Vítimas Feridas;Anoitecer;Decrescente;Céu Claro;Dupla;"Aclive;Reta                   ";Não;1;0;1;0;0;0;1;1;-18,89664394;-48,39041999;SPRF-MG;DEL15-MG;UOP01-DEL15-MG
563121;23/11/2023;quinta-feira;17:30:00;BA;110;367;CATU;Acessar a via sem observar a presença dos outros veículos;Colisão lateral mesmo sentido;Com Vítimas Feridas;Plena Noite;Crescente;Céu Claro;Simples;Reta;Sim;2;0;1;0;1;0;1;2;-12,40823831;-38,39684499;SPRF-BA;DEL01-BA;UOP04-DEL01-BA
563122;23/11/2023;quinta-feira;17:30:00;MG;40;526;CONTAGEM;Manobra de mudança de faixa;Colisão lateral mesmo sentido;Com Vítimas Feridas;Anoitecer;Decrescente;Céu Claro;Dupla;Reta;Não;5;0;1;0;4;0;1;3;-19,89270041;-44,04985428;SPRF-MG;DEL01-MG;UOP02-DEL01-MG
563123;23/11/2023;quinta-feira;18:00:00;SC;282;15,8;PALHOCA;Retorno proibido;Colisão traseira;Com Vítimas Feridas;Anoitecer;Crescente;Nublado;Simples;Reta;Sim;2;0;1;0;1;0;1;2;-27,651848;-48,676048;SPRF-SC;DEL01-SC;UOP02-DEL01-SC
563124;23/11/2023;quinta-feira;18:20:00;PI;316;5;TERESINA;Pedestre cruzava a pista fora da faixa;Atropelamento de Pedestre;Com Vítimas Feridas;Plena Noite;Crescente;Nublado;Múltipla;Reta;Sim;2;0;1;1;0;0;2;2;-5,14169858;-42,78157276;SPRF-PI;DEL01-PI;UOP02-DEL01-PI
563126;23/11/2023;quinta-feira;17:20:00;BA;101;165;CONCEICAO DO JACUIPE;Acessar a via sem observar a presença dos outros veículos;Colisão lateral mesmo sentido;Sem Vítimas;Anoitecer;Crescente;Céu Claro;Múltipla;"Reta;Interseção de Vias       ";Não;2;0;0;0;2;0;0;2;-12,35551436;-38,782478;SPRF-BA;DEL01-BA;UOP03-DEL01-BA
563127;23/11/2023;quinta-feira;17:55:00;RS;158;312,8;ITAARA;Ultrapassagem Indevida;Colisão lateral mesmo sentido;Sem Vítimas;Anoitecer;Decrescente;Céu Claro;Simples;"Interseção de Vias;Em Obras;Cu";Não;3;0;0;0;2;1;0;2;-29,63962102;-53,76588821;SPRF-RS;DEL09-RS;UOP01-DEL09-RS
563130;23/11/2023;quinta-feira;18:07:00;RS;290;721;URUGUAIANA;Condutor deixou de manter distância do veículo da frente;Colisão traseira;Com Vítimas Feridas;Pleno dia;Crescente;Sol;Dupla;Curva;Sim;2;0;1;0;1;0;1;2;-29,76134115;-57,05891132;SPRF-RS;DEL13-RS;UOP01-DEL13-RS
563131;23/11/2023;quinta-feira;18:05:00;SC;101;214;PALHOCA;Demais falhas mecânicas ou elétricas;Colisão com objeto;Com Vítimas Feridas;Anoitecer;Crescente;Céu Claro;Simples;Reta;Não;2;0;2;0;0;0;2;1;-27,64443;-48,67057;SPRF-SC;DEL01-SC;UOP02-DEL01-SC