id;data_inversa;dia_semana;horario;uf;br;km;municipio;causa_acidente;tipo_acidente;classificacao_acidente;fase_dia;sentido_via;condicao_metereologica;tipo_pista;tracado_via;uso_solo;pessoas;mortos;feridos_leves;feridos_graves;ilesos;ignorados;feridos;veiculos;latitude;longitude;regional;delegacia;uop
563132;26/04/2023;quarta-feira;06:30:00;SP;116;226;GUARULHOS;Ausência de reação do condutor;Colisão traseira;Com Vítimas Feridas;Pleno dia;Crescente;Nublado;Múltipla;Reta;Sim;2;0;1;0;1;0;1;2;-23,49102507;-46,54878195;SPRF-SP;DEL01-SP;UOP01-DEL01-SP
563133;23/11/2023;quinta-feira;17:45:00;GO;60;83,6;ANAPOLIS;Ausência de reação do condutor;Saída de leito carroçável;Com Vítimas Feridas;Anoitecer;Crescente;Nublado;Dupla;"Aclive;Reta                   ";Não;1;0;1;0;0;0;1;1;-16,3149;-48,846;SPRF-GO;DEL02-GO;UOP01-DEL02-GO
563135;23/11/2023;quinta-feira;18:50:00;BA;101;34,5;ESPLANADA;Animais na Pista;Atropelamento de Animal;Com Vítimas Fatais;Plena Noite;Decrescente;Céu Claro;Dupla;Reta;Não;2;1;0;1;0;0;1;1;-11,76495091;-37,94359088;SPRF-SE;DEL02-SE;UOP03-DEL02-SE
563136;23/11/2023;quinta-feira;16:47:00;MG;381;769;CAMPANHA;Problema na suspensão;Tombamento;Com Vítimas Feridas;Pleno dia;Crescente;Céu Claro;Dupla;Reta;Não;2;0;2;0;0;0;2;1;-21,75760223;-45,40669796;SPRF-MG;DEL16-MG;UOP02-DEL16-MG
563137;23/11/2023;quinta-feira;17:50:00;MS;163;256,6;DOURADOS;Ingestão de álcool pelo condutor;Colisão com objeto;Com Vítimas Feridas;Anoitecer;Crescente;Céu Claro;Dupla;Reta;Sim;1;0;1;0;0;0;1;1;-22,26567386;-54,80944412;SPRF-MS;DEL04-MS;UOP01-DEL04-MS
563139;23/11/2023;quinta-feira;18:30:00;RS;116;39,3;VACARIA;Desrespeitar a preferência no cruzamento;Colisão transversal;Com Vítimas Feridas;Pleno dia;Crescente;Céu Claro;Múltipla;"Reta;Rotatória                ";Sim;2;0;1;0;1;0;1;2;-28,51391499;-50,93480587;SPRF-RS;DEL05-RS;UOP03-DEL05-RS
563140;23/11/2023;quinta-feira;16:40:00;MG;262;895,9;CAMPO FLORIDO;Ultrapassagem Indevida;Saída de leito carroçável;Com Vítimas Feridas;Pleno dia;Decrescente;Céu Claro;Simples;Reta;Não;2;0;1;1;0;0;2;1;-19,713981;-48,733008;SPRF-MG;DEL13-MG;UOP02-DEL13-MG
563142;23/11/2023;quinta-feira;19:10:00;PB;230;16;JOAO PESSOA;Ausência de reação do condutor;Colisão traseira;Com Vítimas Feridas;Plena Noite;Decrescente;Céu Claro;Dupla;Reta;Sim;2;0;0;1;1;0;1;2;-7,1039;-34,8458;SPRF-PB;DEL01-PB;UOP01-DEL01-PB
563143;23/11/2023;quinta-feira;18:30:00;PR;376;495,7;PONTA GROSSA;Condutor deixou de manter distância do veículo da frente;Colisão traseira;Sem Vítimas;Anoitecer;Decrescente;Chuva;Dupla;"Aclive;Reta                   ";Sim;3;0;0;0;3;0;0;2;-25,143201;-50,156152;SPRF-PR;DEL03-PR;UOP04-DEL03-PR
563144;23/11/2023;quinta-feira;16:35:00;RJ;101;331;RIO DE JANEIRO;Condutor deixou de manter distância do veículo da frente;Colisão lateral mesmo sentido;Com Vítimas Feridas;Pleno dia;Crescente;Céu Claro;Dupla;Curva;Não;2;0;1;0;1;0;1;2;-22,867662;-43,195337;SPRF-RJ;DEL02-RJ;UOP01-DEL02-RJ
563145;23/11/2023;quinta-feira;17:45:00;RJ;101;319;NITEROI;Reação tardia ou ineficiente do condutor;Colisão lateral mesmo sentido;Com Vítimas Feridas;Plena Noite;Decrescente;Chuva;Dupla;Reta;Não;3;0;1;0;2;0;1;2;-22,85411774;-43,1018014;SPRF-RJ;DEL02-RJ;UOP02-DEL02-RJ
563147;23/11/2023;quinta-feira;18:15:00;SC;101;415;ARARANGUA;Ausência de reação do condutor;Colisão traseira;Com Vítimas Feridas;Anoitecer;Decrescente;Nublado;Múltipla;Reta;Não;2;0;1;0;0;1;1;2;-28,96040535;-49,51653267;SPRF-SC;DEL02-SC;UOP02-DEL02-SC
563149;23/11/2023;quinta-feira;18:40:00;ES;101;257,5;SERRA;Acessar a via sem observar a presença dos outros veículos;Colisão transversal;Com Vítimas Feridas;Plena Noite;Crescente;Céu Claro;Dupla;Rotatória;Sim;2;0;0;2;0;0;2;2;-20,12455095;-40,30331881;SPRF-ES;DEL02-ES;UOP01-DEL02-ES
563150;23/11/2023;quinta-feira;18:15:00;AL;101;240;SAO BRAS;Demais falhas mecânicas ou elétricas;Incêndio;Sem Vítimas;Plena Noite;Decrescente;Céu Claro;Dupla;"Reta;Aclive                   ";Não;1;0;0;0;1;0;0;1;-10,14530389;-36,80590623;SPRF-AL;DEL02-AL;UOP02-DEL02-AL
563152;23/11/2023;quinta-feira;19:30:00;PB;230;15;JOAO PESSOA;Trafegar com motocicleta (ou similar) entre as faixas;Colisão traseira;Com Vítimas Feridas;Plena Noite;Decrescente;Céu Claro;Dupla;Viaduto;Sim;3;0;1;0;2;0;1;3;-7,093;-34,8482;SPRF-PB;DEL01-PB;UOP01-DEL01-PB
563153;23/11/2023;quinta-feira;18:50:00;PE;104;79,4;AGRESTINA;Conversão proibida;Colisão transversal;Com Vítimas Feridas;Plena Noite;Crescente;Céu Claro;Simples;Reta;Não;3;0;0;2;0;1;2;2;-8,389074;-35,974712;SPRF-PE;DEL02-PE;UOP01-DEL02-PE
563154;23/11/2023;quinta-feira;17:30:00;RJ;393;106;CARMO;Acessar a via sem observar a presença dos outros veículos;Colisão transversal;Com Vítimas Feridas;Pleno dia;Crescente;Céu Claro;Simples;Curva;Sim;3;0;0;2;1;0;2;2;-21,879488;-42,681053;SPRF-RJ;DEL05-RJ;UOP01-DEL05-RJ
563155;23/11/2023;quinta-feira;18:00:00;MG;116;528,5;CARATINGA;Ultrapassagem Indevida;Colisão lateral sentido oposto;Com Vítimas Feridas;Anoitecer;Crescente;Céu Claro;Simples;Reta;Sim;2;0;1;0;0;1;1;2;-19,794033;-42,13731414;SPRF-MG;DEL06-MG;UOP02-DEL06-MG
563156;23/11/2023;quinta-feira;15:50:00;AC;364;131;RIO BRANCO;Pista Escorregadia;Tombamento;Com Vítimas Feridas;Pleno dia;Decrescente;Nublado;Simples;Reta;Não;1;0;0;1;0;0;1;1;-10,01594689;-67,84093848;SPRF-AC;DEL01-AC;UOP01-DEL01-AC
563157;23/11/2023;quinta-feira;19:38:00;PI;343;309,2;ALTOS;Condutor deixou de manter distância do veículo da frente;Colisão traseira;Com Vítimas Feridas;Plena Noite;Crescente;Céu Claro;Simples;Reta;Sim;2;0;0;1;1;0;1;2;-5,04012;-42,476742;SPRF-PI;DEL01-PI;UOP01-DEL01-PI
563158;23/11/2023;quinta-feira;20:13:00;RS;116;304;GUAIBA;Ingestão de substâncias psicoativas pelo condutor;Colisão transversal;Com Vítimas Feridas;Plena Noite;Crescente;Céu Claro;Dupla;Reta;Não;2;0;1;0;1;0;1;2;-30,15531808;-51,3705139;SPRF-RS;DEL02-RS;UOP01-DEL02-RS
563160;23/11/2023;quinta-feira;18:57:00;BA;324;626;SALVADOR;Manobra de mudança de faixa;Colisão lateral mesmo sentido;Com Vítimas Feridas;Plena Noite;Crescente;Céu Claro;Dupla;Reta;Sim;3;0;2;0;1;0;2;2;-12,96443334;-38,47703934;SPRF-BA;DEL01-BA;UOP01-DEL01-BA
563161;23/11/2023;quinta-feira;19:30:00;SC;280;55;GUARAMIRIM;Chuva;Tombamento;Com Vítimas Feridas;Plena Noite;Crescente;Garoa/Chuvisco;Simples;Viaduto;Sim;2;0;2;0;0;0;2;1;-26,47584353;-48,9937858;SPRF-SC;DEL03-SC;UOP03-DEL03-SC
563162;23/11/2023;quinta-feira;17:56:00;PR;153;374;RIO AZUL;Reação tardia ou ineficiente do condutor;Saída de leito carroçável;Com Vítimas Feridas;Anoitecer;Crescente;Nublado;Simples;Reta;Não;32;0;2;0;30;0;2;1;-25,75704292;-50,84104005;SPRF-PR;DEL08-PR;UOP02-DEL08-PR
563163;23/11/2023;quinta-feira;20:00:00;RJ;116;137;MAGE;Condutor deixou de manter distância do veículo da frente;Colisão lateral mesmo sentido;Com Vítimas Feridas;Plena Noite;Decrescente;Chuva;Múltipla;Reta;Sim;2;0;1;0;1;0;1;2;-22,64791994;-43,18200799;SPRF-RJ;DEL01-RJ;UOP01-DEL01-RJ
563164;23/11/2023;quinta-feira;20:05:00;SP;116;225;GUARULHOS;Reação tardia ou ineficiente do condutor;Colisão com objeto;Com Vítimas Feridas;Plena Noite;Crescente;Garoa/Chuvisco;Múltipla;Reta;Sim;1;0;1;0;0;0;1;1;-23,48586772;-46,54075317;SPRF-SP;DEL01-SP;UOP01-DEL01-SP
563165;23/11/2023;quinta-feira;20:35:00;BA;324;518;FEIRA DE SANTANA;Conversão proibida;Colisão frontal;Sem Vítimas;Plena Noite;Crescente;Céu Claro;Simples;Reta;Sim;2;0;0;0;2;0;0;2;-12,258195;-38,932182;SPRF-BA;DEL02-BA;UOP01-DEL02-BA
563167;23/11/2023;quinta-feira;12:20:00;RJ;465;22;RIO DE JANEIRO;Avarias e/ou desgaste excessivo no pneu;Queda de ocupante de veículo;Com Vítimas Feridas;Pleno dia;Crescente;Céu Claro;Simples;Reta;Sim;2;0;2;0;0;0;2;1;-22,863579;-43,601479;SPRF-RJ;DEL03-RJ;UOP01-DEL03-RJ
563168;23/11/2023;quinta-feira;19:20:00;BA;407;98;JAGUARARI;Ultrapassagem Indevida;Colisão lateral sentido oposto;Com Vítimas Feridas;Plena Noite;Decrescente;Céu Claro;Simples;Reta;Não;2;0;1;1;0;0;2;1;-10,22018224;-40,21285144;SPRF-BA;DEL04-BA;UOP01-DEL04-BA
563169;23/11/2023;quinta-feira;18:30:00;BA;235;225,3;UAUA;Ausência de reação do condutor;Colisão traseira;Com Vítimas Feridas;Anoitecer;Crescente;Céu Claro;Simples;Reta;Não;3;0;0;2;1;0;2;2;-9,864134;-39,441532;SPRF-BA;DEL07-BA;UOP01-DEL07-BA
563171;23/11/2023;quinta-feira;20:10:00;SP;381;82;SAO PAULO;Entrada inopinada do pedestre;Atropelamento de Pedestre;Com Vítimas Fatais;Plena Noite;Decrescente;Chuva;Múltipla;"Reta;Aclive                   ";Sim;2;1;0;0;1;0;0;2;-23,42399;-46,575112;SPRF-SP;DEL03-SP;UOP01-DEL03-SP
563173;23/11/2023;quinta-feira;14:00:00;BA;407;140;SENHOR DO BONFIM;Ingestão de álcool pelo condutor;Colisão frontal;Com Vítimas Fatais;Pleno dia;Decrescente;Céu Claro;Simples;"Reta;Interseção de Vias       ";Não;2;1;0;0;1;0;0;2;-10,56901002;-40,13551917;SPRF-BA;DEL04-BA;UOP01-DEL04-BA
563174;23/11/2023;quinta-feira;20:30:00;SC;101;140,5;BALNEARIO CAMBORIU;Avarias e/ou desgaste excessivo no pneu;Tombamento;Com Vítimas Feridas;Pleno dia;Decrescente;Nublado;Dupla;Reta;Sim;1;0;1;0;0;0;1;1;-27,03881189;-48,60025148;SPRF-SC;DEL04-SC;UOP03-DEL04-SC
563176;23/11/2023;quinta-feira;20:30:00;RJ;40;105,1;DUQUE DE CAXIAS;Demais falhas na via;Tombamento;Com Vítimas Feridas;Plena Noite;Crescente;Chuva;Simples;Reta;Sim;2;0;2;0;0;0;2;1;-22,63784806;-43,28428824;SPRF-RJ;DEL01-RJ;UOP01-DEL01-RJ
563177;23/11/2023;quinta-feira;21:45:00;SP;116;117,6;TAUBATE;Ausência de reação do condutor;Capotamento;Com Vítimas Feridas;Plena Noite;Decrescente;Nublado;Dupla;"Reta;Aclive                   ";Não;1;0;1;0;0;0;1;1;-23,0582298;-45,6176951;SPRF-SP;DEL02-SP;UOP02-DEL02-SP
563178;23/11/2023;quinta-feira;19:30:00;PR;116;209;RIO NEGRO;Reação tardia ou ineficiente do condutor;Colisão transversal;Com Vítimas Feridas;Anoitecer;Decrescente;Chuva;Simples;Reta;Sim;2;0;1;0;0;1;1;2;-26,07620916;-49,75230908;SPRF-SC;DEL06-SC;UOP01-DEL06-SC
563179;23/11/2023;quinta-feira;22:30:00;CE;116;11,9;FORTALEZA;Ausência de reação do condutor;Colisão traseira;Sem Vítimas;Plena Noite;Crescente;Céu Claro;Dupla;Curva;Sim;2;0;0;0;2;0;0;2;-3,84394724;-38,49891546;SPRF-CE;DEL01-CE;UOP02-DEL01-CE
563181;23/11/2023;quinta-feira;18:00:00;PB;104;143,6;QUEIMADAS;Transitar na contramão;Colisão frontal;Com Vítimas Feridas;Plena Noite;Crescente;Céu Claro;Simples;"Reta;Aclive                   ";Não;2;0;0;1;1;0;1;2;-7,40477903;-35,89667929;SPRF-PB;DEL02-PB;UOP03-DEL02-PB
563183;23/11/2023;quinta-feira;23:20:00;SP;116;140,4;SAO JOSE DOS CAMPOS;Ausência de reação do condutor;Colisão traseira;Com Vítimas Feridas;Plena Noite;Decrescente;Chuva;Dupla;Reta;Não;3;0;0;1;0;2;1;3;-23,16577714;-45,81246193;SPRF-SP;DEL02-SP;UOP01-DEL02-SP
563184;23/11/2023;quinta-feira;23:30:00;PR;467;100,9;CASCAVEL;Ingestão de álcool pelo condutor;Capotamento;Com Vítimas Feridas;Plena Noite;Decrescente;Céu Claro;Dupla;Curva;Não;1;0;0;1;0;0;1;1;-24,8947;-53,5355;SPRF-PR;DEL04-PR;UOP01-DEL04-PR
563189;24/11/2023;sexta-feira;00:01:00;RS;386;281;SAO JOSE DO HERVAL;Ausência de reação do condutor;Tombamento;Com Vítimas Feridas;Plena Noite;Crescente;Ignorado;Simples;Reta;Não;2;0;1;0;1;0;1;1;-29,030159;-52,304897;SPRF-RS;DEL04-RS;UOP03-DEL04-RS
563190;23/11/2023;quinta-feira;22:30:00;RO;364;341;JI-PARANA;Acessar a via sem observar a presença dos outros veículos;Colisão traseira;Com Vítimas Feridas;Plena Noite;Crescente;Nublado;Simples;"Interseção de Vias;Viaduto    ";Não;3;0;1;1;1;0;2;2;-10,88987987;-61,93126772;SPRF-RO;DEL02-RO;UOP01-DEL02-RO
563192;23/11/2023;quinta-feira;22:30:00;MT;174;330;PONTES E LACERDA;Transitar na contramão;Colisão frontal;Sem Vítimas;Plena Noite;Crescente;Garoa/Chuvisco;Simples;"Reta;Em Obras                 ";Não;2;0;0;0;0;2;0;2;-14,87994201;-59,29583325;SPRF-MT;DEL04-MT;UOP01-DEL04-MT
563194;24/11/2023;sexta-feira;00:00:00;MS;487;115;ITAQUIRAI;Reação tardia ou ineficiente do condutor;Saída de leito carroçável;Com Vítimas Feridas;Plena Noite;Crescente;Nublado;Simples;Reta;Não;2;0;2;0;0;0;2;1;-23,27054683;-53,91235288;SPRF-MS;DEL09-MS;UOP01-DEL09-MS
563197;24/11/2023;sexta-feira;01:40:00;MS;376;13,9;DOURADOS;Ausência de reação do condutor;Saída de leito carroçável;Com Vítimas Feridas;Plena Noite;Crescente;Nublado;Simples;Reta;Não;2;0;2;0;0;0;2;1;-22,28313614;-54,61405715;SPRF-MS;DEL04-MS;UOP01-DEL04-MS
563198;24/11/2023;sexta-feira;04:30:00;RJ;116;308;RESENDE;Reação tardia ou ineficiente do condutor;Colisão com objeto;Com Vítimas Feridas;Amanhecer;Crescente;Chuva;Dupla;Reta;Não;2;0;2;0;0;0;2;1;-22,45783299;-44,418685;SPRF-RJ;DEL07-RJ;UOP02-DEL07-RJ
563199;24/11/2023;sexta-feira;04:00:00;SC;101;414;ARARANGUA;Condutor Dormindo;Saída de leito carroçável;Com Vítimas Feridas;Plena Noite;Crescente;Nublado;Múltipla;Reta;Não;1;0;1;0;0;0;1;1;-28,95360392;-49,50985011;SPRF-SC;DEL02-SC;UOP02-DEL02-SC
563200;24/11/2023;sexta-feira;04:00:00;PA;230;122;MARABA;Transitar na calçada;Atropelamento de Pedestre;Com Vítimas Feridas;Amanhecer;Decrescente;Nublado;Dupla;Reta;Sim;4;0;1;3;0;0;4;2;-5,36137537;-49,12376139;SPRF-PA;DEL03-PA;UOP01-DEL03-PA
563202;24/11/2023;sexta-feira;06:30:00;RS;386;349,6;ESTRELA;Condutor deixou de manter distância do veículo da frente;Colisão traseira;Com Vítimas Feridas;Amanhecer;Decrescente;Céu Claro;Dupla;Reta;Sim;2;0;1;0;1;0;1;2;-29,4743;-51,952923;SPRF-RS;DEL04-RS;UOP01-DEL04-RS
563203;24/11/2023;sexta-feira;05:30:00;SC;101;158;PORTO BELO;Velocidade Incompatível;Colisão com objeto;Com Vítimas Feridas;Pleno dia;Decrescente;Céu Claro;Dupla;Curva;Não;4;0;0;3;1;0;3;1;-27,19096301;-48,61259017;SPRF-SC;DEL04-SC;UOP03-DEL04-SC
563205;24/11/2023;sexta-feira;06:30:00;SC;101;342,2;TUBARAO;Demais falhas mecânicas ou elétricas;Queda de ocupante de veículo;Com Vítimas Feridas;Pleno dia;Decrescente;Céu Claro;Múltipla;Reta;Sim;2;0;2;0;0;0;2;1;-28,51875992;-49,05388322;SPRF-SC;DEL02-SC;UOP01-DEL02-SC
563208;24/11/2023;sexta-feira;05:30:00;RS;153;642;BAGE;Ausência de reação do condutor;Saída de leito carroçável;Sem Vítimas;Pleno dia;Crescente;Céu Claro;Simples;Reta;Não;1;0;0;0;1;0;0;1;-31,41343494;-54,13524852;SPRF-RS;DEL11-RS;UOP03-DEL11-RS
563211;20/10/2023;sexta-feira;04:55:00;SC;282;551;NOVA ITABERABA;Reação tardia ou ineficiente do condutor;Colisão traseira;Com Vítimas Feridas;Plena Noite;Crescente;Garoa/Chuvisco;Simples;Reta;Não;4;0;3;0;1;0;3;2;-26,951487;-52,778172;SPRF-SC;DEL07-SC;UOP01-DEL07-SC
563213;24/11/2023;sexta-feira;06:49:00;PB;230;22,7;JOAO PESSOA;Ausência de reação do condutor;Colisão traseira;Com Vítimas Feridas;Pleno dia;Decrescente;Sol;Dupla;Reta;Sim;3;0;0;1;1;1;1;2;-7,15804354;-34,85823154;SPRF-PB;DEL01-PB;UOP01-DEL01-PB
563214;24/11/2023;sexta-feira;07:00:00;GO;60;93,1;ANAPOLIS;Animais na Pista;Tombamento;Com Vítimas Feridas;Pleno dia;Decrescente;Céu Claro;Dupla;Reta;Sim;1;0;1;0;0;0;1;1;-16,3538;-48,9268;SPRF-GO;DEL02-GO;UOP01-DEL02-GO
563218;14/11/2023;terça-feira;06:45:00;ES;101;179;ARACRUZ;Conversão proibida;Colisão lateral sentido oposto;Com Vítimas Feridas;Pleno dia;Decrescente;Céu Claro;Simples;Reta;Não;5;0;3;2;0;0;5;2;-19,61640717;-40,21532077;SPRF-ES;DEL04-ES;UOP01-DEL04-ES
563219;24/11/2023;sexta-feira;07:50:00;SP;116;220;GUARULHOS;Reação tardia ou ineficiente do condutor;Colisão traseira;Com Vítimas Feridas;Pleno dia;Crescente;Garoa/Chuvisco;Múltipla;Reta;Sim;2;0;1;0;0;1;1;2;-23,46472809;-46,49793962;SPRF-SP;DEL01-SP;UOP01-DEL01-SP
563221;24/11/2023;sexta-feira;07:45:00;SC;282;2;FLORIANOPOLIS;Condutor deixou de manter distância do veículo da frente;Colisão traseira;Com Vítimas Feridas;Pleno dia;Crescente;Céu Claro;Múltipla;Reta;Sim;4;0;1;0;3;0;1;4;-27,603289;-48,590416;SPRF-SC;DEL01-SC;UOP01-DEL01-SC
563223;24/11/2023;sexta-feira;07:20:00;MT;364;403;CUIABA;Reação tardia ou ineficiente do condutor;Atropelamento de Pedestre;Com Vítimas Feridas;Pleno dia;Decrescente;Céu Claro;Dupla;Reta;Não;3;0;1;0;1;1;1;3;-15,66507402;-55,96307764;SPRF-MT;DEL01-MT;UOP02-DEL01-MT
563224;24/11/2023;sexta-feira;08:00:00;ES;101;269,5;SERRA;Condutor deixou de manter distância do veículo da frente;Colisão traseira;Com Vítimas Feridas;Pleno dia;Crescente;Céu Claro;Múltipla;Reta;Sim;2;0;1;0;1;0;1;2;-20,21740496;-40,26990578;SPRF-ES;DEL02-ES;UOP01-DEL02-ES
563225;24/11/2023;sexta-feira;07:00:00;MG;262;385;MATEUS LEME;Chuva;Saída de leito carroçável;Com Vítimas Feridas;Pleno dia;Crescente;Chuva;Dupla;"Declive;Curva                 ";Não;1;0;1;0;0;0;1;1;-19,92082511;-44,46922302;SPRF-MG;DEL01-MG;UOP03-DEL01-MG
563226;24/11/2023;sexta-feira;07:40:00;ES;101;280;SERRA;Condutor deixou de manter distância do veículo da frente;Colisão traseira;Com Vítimas Feridas;Pleno dia;Crescente;Céu Claro;Dupla;Reta;Não;3;0;1;0;2;0;1;2;-20,21828666;-40,34895595;SPRF-ES;DEL02-ES;UOP01-DEL02-ES
563229;24/11/2023;sexta-feira;07:45:00;MT;158;793;BARRA DO GARCAS;Condutor deixou de manter distância do veículo da frente;Engavetamento;Com Vítimas Feridas;Pleno dia;Decrescente;Céu Claro;Simples;Reta;Sim;3;0;1;0;2;0;1;3;-15,85276187;-52,30738531;SPRF-MT;DEL07-MT;UOP01-DEL07-MT
563231;24/11/2023;sexta-feira;08:15:00;BA;116;814,8;VITORIA DA CONQUISTA;Desrespeitar a preferência no cruzamento;Colisão transversal;Com Vítimas Feridas;Pleno dia;Decrescente;Céu Claro;Simples;"Reta;Interseção de Vias       ";Sim;3;0;2;0;1;0;2;2;-14,80848094;-40,78948606;SPRF-BA;DEL08-BA;UOP01-DEL08-BA
563233;24/11/2023;sexta-feira;08:00:00;PR;376;616,1;SAO JOSE DOS PINHAIS;Demais falhas mecânicas ou elétricas;Eventos atípicos;Com Vítimas Feridas;Pleno dia;Crescente;Nublado;Dupla;"Curva;Aclive                  ";Sim;1;0;1;0;0;0;1;1;-25,584034;-49,176571;SPRF-PR;DEL01-PR;UOP04-DEL01-PR
563234;24/11/2023;sexta-feira;08:30:00;PR;277;80,5;CURITIBA;Condutor deixou de manter distância do veículo da frente;Colisão traseira;Sem Vítimas;Pleno dia;Crescente;Garoa/Chuvisco;Simples;Reta;Sim;2;0;0;0;2;0;0;2;-25,468998;-49,213133;SPRF-PR;DEL01-PR;UOP07-DEL01-PR
563235;24/11/2023;sexta-feira;09:05:00;RJ;393;202;VASSOURAS;Acessar a via sem observar a presença dos outros veículos;Colisão transversal;Com Vítimas Feridas;Pleno dia;Decrescente;Nublado;Simples;"Interseção de Vias;Curva      ";Sim;2;0;2;0;0;0;2;2;-22,24045172;-43,41931343;SPRF-RJ;DEL05-RJ;UOP03-DEL05-RJ
563236;24/11/2023;sexta-feira;08:00:00;RJ;116;174;SAO JOAO DE MERITI;Trafegar com motocicleta (ou similar) entre as faixas;Colisão traseira;Com Vítimas Feridas;Amanhecer;Decrescente;Céu Claro;Dupla;Reta;Não;2;0;1;0;1;0;1;2;-22,79423806;-43,36403759;SPRF-RJ;DEL01-RJ;UOP02-DEL01-RJ
563238;24/11/2023;sexta-feira;09:20:00;MG;40;705;BARBACENA;Pista Escorregadia;Colisão com objeto;Com Vítimas Feridas;Pleno dia;Decrescente;Céu Claro;Dupla;"Retorno Regulamentado;Curva   ";Não;2;0;2;0;0;0;2;1;-21,2165929;-43,7462589;SPRF-MG;DEL05-MG;UOP02-DEL05-MG
563239;06/03/2023;segunda-feira;08:20:00;MA;10;277;IMPERATRIZ;Condutor deixou de manter distância do veículo da frente;Colisão traseira;Com Vítimas Feridas;Pleno dia;Crescente;Céu Claro;Simples;Reta;Não;2;0;0;1;1;0;1;2;-5,312562;-47,494934;SPRF-MA;DEL04-MA;UOP01-DEL04-MA
563240;24/11/2023;sexta-feira;10:20:00;RJ;393;242;VASSOURAS;Manobra de mudança de faixa;Colisão lateral mesmo sentido;Com Vítimas Feridas;Pleno dia;Crescente;Nublado;Simples;"Reta;Aclive                   ";Não;3;0;2;0;1;0;2;3;-22,42556824;-43,6917998;SPRF-RJ;DEL05-RJ;UOP04-DEL05-RJ
563242;24/11/2023;sexta-feira;09:00:00;RJ;116;244;PIRAI;Avarias e/ou desgaste excessivo no pneu;Tombamento;Com Vítimas Feridas;Pleno dia;Crescente;Garoa/Chuvisco;Dupla;Curva;Não;2;0;2;0;0;0;2;1;-22,62453834;-43,91765203;SPRF-RJ;DEL07-RJ;UOP01-DEL07-RJ
563243;24/11/2023;sexta-feira;09:40:00;PR;376;194;MARIALVA;Chuva;Saída de leito carroçável;Com Vítimas Feridas;Pleno dia;Crescente;Chuva;Dupla;Curva;Não;1;0;1;0;0;0;1;1;-23,5025053;-51,79920673;SPRF-PR;DEL09-PR;UOP01-DEL09-PR
563244;24/11/2023;sexta-feira;10:40:00;PE;408;105;JABOATAO DOS GUARARAPES;Ausência de sinalização;Colisão traseira;Sem Vítimas;Plena Noite;Decrescente;Céu Claro;Dupla;Reta;Sim;2;0;0;0;2;0;0;2;-8,0730937;-34,99190714;SPRF-PE;DEL01-PE;UOP01-DEL01-PE
563246;24/11/2023;sexta-feira;10:50:00;SC;101;140;BALNEARIO CAMBORIU;Demais falhas mecânicas ou elétricas;Incêndio;Com Vítimas Feridas;Pleno dia;Decrescente;Céu Claro;Dupla;"Túnel;Reta                    ";Não;1;0;1;0;0;0;1;1;-27,03881189;-48,60025148;SPRF-SC;DEL04-SC;UOP03-DEL04-SC
563248;24/11/2023;sexta-feira;10:45:00;SC;101;208,2;SAO JOSE;Demais falhas mecânicas ou elétricas;Queda de ocupante de veículo;Com Vítimas Feridas;Pleno dia;Decrescente;Céu Claro;Dupla;Reta;Sim;2;0;1;0;1;0;1;1;-27,60327979;-48,63201818;SPRF-SC;DEL01-SC;UOP01-DEL01-SC
563250;09/11/2023;quinta-feira;12:20:00;RR;174;714;PACARAIMA;Trafegar com motocicleta (ou similar) entre as faixas;Colisão lateral mesmo sentido;Com Vítimas Feridas;Pleno dia;Decrescente;Céu Claro;Simples;Reta;Não;2;0;0;1;1;0;1;2;4,47628443;-61,14805564;SPRF-RR;DEL01-RR;UOP01-DEL01-RR
563251;24/11/2023;sexta-feira;11:20:00;RS;285;197;LAGOA VERMELHA;Pedestre cruzava a pista fora da faixa;Atropelamento de Pedestre;Com Vítimas Feridas;Pleno dia;Decrescente;Céu Claro;Simples;"Curva;Interseção de Vias;Rotat";Sim;3;0;0;1;2;0;1;2;-28,21111623;-51,51099801;SPRF-RS;DEL08-RS;UOP05-DEL08-RS
563253;24/11/2023;sexta-feira;11:35:00;BA;324;623,4;SALVADOR;Avarias e/ou desgaste excessivo no pneu;Tombamento;Com Vítimas Feridas;Pleno dia;Decrescente;Céu Claro;Dupla;Reta;Sim;2;0;2;0;0;0;2;1;-12,92628699;-38,46838679;SPRF-BA;DEL01-BA;UOP01-DEL01-BA
563254;24/11/2023;sexta-feira;11:00:00;MT;163;829;SINOP;Mal súbito do condutor;Queda de ocupante de veículo;Com Vítimas Feridas;Pleno dia;Decrescente;Céu Claro;Simples;Rotatória;Sim;1;0;0;1;0;0;1;1;-11,91382085;-55,50904942;SPRF-MT;DEL06-MT;UOP02-DEL06-MT
563255;11/10/2023;quarta-feira;18:30:00;SE;101;148,8;ESTANCIA;Conversão proibida;Colisão frontal;Com Vítimas Feridas;Plena Noite;Decrescente;Céu Claro;Simples;Reta;Não;2;0;0;1;1;0;1;2;-11,23058903;-37,42573496;SPRF-SE;DEL02-SE;UOP01-DEL02-SE
563256;24/11/2023;sexta-feira;12:19:00;GO;40;2,5;VALPARAISO DE GOIAS;Trafegar com motocicleta (ou similar) entre as faixas;Queda de ocupante de veículo;Com Vítimas Feridas;Pleno dia;Decrescente;Céu Claro;Dupla;Reta;Sim;1;0;1;0;0;0;1;1;-16,067129;-47,984235;SPRF-DF;DEL01-DF;UOP01-DEL01-DF