id;data_inversa;dia_semana;horario;uf;br;km;municipio;causa_acidente;tipo_acidente;classificacao_acidente;fase_dia;sentido_via;condicao_metereologica;tipo_pista;tracado_via;uso_solo;pessoas;mortos;feridos_leves;feridos_graves;ilesos;ignorados;feridos;veiculos;latitude;longitude;regional;delegacia;uop
563258;24/11/2023;sexta-feira;11:30:00;PE;101;66,8;RECIFE;Ausência de reação do condutor;Colisão traseira;Com Vítimas Feridas;Pleno dia;Decrescente;Céu Claro;Múltipla;Reta;Sim;2;0;0;1;1;0;1;2;-8,03368534;-34,94184125;SPRF-PE;DEL01-PE;UOP01-DEL01-PE
563259;24/11/2023;sexta-feira;10:30:00;BA;324;556;AMELIA RODRIGUES;Reação tardia ou ineficiente do condutor;Tombamento;Com Vítimas Feridas;Pleno dia;Crescente;Céu Claro;Dupla;Reta;Não;2;0;1;0;1;0;1;1;-12,47106487;-38,6824229;SPRF-BA;DEL01-BA;UOP03-DEL01-BA
563262;24/11/2023;sexta-feira;11:00:00;PA;316;65,6;CASTANHAL;Ausência de reação do condutor;Colisão traseira;Sem Vítimas;Pleno dia;Crescente;Céu Claro;Dupla;Reta;Sim;2;0;0;0;2;0;0;2;-1,29580361;-47,91084002;SPRF-PA;DEL01-PA;UOP01-DEL01-PA
563263;24/11/2023;sexta-feira;13:15:00;SC;101;151;ITAPEMA;Ausência de reação do condutor;Tombamento;Com Vítimas Feridas;Pleno dia;Decrescente;Céu Claro;Dupla;Reta;Sim;2;0;1;0;1;0;1;2;-27,126536;-48,609642;SPRF-SC;DEL04-SC;UOP03-DEL04-SC
563264;24/11/2023;sexta-feira;11:30:00;MG;40;42;PARACATU;Acessar a via sem observar a presença dos outros veículos;Colisão transversal;Sem Vítimas;Pleno dia;Decrescente;Céu Claro;Simples;"Reta;Interseção de Vias;Rotató";Sim;4;0;0;0;4;0;0;2;-17,2188441;-46,8666753;SPRF-MG;DEL14-MG;UOP01-DEL14-MG
563265;24/11/2023;sexta-feira;13:04:00;CE;116;1;FORTALEZA;Manobra de mudança de faixa;Colisão lateral mesmo sentido;Com Vítimas Feridas;Pleno dia;Decrescente;Céu Claro;Múltipla;Reta;Sim;2;0;1;0;1;0;1;2;-3,76159894;-38,51900662;SPRF-CE;DEL01-CE;UOP02-DEL01-CE
563267;24/11/2023;sexta-feira;13:20:00;PR;376;213,1;JANDAIA DO SUL;Demais falhas mecânicas ou elétricas;Saída de leito carroçável;Com Vítimas Feridas;Pleno dia;Crescente;Chuva;Dupla;Curva;Não;2;0;2;0;0;0;2;1;-23,566544;-51,65513992;SPRF-PR;DEL09-PR;UOP01-DEL09-PR
563269;24/11/2023;sexta-feira;10:30:00;PA;230;133,3;MARABA;Reação tardia ou ineficiente do condutor;Saída de leito carroçável;Com Vítimas Feridas;Pleno dia;Decrescente;Céu Claro;Simples;"Reta;Declive                  ";Não;2;0;1;1;0;0;2;1;-5,36104074;-49,20575184;SPRF-PA;DEL03-PA;UOP01-DEL03-PA
563270;24/11/2023;sexta-feira;12:00:00;RS;480;65,9;BARAO DE COTEGIPE;Acumulo de areia ou detritos sobre o pavimento;Tombamento;Com Vítimas Feridas;Pleno dia;Crescente;Nublado;Simples;Curva;Não;2;0;0;1;1;0;1;2;-27,62694605;-52,36726105;SPRF-RS;DEL08-RS;UOP04-DEL08-RS
563271;24/11/2023;sexta-feira;12:47:00;PI;343;0;TERESINA;Ausência de reação do condutor;Colisão traseira;Com Vítimas Feridas;Pleno dia;Decrescente;Céu Claro;Dupla;Reta;Não;3;0;1;0;2;0;1;3;-5,089569;-42,802288;SPRF-PI;DEL01-PI;UOP01-DEL01-PI
563272;24/11/2023;sexta-feira;12:00:00;MG;116;272;TEOFILO OTONI;Acessar a via sem observar a presença dos outros veículos;Atropelamento de Pedestre;Com Vítimas Fatais;Pleno dia;Crescente;Céu Claro;Simples;Reta;Não;21;1;0;0;20;0;0;2;-17,81943899;-41,49990501;SPRF-MG;DEL11-MG;UOP01-DEL11-MG
563273;24/11/2023;sexta-feira;08:15:00;MG;116;412,1;GOVERNADOR VALADARES;Reação tardia ou ineficiente do condutor;Colisão traseira;Com Vítimas Feridas;Pleno dia;Crescente;Sol;Simples;"Reta;Declive                  ";Sim;2;0;0;1;1;0;1;2;-18,86882342;-41,97144241;SPRF-MG;DEL06-MG;UOP01-DEL06-MG
563274;24/11/2023;sexta-feira;13:43:00;RN;101;95;NATAL;Manobra de mudança de faixa;Colisão lateral mesmo sentido;Com Vítimas Fatais;Pleno dia;Decrescente;Céu Claro;Dupla;Reta;Sim;3;1;0;0;2;0;0;3;-5,84949622;-35,20890752;SPRF-RN;DEL01-RN;UOP01-DEL01-RN
563275;24/11/2023;sexta-feira;10:35:00;RS;158;522,1;SANTANA DO LIVRAMENTO;Avarias e/ou desgaste excessivo no pneu;Saída de leito carroçável;Com Vítimas Feridas;Pleno dia;Decrescente;Céu Claro;Simples;Reta;Não;2;0;1;1;0;0;2;1;-30,71042904;-55,13679885;SPRF-RS;DEL11-RS;UOP01-DEL11-RS
563276;24/11/2023;sexta-feira;13:45:00;MT;70;35;BARRA DO GARCAS;Reação tardia ou ineficiente do condutor;Saída de leito carroçável;Com Vítimas Feridas;Pleno dia;Decrescente;Sol;Simples;Reta;Não;5;0;3;1;1;0;4;1;-15,77730648;-52,51907594;SPRF-MT;DEL07-MT;UOP01-DEL07-MT
563277;24/11/2023;sexta-feira;11:00:00;RJ;40;105;DUQUE DE CAXIAS;Ultrapassagem Indevida;Colisão lateral sentido oposto;Sem Vítimas;Pleno dia;Decrescente;Chuva;Múltipla;Ponte;Sim;2;0;0;0;2;0;0;2;-22,63784806;-43,28428824;SPRF-RJ;DEL01-RJ;UOP02-DEL01-RJ
563282;25/09/2023;segunda-feira;14:38:00;MG;40;501;ESMERALDAS;Avarias e/ou desgaste excessivo no pneu;Tombamento;Com Vítimas Feridas;Pleno dia;Decrescente;Sol;Dupla;Reta;Não;2;0;0;1;0;1;1;1;-19,70735708;-44,16736508;SPRF-MG;DEL02-MG;UOP01-DEL02-MG
563283;05/11/2023;domingo;06:10:00;RR;174;391;IRACEMA;Transitar na contramão;Colisão lateral sentido oposto;Com Vítimas Feridas;Pleno dia;Crescente;Céu Claro;Simples;Reta;Não;2;0;0;1;1;0;1;2;2,018215;-61,080246;SPRF-RR;DEL01-RR;UOP01-DEL01-RR
563284;09/11/2023;quinta-feira;21:40:00;RR;174;518;BOA VISTA;Condutor deixou de manter distância do veículo da frente;Queda de ocupante de veículo;Com Vítimas Feridas;Plena Noite;Decrescente;Céu Claro;Simples;Reta;Sim;2;0;0;2;0;0;2;2;2,921912;-60,712013;SPRF-RR;DEL01-RR;UOP01-DEL01-RR
563287;24/11/2023;sexta-feira;14:40:00;PB;230;19;JOAO PESSOA;Condutor deixou de manter distância do veículo da frente;Engavetamento;Com Vítimas Feridas;Pleno dia;Decrescente;Céu Claro;Dupla;Reta;Sim;6;0;1;0;5;0;1;5;-7,1281;-34,8466;SPRF-PB;DEL01-PB;UOP01-DEL01-PB
563291;24/11/2023;sexta-feira;15:40:00;MG;381;492;BETIM;Condutor deixou de manter distância do veículo da frente;Colisão traseira;Com Vítimas Feridas;Pleno dia;Decrescente;Nublado;Dupla;Reta;Sim;2;0;1;0;1;0;1;2;-19,97490091;-44,19004301;SPRF-MG;DEL01-MG;UOP03-DEL01-MG
563292;24/11/2023;sexta-feira;15:00:00;RJ;101;550;PARATY;Velocidade Incompatível;Tombamento;Com Vítimas Feridas;Pleno dia;Decrescente;Garoa/Chuvisco;Simples;Reta;Não;1;0;1;0;0;0;1;1;-23,0475;-44,664867;SPRF-RJ;DEL03-RJ;UOP04-DEL03-RJ
563293;24/11/2023;sexta-feira;16:15:00;PR;277;7;PARANAGUA;Condutor deixou de manter distância do veículo da frente;Colisão traseira;Com Vítimas Feridas;Pleno dia;Crescente;Nublado;Dupla;Reta;Não;2;0;1;0;1;0;1;2;-25,568198;-48,615292;SPRF-PR;DEL01-PR;UOP05-DEL01-PR
563295;24/11/2023;sexta-feira;07:44:00;MG;116;537,7;SANTA RITA DE MINAS;Desrespeitar a preferência no cruzamento;Colisão transversal;Com Vítimas Feridas;Pleno dia;Crescente;Céu Claro;Simples;Reta;Sim;2;0;0;1;1;0;1;2;-19,86620285;-42,1352356;SPRF-MG;DEL06-MG;UOP02-DEL06-MG
563297;24/11/2023;sexta-feira;15:50:00;SP;116;105;TAUBATE;Reação tardia ou ineficiente do condutor;Capotamento;Com Vítimas Feridas;Pleno dia;Decrescente;Céu Claro;Dupla;Reta;Não;1;0;0;1;0;0;1;1;-23,00757973;-45,51466613;SPRF-SP;DEL02-SP;UOP02-DEL02-SP
563298;24/11/2023;sexta-feira;16:10:00;SC;101;207,6;SAO JOSE;Acessar a via sem observar a presença dos outros veículos;Colisão lateral mesmo sentido;Com Vítimas Feridas;Pleno dia;Crescente;Céu Claro;Múltipla;"Reta;Interseção de Vias;Aclive";Sim;3;0;1;0;2;0;1;2;-27,60171566;-48,62810612;SPRF-SC;DEL01-SC;UOP01-DEL01-SC
563302;24/11/2023;sexta-feira;16:30:00;MG;381;338;NOVA ERA;Velocidade Incompatível;Saída de leito carroçável;Com Vítimas Feridas;Pleno dia;Decrescente;Chuva;Simples;Declive;Não;2;0;2;0;0;0;2;1;-19,82924241;-43,0894489;SPRF-MG;DEL03-MG;UOP01-DEL03-MG
563303;24/11/2023;sexta-feira;17:15:00;SC;101;203,5;SAO JOSE;Manobra de mudança de faixa;Colisão lateral mesmo sentido;Com Vítimas Feridas;Pleno dia;Decrescente;Céu Claro;Dupla;"Reta;Aclive                   ";Não;2;0;1;1;0;0;2;2;-27,57171836;-48,61376166;SPRF-SC;DEL01-SC;UOP01-DEL01-SC
563306;24/11/2023;sexta-feira;17:25:00;PR;369;184,8;ARAPONGAS;Acessar a via sem observar a presença dos outros veículos;Colisão transversal;Com Vítimas Feridas;Pleno dia;Crescente;Chuva;Simples;"Interseção de Vias;Retorno Reg";Sim;2;0;0;1;1;0;1;2;-23,407501;-51,428076;SPRF-PR;DEL07-PR;UOP03-DEL07-PR
563308;24/11/2023;sexta-feira;17:25:00;SC;470;55,2;BLUMENAU;Ausência de reação do condutor;Colisão transversal;Com Vítimas Feridas;Pleno dia;Crescente;Céu Claro;Simples;Reta;Não;2;0;1;0;1;0;1;2;-26,87645018;-49,12119269;SPRF-SC;DEL04-SC;UOP01-DEL04-SC
563310;24/11/2023;sexta-feira;17:45:00;DF;20;20;BRASILIA;Trafegar com motocicleta (ou similar) entre as faixas;Colisão lateral mesmo sentido;Com Vítimas Feridas;Pleno dia;Crescente;Céu Claro;Dupla;Reta;Sim;2;0;1;0;1;0;1;2;-15,607905;-47,692791;SPRF-DF;DEL02-DF;UOP01-DEL02-DF
563311;24/11/2023;sexta-feira;10:50:00;RJ;101;548;PARATY;Pista Escorregadia;Capotamento;Com Vítimas Feridas;Pleno dia;Crescente;Chuva;Simples;Reta;Não;2;0;1;0;1;0;1;1;-23,04504375;-44,64688182;SPRF-RJ;DEL03-RJ;UOP04-DEL03-RJ
563313;24/11/2023;sexta-feira;18:09:00;SC;282;16;PALHOCA;Conversão proibida;Colisão transversal;Com Vítimas Feridas;Pleno dia;Crescente;Céu Claro;Simples;Reta;Não;2;0;1;0;1;0;1;2;-27,658611;-48,681847;SPRF-SC;DEL01-SC;UOP02-DEL01-SC
563315;24/11/2023;sexta-feira;17:35:00;PI;343;2;TERESINA;Ausência de reação do condutor;Colisão traseira;Sem Vítimas;Anoitecer;Decrescente;Céu Claro;Dupla;Reta;Sim;2;0;0;0;2;0;0;2;-5,081535;-42,7688863;SPRF-PI;DEL05-PI;UOP01-DEL05-PI
563316;24/11/2023;sexta-feira;18:20:00;RJ;116;180;BELFORD ROXO;Condutor deixou de manter distância do veículo da frente;Colisão lateral mesmo sentido;Com Vítimas Feridas;Pleno dia;Crescente;Céu Claro;Simples;Reta;Não;1;0;1;0;0;0;1;1;-22,7651616;-43,4154728;SPRF-RJ;DEL01-RJ;UOP02-DEL01-RJ
563317;24/11/2023;sexta-feira;17:35:00;PE;101;77,5;RECIFE;Retorno proibido;Colisão traseira;Com Vítimas Feridas;Anoitecer;Decrescente;Céu Claro;Dupla;Reta;Sim;2;0;1;0;0;1;1;2;-8,131123;-34,945157;SPRF-PE;DEL01-PE;UOP01-DEL01-PE
563318;24/11/2023;sexta-feira;17:50:00;SC;101;204,4;SAO JOSE;Manobra de mudança de faixa;Colisão lateral mesmo sentido;Com Vítimas Feridas;Anoitecer;Crescente;Nublado;Dupla;Reta;Sim;2;0;1;0;1;0;1;2;-27,57413014;-48,61363083;SPRF-SC;DEL01-SC;UOP01-DEL01-SC
563319;24/11/2023;sexta-feira;16:40:00;PE;232;69;GRAVATA;Demais falhas mecânicas ou elétricas;Colisão com objeto;Sem Vítimas;Pleno dia;Crescente;Céu Claro;Dupla;Reta;Não;2;0;0;0;2;0;0;1;-8,17240309;-35,47993595;SPRF-PE;DEL02-PE;UOP02-DEL02PE
563320;24/11/2023;sexta-feira;17:25:00;PR;376;600;CURITIBA;Trafegar com motocicleta (ou similar) entre as faixas;Colisão traseira;Com Vítimas Feridas;Pleno dia;Crescente;Nublado;Dupla;Reta;Sim;3;0;1;0;2;0;1;2;-25,537054;-49,31404;SPRF-PR;DEL01-PR;UOP06-DEL01-PR
563321;24/11/2023;sexta-feira;17:28:00;SC;163;74,3;SAO MIGUEL DO OESTE;Acessar a via sem observar a presença dos outros veículos;Colisão transversal;Com Vítimas Feridas;Pleno dia;Decrescente;Céu Claro;Simples;Reta;Sim;3;0;2;0;1;0;2;2;-26,69884073;-53,51439893;SPRF-SC;DEL07-SC;UOP03-DEL07-SC
563322;24/11/2023;sexta-feira;18:20:00;MG;381;801,8;SAO GONCALO DO SAPUCAI;Acumulo de água sobre o pavimento;Saída de leito carroçável;Com Vítimas Feridas;Plena Noite;Decrescente;Chuva;Dupla;Reta;Não;1;0;1;0;0;0;1;1;-21,94098985;-45,61722658;SPRF-MG;DEL16-MG;UOP02-DEL16-MG
563323;24/11/2023;sexta-feira;18:50:00;MG;381;489;BETIM;Frear bruscamente;Engavetamento;Com Vítimas Feridas;Plena Noite;Decrescente;Céu Claro;Dupla;"Aclive;Reta                   ";Sim;5;0;1;0;4;0;1;3;-19,96245618;-44,16455495;SPRF-MG;DEL01-MG;UOP03-DEL01-MG
563324;24/11/2023;sexta-feira;18:30:00;SP;116;142;SAO JOSE DOS CAMPOS;Reação tardia ou ineficiente do condutor;Colisão lateral mesmo sentido;Com Vítimas Feridas;Plena Noite;Decrescente;Nublado;Dupla;Reta;Sim;2;0;1;0;1;0;1;2;-23,17426078;-45,82940111;SPRF-SP;DEL02-SP;UOP01-DEL02-SP
563326;24/11/2023;sexta-feira;18:00:00;SP;116;215,7;GUARULHOS;Manobra de mudança de faixa;Colisão traseira;Com Vítimas Feridas;Anoitecer;Decrescente;Garoa/Chuvisco;Múltipla;Reta;Não;2;0;1;0;1;0;1;2;-23,44695693;-46,45394103;SPRF-SP;DEL01-SP;UOP01-DEL01-SP
563327;24/11/2023;sexta-feira;18:00:00;RS;470;232;CARLOS BARBOSA;Condutor deixou de manter distância do veículo da frente;Colisão lateral mesmo sentido;Com Vítimas Feridas;Pleno dia;Decrescente;Céu Claro;Dupla;Reta;Não;2;0;1;0;1;0;1;2;-29,23579206;-51,51193423;SPRF-RS;DEL06-RS;UOP01-DEL06-RS
563328;24/11/2023;sexta-feira;19:00:00;RS;116;234;ESTANCIA VELHA;Ingestão de álcool pelo condutor;Colisão traseira;Sem Vítimas;Anoitecer;Crescente;Céu Claro;Simples;Reta;Sim;3;0;0;0;3;0;0;2;-29,65121313;-51,1444433;SPRF-RS;DEL01-RS;UOP02-DEL01-RS
563329;24/11/2023;sexta-feira;17:45:00;MG;116;414;GOVERNADOR VALADARES;Acessar a via sem observar a presença dos outros veículos;Colisão transversal;Com Vítimas Feridas;Pleno dia;Crescente;Céu Claro;Simples;Interseção de Vias;Sim;2;0;1;0;1;0;1;2;-18,88102703;-41,95910802;SPRF-MG;DEL06-MG;UOP01-DEL06-MG
563331;08/11/2023;quarta-feira;21:15:00;PR;277;718,6;FOZ DO IGUACU;Pedestre andava na pista;Atropelamento de Pedestre;Com Vítimas Fatais;Plena Noite;Decrescente;Céu Claro;Dupla;"Declive;Reta                  ";Não;6;1;0;0;5;0;0;2;-25,48013487;-54,48530406;SPRF-PR;DEL05-PR;UOP03-DEL05-PR
563332;24/11/2023;sexta-feira;19:00:00;SC;101;134;BALNEARIO CAMBORIU;Condutor deixou de manter distância do veículo da frente;Colisão lateral mesmo sentido;Com Vítimas Feridas;Plena Noite;Crescente;Nublado;Simples;Interseção de Vias;Sim;3;0;2;0;1;0;2;2;-27,02397426;-48,60761649;SPRF-SC;DEL04-SC;UOP03-DEL04-SC
563333;24/11/2023;sexta-feira;18:08:00;MA;222;675;ACAILANDIA;Manobra de mudança de faixa;Colisão frontal;Com Vítimas Feridas;Anoitecer;Crescente;Céu Claro;Simples;Reta;Sim;2;0;0;1;1;0;1;2;-4,93859094;-47,46131504;SPRF-MA;DEL04-MA;UOP03-DEL04-MA
563334;24/11/2023;sexta-feira;18:58:00;TO;10;453;PALMAS;Condutor deixou de manter distância do veículo da frente;Colisão traseira;Sem Vítimas;Plena Noite;Decrescente;Céu Claro;Dupla;Reta;Sim;5;0;0;0;5;0;0;3;-10,32594;-48,29772;SPRF-TO;DEL01-TO;UOP03-DEL01-TO
563338;24/11/2023;sexta-feira;16:15:00;MG;116;701;MURIAE;Acessar a via sem observar a presença dos outros veículos;Colisão transversal;Com Vítimas Feridas;Pleno dia;Crescente;Chuva;Simples;"Curva;Interseção de Vias      ";Sim;3;0;0;2;1;0;2;2;-21,11084891;-42,3806104;SPRF-MG;DEL07-MG;UOP02-DEL07-MG
563339;24/11/2023;sexta-feira;16:15:00;MG;262;38,1;MANHUACU;Acessar a via sem observar a presença dos outros veículos;Colisão frontal;Com Vítimas Feridas;Pleno dia;Decrescente;Céu Claro;Simples;Reta;Sim;4;0;2;0;2;0;2;2;-20,26305859;-42,03684948;SPRF-MG;DEL06-MG;UOP03-DEL06-MG
563341;24/11/2023;sexta-feira;19:40:00;SC;101;194;BIGUACU;Condutor deixou de manter distância do veículo da frente;Colisão lateral mesmo sentido;Com Vítimas Feridas;Plena Noite;Decrescente;Céu Claro;Dupla;Viaduto;Sim;2;0;1;0;1;0;1;2;-27,49815117;-48,65661236;SPRF-SC;DEL01-SC;UOP01-DEL01-SC
563342;24/11/2023;sexta-feira;18:35:00;CE;116;11;FORTALEZA;Entrada inopinada do pedestre;Atropelamento de Pedestre;Com Vítimas Fatais;Plena Noite;Decrescente;Céu Claro;Múltipla;Reta;Sim;3;1;1;0;1;0;1;2;-3,84189596;-38,49970568;SPRF-CE;DEL01-CE;UOP02-DEL01-CE
563343;24/11/2023;sexta-feira;19:00:00;BA;410;1;RIBEIRA DO POMBAL;Animais na Pista;Atropelamento de Animal;Com Vítimas Feridas;Plena Noite;Crescente;Céu Claro;Simples;Declive;Sim;1;0;0;1;0;0;1;1;-10,81977994;-38,53734704;SPRF-BA;DEL07-BA;UOP02-DEL07-BA
563344;24/11/2023;sexta-feira;18:35:00;MS;376;138,5;IVINHEMA;Manobra de mudança de faixa;Colisão lateral sentido oposto;Com Vítimas Feridas;Plena Noite;Crescente;Nublado;Simples;Reta;Não;2;0;1;1;0;0;2;2;-22,38308887;-53,66383094;SPRF-MS;DEL04-MS;UOP04-DEL04-MS
563345;24/11/2023;sexta-feira;18:30:00;RS;448;3;ESTEIO;Demais falhas mecânicas ou elétricas;Incêndio;Sem Vítimas;Anoitecer;Crescente;Céu Claro;Dupla;Reta;Não;1;0;0;0;1;0;0;1;-29,846483;-51,206802;SPRF-RS;DEL01-RS;UOP02-DEL01-RS
563346;24/11/2023;sexta-feira;17:45:00;ES;101;274,6;SERRA;Reação tardia ou ineficiente do condutor;Colisão transversal;Com Vítimas Feridas;Anoitecer;Crescente;Nublado;Dupla;Reta;Sim;3;0;1;0;1;1;1;3;-20,21288515;-40,29612219;SPRF-ES;DEL02-ES;UOP01-DEL02-ES
563347;24/11/2023;sexta-feira;18:30:00;MG;262;489;BOM DESPACHO;Chuva;Saída de leito carroçável;Sem Vítimas;Pleno dia;Crescente;Chuva;Simples;Reta;Não;1;0;0;0;1;0;0;1;-19,78355236;-45,33245703;SPRF-MG;DEL08-MG;UOP03-DEL08-MG
563348;24/11/2023;sexta-feira;17:30:00;PI;343;589;FLORIANO;Acessar a via sem observar a presença dos outros veículos;Colisão transversal;Com Vítimas Feridas;Anoitecer;Decrescente;Céu Claro;Simples;"Declive;Reta;Interseção de Via";Sim;2;0;1;0;0;1;1;2;-6,776695;-43,009346;SPRF-PI;DEL03-PI;UOP01-DEL03-PI
563349;24/11/2023;sexta-feira;19:10:00;PI;316;30;DEMERVAL LOBAO;Demais falhas na via;Colisão frontal;Com Vítimas Feridas;Plena Noite;Crescente;Céu Claro;Dupla;Em Obras;Sim;2;0;0;1;1;0;1;2;-5,33309;-42,69755301;SPRF-PI;DEL01-PI;UOP02-DEL01-PI
563352;24/11/2023;sexta-feira;18:40:00;MG;40;531,8;CONTAGEM;Manobra de mudança de faixa;Colisão lateral mesmo sentido;Com Vítimas Feridas;Plena Noite;Decrescente;Garoa/Chuvisco;Dupla;"Retorno Regulamentado;Curva   ";Sim;3;0;3;0;0;0;3;2;-19,91962483;-44,02522683;SPRF-MG;DEL01-MG;UOP02-DEL01-MG
563353;24/11/2023;sexta-feira;20:15:00;PA;10;354;SANTA MARIA DO PARA;Ausência de reação do condutor;Atropelamento de Pedestre;Com Vítimas Feridas;Plena Noite;Decrescente;Céu Claro;Simples;Reta;Sim;2;0;1;0;1;0;1;2;-1,34759789;-47,57735696;SPRF-PA;DEL01-PA;UOP02-DEL01-PA
563354;24/11/2023;sexta-feira;18:00:00;PR;116;115;CURITIBA;Trafegar com motocicleta (ou similar) entre as faixas;Colisão traseira;Com Vítimas Feridas;Plena Noite;Decrescente;Garoa/Chuvisco;Dupla;Reta;Sim;2;0;1;0;1;0;1;2;-25,55953326;-49,26560414;SPRF-PR;DEL01-PR;UOP07-DEL01-PR
563355;24/11/2023;sexta-feira;20:30:00;MG;50;31,7;ARAGUARI;Ingestão de álcool pelo condutor;Colisão com objeto;Com Vítimas Feridas;Plena Noite;Decrescente;Nublado;Dupla;"Reta;Declive                  ";Não;1;0;1;0;0;0;1;1;-18,62419107;-48,11705236;SPRF-MG;DEL15-MG;UOP02-DEL15-MG
563356;24/11/2023;sexta-feira;19:45:00;TO;153;496;PARAISO DO TOCANTINS;Ultrapassagem Indevida;Colisão lateral mesmo sentido;Com Vítimas Feridas;Plena Noite;Crescente;Céu Claro;Simples;Reta;Sim;3;0;1;0;2;0;1;2;-10,16527794;-48,88094578;SPRF-TO;DEL01-TO;UOP01-DEL01-TO
563357;24/11/2023;sexta-feira;20:30:00;SC;101;205;SAO JOSE;Reação tardia ou ineficiente do condutor;Colisão traseira;Sem Vítimas;Plena Noite;Crescente;Céu Claro;Dupla;Reta;Sim;2;0;0;0;2;0;0;2;-27,58420761;-48,6155802;SPRF-SC;DEL01-SC;UOP01-DEL01-SC
563358;24/11/2023;sexta-feira;18:20:00;SC;101;441,6;SANTA ROSA DO SUL;Reação tardia ou ineficiente do condutor;Colisão lateral mesmo sentido;Com Vítimas Feridas;Anoitecer;Crescente;Nublado;Múltipla;"Reta;Declive;Viaduto          ";Não;3;0;2;0;1;0;2;3;-29,12997119;-49,68704224;SPRF-SC;DEL02-SC;UOP02-DEL02-SC
563359;24/11/2023;sexta-feira;10:00:00;RO;319;54;PORTO VELHO;Ausência de reação do condutor;Saída de leito carroçável;Com Vítimas Fatais;Pleno dia;Crescente;Nublado;Simples;Curva;Não;1;1;0;0;0;0;0;1;-8,74350592;-63,94936497;SPRF-RO;DEL01-RO;UOP01-DEL01-RO
563360;24/11/2023;sexta-feira;19:45:00;SC;163;68,6;SAO MIGUEL DO OESTE;Desrespeitar a preferência no cruzamento;Colisão transversal;Com Vítimas Feridas;Plena Noite;Decrescente;Céu Claro;Dupla;"Aclive;Reta                   ";Não;2;0;2;0;0;0;2;2;-26,75038301;-53,50086841;SPRF-SC;DEL07-SC;UOP03-DEL07-SC
563361;24/11/2023;sexta-feira;19:59:00;PE;101;1;GOIANA;Ausência de sinalização;Colisão lateral mesmo sentido;Com Vítimas Feridas;Plena Noite;Crescente;Céu Claro;Dupla;"Interseção de Vias;Curva;Em Ob";Não;3;0;1;0;2;0;1;2;-7,504116;-34,986093;SPRF-PE;DEL01-PE;UOP02-DEL01-PE
563362;24/11/2023;sexta-feira;20:30:00;RS;392;55,9;RIO GRANDE;Animais na Pista;Atropelamento de Animal;Com Vítimas Feridas;Plena Noite;Crescente;Céu Claro;Dupla;Reta;Não;2;0;0;2;0;0;2;1;-31,82930395;-52,32858415;SPRF-RS;DEL07-RS;UOP02-DEL07-RS
563363;24/11/2023;sexta-feira;19:30:00;PE;408;98,4;SAO LOURENCO DA MATA;Frear bruscamente;Colisão traseira;Com Vítimas Feridas;Plena Noite;Decrescente;Céu Claro;Dupla;Reta;Não;2;0;1;0;1;0;1;2;-8,03598572;-35,03218461;SPRF-PE;DEL01-PE;UOP01-DEL01-PE
563364;24/11/2023;sexta-feira;20:40:00;MG;262;99;ABRE CAMPO;Ausência de reação do condutor;Atropelamento de Pedestre;Com Vítimas Fatais;Plena Noite;Crescente;Céu Claro;Simples;Curva;Não;2;1;0;0;1;0;0;2;-20,29069669;-42,49704413;SPRF-MG;DEL03-MG;UOP03-DEL03-MG
563365;24/11/2023;sexta-feira;20:40:00;RJ;101;140;MACAE;Ausência de reação do condutor;Colisão traseira;Com Vítimas Feridas;Plena Noite;Crescente;Garoa/Chuvisco;Dupla;Reta;Não;1;0;1;0;0;0;1;1;-22,178706;-41,74910424;SPRF-RJ;DEL08-RJ;UOP04-DEL08-RJ
563366;24/11/2023;sexta-feira;20:50:00;PR;277;718,5;FOZ DO IGUACU;Reação tardia ou ineficiente do condutor;Saída de leito carroçável;Com Vítimas Feridas;Plena Noite;Crescente;Céu Claro;Dupla;Reta;Não;4;0;2;0;2;0;2;1;-25,48013487;-54,48530406;SPRF-PR;DEL05-PR;UOP03-DEL05-PR
563367;24/11/2023;sexta-feira;21:35:00;RS;116;519,6;PELOTAS;Mal súbito do condutor;Queda de ocupante de veículo;Com Vítimas Feridas;Plena Noite;Crescente;Céu Claro;Dupla;Reta;Sim;1;0;1;0;0;0;1;1;-31,69369368;-52,35458934;SPRF-RS;DEL07-RS;UOP01-DEL07-RS
563368;24/11/2023;sexta-feira;21:30:00;ES;262;39,8;DOMINGOS MARTINS;Transitar na contramão;Colisão frontal;Com Vítimas Fatais;Plena Noite;Crescente;Chuva;Simples;"Curva;Aclive                  ";Não;2;1;0;0;1;0;0;2;-20,3802679;-40,63000864;SPRF-ES;DEL01-ES;UOP01-DEL01-ES
563369;24/11/2023;sexta-feira;18:50:00;RJ;101;407;ITAGUAI;Ausência de reação do condutor;Colisão traseira;Com Vítimas Feridas;Plena Noite;Crescente;Nublado;Dupla;Viaduto;Não;4;0;0;1;2;1;1;3;-22,87672058;-43,81631971;SPRF-RJ;DEL03-RJ;UOP01-DEL03-RJ
563374;24/11/2023;sexta-feira;22:00:00;SP;116;212,2;GUARULHOS;Reação tardia ou ineficiente do condutor;Colisão com objeto;Com Vítimas Feridas;Plena Noite;Decrescente;Garoa/Chuvisco;Múltipla;Reta;Sim;3;0;2;0;0;1;2;2;-23,43851458;-46,43400979;SPRF-SP;DEL01-SP;UOP01-DEL01-SP