id;data_inversa;dia_semana;horario;uf;br;km;municipio;causa_acidente;tipo_acidente;classificacao_acidente;fase_dia;sentido_via;condicao_metereologica;tipo_pista;tracado_via;uso_solo;pessoas;mortos;feridos_leves;feridos_graves;ilesos;ignorados;feridos;veiculos;latitude;longitude;regional;delegacia;uop
563748;26/11/2023;domingo;13:00:00;MG;50;155;UBERABA;Avarias e/ou desgaste excessivo no pneu;Saída de leito carroçável;Com Vítimas Feridas;Pleno dia;Crescente;Chuva;Dupla;Reta;Não;4;0;4;0;0;0;4;1;-19,610938;-48,021189;SPRF-MG;DEL13-MG;UOP01-DEL13-MG
563752;26/11/2023;domingo;14:50:00;PE;232;99,5;BEZERROS;Manobra de mudança de faixa;Capotamento;Com Vítimas Feridas;Pleno dia;Decrescente;Sol;Dupla;Reta;Não;1;0;1;0;0;0;1;1;-8,2367277;-35,73401605;SPRF-PE;DEL02-PE;UOP02-DEL02PE
563753;26/11/2023;domingo;15:07:00;AL;316;153,8;PALMEIRA DOS INDIOS;Acesso irregular;Colisão transversal;Com Vítimas Feridas;Pleno dia;Decrescente;Céu Claro;Simples;Reta;Não;4;0;1;1;2;0;2;2;-9,43109097;-36,64197922;SPRF-AL;DEL03-AL;UOP01-DEL03-AL
563754;26/11/2023;domingo;17:09:00;PE;101;76;RECIFE;Acostamento em desnível;Queda de ocupante de veículo;Com Vítimas Feridas;Pleno dia;Decrescente;Céu Claro;Dupla;Reta;Sim;2;0;1;1;0;0;2;1;-8,11813811;-34,94329214;SPRF-PE;DEL01-PE;UOP01-DEL01-PE
563755;26/11/2023;domingo;16:35:00;MG;262;380;JUATUBA;Avarias e/ou desgaste excessivo no pneu;Saída de leito carroçável;Com Vítimas Feridas;Pleno dia;Crescente;Céu Claro;Dupla;"Aclive;Curva                  ";Não;1;0;1;0;0;0;1;1;-19,947864;-44,381226;SPRF-MG;DEL01-MG;UOP03-DEL01-MG
563756;26/11/2023;domingo;16:30:00;CE;116;29;ITAITINGA;Transitar na contramão;Colisão frontal;Com Vítimas Feridas;Pleno dia;Crescente;Céu Claro;Dupla;Reta;Sim;2;0;0;1;1;0;1;2;-3,98418708;-38,5151357;SPRF-CE;DEL01-CE;UOP02-DEL01-CE
563758;26/11/2023;domingo;17:10:00;PR;369;140,9;IBIPORA;Reação tardia ou ineficiente do condutor;Tombamento;Com Vítimas Feridas;Pleno dia;Decrescente;Céu Claro;Dupla;Rotatória;Não;1;0;1;0;0;0;1;1;-23,285637;-51,074218;SPRF-PR;DEL07-PR;UOP01-DEL07-PR
563759;26/11/2023;domingo;16:25:00;MG;381;932,3;EXTREMA;Ingestão de álcool pelo condutor;Saída de leito carroçável;Com Vítimas Feridas;Pleno dia;Decrescente;Céu Claro;Dupla;Curva;Não;2;0;0;2;0;0;2;1;-22,79335797;-46,24720875;SPRF-MG;DEL16-MG;UOP03-DEL16-MG
563760;26/11/2023;domingo;16:00:00;PR;153;237,8;TIBAGI;Ultrapassagem Indevida;Colisão frontal;Com Vítimas Feridas;Pleno dia;Crescente;Nublado;Simples;"Declive;Curva                 ";Não;3;0;1;1;0;1;2;3;-24,77119468;-50,46625078;SPRF-PR;DEL03-PR;UOP02-DEL03-PR
563761;26/11/2023;domingo;17:00:00;SC;282;3,2;FLORIANOPOLIS;Reação tardia ou ineficiente do condutor;Colisão com objeto;Com Vítimas Feridas;Pleno dia;Crescente;Nublado;Dupla;"Declive;Curva                 ";Sim;2;0;0;2;0;0;2;1;-27,600384;-48,599705;SPRF-SC;DEL01-SC;UOP01-DEL01-SC
563763;26/11/2023;domingo;17:45:00;PB;230;9,9;CABEDELO;Demais falhas na via;Colisão com objeto;Com Vítimas Feridas;Anoitecer;Crescente;Céu Claro;Dupla;"Interseção de Vias;Reta;Em Obr";Sim;2;0;1;0;1;0;1;1;-7,05087248;-34,84989882;SPRF-PB;DEL01-PB;UOP01-DEL01-PB
563764;26/11/2023;domingo;17:40:00;GO;40;3,4;VALPARAISO DE GOIAS;Trafegar com motocicleta (ou similar) entre as faixas;Colisão traseira;Com Vítimas Feridas;Pleno dia;Decrescente;Céu Claro;Dupla;Reta;Sim;5;0;2;0;3;0;2;2;-16,076081;-47,985671;SPRF-DF;DEL01-DF;UOP01-DEL01-DF
563767;26/11/2023;domingo;16:25:00;SP;101;35;UBATUBA;Carga excessiva e/ou mal acondicionada;Derramamento de carga;Com Vítimas Feridas;Pleno dia;Crescente;Nublado;Simples;Declive;Sim;2;0;1;0;1;0;1;2;-23,39244374;-45,00823311;SPRF-SP;DEL06-SP;UOP01-DEL06-SP
563768;26/11/2023;domingo;16:16:00;MA;135;6,4;SAO LUIS;Manobra de mudança de faixa;Colisão lateral mesmo sentido;Com Vítimas Feridas;Pleno dia;Crescente;Céu Claro;Dupla;Reta;Sim;2;0;1;0;1;0;1;2;-2,53073;-44,3068;SPRF-MA;DEL01-MA;UOP01-DEL01-MA
563769;26/11/2023;domingo;13:50:00;RS;116;362;TAPES;Reação tardia ou ineficiente do condutor;Saída de leito carroçável;Com Vítimas Feridas;Pleno dia;Decrescente;Céu Claro;Dupla;Curva;Não;1;0;1;0;0;0;1;1;-30,63998901;-51,5567565;SPRF-RS;DEL02-RS;UOP02-DEL02-RS
563770;26/11/2023;domingo;11:00:00;MG;262;811;UBERABA;Ingestão de álcool pelo condutor;Saída de leito carroçável;Sem Vítimas;Pleno dia;Decrescente;Céu Claro;Dupla;Reta;Sim;1;0;0;0;1;0;0;1;-19,76527861;-48,11638905;SPRF-MG;DEL13-MG;UOP01-DEL13-MG
563772;26/11/2023;domingo;17:30:00;MG;381;812,4;CAREACU;Reação tardia ou ineficiente do condutor;Saída de leito carroçável;Com Vítimas Feridas;Pleno dia;Crescente;Chuva;Dupla;"Declive;Curva                 ";Não;4;0;3;0;1;0;3;1;-22,06199504;-45,70068392;SPRF-MG;DEL16-MG;UOP02-DEL16-MG
563773;26/11/2023;domingo;18:25:00;SC;101;226;PALHOCA;Manobra de mudança de faixa;Colisão transversal;Com Vítimas Feridas;Anoitecer;Decrescente;Nublado;Dupla;Reta;Sim;2;0;1;0;1;0;1;2;-27,74200001;-48,63806504;SPRF-SC;DEL01-SC;UOP02-DEL01-SC
563774;26/11/2023;domingo;15:45:00;SP;116;505;CAJATI;Reação tardia ou ineficiente do condutor;Saída de leito carroçável;Com Vítimas Feridas;Pleno dia;Crescente;Nublado;Simples;"Curva;Declive                 ";Não;2;0;2;0;0;0;2;1;-24,79028098;-48,21075278;SPRF-SP;DEL05-SP;UOP02-DEL05-SP
563776;26/11/2023;domingo;18:00:00;PA;316;66;CASTANHAL;Ingestão de álcool pelo condutor;Colisão transversal;Com Vítimas Feridas;Plena Noite;Crescente;Céu Claro;Dupla;Reta;Sim;2;0;0;1;0;1;1;2;-1,29533525;-47,90182499;SPRF-PA;DEL01-PA;UOP01-DEL01-PA
563777;26/11/2023;domingo;14:05:00;MT;163;522;DIAMANTINO;Acumulo de água sobre o pavimento;Saída de leito carroçável;Sem Vítimas;Pleno dia;Crescente;Garoa/Chuvisco;Simples;"Em Obras;Reta                 ";Não;5;0;0;0;5;0;0;1;-14,50402729;-56,19741276;SPRF-MT;DEL01-MT;UOP01-DEL01-MT
563779;26/11/2023;domingo;17:44:00;SC;116;170,4;PONTE ALTA DO NORTE;Reação tardia ou ineficiente do condutor;Queda de ocupante de veículo;Com Vítimas Feridas;Pleno dia;Decrescente;Céu Claro;Simples;"Aclive;Curva                  ";Não;2;0;2;0;0;0;2;1;-27,194962;-50,463425;SPRF-SC;DEL05-SC;UOP03-DEL05-SC
563780;26/11/2023;domingo;17:00:00;AL;316;251;ATALAIA;Ultrapassagem Indevida;Colisão frontal;Com Vítimas Feridas;Pleno dia;Decrescente;Céu Claro;Dupla;Reta;Não;6;0;0;5;1;0;5;2;-9,56369581;-35,97111969;SPRF-AL;DEL01-AL;UOP01-DEL01-AL
563781;26/11/2023;domingo;19:00:00;BA;324;616;SALVADOR;Pista esburacada;Queda de ocupante de veículo;Com Vítimas Feridas;Plena Noite;Crescente;Céu Claro;Dupla;Reta;Sim;2;0;2;0;0;0;2;1;-12,87957905;-38,43213893;SPRF-BA;DEL01-BA;UOP01-DEL01-BA
563782;26/11/2023;domingo;18:23:00;PR;116;97;SAO JOSE DOS PINHAIS;Reação tardia ou ineficiente do condutor;Saída de leito carroçável;Com Vítimas Feridas;Anoitecer;Crescente;Nublado;Múltipla;Reta;Não;3;0;2;0;1;0;2;1;-25,5439903;-49,15077209;SPRF-PR;DEL01-PR;UOP07-DEL01-PR
563783;26/11/2023;domingo;19:00:00;PR;277;613;CEU AZUL;Condutor deixou de manter distância do veículo da frente;Colisão traseira;Com Vítimas Feridas;Pleno dia;Decrescente;Garoa/Chuvisco;Simples;Reta;Não;3;0;1;0;2;0;1;2;-25,06149319;-53,64838088;SPRF-PR;DEL05-PR;UOP02-DEL05-PR
563784;26/11/2023;domingo;18:06:00;CE;222;28;CAUCAIA;Reação tardia ou ineficiente do condutor;Colisão traseira;Com Vítimas Feridas;Plena Noite;Crescente;Céu Claro;Dupla;Reta;Não;2;0;0;1;0;1;1;2;-3,71698273;-38,80238292;SPRF-CE;DEL01-CE;UOP01-DEL01-CE
563785;26/11/2023;domingo;19:00:00;SP;381;89;GUARULHOS;Pista esburacada;Tombamento;Com Vítimas Feridas;Plena Noite;Decrescente;Céu Claro;Múltipla;Reta;Sim;1;0;1;0;0;0;1;1;-23,48469299;-46,55983288;SPRF-SP;DEL03-SP;UOP01-DEL03-SP
563787;26/11/2023;domingo;19:30:00;MG;146;465;BOTELHOS;Animais na Pista;Atropelamento de Animal;Com Vítimas Feridas;Anoitecer;Crescente;Céu Claro;Simples;Reta;Não;2;0;1;1;0;0;2;1;-21,66955298;-46,41208649;SPRF-MG;DEL09-MG;UOP01-DEL09-MG
563789;26/11/2023;domingo;19:00:00;TO;153;150;ARAGUAINA;Pista esburacada;Queda de ocupante de veículo;Com Vítimas Feridas;Plena Noite;Crescente;Céu Claro;Simples;Reta;Não;1;0;1;0;0;0;1;1;-7,24812605;-48,25533885;SPRF-TO;DEL02-TO;UOP01-DEL02-TO
563790;26/11/2023;domingo;19:00:00;TO;153;295;PRESIDENTE KENNEDY;Faróis desregulados;Colisão traseira;Com Vítimas Feridas;Plena Noite;Crescente;Céu Claro;Simples;Reta;Não;5;0;0;1;4;0;1;2;-8,48869625;-48,49024793;SPRF-TO;DEL02-TO;UOP02-DEL02-TO
563791;26/11/2023;domingo;18:00:00;GO;70;7;AGUAS LINDAS DE GOIAS;Ingestão de álcool pelo condutor;Colisão frontal;Com Vítimas Feridas;Anoitecer;Crescente;Céu Claro;Múltipla;Reta;Não;2;0;2;0;0;0;2;2;-15,74375533;-48,26779708;SPRF-DF;DEL03-DF;UOP02-DEL03-DF
563792;26/11/2023;domingo;18:10:00;ES;101;82;SAO MATEUS;Ultrapassagem Indevida;Colisão frontal;Com Vítimas Feridas;Plena Noite;Decrescente;Céu Claro;Simples;Reta;Não;2;0;2;0;0;0;2;2;-18,83616999;-39,91775501;SPRF-ES;DEL04-ES;UOP02-DEL04-ES
563794;26/11/2023;domingo;18:23:00;MA;316;145;NOVA OLINDA DO MARANHAO;Condutor Dormindo;Tombamento;Com Vítimas Feridas;Anoitecer;Crescente;Céu Claro;Simples;Reta;Sim;1;0;0;1;0;0;1;1;-2,808156;-45,703926;SPRF-MA;DEL02-MA;UOP02-DEL02-MA
563795;26/11/2023;domingo;20:00:00;ES;101;126,2;LINHARES;Transitar na contramão;Colisão frontal;Com Vítimas Feridas;Plena Noite;Crescente;Céu Claro;Múltipla;"Aclive;Reta                   ";Não;2;0;2;0;0;0;2;2;-19,193953;-40,0951;SPRF-ES;DEL04-ES;UOP01-DEL04-ES
563796;26/11/2023;domingo;19:10:00;MS;163;278;DOURADOS;Ingestão de álcool pelo condutor;Tombamento;Com Vítimas Feridas;Plena Noite;Decrescente;Nublado;Dupla;Reta;Não;1;0;1;0;0;0;1;1;-22,14945463;-54,6341663;SPRF-MS;DEL04-MS;UOP01-DEL04-MS
563798;26/11/2023;domingo;20:10:00;SP;116;154,6;SAO JOSE DOS CAMPOS;Ausência de reação do condutor;Colisão lateral mesmo sentido;Com Vítimas Feridas;Plena Noite;Crescente;Nublado;Dupla;Reta;Não;2;0;1;0;1;0;1;2;-23,23903999;-45,92061901;SPRF-SP;DEL02-SP;UOP01-DEL02-SP
563799;26/11/2023;domingo;19:20:00;RN;101;82;SAO GONCALO DO AMARANTE;Manobra de mudança de faixa;Colisão lateral sentido oposto;Com Vítimas Feridas;Plena Noite;Crescente;Céu Claro;Dupla;Reta;Sim;2;0;0;1;0;1;1;2;-5,76791511;-35,27456305;SPRF-RN;DEL02-RN;UOP01-DEL02-RN
563803;26/11/2023;domingo;18:40:00;MT;163;838;SINOP;Reação tardia ou ineficiente do condutor;Queda de ocupante de veículo;Com Vítimas Feridas;Plena Noite;Decrescente;Nublado;Simples;Reta;Sim;1;0;1;0;0;0;1;1;-11,960007;-55,516914;SPRF-MT;DEL06-MT;UOP02-DEL06-MT
563804;26/11/2023;domingo;19:45:00;RS;116;450;SAO LOURENCO DO SUL;Ausência de reação do condutor;Tombamento;Com Vítimas Feridas;Plena Noite;Crescente;Céu Claro;Dupla;Reta;Não;1;0;1;0;0;0;1;1;-31,19584196;-52,02180486;SPRF-RS;DEL02-RS;UOP02-DEL02-RS
563805;26/11/2023;domingo;18:15:00;RJ;101;528;ANGRA DOS REIS;Chuva;Saída de leito carroçável;Com Vítimas Feridas;Plena Noite;Crescente;Chuva;Simples;"Reta;Aclive                   ";Não;1;0;1;0;0;0;1;1;-23,02314418;-44,50045173;SPRF-RJ;DEL03-RJ;UOP03-DEL03-RJ
563806;26/11/2023;domingo;20:00:00;SP;381;73;MAIRIPORA;Ausência de reação do condutor;Tombamento;Com Vítimas Feridas;Plena Noite;Crescente;Nublado;Múltipla;"Curva;Aclive                  ";Não;1;0;1;0;0;0;1;1;-23,36553404;-46,55253934;SPRF-SP;DEL03-SP;UOP01-DEL03-SP
563808;26/11/2023;domingo;20:25:00;PE;407;125,1;PETROLINA;Condutor deixou de manter distância do veículo da frente;Colisão traseira;Com Vítimas Feridas;Plena Noite;Crescente;Céu Claro;Dupla;Reta;Sim;2;0;1;0;0;1;1;2;-9,37739336;-40,53595733;SPRF-PE;DEL06-PE;UOP01-DEL06-PE
563809;26/11/2023;domingo;19:00:00;SC;101;57,9;ARAQUARI;Frear bruscamente;Colisão com objeto;Sem Vítimas;Plena Noite;Decrescente;Céu Claro;Dupla;Reta;Não;1;0;0;0;1;0;0;1;-26,43646093;-48,81113029;SPRF-SC;DEL03-SC;UOP01-DEL03-SC
563811;26/11/2023;domingo;20:35:00;PR;277;663,1;MEDIANEIRA;Reação tardia ou ineficiente do condutor;Saída de leito carroçável;Com Vítimas Fatais;Plena Noite;Crescente;Garoa/Chuvisco;Dupla;Reta;Não;1;1;0;0;0;0;0;1;-25,25155419;-54,01878197;SPRF-PR;DEL05-PR;UOP02-DEL05-PR
563813;26/11/2023;domingo;19:20:00;MG;116;611,3;SAO JOAO DO MANHUACU;Transitar no Acostamento;Tombamento;Com Vítimas Feridas;Plena Noite;Decrescente;Céu Claro;Simples;Reta;Não;1;0;0;1;0;0;1;1;-20,42135001;-42,15728099;SPRF-MG;DEL07-MG;UOP02-DEL07-MG
563815;26/11/2023;domingo;18:30:00;PE;424;70;CAETES;Transitar na contramão;Colisão frontal;Com Vítimas Feridas;Plena Noite;Decrescente;Céu Claro;Simples;Reta;Sim;2;0;0;1;1;0;1;2;-8,77912908;-36,62060205;SPRF-PE;DEL03-PE;UOP01-DEL03-PE
563816;26/11/2023;domingo;20:28:00;PR;476;117;COLOMBO;Condutor desrespeitou a iluminação vermelha do semáforo;Colisão transversal;Com Vítimas Feridas;Plena Noite;Decrescente;Nublado;Dupla;Reta;Sim;2;0;1;0;1;0;1;2;-25,348623;-49,175663;SPRF-PR;DEL01-PR;UOP01-DEL01-PR
563820;26/11/2023;domingo;20:15:00;MG;354;748,6;ITANHANDU;Velocidade Incompatível;Saída de leito carroçável;Sem Vítimas;Plena Noite;Crescente;Chuva;Simples;Curva;Não;3;0;0;0;3;0;0;1;-22,26374472;-44,89067792;SPRF-MG;DEL17-MG;UOP01-DEL17-MG
563821;26/11/2023;domingo;18:50:00;CE;116;504,3;BREJO SANTO;Ultrapassagem Indevida;Colisão traseira;Com Vítimas Feridas;Plena Noite;Crescente;Céu Claro;Simples;Reta;Sim;6;0;2;1;3;0;3;5;-7,47977281;-38,9815676;SPRF-CE;DEL05-CE;UOP03-DEL05-CE
563822;26/11/2023;domingo;20:50:00;SP;116;505;CAJATI;Reação tardia ou ineficiente do condutor;Saída de leito carroçável;Com Vítimas Feridas;Plena Noite;Crescente;Garoa/Chuvisco;Simples;"Curva;Declive                 ";Não;1;0;1;0;0;0;1;1;-24,79028098;-48,21075278;SPRF-SP;DEL05-SP;UOP02-DEL05-SP
563823;26/11/2023;domingo;18:20:00;RS;468;113,3;TRES PASSOS;Ingestão de álcool pelo condutor;Saída de leito carroçável;Com Vítimas Feridas;Pleno dia;Crescente;Sol;Simples;Reta;Não;1;0;1;0;0;0;1;1;-27,40989931;-53,993249;SPRF-RS;DEL08-RS;UOP02-DEL08-RS
563825;26/11/2023;domingo;18:30:00;GO;80;26;PADRE BERNARDO;Suicídio (presumido);Atropelamento de Pedestre;Com Vítimas Fatais;Plena Noite;Crescente;Céu Claro;Dupla;Reta;Sim;2;1;0;0;1;0;0;2;-15,328886;-48,231654;SPRF-DF;DEL03-DF;UOP02-DEL03-DF
563826;26/11/2023;domingo;15:40:00;BA;330;826,7;IPIAU;Velocidade Incompatível;Colisão frontal;Com Vítimas Fatais;Pleno dia;Decrescente;Chuva;Simples;Curva;Não;7;1;5;1;0;0;6;2;-14,05617432;-39,80408506;SPRF-BA;DEL03-BA;UOP01-DEL03-BA
563827;26/11/2023;domingo;20:25:00;RS;471;192;PANTANO GRANDE;Ausência de reação do condutor;Saída de leito carroçável;Sem Vítimas;Plena Noite;Decrescente;Céu Claro;Simples;"Rotatória;Curva;Interseção de ";Não;1;0;0;0;0;1;0;1;-30,16518381;-52,37375736;SPRF-RS;DEL02-RS;UOP03-DEL02-RS
563829;26/11/2023;domingo;19:15:00;RJ;101;299;SAO GONCALO;Ausência de reação do condutor;Atropelamento de Pedestre;Com Vítimas Fatais;Plena Noite;Decrescente;Nublado;Dupla;Reta;Sim;2;1;0;0;0;1;0;2;-22,77432673;-42,93823207;SPRF-RJ;DEL02-RJ;UOP02-DEL02-RJ
563830;26/11/2023;domingo;19:47:00;PR;467;110;CASCAVEL;Transitar na contramão;Colisão frontal;Com Vítimas Feridas;Plena Noite;Decrescente;Céu Claro;Dupla;Reta;Sim;2;0;0;1;1;0;1;2;-24,9299;-53,4505;SPRF-PR;DEL04-PR;UOP01-DEL04-PR
563832;26/11/2023;domingo;22:15:00;SP;116;219;GUARULHOS;Afundamento ou ondulação no pavimento;Tombamento;Com Vítimas Feridas;Plena Noite;Decrescente;Ignorado;Múltipla;Reta;Sim;1;0;1;0;0;0;1;1;-23,46527628;-46,49958112;SPRF-SP;DEL01-SP;UOP01-DEL01-SP
563833;26/11/2023;domingo;21:50:00;ES;262;157,9;IBATIBA;Ingestão de álcool pelo condutor;Colisão traseira;Com Vítimas Fatais;Plena Noite;Crescente;Nublado;Simples;"Reta;Declive                  ";Sim;5;1;0;0;1;3;0;4;-20,23102878;-41,48810903;SPRF-ES;DEL01-ES;UOP02-DEL01-ES
563834;26/11/2023;domingo;19:30:00;MS;163;501,5;CAMPO GRANDE;Animais na Pista;Atropelamento de Animal;Sem Vítimas;Plena Noite;Crescente;Céu Claro;Simples;Reta;Não;1;0;0;0;0;1;0;1;-20,31813699;-54,51434503;SPRF-MS;DEL01-MS;UOP02-DEL01-MS
563835;26/11/2023;domingo;20:00:00;GO;60;460;JATAI;Velocidade Incompatível;Saída de leito carroçável;Com Vítimas Feridas;Plena Noite;Crescente;Chuva;Dupla;"Curva;Declive                 ";Não;1;0;1;0;0;0;1;1;-17,8715;-51,6163;SPRF-GO;DEL05-GO;UOP01-DEL05-GO
563836;26/11/2023;domingo;21:10:00;RS;470;218,2;BENTO GONCALVES;Acessar a via sem observar a presença dos outros veículos;Colisão transversal;Sem Vítimas;Plena Noite;Crescente;Céu Claro;Simples;Interseção de Vias;Não;4;0;0;0;4;0;0;2;-29,17292214;-51,52424936;SPRF-RS;DEL06-RS;UOP01-DEL06-RS
563837;26/11/2023;domingo;15:30:00;MG;365;663;MONTE ALEGRE DE MINAS;Acumulo de água sobre o pavimento;Saída de leito carroçável;Com Vítimas Feridas;Pleno dia;Crescente;Chuva;Dupla;Reta;Não;2;0;2;0;0;0;2;1;-18,89100473;-48,67040895;SPRF-MG;DEL15-MG;UOP01-DEL15-MG
563838;26/11/2023;domingo;22:40:00;SC;101;129;BALNEARIO CAMBORIU;Transitar na contramão;Colisão frontal;Com Vítimas Feridas;Plena Noite;Crescente;Nublado;Simples;Curva;Não;2;0;0;1;1;0;1;2;-26,98064277;-48,6790679;SPRF-SC;DEL04-SC;UOP03-DEL04-SC
563839;26/11/2023;domingo;21:50:00;PR;116;19;ANTONINA;Entrada inopinada do pedestre;Atropelamento de Pedestre;Com Vítimas Fatais;Plena Noite;Crescente;Nublado;Dupla;Reta;Não;2;1;0;0;1;0;0;2;-25,103087;-48,72037;SPRF-PR;DEL01-PR;UOP02-DEL01-PR
563840;26/11/2023;domingo;20:05:00;BA;20;208;LUIS EDUARDO MAGALHAES;Reação tardia ou ineficiente do condutor;Colisão lateral mesmo sentido;Sem Vítimas;Plena Noite;Crescente;Céu Claro;Simples;Reta;Sim;6;0;0;0;6;0;0;2;-12,111384;-45,810397;SPRF-BA;DEL10-BA;UOP01-DEL10-BA
563841;26/11/2023;domingo;08:40:00;SC;282;90;ALFREDO WAGNER;Condutor deixou de manter distância do veículo da frente;Colisão traseira;Com Vítimas Feridas;Pleno dia;Crescente;Céu Claro;Simples;Reta;Não;2;0;0;2;0;0;2;2;-27,683796;-49,222366;SPRF-SC;DEL01-SC;UOP03-DEL01-SC
563842;26/11/2023;domingo;22:22:00;PE;428;189;PETROLINA;Condutor desrespeitou a iluminação vermelha do semáforo;Colisão transversal;Com Vítimas Feridas;Plena Noite;Crescente;Céu Claro;Dupla;"Reta;Retorno Regulamentado;Int";Sim;2;0;1;0;1;0;1;2;-9,37197508;-40,48679585;SPRF-PE;DEL06-PE;UOP01-DEL06-PE
563844;26/11/2023;domingo;22:00:00;GO;153;490,2;GOIANIA;Condutor deixou de manter distância do veículo da frente;Queda de ocupante de veículo;Com Vítimas Fatais;Plena Noite;Decrescente;Chuva;Dupla;Reta;Sim;4;1;0;0;3;0;0;2;-16,6298;-49,2056;SPRF-GO;DEL01-GO;UOP01-DEL01-GO
563848;26/11/2023;domingo;17:30:00;SC;282;333;CAMPOS NOVOS;Pista esburacada;Queda de ocupante de veículo;Com Vítimas Feridas;Pleno dia;Crescente;Sol;Simples;Reta;Não;2;0;0;1;0;1;1;2;-27,392469;-51,135845;SPRF-SC;DEL07-SC;UOP06-DEL07-SC
563849;27/11/2023;segunda-feira;00:12:00;RJ;116;133;DUQUE DE CAXIAS;Ausência de reação do condutor;Colisão traseira;Sem Vítimas;Plena Noite;Decrescente;Céu Claro;Dupla;Curva;Sim;2;0;0;0;2;0;0;2;-22,64876087;-43,23031638;SPRF-RJ;DEL04-RJ;UOP02-DEL04-RJ
563850;26/11/2023;domingo;23:20:00;BA;101;565;ARATACA;Ingestão de álcool pelo condutor;Colisão lateral sentido oposto;Sem Vítimas;Plena Noite;Decrescente;Garoa/Chuvisco;Simples;Curva;Não;2;0;0;0;2;0;0;2;-15,25476327;-39,44940663;SPRF-BA;DEL05-BA;UOP02-DEL05-BA
563851;26/11/2023;domingo;23:36:00;SE;349;123;ITAPORANGA DAJUDA;Ausência de reação do condutor;Colisão com objeto;Com Vítimas Feridas;Plena Noite;Crescente;Céu Claro;Dupla;"Viaduto;Interseção de Vias    ";Não;1;0;1;0;0;0;1;1;-11,0437312;-37,36569285;SPRF-SE;DEL02-SE;UOP01-DEL02-SE
563852;27/11/2023;segunda-feira;00:50:00;RS;290;100;PORTO ALEGRE;Ingestão de álcool pelo condutor;Colisão traseira;Com Vítimas Feridas;Plena Noite;Crescente;Céu Claro;Dupla;"Ponte;Reta                    ";Sim;3;0;1;0;2;0;1;2;-29,988646;-51,236553;SPRF-RS;DEL01-RS;UOP01-DEL01-RS
563855;26/11/2023;domingo;22:44:00;AP;210;9;MACAPA;Falta de elemento de contenção que evite a saída do leito carroçável;Saída de leito carroçável;Com Vítimas Feridas;Plena Noite;Decrescente;Céu Claro;Simples;Curva;Não;2;0;1;1;0;0;2;1;0,11354905;-51,12709092;SPRF-AP;DEL01-AP;UOP01-DEL01-AP
563857;27/11/2023;segunda-feira;01:10:00;ES;262;19;VIANA;Ausência de reação do condutor;Colisão lateral sentido oposto;Sem Vítimas;Plena Noite;Crescente;Garoa/Chuvisco;Simples;Reta;Sim;2;0;0;0;1;1;0;2;-20,3919143;-40,49002338;SPRF-ES;DEL01-ES;UOP01-DEL01-ES
563859;26/11/2023;domingo;23:00:00;PI;135;491;MONTE ALEGRE DO PIAUI;Pedestre andava na pista;Atropelamento de Pedestre;Com Vítimas Fatais;Plena Noite;Crescente;Céu Claro;Simples;Reta;Não;2;1;0;0;0;1;0;2;-9,73725959;-45,18591489;SPRF-PI;DEL03-PI;UOP02-DEL03-PI
563860;27/11/2023;segunda-feira;02:25:00;SC;101;99,5;BALNEARIO PICARRAS;Acumulo de areia ou detritos sobre o pavimento;Colisão com objeto;Com Vítimas Feridas;Plena Noite;Crescente;Garoa/Chuvisco;Dupla;Reta;Não;1;0;1;0;0;0;1;1;-26,7471002;-48,69654831;SPRF-SC;DEL03-SC;UOP02-DEL03-SC
563861;27/11/2023;segunda-feira;01:00:00;MG;40;515,7;RIBEIRAO DAS NEVES;Condutor Dormindo;Colisão com objeto;Com Vítimas Feridas;Plena Noite;Decrescente;Céu Claro;Dupla;"Reta;Aclive                   ";Não;1;0;1;0;0;0;1;1;-19,81457;-44,09133;SPRF-MG;DEL01-MG;UOP02-DEL01-MG
563864;26/11/2023;domingo;13:20:00;RS;290;5,8;OSORIO;Ingestão de álcool pelo condutor;Colisão lateral mesmo sentido;Sem Vítimas;Pleno dia;Decrescente;Céu Claro;Dupla;Reta;Não;2;0;0;0;2;0;0;2;-29,897158;-50,323845;SPRF-RS;DEL03-RS;UOP01-DEL03-RS
563865;27/11/2023;segunda-feira;02:30:00;PI;343;181,5;PIRIPIRI;Ingestão de álcool pelo condutor;Tombamento;Com Vítimas Fatais;Plena Noite;Crescente;Céu Claro;Simples;Reta;Sim;1;1;0;0;0;0;0;1;-4,249616;-41,764942;SPRF-PI;DEL02-PI;UOP01-DEL02-PI
563866;27/11/2023;segunda-feira;04:30:00;RJ;101;400;ITAGUAI;Ausência de reação do condutor;Saída de leito carroçável;Com Vítimas Feridas;Amanhecer;Decrescente;Nublado;Dupla;Reta;Não;1;0;1;0;0;0;1;1;-22,8483707;-43,76952338;SPRF-RJ;DEL03-RJ;UOP01-DEL03-RJ
563867;27/11/2023;segunda-feira;05:00:00;SP;116;178;GUARAREMA;Reação tardia ou ineficiente do condutor;Colisão traseira;Com Vítimas Feridas;Pleno dia;Decrescente;Céu Claro;Dupla;Reta;Não;3;0;2;0;1;0;2;2;-23,327667;-46,128108;SPRF-SP;DEL01-SP;UOP01-DEL01-SP