id;data_inversa;dia_semana;horario;uf;br;km;municipio;causa_acidente;tipo_acidente;classificacao_acidente;fase_dia;sentido_via;condicao_metereologica;tipo_pista;tracado_via;uso_solo;pessoas;mortos;feridos_leves;feridos_graves;ilesos;ignorados;feridos;veiculos;latitude;longitude;regional;delegacia;uop
564272;29/11/2023;quarta-feira;09:00:00;PE;232;4,4;RECIFE;Curva acentuada;Tombamento;Com Vítimas Feridas;Pleno dia;Decrescente;Céu Claro;Dupla;Curva;Sim;2;0;2;0;0;0;2;1;-8,067038;-34,939997;SPRF-PE;DEL01-PE;UOP01-DEL01-PE
564273;29/11/2023;quarta-feira;09:10:00;RJ;393;285;VOLTA REDONDA;Demais falhas mecânicas ou elétricas;Saída de leito carroçável;Com Vítimas Feridas;Pleno dia;Crescente;Nublado;Simples;Rotatória;Sim;1;0;0;1;0;0;1;1;-22,481726;-44,06308602;SPRF-RJ;DEL05-RJ;UOP04-DEL05-RJ
564275;29/11/2023;quarta-feira;08:05:00;RS;472;578;URUGUAIANA;Manobra de mudança de faixa;Colisão lateral mesmo sentido;Com Vítimas Feridas;Pleno dia;Crescente;Céu Claro;Simples;Reta;Não;2;0;2;0;0;0;2;2;-29,7671399;-57,018372;SPRF-RS;DEL13-RS;UOP01-DEL13-RS
564276;14/11/2023;terça-feira;21:08:00;PR;376;172;MARINGA;Reação tardia ou ineficiente do condutor;Colisão traseira;Com Vítimas Feridas;Plena Noite;Decrescente;Chuva;Dupla;Rotatória;Sim;2;0;1;0;1;0;1;2;-23,41862624;-51,97166204;SPRF-PR;DEL09-PR;UOP01-DEL09-PR
564277;24/05/2023;quarta-feira;03:30:00;PR;476;142,7;CURITIBA;Velocidade Incompatível;Colisão com objeto;Com Vítimas Feridas;Plena Noite;Decrescente;Nublado;Dupla;Viaduto;Sim;1;0;0;1;0;0;1;1;-25,54098781;-49,31147218;SPRF-PR;DEL01-PR;UOP03-DEL01-PR
564278;29/11/2023;quarta-feira;08:50:00;BA;324;605;SIMOES FILHO;Condutor deixou de manter distância do veículo da frente;Colisão traseira;Sem Vítimas;Pleno dia;Decrescente;Céu Claro;Múltipla;Reta;Sim;2;0;0;0;2;0;0;2;-12,78605114;-38,40972508;SPRF-BA;DEL01-BA;UOP01-DEL01-BA
564281;29/11/2023;quarta-feira;08:20:00;MG;153;109;PRATA;Reação tardia ou ineficiente do condutor;Colisão traseira;Com Vítimas Feridas;Pleno dia;Crescente;Céu Claro;Simples;"Reta;Aclive                   ";Sim;3;0;1;0;2;0;1;2;-19,30556886;-48,90718711;SPRF-MG;DEL15-MG;UOP03-DEL15-MG
564282;29/11/2023;quarta-feira;09:55:00;PB;230;19,8;JOAO PESSOA;Demais falhas mecânicas ou elétricas;Tombamento;Com Vítimas Feridas;Pleno dia;Decrescente;Céu Claro;Dupla;Curva;Sim;1;0;1;0;0;0;1;1;-7,1281;-34,8466;SPRF-PB;DEL01-PB;UOP01-DEL01-PB
564283;29/11/2023;quarta-feira;10:00:00;MG;381;942;EXTREMA;Reação tardia ou ineficiente do condutor;Capotamento;Com Vítimas Feridas;Pleno dia;Decrescente;Garoa/Chuvisco;Dupla;"Ponte;Declive                 ";Sim;2;0;1;0;0;1;1;2;-22,86605937;-46,34940386;SPRF-MG;DEL16-MG;UOP03-DEL16-MG
564285;29/09/2023;sexta-feira;22:41:00;PR;376;160;MARINGA;Ausência de reação do condutor;Queda de ocupante de veículo;Com Vítimas Feridas;Plena Noite;Crescente;Ignorado;Dupla;Reta;Sim;1;0;1;0;0;0;1;1;-23,36586276;-52,07210953;SPRF-PR;DEL09-PR;UOP01-DEL09-PR
564287;29/11/2023;quarta-feira;09:50:00;SC;101;33;JOINVILLE;Reação tardia ou ineficiente do condutor;Colisão traseira;Com Vítimas Feridas;Pleno dia;Crescente;Nublado;Dupla;Reta;Não;3;0;1;0;1;1;1;3;-26,23200799;-48,91678053;SPRF-SC;DEL03-SC;UOP01-DEL03-SC
564288;29/11/2023;quarta-feira;05:30:00;MG;262;761,8;SACRAMENTO;Animais na Pista;Atropelamento de Animal;Com Vítimas Feridas;Amanhecer;Crescente;Chuva;Simples;Reta;Não;4;0;3;0;1;0;3;1;-19,66828463;-47,61093008;SPRF-MG;DEL13-MG;UOP01-DEL13-MG
564289;28/11/2023;terça-feira;13:20:00;GO;153;491,8;GOIANIA;Manobra de mudança de faixa;Colisão com objeto;Com Vítimas Feridas;Pleno dia;Crescente;Céu Claro;Dupla;Reta;Sim;2;0;1;0;1;0;1;2;-16,639;-49,2063;SPRF-GO;DEL01-GO;UOP01-DEL01-GO
564290;29/11/2023;quarta-feira;08:10:00;MG;40;794;JUIZ DE FORA;Ausência de reação do condutor;Colisão com objeto;Com Vítimas Feridas;Pleno dia;Crescente;Garoa/Chuvisco;Dupla;Curva;Não;1;0;1;0;0;0;1;1;-21,79926451;-43,40729012;SPRF-MG;DEL05-MG;UOP01-DEL05-MG
564291;29/11/2023;quarta-feira;08:40:00;SP;381;61;MAIRIPORA;Ausência de reação do condutor;Tombamento;Com Vítimas Feridas;Pleno dia;Crescente;Garoa/Chuvisco;Dupla;Curva;Não;2;0;2;0;0;0;2;1;-23,29216;-46,575468;SPRF-SP;DEL03-SP;UOP01-DEL03-SP
564292;29/11/2023;quarta-feira;10:54:00;PE;104;61;CARUARU;Reação tardia ou ineficiente do condutor;Colisão traseira;Com Vítimas Feridas;Pleno dia;Decrescente;Céu Claro;Dupla;"Reta;Retorno Regulamentado    ";Sim;2;0;2;0;0;0;2;2;-8,24624426;-35,97496748;SPRF-PE;DEL02-PE;UOP01-DEL02-PE
564295;29/11/2023;quarta-feira;09:20:00;MT;163;1030;PEIXOTO DE AZEVEDO;Acessar a via sem observar a presença dos outros veículos;Colisão transversal;Com Vítimas Feridas;Pleno dia;Crescente;Céu Claro;Simples;"Reta;Interseção de Vias       ";Sim;2;0;1;0;1;0;1;2;-10,24587601;-54,98973191;SPRF-MT;DEL06-MT;UOP03-DEL06-MT
564296;29/11/2023;quarta-feira;11:20:00;GO;40;0;VALPARAISO DE GOIAS;Velocidade Incompatível;Colisão traseira;Com Vítimas Feridas;Pleno dia;Decrescente;Céu Claro;Dupla;"Aclive;Reta                   ";Sim;3;0;1;0;2;0;1;2;-16,058273;-47,982655;SPRF-DF;DEL01-DF;UOP01-DEL01-DF
564297;29/11/2023;quarta-feira;07:15:00;MG;381;686,8;LAVRAS;Velocidade Incompatível;Saída de leito carroçável;Com Vítimas Feridas;Pleno dia;Crescente;Chuva;Dupla;"Declive;Curva                 ";Sim;3;0;2;1;0;0;3;1;-21,17772313;-45,1243509;SPRF-MG;DEL04-MG;UOP02-DEL04-MG
564298;29/11/2023;quarta-feira;10:00:00;GO;60;246;INDIARA;Demais falhas mecânicas ou elétricas;Capotamento;Com Vítimas Feridas;Pleno dia;Decrescente;Céu Claro;Dupla;Reta;Não;1;0;1;0;0;0;1;1;-17,1062;-49,9276;SPRF-GO;DEL01-GO;UOP02-DEL01-GO
564302;02/11/2023;quinta-feira;21:30:00;RO;319;35;PORTO VELHO;Iluminação deficiente;Saída de leito carroçável;Com Vítimas Fatais;Plena Noite;Crescente;Céu Claro;Simples;"Reta;Em Obras                 ";Não;2;1;1;0;0;0;1;1;-8,45166803;-63,97086881;SPRF-RO;DEL01-RO;UOP01-DEL01-RO
564303;29/11/2023;quarta-feira;11:09:00;MT;163;834;SINOP;Ausência de reação do condutor;Colisão traseira;Com Vítimas Feridas;Pleno dia;Decrescente;Céu Claro;Simples;"Reta;Retorno Regulamentado    ";Sim;2;0;1;0;1;0;1;2;-11,86595447;-55,49650311;SPRF-MT;DEL06-MT;UOP02-DEL06-MT
564304;29/11/2023;quarta-feira;10:00:00;MA;230;395;BALSAS;Transitar na contramão;Colisão lateral sentido oposto;Com Vítimas Feridas;Pleno dia;Decrescente;Céu Claro;Simples;Ponte;Não;2;0;0;1;1;0;1;2;-7,44963195;-46,01125609;SPRF-MA;DEL05-MA;UOP01-DEL05-MA
564306;29/11/2023;quarta-feira;07:15:00;MS;60;458;DOIS IRMAOS DO BURITI;Demais falhas mecânicas ou elétricas;Colisão com objeto;Com Vítimas Feridas;Pleno dia;Crescente;Céu Claro;Simples;Reta;Não;8;0;0;1;6;1;1;3;-20,99680329;-55,21030901;SPRF-MS;DEL01-MS;UOP04-DEL01-MS
564308;05/07/2023;quarta-feira;07:39:00;GO;40;1,1;VALPARAISO DE GOIAS;Acessar a via sem observar a presença dos outros veículos;Atropelamento de Pedestre;Com Vítimas Feridas;Pleno dia;Decrescente;Céu Claro;Dupla;Reta;Não;2;0;0;1;1;0;1;2;-16,058245;-47,982825;SPRF-DF;DEL01-DF;UOP01-DEL01-DF
564309;29/11/2023;quarta-feira;11:36:00;RO;364;802;PORTO VELHO;Acessar a via sem observar a presença dos outros veículos;Colisão transversal;Com Vítimas Feridas;Pleno dia;Crescente;Céu Claro;Simples;Interseção de Vias;Sim;2;0;0;1;1;0;1;2;-9,25776124;-64,41284701;SPRF-RO;DEL01-RO;UOP02-DEL01-RO
564313;02/07/2023;domingo;21:50:00;DF;251;54;BRASILIA;Ultrapassagem Indevida;Capotamento;Com Vítimas Feridas;Plena Noite;Decrescente;Céu Claro;Dupla;Reta;Não;3;0;1;0;1;1;1;3;-15,948113;-47,845235;SPRF-DF;DEL01-DF;UOP01-DEL01-DF
564317;29/11/2023;quarta-feira;13:00:00;RN;406;160;CEARA-MIRIM;Acessar a via sem observar a presença dos outros veículos;Colisão lateral mesmo sentido;Com Vítimas Feridas;Pleno dia;Crescente;Céu Claro;Simples;Reta;Sim;2;0;0;1;1;0;1;2;-5,71375666;-35,37210457;SPRF-RN;DEL02-RN;UOP01-DEL02-RN
564318;29/11/2023;quarta-feira;13:04:00;MG;116;274;TEOFILO OTONI;Entrada inopinada do pedestre;Atropelamento de Pedestre;Com Vítimas Feridas;Pleno dia;Decrescente;Céu Claro;Múltipla;Reta;Sim;2;0;1;0;1;0;1;2;-17,83384514;-41,51094368;SPRF-MG;DEL11-MG;UOP01-DEL11-MG
564319;29/11/2023;quarta-feira;09:40:00;MG;251;280,8;SALINAS;Ausência de reação do condutor;Saída de leito carroçável;Com Vítimas Feridas;Pleno dia;Crescente;Céu Claro;Simples;Reta;Não;3;0;2;1;0;0;3;1;-16,03203628;-42,10805393;SPRF-MG;DEL12-MG;UOP02-DEL12-MG
564321;02/09/2023;sábado;18:44:00;RJ;493;18,3;GUAPIMIRIM;Manobra de mudança de faixa;Colisão frontal;Com Vítimas Feridas;Plena Noite;Decrescente;Céu Claro;Simples;Reta;Não;3;0;1;1;1;0;2;2;-22,6687122;-43,01862696;SPRF-RJ;DEL04-RJ;UOP02-DEL04-RJ
564323;29/11/2023;quarta-feira;13:00:00;RS;293;219,3;DOM PEDRITO;Acostamento em desnível;Saída de leito carroçável;Com Vítimas Feridas;Pleno dia;Crescente;Céu Claro;Simples;Reta;Não;1;0;0;1;0;0;1;1;-31,12486977;-54,39635488;SPRF-RS;DEL11-RS;UOP03-DEL11-RS
564324;29/11/2023;quarta-feira;14:00:00;PB;101;85;BAYEUX;Manobra de mudança de faixa;Colisão lateral mesmo sentido;Com Vítimas Feridas;Pleno dia;Decrescente;Céu Claro;Dupla;Reta;Sim;4;0;1;0;3;0;1;2;-7,14538184;-34,91662887;SPRF-PB;DEL01-PB;UOP01-DEL01-PB
564325;29/11/2023;quarta-feira;14:20:00;GO;414;439,3;ANAPOLIS;Acesso irregular;Colisão lateral sentido oposto;Com Vítimas Feridas;Pleno dia;Crescente;Céu Claro;Simples;Reta;Sim;2;0;1;1;0;0;2;2;-16,28128823;-48,94258908;SPRF-GO;DEL02-GO;UOP01-DEL02-GO
564327;29/11/2023;quarta-feira;13:30:00;BA;101;503;ITABUNA;Acessar a via sem observar a presença dos outros veículos;Colisão lateral mesmo sentido;Com Vítimas Feridas;Pleno dia;Crescente;Céu Claro;Simples;"Curva;Declive                 ";Não;2;0;0;1;0;1;1;2;-14,77472066;-39,28944397;SPRF-BA;DEL05-BA;UOP01-DEL05-BA
564328;29/11/2023;quarta-feira;14:55:00;RS;116;250;SAO LEOPOLDO;Trafegar com motocicleta (ou similar) entre as faixas;Colisão lateral mesmo sentido;Com Vítimas Feridas;Pleno dia;Crescente;Céu Claro;Dupla;Reta;Sim;3;0;1;0;2;0;1;2;-29,79148798;-51,16399615;SPRF-RS;DEL01-RS;UOP02-DEL01-RS
564330;29/11/2023;quarta-feira;12:00:00;AM;319;13;CAREIRO DA VARZEA;Acessar a via sem observar a presença dos outros veículos;Colisão transversal;Com Vítimas Feridas;Pleno dia;Crescente;Nublado;Simples;Reta;Sim;3;0;1;0;2;0;1;2;-3,1902597;-59,86871;SPRF-AM;DEL01-AM;UOP04-DEL01-AM
564333;29/11/2023;quarta-feira;11:30:00;PA;316;36;SANTA IZABEL DO PARA;Desrespeitar a preferência no cruzamento;Colisão transversal;Com Vítimas Feridas;Pleno dia;Decrescente;Céu Claro;Múltipla;"Reta;Retorno Regulamentado    ";Sim;3;0;1;1;1;0;2;2;-1,29009976;-48,15602469;SPRF-PA;DEL01-PA;UOP01-DEL01-PA
564334;12/08/2023;sábado;15:45:00;PB;101;85;JOAO PESSOA;Manobra de mudança de faixa;Colisão lateral mesmo sentido;Com Vítimas Feridas;Pleno dia;Decrescente;Céu Claro;Dupla;Interseção de Vias;Sim;3;0;1;0;0;2;1;2;-7,14538184;-34,91662887;SPRF-PB;DEL01-PB;UOP01-DEL01-PB
564336;29/11/2023;quarta-feira;15:20:00;RJ;40;108;DUQUE DE CAXIAS;Transitar na contramão;Colisão frontal;Com Vítimas Feridas;Pleno dia;Crescente;Nublado;Múltipla;Reta;Sim;3;0;1;0;2;0;1;2;-22,67374628;-43,28638368;SPRF-RJ;DEL01-RJ;UOP02-DEL01-RJ
564339;29/11/2023;quarta-feira;15:37:00;PI;135;351,8;BOM JESUS;Condutor deixou de manter distância do veículo da frente;Colisão traseira;Sem Vítimas;Pleno dia;Decrescente;Céu Claro;Dupla;Reta;Sim;2;0;0;0;2;0;0;2;-9,07726415;-44,36000347;SPRF-PI;DEL03-PI;UOP02-DEL03-PI
564340;29/11/2023;quarta-feira;13:05:00;RO;364;234,6;CACOAL;Reação tardia ou ineficiente do condutor;Colisão lateral mesmo sentido;Com Vítimas Feridas;Pleno dia;Decrescente;Céu Claro;Simples;"Rotatória;Retorno Regulamentad";Sim;2;0;1;0;1;0;1;2;-11,452935;-61,428087;SPRF-RO;DEL02-RO;UOP02-DEL02-RO
564341;29/11/2023;quarta-feira;16:15:00;PB;230;28;JOAO PESSOA;Ausência de reação do condutor;Colisão traseira;Com Vítimas Feridas;Pleno dia;Crescente;Céu Claro;Dupla;Viaduto;Sim;2;0;1;0;1;0;1;2;-7,1651;-34,8941;SPRF-PB;DEL01-PB;UOP01-DEL01-PB
564342;29/11/2023;quarta-feira;15:20:00;RN;405;162;RAFAEL FERNANDES;Reação tardia ou ineficiente do condutor;Saída de leito carroçável;Com Vítimas Fatais;Pleno dia;Crescente;Céu Claro;Simples;Reta;Não;3;1;1;1;0;0;2;2;-6,20761005;-38,22695282;SPRF-RN;DEL04-RN;UOP02-DEL04-RN
564343;29/11/2023;quarta-feira;16:00:00;PR;116;126;FAZENDA RIO GRANDE;Reação tardia ou ineficiente do condutor;Colisão traseira;Com Vítimas Feridas;Pleno dia;Decrescente;Céu Claro;Dupla;Reta;Sim;2;0;1;0;0;1;1;2;-25,60389895;-49,31824423;SPRF-PR;DEL01-PR;UOP03-DEL01-PR
564344;29/11/2023;quarta-feira;16:00:00;PB;230;13;CABEDELO;Ausência de reação do condutor;Colisão traseira;Com Vítimas Feridas;Pleno dia;Crescente;Céu Claro;Múltipla;Reta;Sim;2;0;1;0;1;0;1;2;-7,0772;-34,8494;SPRF-PB;DEL01-PB;UOP01-DEL01-PB
564346;29/11/2023;quarta-feira;16:20:00;PE;101;70,3;RECIFE;Manobra de mudança de faixa;Colisão lateral mesmo sentido;Sem Vítimas;Pleno dia;Decrescente;Céu Claro;Dupla;Interseção de Vias;Sim;2;0;0;0;2;0;0;2;-8,070341;-34,94228482;SPRF-PE;DEL01-PE;UOP01-DEL01-PE
564347;29/11/2023;quarta-feira;16:00:00;PE;232;87,5;GRAVATA;Ausência de reação do condutor;Saída de leito carroçável;Com Vítimas Fatais;Pleno dia;Decrescente;Sol;Dupla;"Reta;Declive                  ";Não;4;1;0;3;0;0;3;1;-8,21379064;-35,62898606;SPRF-PE;DEL02-PE;UOP02-DEL02PE
564349;29/11/2023;quarta-feira;16:20:00;SP;116;305;SAO LOURENCO DA SERRA;Avarias e/ou desgaste excessivo no pneu;Tombamento;Com Vítimas Feridas;Pleno dia;Crescente;Céu Claro;Dupla;Reta;Não;2;0;1;0;1;0;1;1;-23,84287313;-46,93238591;SPRF-SP;DEL04-SP;UOP01-DEL04-SP
564351;21/11/2023;terça-feira;17:50:00;RO;364;67,4;VILHENA;Demais falhas na via;Saída de leito carroçável;Sem Vítimas;Anoitecer;Crescente;Chuva;Simples;Reta;Não;1;0;0;0;1;0;0;1;-12,49360298;-60,49190893;SPRF-RO;DEL04-RO;UOP01-DEL04-RO
564352;29/11/2023;quarta-feira;11:45:00;MG;381;480,7;CONTAGEM;Entrada inopinada do pedestre;Atropelamento de Pedestre;Com Vítimas Feridas;Pleno dia;Decrescente;Nublado;Dupla;Curva;Sim;2;0;1;0;1;0;1;2;-19,95749597;-44,07899901;SPRF-MG;DEL01-MG;UOP03-DEL01-MG
564353;29/11/2023;quarta-feira;13:30:00;RJ;40;114;DUQUE DE CAXIAS;Reação tardia ou ineficiente do condutor;Colisão lateral mesmo sentido;Com Vítimas Feridas;Pleno dia;Decrescente;Céu Claro;Múltipla;Reta;Sim;2;0;1;0;1;0;1;2;-22,721461;-43,289274;SPRF-RJ;DEL01-RJ;UOP02-DEL01-RJ
564354;29/11/2023;quarta-feira;10:00:00;RJ;116;129,8;MAGE;Reação tardia ou ineficiente do condutor;Tombamento;Com Vítimas Feridas;Pleno dia;Decrescente;Garoa/Chuvisco;Dupla;Curva;Sim;2;0;2;0;0;0;2;1;-22,66471224;-43,11056004;SPRF-RJ;DEL04-RJ;UOP02-DEL04-RJ
564357;29/11/2023;quarta-feira;17:40:00;DF;20;16;BRASILIA;Demais falhas mecânicas ou elétricas;Saída de leito carroçável;Sem Vítimas;Anoitecer;Crescente;Céu Claro;Múltipla;"Reta;Declive                  ";Sim;3;0;0;0;3;0;0;2;-15,625675;-47,725159;SPRF-DF;DEL02-DF;UOP01-DEL02-DF
564358;29/11/2023;quarta-feira;15:30:00;MS;163;78;ITAQUIRAI;Ausência de reação do condutor;Tombamento;Com Vítimas Feridas;Pleno dia;Crescente;Nublado;Dupla;"Retorno Regulamentado;Reta;Int";Sim;1;0;1;0;0;0;1;1;-23,47441924;-54,18829399;SPRF-MS;DEL09-MS;UOP01-DEL09-MS
564359;29/11/2023;quarta-feira;14:10:00;SC;280;89;CORUPA;Demais falhas mecânicas ou elétricas;Incêndio;Sem Vítimas;Pleno dia;Decrescente;Céu Claro;Simples;"Aclive;Curva                  ";Não;1;0;0;0;1;0;0;1;-26,41222834;-49,27628914;SPRF-SC;DEL06-SC;UOP03-DEL06-SC
564361;29/11/2023;quarta-feira;17:50:00;MG;50;19;ARAGUARI;Avarias e/ou desgaste excessivo no pneu;Capotamento;Com Vítimas Feridas;Anoitecer;Crescente;Chuva;Múltipla;Aclive;Não;1;0;1;0;0;0;1;1;-18,57876301;-48,06009904;SPRF-MG;DEL15-MG;UOP02-DEL15-MG
564362;29/11/2023;quarta-feira;17:30:00;SP;116;230;SAO PAULO;Ausência de reação do condutor;Queda de ocupante de veículo;Com Vítimas Feridas;Anoitecer;Crescente;Nublado;Múltipla;Reta;Não;2;0;1;0;0;1;1;2;-23,52251783;-46,5855702;SPRF-SP;DEL01-SP;UOP01-DEL01-SP
564363;29/11/2023;quarta-feira;17:45:00;PI;343;340;TERESINA;Acesso irregular;Colisão transversal;Com Vítimas Feridas;Anoitecer;Decrescente;Nublado;Dupla;"Reta;Em Obras                 ";Sim;3;0;1;0;2;0;1;2;-5,074137;-42,73629;SPRF-PI;DEL01-PI;UOP01-DEL01-PI
564364;29/11/2023;quarta-feira;12:00:00;MG;381;416,9;CAETE;Demais falhas mecânicas ou elétricas;Incêndio;Sem Vítimas;Pleno dia;Crescente;Céu Claro;Dupla;Curva;Sim;1;0;0;0;1;0;0;1;-19,74097;-43,60963;SPRF-MG;DEL01-MG;UOP01-DEL01-MG
564365;29/11/2023;quarta-feira;17:45:00;PR;277;634;CEU AZUL;Ultrapassagem Indevida;Saída de leito carroçável;Com Vítimas Feridas;Pleno dia;Crescente;Céu Claro;Simples;Curva;Não;1;0;1;0;0;0;1;1;-25,14132201;-53,83069038;SPRF-PR;DEL05-PR;UOP02-DEL05-PR
564366;29/11/2023;quarta-feira;18:00:00;SC;101;196;BIGUACU;Trafegar com motocicleta (ou similar) entre as faixas;Queda de ocupante de veículo;Com Vítimas Feridas;Pleno dia;Crescente;Céu Claro;Múltipla;Reta;Não;2;0;2;0;0;0;2;1;-27,51101091;-48,64322292;SPRF-SC;DEL01-SC;UOP01-DEL01-SC
564368;29/11/2023;quarta-feira;18:15:00;RS;472;149,5;SANTA ROSA;Reação tardia ou ineficiente do condutor;Colisão lateral sentido oposto;Com Vítimas Feridas;Anoitecer;Crescente;Céu Claro;Simples;Reta;Não;2;0;0;1;1;0;1;2;-27,77260571;-54,35813312;SPRF-RS;DEL10-RS;UOP01-DEL10-RS
564369;29/11/2023;quarta-feira;12:00:00;MG;381;739,5;TRES CORACOES;Velocidade Incompatível;Saída de leito carroçável;Com Vítimas Feridas;Pleno dia;Crescente;Nublado;Dupla;Curva;Não;3;0;3;0;0;0;3;1;-21,6193566;-45,24913194;SPRF-MG;DEL16-MG;UOP02-DEL16-MG
564370;29/11/2023;quarta-feira;17:55:00;MG;40;524,8;CONTAGEM;Entrada inopinada do pedestre;Atropelamento de Pedestre;Com Vítimas Feridas;Anoitecer;Decrescente;Nublado;Dupla;Reta;Sim;3;0;2;1;0;0;3;2;-19,88361702;-44,05039336;SPRF-MG;DEL01-MG;UOP02-DEL01-MG
564371;29/11/2023;quarta-feira;17:35:00;ES;262;112;VENDA NOVA DO IMIGRANTE;Reação tardia ou ineficiente do condutor;Colisão frontal;Com Vítimas Feridas;Pleno dia;Crescente;Céu Claro;Simples;Curva;Não;2;0;1;0;1;0;1;2;-20,33756085;-41,19989497;SPRF-ES;DEL01-ES;UOP02-DEL01-ES
564373;29/11/2023;quarta-feira;18:30:00;RS;116;253;SAPUCAIA DO SUL;Condutor desrespeitou a iluminação vermelha do semáforo;Colisão transversal;Com Vítimas Feridas;Pleno dia;Crescente;Céu Claro;Múltipla;Interseção de Vias;Sim;5;0;3;0;2;0;3;2;-29,81784209;-51,16996166;SPRF-RS;DEL01-RS;UOP02-DEL01-RS
564374;29/11/2023;quarta-feira;19:00:00;SP;116;222;GUARULHOS;Trafegar com motocicleta (ou similar) entre as faixas;Queda de ocupante de veículo;Com Vítimas Feridas;Plena Noite;Decrescente;Garoa/Chuvisco;Múltipla;Reta;Não;2;0;1;0;1;0;1;1;-23,47093408;-46,51631097;SPRF-SP;DEL01-SP;UOP01-DEL01-SP
564375;29/11/2023;quarta-feira;18:00:00;SP;116;144,9;SAO JOSE DOS CAMPOS;Ausência de reação do condutor;Colisão traseira;Com Vítimas Feridas;Plena Noite;Decrescente;Chuva;Dupla;Declive;Sim;3;0;2;0;1;0;2;3;-23,18274416;-45,84633592;SPRF-SP;DEL02-SP;UOP01-DEL02-SP
564377;29/11/2023;quarta-feira;19:00:00;SC;101;215;PALHOCA;Trafegar com motocicleta (ou similar) entre as faixas;Colisão lateral mesmo sentido;Com Vítimas Feridas;Plena Noite;Crescente;Céu Claro;Dupla;Reta;Sim;2;0;1;0;1;0;1;2;-27,65184843;-48,67604941;SPRF-SC;DEL01-SC;UOP02-DEL01-SC
564378;24/11/2023;sexta-feira;05:00:00;RJ;101;114;CAMPOS DOS GOYTACAZES;Demais falhas mecânicas ou elétricas;Saída de leito carroçável;Sem Vítimas;Amanhecer;Decrescente;Céu Claro;Dupla;Curva;Não;1;0;0;0;1;0;0;1;-21,98517176;-41,66261143;SPRF-RJ;DEL08-RJ;UOP02-DEL08-RJ
564379;29/11/2023;quarta-feira;18:25:00;RS;448;4;ESTEIO;Ausência de reação do condutor;Tombamento;Com Vítimas Feridas;Anoitecer;Crescente;Céu Claro;Dupla;Reta;Não;1;0;0;1;0;0;1;1;-29,84633809;-51,20620153;SPRF-RS;DEL01-RS;UOP02-DEL01-RS
564380;29/11/2023;quarta-feira;19:03:00;SP;116;45,5;CANAS;Transitar na contramão;Colisão frontal;Com Vítimas Feridas;Plena Noite;Crescente;Céu Claro;Dupla;Reta;Não;2;0;2;0;0;0;2;2;-22,70843505;-45,04559397;SPRF-SP;DEL08-SP;UOP02-DEL08-SP
564382;29/11/2023;quarta-feira;19:42:00;MG;381;478;CONTAGEM;Trafegar com motocicleta (ou similar) entre as faixas;Colisão traseira;Com Vítimas Feridas;Plena Noite;Decrescente;Céu Claro;Dupla;Reta;Sim;3;0;1;0;2;0;1;2;-19,95897;-44,03249;SPRF-MG;DEL01-MG;UOP03-DEL01-MG
564383;29/11/2023;quarta-feira;16:00:00;MG;40;279,6;TRES MARIAS;Acessar a via sem observar a presença dos outros veículos;Colisão transversal;Sem Vítimas;Pleno dia;Decrescente;Céu Claro;Simples;Declive;Sim;3;0;0;0;3;0;0;2;-18,22833211;-45,2202001;SPRF-MG;DEL14-MG;UOP02-DEL14-MG
564385;29/11/2023;quarta-feira;19:00:00;RJ;116;42;TERESOPOLIS;Deixar de acionar o farol da motocicleta (ou similar);Atropelamento de Pedestre;Com Vítimas Feridas;Plena Noite;Decrescente;Céu Claro;Simples;Reta;Não;2;0;1;0;1;0;1;2;-22,14560636;-42,79362881;SPRF-RJ;DEL04-RJ;UOP01-DEL04-RJ
564386;29/11/2023;quarta-feira;18:00:00;BA;116;457;ANTONIO CARDOSO;Demais falhas mecânicas ou elétricas;Incêndio;Sem Vítimas;Plena Noite;Crescente;Céu Claro;Simples;Reta;Não;2;0;0;0;2;0;0;1;-12,41101412;-39,18356593;SPRF-BA;DEL02-BA;UOP01-DEL02-BA
564387;29/11/2023;quarta-feira;16:50:00;RJ;40;110;DUQUE DE CAXIAS;Velocidade Incompatível;Colisão traseira;Com Vítimas Feridas;Pleno dia;Decrescente;Céu Claro;Múltipla;Reta;Sim;2;0;1;0;1;0;1;2;-22,68289906;-43,28549346;SPRF-RJ;DEL01-RJ;UOP02-DEL01-RJ
564388;29/11/2023;quarta-feira;19:35:00;SC;280;125,3;RIO NEGRINHO;Transitar na contramão;Colisão lateral sentido oposto;Com Vítimas Feridas;Plena Noite;Crescente;Céu Claro;Simples;Curva;Sim;2;0;1;0;1;0;1;2;-26,23691965;-49,48836565;SPRF-SC;DEL06-SC;UOP03-DEL06-SC
564389;29/11/2023;quarta-feira;20:15:00;RS;290;113;ELDORADO DO SUL;Acessar a via sem observar a presença dos outros veículos;Colisão transversal;Com Vítimas Feridas;Plena Noite;Decrescente;Nublado;Simples;Reta;Não;3;0;2;0;1;0;2;2;-30,043636;-51,337456;SPRF-RS;DEL02-RS;UOP01-DEL02-RS
564391;29/11/2023;quarta-feira;14:30:00;MA;316;215,6;GOVERNADOR NEWTON BELLO;Manobra de mudança de faixa;Colisão frontal;Com Vítimas Fatais;Pleno dia;Crescente;Céu Claro;Simples;Reta;Sim;2;1;0;0;0;1;0;2;-3,430644;-45,669838;SPRF-MA;DEL02-MA;UOP01-DEL02-MA