id;data_inversa;dia_semana;horario;uf;br;km;municipio;causa_acidente;tipo_acidente;classificacao_acidente;fase_dia;sentido_via;condicao_metereologica;tipo_pista;tracado_via;uso_solo;pessoas;mortos;feridos_leves;feridos_graves;ilesos;ignorados;feridos;veiculos;latitude;longitude;regional;delegacia;uop
564392;29/11/2023;quarta-feira;20:00:00;RS;285;469;IJUI;Reação tardia ou ineficiente do condutor;Colisão transversal;Com Vítimas Feridas;Plena Noite;Decrescente;Céu Claro;Simples;Curva;Não;3;0;2;0;1;0;2;2;-28,38464229;-53,9939189;SPRF-RS;DEL10-RS;UOP01-DEL10-RS
564394;29/11/2023;quarta-feira;17:30:00;RJ;493;22,2;MAGE;Ultrapassagem Indevida;Colisão frontal;Com Vítimas Feridas;Pleno dia;Crescente;Nublado;Simples;Curva;Sim;2;0;1;0;1;0;1;2;-22,659311;-43,053303;SPRF-RJ;DEL04-RJ;UOP02-DEL04-RJ
564396;29/11/2023;quarta-feira;18:40:00;PB;412;111,7;SUME;Ingestão de álcool pelo condutor;Colisão frontal;Com Vítimas Fatais;Plena Noite;Crescente;Céu Claro;Simples;Reta;Sim;2;1;1;0;0;0;1;2;-7,690334;-36,903175;SPRF-PB;DEL02-PB;UOP02-DEL02-PB
564397;29/11/2023;quarta-feira;21:00:00;SP;116;218;GUARULHOS;Pista Escorregadia;Queda de ocupante de veículo;Com Vítimas Feridas;Plena Noite;Crescente;Nublado;Múltipla;Reta;Não;1;0;1;0;0;0;1;1;-23,45769012;-46,4806856;SPRF-SP;DEL01-SP;UOP01-DEL01-SP
564398;29/11/2023;quarta-feira;18:20:00;BA;407;100;JAGUARARI;Demais falhas mecânicas ou elétricas;Incêndio;Sem Vítimas;Plena Noite;Crescente;Céu Claro;Simples;Reta;Não;1;0;0;0;1;0;0;1;-10,23581305;-40,20367608;SPRF-BA;DEL04-BA;UOP01-DEL04-BA
564399;29/11/2023;quarta-feira;20:30:00;GO;60;137;GOIANIA;Reação tardia ou ineficiente do condutor;Colisão transversal;Com Vítimas Feridas;Pleno dia;Decrescente;Céu Claro;Simples;"Reta;Declive                  ";Sim;3;0;3;0;0;0;3;2;-16,603;-49,2023;SPRF-GO;DEL01-GO;UOP01-DEL01-GO
564400;29/11/2023;quarta-feira;19:20:00;MA;222;263,8;SANTA INES;Acessar a via sem observar a presença dos outros veículos;Colisão transversal;Com Vítimas Feridas;Plena Noite;Crescente;Céu Claro;Simples;"Reta;Interseção de Vias       ";Sim;2;0;0;1;1;0;1;2;-3,67425121;-45,35950184;SPRF-MA;DEL01-MA;UOP02-DEL01-MA
564401;29/11/2023;quarta-feira;19:20:00;BA;101;161,9;CONCEICAO DO JACUIPE;Ausência de sinalização;Saída de leito carroçável;Com Vítimas Feridas;Plena Noite;Decrescente;Céu Claro;Múltipla;"Reta;Interseção de Vias       ";Não;5;0;4;0;1;0;4;1;-12,35551436;-38,782478;SPRF-BA;DEL01-BA;UOP03-DEL01-BA
564403;29/11/2023;quarta-feira;19:00:00;MT;70;2,6;BARRA DO GARCAS;Velocidade Incompatível;Colisão traseira;Com Vítimas Feridas;Plena Noite;Crescente;Céu Claro;Dupla;Declive;Não;2;0;1;0;1;0;1;2;-15,893;-52,2599;SPRF-MT;DEL07-MT;UOP01-DEL07-MT
564406;29/11/2023;quarta-feira;22:00:00;SC;101;213,4;PALHOCA;Acessar a via sem observar a presença dos outros veículos;Colisão transversal;Com Vítimas Feridas;Plena Noite;Decrescente;Céu Claro;Simples;Interseção de Vias;Sim;2;0;1;0;1;0;1;2;-27,63697369;-48,66514142;SPRF-SC;DEL01-SC;UOP02-DEL01-SC
564409;29/11/2023;quarta-feira;23:00:00;PR;158;531,3;PATO BRANCO;Desrespeitar a preferência no cruzamento;Colisão transversal;Com Vítimas Feridas;Plena Noite;Decrescente;Nublado;Simples;Interseção de Vias;Sim;4;0;1;0;3;0;1;2;-26,20700602;-52,68073082;SPRF-PR;DEL02-PR;UOP01-DEL02-PR
564410;29/11/2023;quarta-feira;22:55:00;GO;40;2;VALPARAISO DE GOIAS;Ingestão de álcool pelo condutor;Saída de leito carroçável;Sem Vítimas;Plena Noite;Decrescente;Céu Claro;Dupla;Reta;Sim;1;0;0;0;1;0;0;1;-16,067129;-47,984235;SPRF-DF;DEL01-DF;UOP01-DEL01-DF
564411;26/11/2023;domingo;06:40:00;SC;470;39,7;GASPAR;Ausência de reação do condutor;Saída de leito carroçável;Com Vítimas Feridas;Pleno dia;Decrescente;Céu Claro;Simples;"Desvio Temporário;Reta;Aclive;";Não;1;0;0;1;0;0;1;1;-26,89001758;-48,99053249;SPRF-SC;DEL04-SC;UOP01-DEL04-SC
564412;29/11/2023;quarta-feira;23:19:00;CE;116;24,2;ITAITINGA;Velocidade Incompatível;Queda de ocupante de veículo;Com Vítimas Feridas;Plena Noite;Crescente;Céu Claro;Dupla;Reta;Não;3;0;1;0;1;1;1;3;-3,95998972;-38,51454735;SPRF-CE;DEL01-CE;UOP02-DEL01-CE
564414;18/11/2023;sábado;06:30:00;AC;317;277;EPITACIOLANDIA;Velocidade Incompatível;Saída de leito carroçável;Com Vítimas Feridas;Pleno dia;Decrescente;Céu Claro;Simples;Reta;Não;1;0;1;0;0;0;1;1;-10,97321012;-68,63324298;SPRF-AC;DEL01-AC;UOP02-DEL01-AC
564415;29/11/2023;quarta-feira;19:40:00;TO;230;40;NAZARE;Animais na Pista;Atropelamento de Animal;Com Vítimas Feridas;Plena Noite;Crescente;Céu Claro;Simples;"Reta;Declive                  ";Não;2;0;0;1;1;0;1;2;-6,39259112;-47,69827323;SPRF-TO;DEL02-TO;UOP03-DEL02-TO
564417;29/11/2023;quarta-feira;21:50:00;RS;285;472,2;CORONEL BARROS;Deficiência do Sistema de Iluminação/Sinalização;Colisão traseira;Com Vítimas Feridas;Plena Noite;Decrescente;Céu Claro;Simples;Reta;Não;2;0;0;1;0;1;1;2;-28,383673;-54,020966;SPRF-RS;DEL10-RS;UOP01-DEL10-RS
564419;29/11/2023;quarta-feira;23:20:00;PR;376;176;MARINGA;Pedestre andava na pista;Atropelamento de Pedestre;Com Vítimas Feridas;Plena Noite;Crescente;Céu Claro;Dupla;Reta;Sim;3;0;2;1;0;0;3;2;-23,41269173;-51,93158327;SPRF-PR;DEL09-PR;UOP01-DEL09-PR
564421;30/11/2023;quinta-feira;00:30:00;SC;280;58,9;GUARAMIRIM;Retorno proibido;Colisão transversal;Com Vítimas Feridas;Plena Noite;Crescente;Nublado;Simples;"Em Obras;Curva                ";Sim;5;0;4;0;1;0;4;2;-26,47415593;-49,021211;SPRF-SC;DEL03-SC;UOP03-DEL03-SC
564422;30/11/2023;quinta-feira;00:35:00;RS;116;248;SAO LEOPOLDO;Ausência de reação do condutor;Colisão com objeto;Sem Vítimas;Plena Noite;Decrescente;Céu Claro;Dupla;Reta;Sim;1;0;0;0;1;0;0;1;-29,77605895;-51,15508618;SPRF-RS;DEL01-RS;UOP02-DEL01-RS
564423;30/11/2023;quinta-feira;00:25:00;PR;376;599;CURITIBA;Pista esburacada;Tombamento;Com Vítimas Feridas;Plena Noite;Decrescente;Céu Claro;Dupla;Reta;Não;1;0;0;1;0;0;1;1;-25,52629711;-49,32958412;SPRF-PR;DEL01-PR;UOP06-DEL01-PR
564426;30/11/2023;quinta-feira;02:00:00;MG;50;175,1;UBERABA;Demais falhas mecânicas ou elétricas;Incêndio;Sem Vítimas;Plena Noite;Decrescente;Nublado;Dupla;Reta;Sim;2;0;0;0;2;0;0;1;-19,77880359;-47,9695118;SPRF-MG;DEL13-MG;UOP01-DEL13-MG
564429;29/11/2023;quarta-feira;23:15:00;MS;463;29,1;PONTA PORA;Transitar na contramão;Colisão frontal;Com Vítimas Feridas;Plena Noite;Decrescente;Chuva;Simples;Reta;Não;3;0;0;1;2;0;1;2;-22,29644391;-55,05716697;SPRF-MS;DEL04-MS;UOP03-DEL04-MS
564432;30/11/2023;quinta-feira;05:35:00;SC;101;207,1;SAO JOSE;Ausência de reação do condutor;Colisão com objeto;Com Vítimas Fatais;Amanhecer;Crescente;Céu Claro;Múltipla;"Curva;Aclive                  ";Sim;1;1;0;0;0;0;0;1;-27,60001226;-48,6226467;SPRF-SC;DEL01-SC;UOP01-DEL01-SC
564433;30/11/2023;quinta-feira;04:40:00;PR;476;200;LAPA;Acesso irregular;Atropelamento de Pedestre;Com Vítimas Feridas;Amanhecer;Crescente;Céu Claro;Simples;Reta;Sim;2;0;0;1;1;0;1;2;-25,77446496;-49,75660801;SPRF-PR;DEL01-PR;UOP06-DEL01-PR
564434;30/11/2023;quinta-feira;06:00:00;RJ;101;493;ANGRA DOS REIS;Transitar na contramão;Colisão frontal;Com Vítimas Fatais;Amanhecer;Crescente;Céu Claro;Simples;Reta;Sim;2;1;0;1;0;0;1;2;-22,9445655;-44,32784647;SPRF-RJ;DEL03-RJ;UOP03-DEL03-RJ
564435;30/11/2023;quinta-feira;06:05:00;DF;40;3;BRASILIA;Manobra de mudança de faixa;Colisão lateral mesmo sentido;Com Vítimas Feridas;Amanhecer;Decrescente;Céu Claro;Dupla;"Reta;Viaduto                  ";Sim;2;0;1;0;1;0;1;2;-16,003145;-47,983944;SPRF-DF;DEL01-DF;UOP01-DEL01-DF
564436;26/11/2023;domingo;10:35:00;PE;428;123,5;LAGOA GRANDE;Acumulo de areia ou detritos sobre o pavimento;Eventos atípicos;Sem Vítimas;Pleno dia;Decrescente;Sol;Simples;"Reta;Declive;Em Obras         ";Não;1;0;0;0;1;0;0;1;-8,93583422;-40,13171992;SPRF-PE;DEL06-PE;UOP03-DEL06-PE
564437;29/11/2023;quarta-feira;17:30:00;RJ;40;108;DUQUE DE CAXIAS;Pista Escorregadia;Tombamento;Com Vítimas Feridas;Pleno dia;Decrescente;Céu Claro;Dupla;Curva;Sim;1;0;0;1;0;0;1;1;-22,66476979;-43,28495144;SPRF-RJ;DEL01-RJ;UOP02-DEL01-RJ
564438;30/11/2023;quinta-feira;07:00:00;SP;116;219;GUARULHOS;Trafegar com motocicleta (ou similar) entre as faixas;Colisão traseira;Com Vítimas Feridas;Pleno dia;Crescente;Céu Claro;Múltipla;Reta;Sim;2;0;1;0;1;0;1;2;-23,46143954;-46,48885316;SPRF-SP;DEL01-SP;UOP01-DEL01-SP
564440;30/11/2023;quinta-feira;06:40:00;GO;153;428,5;ANAPOLIS;Reação tardia ou ineficiente do condutor;Atropelamento de Pedestre;Com Vítimas Feridas;Pleno dia;Crescente;Céu Claro;Dupla;Reta;Sim;3;0;0;1;1;1;1;2;-16,237425;-49,005501;SPRF-GO;DEL02-GO;UOP01-DEL02-GO
564441;26/10/2023;quinta-feira;07:10:00;RN;110;44,9;MOSSORO;Manobra de mudança de faixa;Colisão transversal;Com Vítimas Feridas;Pleno dia;Decrescente;Céu Claro;Simples;"Reta;Interseção de Vias       ";Sim;3;0;1;1;0;1;2;2;-5,18717768;-37,30390524;SPRF-RN;DEL04-RN;UOP01-DEL04-RN
564442;30/11/2023;quinta-feira;07:30:00;SC;101;118,8;ITAJAI;Condutor deixou de manter distância do veículo da frente;Colisão traseira;Com Vítimas Feridas;Pleno dia;Decrescente;Céu Claro;Dupla;Reta;Sim;2;0;1;0;0;1;1;2;-26,9043179;-48,71555481;SPRF-SC;DEL04-SC;UOP04-DEL04-SC
564443;30/11/2023;quinta-feira;00:10:00;MA;316;270,8;SANTA INES;Animais na Pista;Atropelamento de Animal;Sem Vítimas;Plena Noite;Crescente;Céu Claro;Simples;Reta;Não;1;0;0;0;1;0;0;1;-3,749313;-45,441679;SPRF-MA;DEL02-MA;UOP01-DEL02-MA
564444;30/11/2023;quinta-feira;07:40:00;SC;282;4,9;FLORIANOPOLIS;Condutor deixou de manter distância do veículo da frente;Engavetamento;Com Vítimas Feridas;Pleno dia;Crescente;Céu Claro;Múltipla;Reta;Não;3;0;1;0;2;0;1;3;-27,592646;-48,604034;SPRF-SC;DEL01-SC;UOP01-DEL01-SC
564447;30/11/2023;quinta-feira;07:10:00;PR;277;668,9;MEDIANEIRA;Ausência de reação do condutor;Colisão traseira;Com Vítimas Feridas;Pleno dia;Crescente;Céu Claro;Dupla;Reta;Não;2;0;0;1;1;0;1;2;-25,27063805;-54,06252597;SPRF-PR;DEL05-PR;UOP02-DEL05-PR
564448;30/11/2023;quinta-feira;07:30:00;RJ;116;175;SAO JOAO DE MERITI;Pedestre cruzava a pista fora da faixa;Atropelamento de Pedestre;Com Vítimas Feridas;Pleno dia;Decrescente;Céu Claro;Dupla;Reta;Sim;1;0;1;0;0;0;1;1;-22,78923555;-43,37275272;SPRF-RJ;DEL06-RJ;UOP01-DEL06-RJ
564449;30/11/2023;quinta-feira;07:30:00;CE;116;11;FORTALEZA;Ausência de reação do condutor;Colisão traseira;Com Vítimas Feridas;Pleno dia;Decrescente;Nublado;Dupla;Reta;Sim;2;0;0;1;1;0;1;2;-3,84387299;-38,49861308;SPRF-CE;DEL01-CE;UOP02-DEL01-CE
564450;29/11/2023;quarta-feira;23:50:00;MG;262;435;NOVA SERRANA;Demais falhas mecânicas ou elétricas;Incêndio;Sem Vítimas;Plena Noite;Crescente;Vento;Dupla;Reta;Sim;1;0;0;0;1;0;0;1;-19,89666118;-44,85116191;SPRF-MG;DEL08-MG;UOP03-DEL08-MG
564451;30/11/2023;quinta-feira;03:00:00;PR;476;22;ADRIANOPOLIS;Condutor Dormindo;Capotamento;Com Vítimas Feridas;Plena Noite;Decrescente;Céu Claro;Simples;Curva;Não;2;0;2;0;0;0;2;1;-24,768118;-49,025734;SPRF-PR;DEL01-PR;UOP01-DEL01-PR
564453;30/11/2023;quinta-feira;07:19:00;MG;381;499;BETIM;Ausência de reação do condutor;Tombamento;Com Vítimas Feridas;Pleno dia;Decrescente;Céu Claro;Múltipla;"Reta;Declive                  ";Sim;2;0;1;1;0;0;2;1;-19,95531717;-44,11722196;SPRF-MG;DEL01-MG;UOP03-DEL01-MG
564455;11/11/2023;sábado;17:30:00;SC;280;44;GUARAMIRIM;Participar de racha;Colisão lateral mesmo sentido;Com Vítimas Feridas;Pleno dia;Decrescente;Céu Claro;Dupla;"Reta;Em Obras                 ";Não;2;0;2;0;0;0;2;2;-26,45236168;-48,89788602;SPRF-SC;DEL03-SC;UOP03-DEL03-SC
564456;30/11/2023;quinta-feira;00:40:00;GO;40;8;LUZIANIA;Ausência de reação do condutor;Queda de ocupante de veículo;Com Vítimas Feridas;Plena Noite;Crescente;Céu Claro;Dupla;Reta;Sim;1;0;1;0;0;0;1;1;-16,116158;-47,96761;SPRF-DF;DEL01-DF;UOP01-DEL01-DF
564457;30/11/2023;quinta-feira;07:20:00;SC;101;43;JOINVILLE;Acessar a via sem observar a presença dos outros veículos;Colisão transversal;Com Vítimas Feridas;Pleno dia;Crescente;Sol;Simples;"Reta;Interseção de Vias       ";Sim;3;0;1;0;2;0;1;2;-26,33583578;-48,86007428;SPRF-SC;DEL03-SC;UOP01-DEL03-SC
564459;30/11/2023;quinta-feira;08:20:00;RJ;101;169;MACAE;Velocidade Incompatível;Colisão traseira;Com Vítimas Feridas;Pleno dia;Decrescente;Céu Claro;Simples;Reta;Não;3;0;1;0;2;0;1;2;-22,35125958;-41,9221205;SPRF-RJ;DEL08-RJ;UOP04-DEL08-RJ
564460;17/10/2023;terça-feira;13:30:00;RJ;101;276;TANGUA;Ausência de reação do condutor;Queda de ocupante de veículo;Com Vítimas Feridas;Pleno dia;Crescente;Céu Claro;Dupla;Reta;Sim;1;0;0;1;0;0;1;1;-22,73796393;-42,73871802;SPRF-RJ;DEL02-RJ;UOP03-DEL02-RJ
564461;30/11/2023;quinta-feira;08:30:00;PE;101;76,2;RECIFE;Ausência de reação do condutor;Colisão traseira;Com Vítimas Feridas;Pleno dia;Crescente;Céu Claro;Dupla;"Reta;Viaduto                  ";Sim;2;0;0;1;1;0;1;2;-8,11813811;-34,94329214;SPRF-PE;DEL01-PE;UOP01-DEL01-PE
564462;30/11/2023;quinta-feira;07:50:00;RO;174;10,4;VILHENA;Acumulo de óleo sobre o pavimento;Tombamento;Com Vítimas Feridas;Pleno dia;Crescente;Céu Claro;Simples;Reta;Sim;1;0;1;0;0;0;1;1;-12,74828039;-60,10874033;SPRF-RO;DEL04-RO;UOP01-DEL04-RO
564465;21/11/2023;terça-feira;07:57:00;RS;290;99;PORTO ALEGRE;Ausência de reação do condutor;Colisão com objeto;Com Vítimas Feridas;Pleno dia;Crescente;Céu Claro;Dupla;Reta;Sim;1;0;1;0;0;0;1;1;-29,98970663;-51,23205185;SPRF-RS;DEL01-RS;UOP01-DEL01-RS
564466;30/11/2023;quinta-feira;01:50:00;MA;316;53;MARACACUME;Animais na Pista;Atropelamento de Animal;Com Vítimas Feridas;Plena Noite;Decrescente;Céu Claro;Simples;Reta;Não;1;0;1;0;0;0;1;1;-2,024164;-45,971676;SPRF-MA;DEL02-MA;UOP02-DEL02-MA
564467;30/11/2023;quinta-feira;09:08:00;PE;101;5,5;GOIANA;Transitar no Acostamento;Colisão traseira;Com Vítimas Feridas;Pleno dia;Crescente;Céu Claro;Dupla;Reta;Não;3;0;2;0;0;1;2;3;-7,541764;-34,991394;SPRF-PE;DEL01-PE;UOP02-DEL01-PE
564468;30/11/2023;quinta-feira;08:55:00;GO;414;387;CORUMBA DE GOIAS;Mal súbito do condutor;Capotamento;Com Vítimas Feridas;Pleno dia;Crescente;Céu Claro;Simples;"Aclive;Curva                  ";Não;2;0;2;0;0;0;2;1;-15,88092998;-48,79068001;SPRF-GO;DEL02-GO;UOP01-DEL02-GO
564469;30/11/2023;quinta-feira;09:07:00;RN;101;95;NATAL;Condutor deixou de manter distância do veículo da frente;Colisão traseira;Com Vítimas Feridas;Pleno dia;Decrescente;Céu Claro;Dupla;Interseção de Vias;Sim;3;0;1;0;2;0;1;2;-5,84076841;-35,21035949;SPRF-RN;DEL01-RN;UOP01-DEL01-RN
564470;30/11/2023;quinta-feira;09:30:00;BA;101;108;ALAGOINHAS;Acessar a via sem observar a presença dos outros veículos;Colisão transversal;Sem Vítimas;Pleno dia;Decrescente;Céu Claro;Simples;Rotatória;Não;2;0;0;0;2;0;0;2;-12,16492;-38,477026;SPRF-BA;DEL01-BA;UOP04-DEL01-BA
564471;30/11/2023;quinta-feira;07:30:00;SC;280;56,3;GUARAMIRIM;Manobra de mudança de faixa;Colisão transversal;Sem Vítimas;Pleno dia;Crescente;Céu Claro;Múltipla;Reta;Sim;2;0;0;0;2;0;0;2;-26,47947677;-49,00298702;SPRF-SC;DEL03-SC;UOP03-DEL03-SC
564474;30/11/2023;quinta-feira;07:45:00;GO;153;497;GOIANIA;Ausência de reação do condutor;Colisão com objeto;Com Vítimas Feridas;Pleno dia;Decrescente;Nublado;Múltipla;Reta;Sim;1;0;0;1;0;0;1;1;-16,6854;-49,2338;SPRF-GO;DEL01-GO;UOP01-DEL01-GO
564476;30/11/2023;quinta-feira;10:20:00;MG;262;118,8;RIO CASCA;Acessar a via sem observar a presença dos outros veículos;Colisão transversal;Com Vítimas Feridas;Pleno dia;Crescente;Céu Claro;Simples;Reta;Não;2;0;0;1;1;0;1;2;-20,22994826;-42,63698814;SPRF-MG;DEL03-MG;UOP03-DEL03-MG
564478;30/11/2023;quinta-feira;10:40:00;GO;153;495,9;GOIANIA;Transtornos Mentais (exceto suicidio);Colisão lateral mesmo sentido;Com Vítimas Feridas;Pleno dia;Decrescente;Céu Claro;Dupla;Reta;Sim;2;0;1;0;1;0;1;2;-16,6681;-49,2263;SPRF-GO;DEL01-GO;UOP01-DEL01-GO
564480;30/11/2023;quinta-feira;10:45:00;PA;316;111,8;SANTA MARIA DO PARA;Acessar a via sem observar a presença dos outros veículos;Colisão transversal;Com Vítimas Feridas;Pleno dia;Decrescente;Céu Claro;Simples;Curva;Não;2;0;2;0;0;0;2;2;-1,31708992;-47,51316503;SPRF-PA;DEL01-PA;UOP02-DEL01-PA
564482;25/11/2023;sábado;22:30:00;SC;282;273,6;SAO JOSE DO CERRITO;Acumulo de areia ou detritos sobre o pavimento;Tombamento;Com Vítimas Feridas;Plena Noite;Decrescente;Céu Claro;Simples;"Reta;Em Obras                 ";Não;2;0;2;0;0;0;2;1;-27,614183;-50,71295592;SPRF-SC;DEL05-SC;UOP02-DEL05-SC
564486;30/11/2023;quinta-feira;12:40:00;PR;153;486;GENERAL CARNEIRO;Transitar na contramão;Colisão transversal;Com Vítimas Feridas;Pleno dia;Decrescente;Céu Claro;Simples;"Reta;Em Obras                 ";Não;2;0;0;1;1;0;1;2;-26,3974;-51,28201;SPRF-PR;DEL02-PR;UOP03-DEL02-PR
564487;30/11/2023;quinta-feira;11:40:00;MG;50;154,5;UBERABA;Reação tardia ou ineficiente do condutor;Colisão traseira;Sem Vítimas;Pleno dia;Crescente;Céu Claro;Dupla;"Curva;Declive                 ";Não;2;0;0;0;1;1;0;2;-19,59976082;-48,02524854;SPRF-MG;DEL13-MG;UOP01-DEL13-MG
564488;30/11/2023;quinta-feira;12:40:00;RN;101;97;NATAL;Acessar a via sem observar a presença dos outros veículos;Colisão traseira;Com Vítimas Feridas;Pleno dia;Crescente;Céu Claro;Simples;Reta;Sim;2;0;1;0;1;0;1;2;-5,85758898;-35,21271205;SPRF-RN;DEL01-RN;UOP01-DEL01-RN
564489;16/08/2023;quarta-feira;10:00:00;MG;381;434,5;SABARA;Declive acentuado;Tombamento;Com Vítimas Feridas;Pleno dia;Crescente;Céu Claro;Simples;"Curva;Declive                 ";Não;1;0;1;0;0;0;1;1;-19,80043184;-43,75031407;SPRF-MG;DEL01-MG;UOP01-DEL01-MG
564492;30/11/2023;quinta-feira;11:15:00;GO;40;13;LUZIANIA;Frear bruscamente;Colisão traseira;Sem Vítimas;Pleno dia;Decrescente;Céu Claro;Dupla;Reta;Sim;5;0;0;0;5;0;0;2;-16,151832;-47,939162;SPRF-DF;DEL01-DF;UOP01-DEL01-DF
564493;30/11/2023;quinta-feira;13:20:00;MG;40;635,3;CONSELHEIRO LAFAIETE;Avarias e/ou desgaste excessivo no pneu;Saída de leito carroçável;Com Vítimas Feridas;Pleno dia;Decrescente;Chuva;Simples;"Curva;Declive                 ";Não;1;0;1;0;0;0;1;1;-20,70474;-43,792564;SPRF-MG;DEL05-MG;UOP02-DEL05-MG
564496;30/11/2023;quinta-feira;12:00:00;RJ;116;135;MAGE;Reação tardia ou ineficiente do condutor;Colisão lateral mesmo sentido;Com Vítimas Feridas;Pleno dia;Decrescente;Céu Claro;Dupla;Reta;Não;2;0;1;0;1;0;1;2;-22,65225773;-43,16309893;SPRF-RJ;DEL04-RJ;UOP02-DEL04-RJ
564497;30/11/2023;quinta-feira;14:35:00;CE;116;5;FORTALEZA;Ausência de reação do condutor;Colisão lateral mesmo sentido;Com Vítimas Feridas;Pleno dia;Decrescente;Céu Claro;Dupla;Reta;Sim;3;0;1;0;2;0;1;2;-3,79467116;-38,50772734;SPRF-CE;DEL01-CE;UOP02-DEL01-CE
564498;30/11/2023;quinta-feira;14:00:00;SP;116;166;JACAREI;Reação tardia ou ineficiente do condutor;Engavetamento;Com Vítimas Feridas;Pleno dia;Decrescente;Sol;Dupla;Reta;Sim;4;0;2;0;2;0;2;3;-23,30055667;-46,01686506;SPRF-SP;DEL02-SP;UOP01-DEL02-SP
564499;30/11/2023;quinta-feira;14:00:00;RN;226;33,4;MACAIBA;Conversão proibida;Colisão transversal;Com Vítimas Feridas;Pleno dia;Crescente;Céu Claro;Dupla;"Declive;Em Obras              ";Não;6;0;1;0;5;0;1;2;-5,89085;-35,493743;SPRF-RN;DEL01-RN;UOP02-DEL01-RN
564500;30/11/2023;quinta-feira;13:30:00;PR;277;42;MORRETES;Manobra de mudança de faixa;Queda de ocupante de veículo;Com Vítimas Feridas;Pleno dia;Decrescente;Céu Claro;Dupla;Reta;Não;1;0;1;0;0;0;1;1;-25,57361239;-48,84469597;SPRF-PR;DEL01-PR;UOP01-DEL01-PR
564501;30/11/2023;quinta-feira;13:10:00;PB;230;147,9;CAMPINA GRANDE;Reação tardia ou ineficiente do condutor;Colisão traseira;Com Vítimas Feridas;Pleno dia;Crescente;Céu Claro;Dupla;Rotatória;Sim;6;0;1;0;5;0;1;2;-7,23655211;-35,86800098;SPRF-PB;DEL02-PB;UOP01-DEL02-PB
564506;30/11/2023;quinta-feira;14:35:00;SC;116;244,8;LAGES;Reação tardia ou ineficiente do condutor;Saída de leito carroçável;Sem Vítimas;Pleno dia;Crescente;Céu Claro;Simples;Curva;Não;1;0;0;0;1;0;0;1;-27,79190261;-50,35807913;SPRF-SC;DEL05-SC;UOP01-DEL05-SC
564508;30/11/2023;quinta-feira;15:15:00;SP;116;230;SAO PAULO;Manobra de mudança de faixa;Colisão lateral mesmo sentido;Com Vítimas Feridas;Pleno dia;Decrescente;Céu Claro;Múltipla;Reta;Sim;2;0;1;0;0;1;1;2;-23,52251783;-46,5855702;SPRF-SP;DEL01-SP;UOP01-DEL01-SP
564509;20/11/2023;segunda-feira;02:30:00;RJ;101;480;ANGRA DOS REIS;Chuva;Capotamento;Com Vítimas Feridas;Plena Noite;Decrescente;Chuva;Simples;Reta;Não;2;0;2;0;0;0;2;1;-23,01331268;-44,28361913;SPRF-RJ;DEL03-RJ;UOP03-DEL03-RJ
564510;30/11/2023;quinta-feira;13:50:00;CE;230;90;VARZEA ALEGRE;Carga excessiva e/ou mal acondicionada;Colisão frontal;Com Vítimas Fatais;Pleno dia;Crescente;Sol;Simples;"Reta;Declive                  ";Não;2;2;0;0;0;0;0;2;-6,8341555;-39,40558887;SPRF-CE;DEL05-CE;UOP01-DEL05-CE
564511;30/11/2023;quinta-feira;13:55:00;MA;10;253,8;IMPERATRIZ;Acumulo de óleo sobre o pavimento;Derramamento de carga;Com Vítimas Feridas;Pleno dia;Decrescente;Céu Claro;Simples;Reta;Sim;2;0;2;0;0;0;2;1;-5,526911;-47,471455;SPRF-MA;DEL04-MA;UOP01-DEL04-MA
564512;28/09/2023;quinta-feira;07:15:00;RN;101;83,8;SAO GONCALO DO AMARANTE;Pedestre cruzava a pista fora da faixa;Atropelamento de Pedestre;Com Vítimas Feridas;Pleno dia;Crescente;Céu Claro;Dupla;"Reta;Viaduto                  ";Sim;2;0;1;1;0;0;2;2;-5,7710445;-35,26616981;SPRF-RN;DEL02-RN;UOP01-DEL02-RN
564514;30/11/2023;quinta-feira;15:00:00;SP;116;281;EMBU DAS ARTES;Trafegar com motocicleta (ou similar) entre as faixas;Colisão traseira;Com Vítimas Feridas;Pleno dia;Decrescente;Céu Claro;Dupla;Reta;Sim;2;0;1;0;1;0;1;2;-23,67784787;-46,85769227;SPRF-SP;DEL04-SP;UOP01-DEL04-SP
564516;30/11/2023;quinta-feira;15:40:00;RN;101;100;NATAL;Condutor deixou de manter distância do veículo da frente;Colisão traseira;Com Vítimas Feridas;Pleno dia;Decrescente;Céu Claro;Múltipla;Reta;Sim;3;0;2;0;1;0;2;3;-5,88106901;-35,22542396;SPRF-RN;DEL01-RN;UOP01-DEL01-RN
564517;30/11/2023;quinta-feira;07:45:00;BA;324;549,5;AMELIA RODRIGUES;Reação tardia ou ineficiente do condutor;Capotamento;Com Vítimas Feridas;Pleno dia;Decrescente;Céu Claro;Dupla;Reta;Sim;5;0;2;0;2;1;2;2;-12,43255269;-38,7319107;SPRF-BA;DEL01-BA;UOP03-DEL01-BA
564518;07/10/2023;sábado;06:30:00;RS;116;263;CANOAS;Manobra de mudança de faixa;Colisão lateral mesmo sentido;Sem Vítimas;Amanhecer;Decrescente;Garoa/Chuvisco;Dupla;Reta;Sim;2;0;0;0;1;1;0;2;-29,90545398;-51,17674031;SPRF-RS;DEL01-RS;UOP01-DEL01-RS