id;data_inversa;dia_semana;horario;uf;br;km;municipio;causa_acidente;tipo_acidente;classificacao_acidente;fase_dia;sentido_via;condicao_metereologica;tipo_pista;tracado_via;uso_solo;pessoas;mortos;feridos_leves;feridos_graves;ilesos;ignorados;feridos;veiculos;latitude;longitude;regional;delegacia;uop
564760;01/12/2023;sexta-feira;18:30:00;PR;376;164;MARINGA;Manobra de mudança de faixa;Colisão lateral mesmo sentido;Com Vítimas Feridas;Pleno dia;Decrescente;Céu Claro;Dupla;Reta;Não;2;0;1;0;1;0;1;2;-23,39038641;-52,01421918;SPRF-PR;DEL09-PR;UOP01-DEL09-PR
564761;01/12/2023;sexta-feira;18:00:00;AP;210;0;MACAPA;Animais na Pista;Atropelamento de Animal;Com Vítimas Feridas;Anoitecer;Crescente;Nublado;Dupla;Reta;Sim;1;0;1;0;0;0;1;1;0,07780012;-51,06097;SPRF-AP;DEL01-AP;UOP01-DEL01-AP
564762;01/12/2023;sexta-feira;17:42:00;PR;158;536;PATO BRANCO;Reação tardia ou ineficiente do condutor;Queda de ocupante de veículo;Com Vítimas Feridas;Pleno dia;Decrescente;Céu Claro;Simples;Rotatória;Sim;1;0;0;1;0;0;1;1;-26,24248639;-52,69697646;SPRF-PR;DEL02-PR;UOP01-DEL02-PR
564764;01/12/2023;sexta-feira;17:45:00;SC;101;282,4;IMBITUBA;Ultrapassagem Indevida;Colisão lateral mesmo sentido;Com Vítimas Feridas;Pleno dia;Crescente;Nublado;Múltipla;"Reta;Declive                  ";Sim;2;0;1;0;1;0;1;2;-28,19626005;-48,69739859;SPRF-SC;DEL02-SC;UOP03-DEL02-SC
564766;01/12/2023;sexta-feira;19:00:00;SP;116;229;SAO PAULO;Reação tardia ou ineficiente do condutor;Colisão lateral mesmo sentido;Com Vítimas Feridas;Plena Noite;Decrescente;Céu Claro;Dupla;Reta;Sim;2;0;1;0;1;0;1;2;-23,51291902;-46,57604698;SPRF-SP;DEL01-SP;UOP01-DEL01-SP
564767;01/12/2023;sexta-feira;17:00:00;SC;470;54,1;BLUMENAU;Trafegar com motocicleta (ou similar) entre as faixas;Colisão transversal;Com Vítimas Feridas;Pleno dia;Crescente;Nublado;Simples;Reta;Sim;3;0;2;1;0;0;3;2;-26,871575;-49,111918;SPRF-SC;DEL04-SC;UOP01-DEL04-SC
564768;01/12/2023;sexta-feira;17:55:00;RJ;101;297;ITABORAI;Condutor deixou de manter distância do veículo da frente;Engavetamento;Sem Vítimas;Anoitecer;Crescente;Céu Claro;Dupla;Reta;Sim;3;0;0;0;3;0;0;3;-22,76942037;-42,91873581;SPRF-RJ;DEL02-RJ;UOP02-DEL02-RJ
564770;01/12/2023;sexta-feira;17:00:00;PB;230;150,6;CAMPINA GRANDE;Conversão proibida;Colisão traseira;Com Vítimas Feridas;Anoitecer;Crescente;Céu Claro;Múltipla;Curva;Sim;3;0;2;0;1;0;2;2;-7,25836363;-35,87784648;SPRF-PB;DEL02-PB;UOP01-DEL02-PB
564771;01/12/2023;sexta-feira;18:20:00;PB;230;149,9;CAMPINA GRANDE;Ausência de reação do condutor;Colisão traseira;Com Vítimas Feridas;Plena Noite;Crescente;Céu Claro;Dupla;Reta;Não;2;0;1;0;1;0;1;2;-7,243;-35,8709;SPRF-PB;DEL02-PB;UOP01-DEL02-PB
564772;01/12/2023;sexta-feira;18:40:00;SC;470;87;ASCURRA;Acessar a via sem observar a presença dos outros veículos;Colisão traseira;Com Vítimas Feridas;Plena Noite;Decrescente;Céu Claro;Simples;Reta;Não;2;0;1;0;1;0;1;2;-26,948483;-49,366833;SPRF-SC;DEL04-SC;UOP01-DEL04-SC
564774;01/12/2023;sexta-feira;16:00:00;RO;364;196,8;PIMENTA BUENO;Acessar a via sem observar a presença dos outros veículos;Colisão traseira;Com Vítimas Feridas;Pleno dia;Crescente;Céu Claro;Simples;Reta;Sim;2;0;0;1;1;0;1;2;-11,679848;-61,187233;SPRF-RO;DEL02-RO;UOP02-DEL02-RO
564775;01/12/2023;sexta-feira;18:52:00;ES;101;260,5;SERRA;Conversão proibida;Colisão transversal;Com Vítimas Feridas;Plena Noite;Crescente;Céu Claro;Dupla;Curva;Não;2;0;2;0;0;0;2;2;-20,14616415;-40,28836206;SPRF-ES;DEL02-ES;UOP01-DEL02-ES
564776;01/12/2023;sexta-feira;18:10:00;PR;116;30;CAMPINA GRANDE DO SUL;Reação tardia ou ineficiente do condutor;Colisão lateral mesmo sentido;Sem Vítimas;Pleno dia;Crescente;Céu Claro;Múltipla;"Reta;Interseção de Vias       ";Não;4;0;0;0;4;0;0;2;-25,10497579;-48,83973903;SPRF-PR;DEL01-PR;UOP02-DEL01-PR
564779;01/12/2023;sexta-feira;16:05:00;SC;282;16,8;PALHOCA;Acessar a via sem observar a presença dos outros veículos;Colisão transversal;Com Vítimas Feridas;Pleno dia;Crescente;Céu Claro;Simples;Reta;Não;2;0;1;0;1;0;1;2;-27,658611;-48,681847;SPRF-SC;DEL01-SC;UOP02-DEL01-SC
564781;01/12/2023;sexta-feira;19:50:00;PB;101;83;BAYEUX;Ausência de reação do condutor;Colisão traseira;Com Vítimas Feridas;Plena Noite;Crescente;Céu Claro;Dupla;Reta;Não;2;0;0;1;1;0;1;2;-7,1337703;-34,92963914;SPRF-PB;DEL01-PB;UOP01-DEL01-PB
564782;01/12/2023;sexta-feira;18:45:00;DF;20;13;BRASILIA;Ausência de reação do condutor;Engavetamento;Com Vítimas Feridas;Plena Noite;Crescente;Nublado;Dupla;Reta;Não;5;0;2;0;3;0;2;4;-15,638752;-47,749599;SPRF-DF;DEL02-DF;UOP01-DEL02-DF
564784;01/12/2023;sexta-feira;19:36:00;PE;232;409;SERRA TALHADA;Condutor deixou de manter distância do veículo da frente;Colisão traseira;Com Vítimas Feridas;Plena Noite;Crescente;Céu Claro;Simples;"Viaduto;Declive;Reta          ";Sim;3;0;2;0;0;1;2;2;-7,981944;-38,289467;SPRF-PE;DEL04-PE;UOP01-DEL04-PE
564786;01/12/2023;sexta-feira;19:20:00;DF;40;1,6;BRASILIA;Ingestão de álcool pelo condutor;Engavetamento;Com Vítimas Feridas;Plena Noite;Crescente;Céu Claro;Dupla;Reta;Sim;7;0;3;0;4;0;3;4;-15,985532;-47,987747;SPRF-DF;DEL01-DF;UOP01-DEL01-DF
564788;01/12/2023;sexta-feira;19:30:00;RJ;116;202;QUEIMADOS;Objeto estático sobre o leito carroçável;Incêndio;Sem Vítimas;Plena Noite;Crescente;Nublado;Dupla;Reta;Não;5;0;0;0;5;0;0;1;-22,72996588;-43,61317403;SPRF-RJ;DEL06-RJ;UOP02-DEL06-RJ
564789;01/12/2023;sexta-feira;19:20:00;CE;116;159,9;RUSSAS;Animais na Pista;Atropelamento de Animal;Com Vítimas Fatais;Plena Noite;Decrescente;Céu Claro;Simples;Reta;Sim;1;1;0;0;0;0;0;1;-4,91822722;-37,99424171;SPRF-CE;DEL03-CE;UOP01-DEL03-CE
564791;01/12/2023;sexta-feira;19:50:00;SP;153;14;ICEM;Ausência de reação do condutor;Colisão traseira;Com Vítimas Feridas;Plena Noite;Decrescente;Nublado;Simples;Reta;Não;5;0;2;0;3;0;2;2;-20,41841134;-49,2663971;SPRF-SP;DEL09-SP;UOP01-DEL09-SP
564792;01/12/2023;sexta-feira;16:00:00;MG;262;37,1;MANHUACU;Ultrapassagem Indevida;Colisão lateral mesmo sentido;Com Vítimas Feridas;Pleno dia;Decrescente;Nublado;Simples;Reta;Sim;2;0;1;0;1;0;1;2;-20,25748975;-42,03048732;SPRF-MG;DEL06-MG;UOP03-DEL06-MG
564793;01/12/2023;sexta-feira;18:20:00;BA;116;13,9;VITORIA DA CONQUISTA;Acessar a via sem observar a presença dos outros veículos;Colisão transversal;Com Vítimas Feridas;Plena Noite;Crescente;Céu Claro;Simples;Reta;Não;2;0;0;2;0;0;2;2;-14,89294;-40,866074;SPRF-PE;DEL05-PE;UOP03-DEL05-PE
564796;01/12/2023;sexta-feira;20:00:00;SP;116;221;GUARULHOS;Condutor Dormindo;Colisão traseira;Com Vítimas Feridas;Plena Noite;Decrescente;Céu Claro;Múltipla;Reta;Sim;2;0;1;0;1;0;1;2;-23,47093408;-46,51631097;SPRF-SP;DEL01-SP;UOP01-DEL01-SP
564799;01/12/2023;sexta-feira;18:30:00;PB;104;134;QUEIMADAS;Transitar no Acostamento;Colisão traseira;Com Vítimas Feridas;Plena Noite;Crescente;Céu Claro;Simples;Reta;Não;2;0;1;0;0;1;1;2;-7,32562205;-35,89657067;SPRF-PB;DEL02-PB;UOP03-DEL02-PB
564802;01/12/2023;sexta-feira;20:30:00;PR;369;20;CAMBARA;Ingestão de álcool e/ou substâncias psicoativas pelo pedestre;Atropelamento de Pedestre;Com Vítimas Feridas;Plena Noite;Crescente;Nublado;Simples;Reta;Sim;2;0;1;0;0;1;1;2;-23,03733299;-50,08237839;SPRF-PR;DEL07-PR;UOP05-DEL07-PR
564807;01/12/2023;sexta-feira;19:46:00;RR;174;494;BOA VISTA;Ausência de reação do condutor;Colisão traseira;Com Vítimas Feridas;Plena Noite;Crescente;Céu Claro;Simples;"Reta;Viaduto                  ";Não;4;0;3;0;0;1;3;2;2,750012;-60,742367;SPRF-RR;DEL01-RR;UOP01-DEL01-RR
564808;01/12/2023;sexta-feira;20:50:00;PI;316;319;PICOS;Ausência de reação do condutor;Colisão traseira;Com Vítimas Feridas;Plena Noite;Crescente;Céu Claro;Simples;Curva;Sim;3;0;2;0;1;0;2;2;-7,08926334;-41,39752113;SPRF-PI;DEL04-PI;UOP01-DEL04-PI
564812;01/12/2023;sexta-feira;20:50:00;SP;116;119,4;CACAPAVA;Ausência de reação do condutor;Colisão traseira;Com Vítimas Fatais;Plena Noite;Decrescente;Céu Claro;Dupla;Reta;Não;3;1;0;1;1;0;1;2;-23,06710044;-45,63562878;SPRF-SP;DEL02-SP;UOP02-DEL02-SP
564815;01/12/2023;sexta-feira;22:05:00;RN;101;108;PARNAMIRIM;Manobra de mudança de faixa;Colisão lateral mesmo sentido;Com Vítimas Feridas;Plena Noite;Crescente;Céu Claro;Múltipla;Reta;Sim;2;0;1;0;1;0;1;2;-5,92825102;-35,26465683;SPRF-RN;DEL01-RN;UOP01-DEL01-RN
564816;01/12/2023;sexta-feira;19:40:00;RJ;101;418;MANGARATIBA;Ausência de reação do condutor;Tombamento;Com Vítimas Feridas;Plena Noite;Decrescente;Céu Claro;Simples;"Reta;Túnel                    ";Não;1;0;0;1;0;0;1;1;-22,9178274;-43,90471593;SPRF-RJ;DEL03-RJ;UOP02-DEL03-RJ
564817;01/12/2023;sexta-feira;19:20:00;MT;163;854;SINOP;Acessar a via sem observar a presença dos outros veículos;Colisão transversal;Com Vítimas Feridas;Plena Noite;Decrescente;Nublado;Simples;"Reta;Interseção de Vias       ";Sim;5;0;3;0;0;2;3;2;-11,69778998;-55,45259857;SPRF-MT;DEL06-MT;UOP02-DEL06-MT
564818;01/12/2023;sexta-feira;21:50:00;SC;101;340,6;TUBARAO;Ultrapassagem Indevida;Colisão transversal;Com Vítimas Feridas;Plena Noite;Crescente;Céu Claro;Múltipla;Reta;Sim;3;0;1;0;2;0;1;2;-28,501444;-49,04690399;SPRF-SC;DEL02-SC;UOP01-DEL02-SC
564819;01/12/2023;sexta-feira;19:00:00;BA;116;277;TUCANO;Transitar na contramão;Colisão frontal;Com Vítimas Fatais;Pleno dia;Decrescente;Céu Claro;Simples;Reta;Não;2;1;0;0;1;0;0;2;-10,98605827;-38,80013655;SPRF-BA;DEL07-BA;UOP02-DEL07-BA
564820;01/12/2023;sexta-feira;16:40:00;RJ;40;119;DUQUE DE CAXIAS;Reação tardia ou ineficiente do condutor;Colisão com objeto;Com Vítimas Feridas;Pleno dia;Decrescente;Nublado;Dupla;Reta;Não;1;0;1;0;0;0;1;1;-22,76375592;-43,28683062;SPRF-RJ;DEL01-RJ;UOP02-DEL01-RJ
564822;01/12/2023;sexta-feira;22:00:00;PR;369;502,5;CASCAVEL;Ingestão de álcool pelo condutor;Saída de leito carroçável;Com Vítimas Feridas;Plena Noite;Crescente;Céu Claro;Simples;Reta;Sim;1;0;1;0;0;0;1;1;-24,91298416;-53,3835125;SPRF-PR;DEL04-PR;UOP03-DEL04-PR
564824;01/12/2023;sexta-feira;18:00:00;MG;262;32,2;MANHUACU;Ausência de sinalização;Colisão traseira;Com Vítimas Feridas;Plena Noite;Decrescente;Chuva;Simples;"Declive;Curva                 ";Não;6;0;2;0;4;0;2;2;-20,25556389;-41,99814902;SPRF-MG;DEL06-MG;UOP03-DEL06-MG
564827;01/12/2023;sexta-feira;23:00:00;MG;267;125;JUIZ DE FORA;Animais na Pista;Atropelamento de Animal;Com Vítimas Feridas;Plena Noite;Decrescente;Nublado;Simples;Reta;Não;1;0;1;0;0;0;1;1;-21,72381566;-43,53970826;SPRF-MG;DEL05-MG;UOP01-DEL05-MG
564829;01/12/2023;sexta-feira;22:55:00;RJ;116;170;RIO DE JANEIRO;Manobra de mudança de faixa;Colisão lateral mesmo sentido;Com Vítimas Feridas;Plena Noite;Crescente;Céu Claro;Dupla;Reta;Não;3;0;1;0;1;1;1;3;-22,81113183;-43,3336729;SPRF-RJ;DEL06-RJ;UOP01-DEL06-RJ
564830;01/12/2023;sexta-feira;23:00:00;GO;60;6,2;SANTO ANTONIO DO DESCOBERTO;Manobra de mudança de faixa;Colisão traseira;Com Vítimas Feridas;Plena Noite;Crescente;Nublado;Dupla;Reta;Não;3;0;0;1;1;1;1;2;-16,098505;-48,285782;SPRF-DF;DEL03-DF;UOP01-DEL03-DF
564831;01/12/2023;sexta-feira;20:40:00;RO;364;425;JARU;Desrespeitar a preferência no cruzamento;Colisão transversal;Com Vítimas Feridas;Plena Noite;Decrescente;Céu Claro;Simples;Reta;Sim;3;0;1;0;2;0;1;2;-10,43752488;-62,47169791;SPRF-RO;DEL03-RO;UOP02-DEL03-RO
564832;01/12/2023;sexta-feira;22:53:00;PE;408;102;SAO LOURENCO DA MATA;Ausência de reação do condutor;Incêndio;Sem Vítimas;Plena Noite;Decrescente;Céu Claro;Dupla;Reta;Não;1;0;0;0;0;1;0;1;-8,05323195;-35,00247996;SPRF-PE;DEL01-PE;UOP01-DEL01-PE
564833;01/12/2023;sexta-feira;23:20:00;RJ;493;96;SEROPEDICA;Conversão proibida;Colisão transversal;Com Vítimas Feridas;Plena Noite;Crescente;Céu Claro;Simples;Declive;Não;2;0;1;0;1;0;1;2;-22,71443004;-43,70584488;SPRF-RJ;DEL01-RJ;UOP03-DEL01-RJ
564840;01/12/2023;sexta-feira;22:30:00;SC;282;92,2;ALFREDO WAGNER;Reação tardia ou ineficiente do condutor;Saída de leito carroçável;Sem Vítimas;Plena Noite;Decrescente;Nevoeiro/Neblina;Simples;Curva;Não;1;0;0;0;1;0;0;1;-27,697363;-49,23542;SPRF-SC;DEL01-SC;UOP03-DEL01-SC
564841;01/12/2023;sexta-feira;23:30:00;AL;104;78;RIO LARGO;Pista Escorregadia;Queda de ocupante de veículo;Com Vítimas Feridas;Plena Noite;Decrescente;Nublado;Dupla;Curva;Não;2;0;2;0;0;0;2;1;-9,39312274;-35,83607934;SPRF-AL;DEL01-AL;UOP01-DEL01-AL
564842;02/12/2023;sábado;00:20:00;SC;101;149,7;ITAPEMA;Ingestão de álcool pelo condutor;Colisão transversal;Com Vítimas Feridas;Plena Noite;Crescente;Garoa/Chuvisco;Simples;Interseção de Vias;Sim;3;0;2;0;1;0;2;2;-27,1089649;-48,61277586;SPRF-SC;DEL04-SC;UOP03-DEL04-SC
564844;01/12/2023;sexta-feira;23:30:00;PE;232;508;SALGUEIRO;Acessar a via sem observar a presença dos outros veículos;Colisão transversal;Com Vítimas Feridas;Plena Noite;Crescente;Céu Claro;Simples;"Reta;Declive                  ";Sim;2;0;2;0;0;0;2;2;-8,06223271;-39,12095006;SPRF-PE;DEL05-PE;UOP01-DEL05-PE
564845;01/12/2023;sexta-feira;22:00:00;SC;NA;NA;CORREIA PINTO;Ausência de reação do condutor;Colisão traseira;Sem Vítimas;Plena Noite;Não Informado;Nublado;Dupla;Declive;Sim;2;0;0;0;1;1;0;2;-27,58804261;-50,36468625;SPRF-SC;DEL05-SC;UOP03-DEL05-SC
564846;02/12/2023;sábado;00:15:00;BA;101;196;CONCEICAO DA FEIRA;Animais na Pista;Atropelamento de Animal;Com Vítimas Feridas;Plena Noite;Decrescente;Céu Claro;Simples;Reta;Sim;2;0;1;0;1;0;1;1;-12,59679696;-39,038245;SPRF-BA;DEL01-BA;UOP03-DEL01-BA
564847;02/12/2023;sábado;01:00:00;PI;316;1;TERESINA;Condutor Dormindo;Colisão com objeto;Com Vítimas Feridas;Plena Noite;Decrescente;Garoa/Chuvisco;Múltipla;Reta;Sim;1;0;0;1;0;0;1;1;-5,12861853;-42,80706778;SPRF-PI;DEL01-PI;UOP02-DEL01-PI
564849;01/12/2023;sexta-feira;23:05:00;AC;317;91;SENADOR GUIOMARD;Pista esburacada;Saída de leito carroçável;Com Vítimas Feridas;Plena Noite;Crescente;Céu Claro;Simples;"Reta;Em Obras                 ";Não;3;0;2;1;0;0;3;1;-10,15762329;-67,71746572;SPRF-AC;DEL01-AC;UOP01-DEL01-AC
564850;02/12/2023;sábado;01:50:00;ES;101;267,8;SERRA;Reação tardia ou ineficiente do condutor;Saída de leito carroçável;Sem Vítimas;Plena Noite;Crescente;Céu Claro;Múltipla;Reta;Sim;1;0;0;0;1;0;0;1;-20,19930999;-40,26884609;SPRF-ES;DEL02-ES;UOP01-DEL02-ES
564851;02/12/2023;sábado;01:50:00;PR;277;6;PARANAGUA;Reação tardia ou ineficiente do condutor;Tombamento;Com Vítimas Feridas;Plena Noite;Decrescente;Nublado;Dupla;Reta;Sim;2;0;2;0;0;0;2;1;-25,559327;-48,576222;SPRF-PR;DEL01-PR;UOP05-DEL01-PR
564852;02/12/2023;sábado;02:20:00;RS;116;251,3;SAPUCAIA DO SUL;Reação tardia ou ineficiente do condutor;Colisão traseira;Com Vítimas Feridas;Plena Noite;Decrescente;Céu Claro;Múltipla;"Reta;Aclive;Em Obras          ";Sim;3;0;1;0;1;1;1;3;-29,79855044;-51,1651245;SPRF-RS;DEL01-RS;UOP02-DEL01-RS
564854;02/12/2023;sábado;01:00:00;CE;116;247;ALTO SANTO;Animais na Pista;Atropelamento de Animal;Com Vítimas Feridas;Plena Noite;Crescente;Céu Claro;Simples;Reta;Não;2;0;1;0;1;0;1;1;-5,47565815;-38,38392377;SPRF-CE;DEL05-CE;UOP02-DEL05-CE
564855;02/12/2023;sábado;01:50:00;RJ;465;21;NOVA IGUACU;Iluminação deficiente;Atropelamento de Pedestre;Com Vítimas Feridas;Plena Noite;Crescente;Céu Claro;Simples;Reta;Sim;2;0;0;1;0;1;1;2;-22,854782;-43,601933;SPRF-RJ;DEL06-RJ;UOP02-DEL06-RJ
564856;02/12/2023;sábado;03:10:00;SP;116;128;CACAPAVA;Reação tardia ou ineficiente do condutor;Colisão traseira;Com Vítimas Feridas;Plena Noite;Decrescente;Céu Claro;Dupla;Reta;Sim;3;0;1;0;1;1;1;2;-23,11454664;-45,71105567;SPRF-SP;DEL02-SP;UOP02-DEL02-SP
564859;01/12/2023;sexta-feira;22:59:00;SP;116;446,5;REGISTRO;Ausência de reação do condutor;Tombamento;Com Vítimas Feridas;Plena Noite;Crescente;Céu Claro;Dupla;Reta;Sim;2;0;2;0;0;0;2;1;-24,50467087;-47,84772743;SPRF-SP;DEL05-SP;UOP01-DEL05-SP
564861;02/12/2023;sábado;04:00:00;CE;20;307,9;CANINDE;Reação tardia ou ineficiente do condutor;Colisão com objeto;Com Vítimas Feridas;Plena Noite;Decrescente;Céu Claro;Simples;"Reta;Ponte                    ";Não;1;0;1;0;0;0;1;1;-4,35800799;-39,3016531;SPRF-CE;DEL02-CE;UOP01-DEL02-CE
564862;02/12/2023;sábado;04:00:00;RS;116;251;SAO LEOPOLDO;Demais falhas mecânicas ou elétricas;Tombamento;Com Vítimas Feridas;Plena Noite;Crescente;Céu Claro;Dupla;Reta;Não;1;0;1;0;0;0;1;1;-29,80035406;-51,16550365;SPRF-RS;DEL01-RS;UOP02-DEL01-RS
564865;02/12/2023;sábado;04:20:00;RS;158;331;SANTA MARIA;Ausência de reação do condutor;Colisão traseira;Sem Vítimas;Plena Noite;Decrescente;Céu Claro;Dupla;Curva;Sim;2;0;0;0;2;0;0;2;-29,70438405;-53,84464597;SPRF-RS;DEL09-RS;UOP01-DEL09-RS
564866;01/12/2023;sexta-feira;22:45:00;RS;116;224;DOIS IRMAOS;Ausência de reação do condutor;Colisão com objeto;Sem Vítimas;Plena Noite;Crescente;Céu Claro;Dupla;Reta;Sim;1;0;0;0;0;1;0;1;-29,588158;-51,105407;SPRF-RS;DEL01-RS;UOP02-DEL01-RS
564867;02/12/2023;sábado;04:15:00;SC;101;272;IMBITUBA;Reação tardia ou ineficiente do condutor;Colisão com objeto;Sem Vítimas;Plena Noite;Crescente;Céu Claro;Dupla;Reta;Não;1;0;0;0;1;0;0;1;-28,11780197;-48,69928995;SPRF-SC;DEL02-SC;UOP03-DEL02-SC
564871;02/12/2023;sábado;05:40:00;SC;470;49,4;BLUMENAU;Pista esburacada;Tombamento;Com Vítimas Feridas;Amanhecer;Decrescente;Nublado;Dupla;"Curva;Viaduto;Declive         ";Sim;1;0;1;0;0;0;1;1;-26,86176839;-49,06952262;SPRF-SC;DEL04-SC;UOP01-DEL04-SC
564872;02/12/2023;sábado;05:20:00;PR;376;631;SAO JOSE DOS PINHAIS;Ausência de reação do condutor;Saída de leito carroçável;Com Vítimas Feridas;Amanhecer;Crescente;Céu Claro;Múltipla;Reta;Sim;2;0;1;0;1;0;1;1;-25,70434399;-49,14198595;SPRF-PR;DEL01-PR;UOP04-DEL01-PR
564874;02/12/2023;sábado;05:25:00;RN;101;134,8;SAO JOSE DE MIPIBU;Ausência de reação do condutor;Saída de leito carroçável;Sem Vítimas;Pleno dia;Crescente;Céu Claro;Dupla;Reta;Não;1;0;0;0;1;0;0;1;-6,15559697;-35,22641868;SPRF-RN;DEL01-RN;UOP01-DEL01-RN
564875;02/12/2023;sábado;01:00:00;MT;364;156;PEDRA PRETA;Reação tardia ou ineficiente do condutor;Colisão com objeto;Com Vítimas Feridas;Plena Noite;Decrescente;Céu Claro;Simples;Reta;Não;1;0;0;1;0;0;1;1;-16,76032813;-54,2623751;SPRF-MT;DEL02-MT;UOP01-DEL02-MT
564877;08/10/2023;domingo;02:15:00;RS;116;264;CANOAS;Ausência de reação do condutor;Colisão lateral mesmo sentido;Com Vítimas Feridas;Plena Noite;Decrescente;Céu Claro;Dupla;Reta;Sim;7;0;1;0;6;0;1;2;-29,914435;-51,17754495;SPRF-RS;DEL01-RS;UOP01-DEL01-RS
564879;15/11/2023;quarta-feira;19:30:00;GO;40;10;VALPARAISO DE GOIAS;Ausência de reação do condutor;Colisão lateral mesmo sentido;Sem Vítimas;Plena Noite;Decrescente;Céu Claro;Dupla;Reta;Sim;2;0;0;0;2;0;0;2;-16,131285;-47,957923;SPRF-DF;DEL01-DF;UOP01-DEL01-DF
564881;02/12/2023;sábado;06:30:00;MG;40;496,5;PEDRO LEOPOLDO;Ausência de reação do condutor;Colisão traseira;Com Vítimas Feridas;Pleno dia;Decrescente;Nublado;Dupla;"Curva;Aclive                  ";Não;2;0;1;0;1;0;1;2;-19,675088;-44,191287;SPRF-MG;DEL02-MG;UOP01-DEL02-MG
564882;02/12/2023;sábado;07:05:00;PE;101;66;RECIFE;Avarias e/ou desgaste excessivo no pneu;Queda de ocupante de veículo;Com Vítimas Feridas;Pleno dia;Crescente;Sol;Dupla;Reta;Sim;2;0;2;0;0;0;2;1;-8,03368534;-34,94184125;SPRF-PE;DEL01-PE;UOP01-DEL01-PE
564883;02/12/2023;sábado;05:30:00;RJ;40;118;DUQUE DE CAXIAS;Ausência de reação do condutor;Colisão com objeto;Com Vítimas Feridas;Pleno dia;Decrescente;Céu Claro;Múltipla;Reta;Sim;1;0;0;1;0;0;1;1;-22,75470802;-43,28737838;SPRF-RJ;DEL01-RJ;UOP02-DEL01-RJ
564884;01/12/2023;sexta-feira;14:30:00;RJ;116;20;SAPUCAIA;Problema na suspensão;Saída de leito carroçável;Sem Vítimas;Pleno dia;Crescente;Sol;Simples;Reta;Não;1;0;0;0;0;1;0;1;-22,00111387;-42,76116206;SPRF-RJ;DEL05-RJ;UOP01-DEL05-RJ
564885;02/12/2023;sábado;05:00:00;RJ;493;59;DUQUE DE CAXIAS;Condutor Dormindo;Capotamento;Sem Vítimas;Amanhecer;Decrescente;Céu Claro;Dupla;Reta;Não;3;0;0;0;3;0;0;1;-22,672089;-43,285053;SPRF-RJ;DEL01-RJ;UOP03-DEL01-RJ
564887;01/12/2023;sexta-feira;16:40:00;PR;376;391;IMBAU;Ausência de reação do condutor;Saída de leito carroçável;Com Vítimas Feridas;Pleno dia;Decrescente;Céu Claro;Dupla;"Curva;Declive                 ";Não;1;0;1;0;0;0;1;1;-24,489867;-50,732333;SPRF-PR;DEL03-PR;UOP02-DEL03-PR
564888;02/12/2023;sábado;06:15:00;PR;277;682;SAO MIGUEL DO IGUACU;Avarias e/ou desgaste excessivo no pneu;Capotamento;Com Vítimas Feridas;Amanhecer;Crescente;Céu Claro;Dupla;"Reta;Aclive                   ";Não;3;0;3;0;0;0;3;1;-25,32986789;-54,18272203;SPRF-PR;DEL05-PR;UOP01-DEL05-PR
564889;01/12/2023;sexta-feira;20:49:00;MA;316;621;TIMON;Condutor deixou de manter distância do veículo da frente;Colisão frontal;Sem Vítimas;Plena Noite;Crescente;Céu Claro;Simples;Reta;Sim;1;0;0;0;0;1;0;1;-5,128434;-42,821575;SPRF-MA;DEL03-MA;UOP02-DEL03-MA
564890;02/12/2023;sábado;07:20:00;PR;277;556,9;CASCAVEL;Condutor Dormindo;Colisão traseira;Sem Vítimas;Pleno dia;Crescente;Sol;Simples;Reta;Não;4;0;0;0;4;0;0;2;-25,08848857;-53,17848305;SPRF-PR;DEL04-PR;UOP04-DEL04-PR
564891;02/12/2023;sábado;05:00:00;RJ;40;76;PETROPOLIS;Reação tardia ou ineficiente do condutor;Capotamento;Com Vítimas Feridas;Pleno dia;Decrescente;Céu Claro;Simples;Curva;Sim;1;0;1;0;0;0;1;1;-22,47192899;-43,23779321;SPRF-RJ;DEL01-RJ;UOP01-DEL01-RJ
564892;01/12/2023;sexta-feira;23:00:00;SC;280;80;CORUPA;Acesso irregular;Queda de ocupante de veículo;Com Vítimas Feridas;Plena Noite;Crescente;Céu Claro;Simples;Reta;Não;2;0;1;1;0;0;2;1;-26,44412189;-49,20975187;SPRF-SC;DEL06-SC;UOP03-DEL06-SC
564895;02/12/2023;sábado;07:40:00;RJ;101;529,7;ANGRA DOS REIS;Acumulo de areia ou detritos sobre o pavimento;Saída de leito carroçável;Com Vítimas Feridas;Pleno dia;Crescente;Céu Claro;Simples;Curva;Não;3;0;2;0;1;0;2;1;-23,02483585;-44,50876994;SPRF-RJ;DEL03-RJ;UOP03-DEL03-RJ
564896;02/12/2023;sábado;07:10:00;MA;135;4;SAO LUIS;Pista Escorregadia;Tombamento;Com Vítimas Feridas;Pleno dia;Crescente;Céu Claro;Dupla;"Reta;Aclive                   ";Sim;3;0;2;0;1;0;2;2;-2,53073;-44,3068;SPRF-MA;DEL01-MA;UOP01-DEL01-MA
564897;02/12/2023;sábado;08:05:00;PE;232;22;MORENO;Transitar no Acostamento;Colisão traseira;Com Vítimas Feridas;Pleno dia;Crescente;Céu Claro;Dupla;Reta;Não;2;0;0;1;1;0;1;2;-8,09712273;-35,088592;SPRF-PE;DEL01-PE;UOP01-DEL01-PE