id;data_inversa;dia_semana;horario;uf;br;km;municipio;causa_acidente;tipo_acidente;classificacao_acidente;fase_dia;sentido_via;condicao_metereologica;tipo_pista;tracado_via;uso_solo;pessoas;mortos;feridos_leves;feridos_graves;ilesos;ignorados;feridos;veiculos;latitude;longitude;regional;delegacia;uop
564899;02/12/2023;sábado;08:30:00;MG;381;942;EXTREMA;Avarias e/ou desgaste excessivo no pneu;Queda de ocupante de veículo;Com Vítimas Feridas;Pleno dia;Crescente;Sol;Dupla;Reta;Não;2;0;1;0;0;1;1;2;-22,86605937;-46,34940386;SPRF-MG;DEL16-MG;UOP03-DEL16-MG
564900;02/12/2023;sábado;09:00:00;MG;381;5;BETIM;Avarias e/ou desgaste excessivo no pneu;Queda de ocupante de veículo;Com Vítimas Feridas;Pleno dia;Crescente;Céu Claro;Dupla;Reta;Não;2;0;2;0;0;0;2;1;-19,98690045;-44,17928696;SPRF-MG;DEL01-MG;UOP03-DEL01-MG
564902;02/12/2023;sábado;09:10:00;RJ;116;177;SAO JOAO DE MERITI;Ausência de reação do condutor;Colisão traseira;Com Vítimas Feridas;Pleno dia;Decrescente;Céu Claro;Múltipla;Reta;Sim;2;0;1;0;1;0;1;2;-22,78055198;-43,39208599;SPRF-RJ;DEL06-RJ;UOP01-DEL06-RJ
564903;17/08/2023;quinta-feira;06:14:00;SC;282;19;PALHOCA;Reação tardia ou ineficiente do condutor;Colisão com objeto;Com Vítimas Feridas;Amanhecer;Crescente;Céu Claro;Simples;Reta;Não;1;0;0;1;0;0;1;1;-27,678635;-48,70192;SPRF-SC;DEL01-SC;UOP02-DEL01-SC
564904;02/12/2023;sábado;08:00:00;MT;364;205;RONDONOPOLIS;Reação tardia ou ineficiente do condutor;Queda de ocupante de veículo;Com Vítimas Feridas;Pleno dia;Decrescente;Céu Claro;Dupla;Reta;Sim;1;0;0;1;0;0;1;1;-16,45928621;-54,66092345;SPRF-MT;DEL02-MT;UOP01-DEL02-MT
564905;02/12/2023;sábado;08:00:00;RJ;465;21;NOVA IGUACU;Retorno proibido;Colisão transversal;Com Vítimas Feridas;Amanhecer;Decrescente;Céu Claro;Dupla;Reta;Sim;2;0;1;0;1;0;1;2;-22,854782;-43,601933;SPRF-RJ;DEL06-RJ;UOP02-DEL06-RJ
564906;02/12/2023;sábado;07:40:00;SC;280;218;TRES BARRAS;Acessar a via sem observar a presença dos outros veículos;Colisão transversal;Com Vítimas Feridas;Pleno dia;Decrescente;Céu Claro;Simples;Reta;Não;3;0;2;0;1;0;2;2;-26,17423794;-50,24534398;SPRF-SC;DEL06-SC;UOP04-DEL06-SC
564907;02/12/2023;sábado;05:15:00;BA;135;135;RIACHAO DAS NEVES;Reação tardia ou ineficiente do condutor;Saída de leito carroçável;Com Vítimas Feridas;Amanhecer;Decrescente;Céu Claro;Simples;Reta;Sim;4;0;3;1;0;0;4;1;-11,83067715;-44,85667943;SPRF-BA;DEL08-BA;UOP04-DEL08-BA
564908;02/12/2023;sábado;09:00:00;GO;60;58;ABADIANIA;Acessar a via sem observar a presença dos outros veículos;Colisão traseira;Com Vítimas Feridas;Pleno dia;Decrescente;Céu Claro;Dupla;"Curva;Retorno Regulamentado   ";Sim;2;0;1;0;1;0;1;2;-16,1865;-48,6872;SPRF-GO;DEL02-GO;UOP01-DEL02-GO
564910;02/12/2023;sábado;08:20:00;MA;230;1;BARAO DE GRAJAU;Reação tardia ou ineficiente do condutor;Colisão transversal;Com Vítimas Feridas;Plena Noite;Decrescente;Céu Claro;Simples;Reta;Sim;2;0;1;0;0;1;1;2;-6,75491021;-43,01659198;SPRF-PI;DEL03-PI;UOP01-DEL03-PI
564911;11/11/2023;sábado;12:20:00;BA;101;173;CONCEICAO DA FEIRA;Ultrapassagem Indevida;Saída de leito carroçável;Com Vítimas Feridas;Pleno dia;Crescente;Céu Claro;Simples;"Reta;Declive                  ";Não;4;0;4;0;0;0;4;1;-12,519078;-38,970829;SPRF-BA;DEL01-BA;UOP03-DEL01-BA
564914;02/12/2023;sábado;09:45:00;ES;101;309,9;VIANA;Ausência de reação do condutor;Saída de leito carroçável;Com Vítimas Feridas;Pleno dia;Crescente;Chuva;Dupla;Curva;Não;1;0;1;0;0;0;1;1;-20,417;-40,45984911;SPRF-ES;DEL01-ES;UOP01-DEL01-ES
564915;28/11/2023;terça-feira;14:00:00;RJ;116;88;TERESOPOLIS;Retorno proibido;Colisão transversal;Com Vítimas Feridas;Pleno dia;Crescente;Céu Claro;Simples;Reta;Sim;2;0;1;0;1;0;1;2;-22,453468;-42,954449;SPRF-RJ;DEL04-RJ;UOP01-DEL04-RJ
564916;02/12/2023;sábado;09:40:00;PB;230;293,2;SANTA LUZIA;Ingestão de álcool pelo condutor;Tombamento;Com Vítimas Feridas;Pleno dia;Crescente;Céu Claro;Simples;Reta;Sim;1;0;1;0;0;0;1;1;-6,872263;-36,926708;SPRF-PB;DEL03-PB;UOP01-DEL03-PB
564917;02/12/2023;sábado;10:10:00;GO;70;9;AGUAS LINDAS DE GOIAS;Ausência de reação do condutor;Colisão traseira;Com Vítimas Feridas;Pleno dia;Decrescente;Céu Claro;Múltipla;Reta;Sim;3;0;1;0;2;0;1;3;-15,73576731;-48,28288046;SPRF-DF;DEL03-DF;UOP02-DEL03-DF
564918;02/12/2023;sábado;09:00:00;SP;116;269;TABOAO DA SERRA;Ausência de reação do condutor;Atropelamento de Pedestre;Com Vítimas Fatais;Pleno dia;Crescente;Céu Claro;Múltipla;Reta;Sim;3;1;0;0;1;1;0;2;-23,61593059;-46,78826044;SPRF-SP;DEL04-SP;UOP01-DEL04-SP
564919;02/12/2023;sábado;07:56:00;MG;50;29,7;ARAGUARI;Ausência de reação do condutor;Saída de leito carroçável;Com Vítimas Fatais;Pleno dia;Decrescente;Céu Claro;Dupla;"Curva;Declive                 ";Não;1;1;0;0;0;0;0;1;-18,62034416;-48,11087208;SPRF-MG;DEL15-MG;UOP02-DEL15-MG
564920;02/12/2023;sábado;10:30:00;PR;369;196,1;ARAPONGAS;Velocidade Incompatível;Saída de leito carroçável;Com Vítimas Feridas;Pleno dia;Crescente;Nublado;Dupla;Reta;Não;2;0;1;0;1;0;1;1;-23,507023;-51,425243;SPRF-PR;DEL07-PR;UOP03-DEL07-PR
564921;02/12/2023;sábado;11:00:00;SP;116;225;GUARULHOS;Ausência de reação do condutor;Queda de ocupante de veículo;Com Vítimas Feridas;Pleno dia;Crescente;Céu Claro;Múltipla;"Aclive;Reta                   ";Sim;1;0;1;0;0;0;1;1;-23,48586772;-46,54075317;SPRF-SP;DEL01-SP;UOP01-DEL01-SP
564923;02/12/2023;sábado;10:52:00;PB;230;3;CABEDELO;Ingestão de álcool pelo condutor;Colisão com objeto;Com Vítimas Feridas;Pleno dia;Crescente;Céu Claro;Múltipla;Reta;Não;1;0;1;0;0;0;1;1;-6,9915;-34,8287;SPRF-PB;DEL01-PB;UOP01-DEL01-PB
564925;02/12/2023;sábado;09:30:00;PI;316;8;TERESINA;Acessar a via sem observar a presença dos outros veículos;Colisão lateral mesmo sentido;Com Vítimas Feridas;Pleno dia;Crescente;Céu Claro;Dupla;Interseção de Vias;Sim;2;0;1;0;1;0;1;2;-5,16483402;-42,76899508;SPRF-PI;DEL01-PI;UOP02-DEL01-PI
564926;02/12/2023;sábado;09:30:00;BA;242;423;SEABRA;Velocidade Incompatível;Colisão traseira;Com Vítimas Feridas;Pleno dia;Crescente;Céu Claro;Simples;Reta;Não;2;0;0;1;1;0;1;2;-12,41538607;-41,84550506;SPRF-BA;DEL06-BA;UOP01-DEL06-BA
564927;28/11/2023;terça-feira;07:37:00;RJ;101;317;SAO GONCALO;Ausência de reação do condutor;Colisão traseira;Com Vítimas Feridas;Pleno dia;Crescente;Céu Claro;Dupla;Reta;Não;3;0;1;0;2;0;1;2;-22,83707798;-43,09492006;SPRF-RJ;DEL02-RJ;UOP02-DEL02-RJ
564929;02/12/2023;sábado;11:45:00;SC;470;47,8;BLUMENAU;Reação tardia ou ineficiente do condutor;Colisão traseira;Com Vítimas Feridas;Pleno dia;Decrescente;Céu Claro;Simples;"Reta;Em Obras                 ";Sim;2;0;1;0;1;0;1;2;-26,8603327;-49,05398726;SPRF-SC;DEL04-SC;UOP01-DEL04-SC
564930;02/12/2023;sábado;10:40:00;MA;222;673,9;ACAILANDIA;Condutor deixou de manter distância do veículo da frente;Colisão traseira;Com Vítimas Fatais;Pleno dia;Crescente;Céu Claro;Simples;"Aclive;Interseção de Vias     ";Sim;4;1;1;0;2;0;1;3;-4,92960481;-47,44590111;SPRF-MA;DEL04-MA;UOP03-DEL04-MA
564932;02/12/2023;sábado;11:15:00;SC;101;198,5;BIGUACU;Ultrapassagem Indevida;Colisão lateral mesmo sentido;Com Vítimas Feridas;Pleno dia;Crescente;Céu Claro;Dupla;Reta;Sim;2;0;1;0;1;0;1;2;-27,52658712;-48,63506019;SPRF-SC;DEL01-SC;UOP01-DEL01-SC
564933;02/12/2023;sábado;11:45:00;SP;116;214;GUARULHOS;Reação tardia ou ineficiente do condutor;Colisão traseira;Com Vítimas Feridas;Pleno dia;Decrescente;Céu Claro;Dupla;Reta;Sim;5;0;1;0;4;0;1;2;-23,44333014;-46,44531294;SPRF-SP;DEL01-SP;UOP01-DEL01-SP
564935;02/12/2023;sábado;12:00:00;SC;101;213;PALHOCA;Condutor deixou de manter distância do veículo da frente;Engavetamento;Com Vítimas Feridas;Pleno dia;Crescente;Céu Claro;Múltipla;Reta;Não;3;0;1;0;1;1;1;3;-27,63697369;-48,66514142;SPRF-SC;DEL01-SC;UOP02-DEL01-SC
564936;02/12/2023;sábado;12:45:00;SC;101;113,7;ITAJAI;Reação tardia ou ineficiente do condutor;Colisão lateral mesmo sentido;Com Vítimas Feridas;Pleno dia;Decrescente;Sol;Múltipla;Reta;Não;2;0;1;0;1;0;1;2;-26,85311393;-48,72689927;SPRF-SC;DEL04-SC;UOP04-DEL04-SC
564937;02/12/2023;sábado;10:30:00;CE;116;502;BREJO SANTO;Reação tardia ou ineficiente do condutor;Colisão traseira;Sem Vítimas;Pleno dia;Decrescente;Céu Claro;Simples;Reta;Sim;3;0;0;0;3;0;0;2;-7,46246999;-38,97595702;SPRF-CE;DEL05-CE;UOP03-DEL05-CE
564938;02/12/2023;sábado;12:00:00;RJ;393;252,3;BARRA DO PIRAI;Desrespeitar a preferência no cruzamento;Colisão transversal;Com Vítimas Feridas;Pleno dia;Decrescente;Céu Claro;Simples;Reta;Não;2;0;0;1;1;0;1;2;-22,4535526;-43,81656647;SPRF-RJ;DEL05-RJ;UOP04-DEL05-RJ
564939;02/12/2023;sábado;12:40:00;SP;381;81;SAO PAULO;Reação tardia ou ineficiente do condutor;Colisão traseira;Sem Vítimas;Pleno dia;Decrescente;Céu Claro;Dupla;Reta;Não;2;0;0;0;2;0;0;2;-23,42148819;-46,57734811;SPRF-SP;DEL03-SP;UOP01-DEL03-SP
564940;02/12/2023;sábado;13:12:00;SP;116;209;GUARULHOS;Ausência de reação do condutor;Queda de ocupante de veículo;Com Vítimas Feridas;Pleno dia;Decrescente;Céu Claro;Múltipla;Reta;Sim;2;0;1;0;1;0;1;1;-23,42511799;-46,40221101;SPRF-SP;DEL01-SP;UOP01-DEL01-SP
564941;02/12/2023;sábado;13:00:00;MG;381;832,1;SAO SEBASTIAO DA BELA VISTA;Entrada inopinada do pedestre;Atropelamento de Pedestre;Com Vítimas Feridas;Pleno dia;Crescente;Sol;Dupla;Reta;Não;3;0;0;1;2;0;1;2;-22,12118653;-45,78305483;SPRF-MG;DEL16-MG;UOP01-DEL16-MG
564942;02/12/2023;sábado;12:00:00;PA;10;312;IRITUIA;Transitar na contramão;Colisão lateral sentido oposto;Com Vítimas Feridas;Pleno dia;Decrescente;Céu Claro;Simples;Reta;Não;2;0;0;1;1;0;1;2;-1,70219802;-47,5023325;SPRF-PA;DEL01-PA;UOP02-DEL01-PA
564945;02/12/2023;sábado;13:20:00;GO;153;490;GOIANIA;Conversão proibida;Colisão lateral mesmo sentido;Com Vítimas Fatais;Pleno dia;Decrescente;Céu Claro;Simples;Reta;Sim;3;1;1;0;1;0;1;3;-16,639;-49,2063;SPRF-GO;DEL01-GO;UOP01-DEL01-GO
564947;02/12/2023;sábado;13:40:00;PE;101;8;GOIANA;Ausência de reação do condutor;Saída de leito carroçável;Com Vítimas Feridas;Pleno dia;Crescente;Céu Claro;Dupla;Reta;Não;4;0;0;4;0;0;4;1;-7,56898134;-34,98959891;SPRF-PE;DEL01-PE;UOP02-DEL01-PE
564948;11/10/2023;quarta-feira;22:40:00;RJ;493;6;ITABORAI;Pedestre cruzava a pista fora da faixa;Atropelamento de Pedestre;Com Vítimas Feridas;Plena Noite;Decrescente;Céu Claro;Simples;Reta;Sim;2;0;0;1;1;0;1;2;-22,73124198;-42,95145305;SPRF-RJ;DEL02-RJ;UOP02-DEL02-RJ
564949;02/12/2023;sábado;08:42:00;RO;425;144,4;GUAJARA-MIRIM;Acessar a via sem observar a presença dos outros veículos;Colisão transversal;Com Vítimas Feridas;Pleno dia;Crescente;Céu Claro;Dupla;Reta;Sim;2;0;0;1;1;0;1;2;-10,76723;-65,318954;SPRF-RO;DEL01-RO;UOP03-DEL01-RO
564953;02/12/2023;sábado;13:50:00;PB;101;89,1;JOAO PESSOA;Acessar a via sem observar a presença dos outros veículos;Colisão traseira;Com Vítimas Feridas;Pleno dia;Crescente;Céu Claro;Dupla;Curva;Sim;6;0;4;0;2;0;4;3;-7,16470016;-34,89993643;SPRF-PB;DEL01-PB;UOP02-DEL01-PB
564954;02/12/2023;sábado;13:50:00;PE;232;5;RECIFE;Manobra de mudança de faixa;Colisão lateral mesmo sentido;Com Vítimas Fatais;Pleno dia;Crescente;Céu Claro;Dupla;Reta;Sim;2;1;0;0;1;0;0;2;-8,06795766;-34,94535414;SPRF-PE;DEL01-PE;UOP01-DEL01-PE
564955;02/12/2023;sábado;13:50:00;RJ;101;425;MANGARATIBA;Acessar a via sem observar a presença dos outros veículos;Colisão transversal;Com Vítimas Feridas;Pleno dia;Crescente;Céu Claro;Simples;Reta;Sim;3;0;0;1;2;0;1;2;-22,92896061;-43,97521377;SPRF-RJ;DEL03-RJ;UOP02-DEL03-RJ
564956;02/12/2023;sábado;14:00:00;SC;101;207;SAO JOSE;Condutor deixou de manter distância do veículo da frente;Engavetamento;Com Vítimas Feridas;Pleno dia;Decrescente;Céu Claro;Múltipla;"Reta;Declive                  ";Sim;6;0;1;0;5;0;1;6;-27,60001226;-48,6226467;SPRF-SC;DEL01-SC;UOP01-DEL01-SC
564958;02/12/2023;sábado;13:55:00;PR;277;586,4;CASCAVEL;Desrespeitar a preferência no cruzamento;Colisão transversal;Com Vítimas Feridas;Pleno dia;Decrescente;Sol;Simples;Interseção de Vias;Sim;2;0;1;0;1;0;1;2;-24,96695428;-53,42438048;SPRF-PR;DEL04-PR;UOP01-DEL04-PR
564961;02/12/2023;sábado;13:30:00;ES;101;267;SERRA;Mal súbito do condutor;Colisão com objeto;Com Vítimas Feridas;Pleno dia;Crescente;Sol;Dupla;Reta;Sim;2;0;0;1;0;1;1;2;-20,19930999;-40,26884609;SPRF-ES;DEL02-ES;UOP01-DEL02-ES
564964;02/12/2023;sábado;13:50:00;AP;210;1;MACAPA;Manobra de mudança de faixa;Colisão lateral mesmo sentido;Sem Vítimas;Pleno dia;Decrescente;Céu Claro;Múltipla;Reta;Sim;2;0;0;0;1;1;0;2;0,07816717;-51,06998693;SPRF-AP;DEL01-AP;UOP01-DEL01-AP
564965;02/12/2023;sábado;14:20:00;SC;101;119,7;ITAJAI;Demais falhas mecânicas ou elétricas;Queda de ocupante de veículo;Com Vítimas Feridas;Pleno dia;Decrescente;Céu Claro;Dupla;Reta;Sim;2;0;1;1;0;0;2;1;-26,9043179;-48,71555481;SPRF-SC;DEL04-SC;UOP04-DEL04-SC
564968;02/12/2023;sábado;15:00:00;GO;40;1,9;VALPARAISO DE GOIAS;Manobra de mudança de faixa;Colisão lateral mesmo sentido;Com Vítimas Feridas;Pleno dia;Crescente;Céu Claro;Dupla;Reta;Sim;3;0;1;0;2;0;1;2;-16,058245;-47,982825;SPRF-DF;DEL01-DF;UOP01-DEL01-DF
564969;02/12/2023;sábado;15:00:00;RJ;101;431;MANGARATIBA;Ausência de reação do condutor;Saída de leito carroçável;Com Vítimas Feridas;Pleno dia;Crescente;Céu Claro;Simples;Curva;Não;1;0;1;0;0;0;1;1;-22,93135183;-44,02377248;SPRF-RJ;DEL03-RJ;UOP02-DEL03-RJ
564971;02/12/2023;sábado;13:30:00;MG;116;528,9;CARATINGA;Retorno proibido;Colisão transversal;Com Vítimas Feridas;Pleno dia;Decrescente;Céu Claro;Simples;Reta;Sim;2;0;1;0;1;0;1;2;-19,794033;-42,13731414;SPRF-MG;DEL06-MG;UOP02-DEL06-MG
564972;02/12/2023;sábado;15:00:00;MG;262;817;UBERABA;Condutor Dormindo;Saída de leito carroçável;Com Vítimas Feridas;Pleno dia;Decrescente;Céu Claro;Dupla;Reta;Não;2;0;2;0;0;0;2;1;-19,76384526;-48,12927805;SPRF-MG;DEL13-MG;UOP01-DEL13-MG
564973;02/12/2023;sábado;15:15:00;RJ;116;314;ITATIAIA;Avarias e/ou desgaste excessivo no pneu;Tombamento;Com Vítimas Feridas;Pleno dia;Crescente;Céu Claro;Dupla;Reta;Sim;2;0;2;0;0;0;2;1;-22,46045833;-44,47218299;SPRF-RJ;DEL07-RJ;UOP02-DEL07-RJ
564974;02/12/2023;sábado;16:00:00;GO;414;372;COCALZINHO DE GOIAS;Ingestão de álcool pelo condutor;Saída de leito carroçável;Com Vítimas Feridas;Pleno dia;Decrescente;Céu Claro;Dupla;Reta;Sim;3;0;1;2;0;0;3;1;-15,78671658;-48,77033272;SPRF-GO;DEL02-GO;UOP01-DEL02-GO
564975;02/12/2023;sábado;13:00:00;MG;50;111,2;UBERABA;Condutor Dormindo;Saída de leito carroçável;Com Vítimas Feridas;Pleno dia;Decrescente;Céu Claro;Dupla;Reta;Não;2;0;2;0;0;0;2;1;-19,23226801;-48,14217502;SPRF-MG;DEL13-MG;UOP01-DEL13-MG
564976;02/12/2023;sábado;16:45:00;SC;101;134;BALNEARIO CAMBORIU;Ultrapassagem Indevida;Colisão lateral mesmo sentido;Com Vítimas Feridas;Pleno dia;Crescente;Céu Claro;Dupla;Reta;Sim;2;0;1;0;1;0;1;2;-27,00218;-48,636433;SPRF-SC;DEL04-SC;UOP03-DEL04-SC
564978;02/12/2023;sábado;15:30:00;MS;163;259,1;DOURADOS;Ausência de reação do condutor;Colisão com objeto;Com Vítimas Feridas;Pleno dia;Crescente;Céu Claro;Dupla;Reta;Sim;1;0;1;0;0;0;1;1;-22,25258409;-54,77697385;SPRF-MS;DEL04-MS;UOP01-DEL04-MS
564979;02/12/2023;sábado;16:20:00;RJ;101;52;CAMPOS DOS GOYTACAZES;Acessar a via sem observar a presença dos outros veículos;Colisão transversal;Com Vítimas Feridas;Pleno dia;Crescente;Céu Claro;Simples;Reta;Não;2;0;1;0;1;0;1;2;-21,65160802;-41,31128624;SPRF-RJ;DEL08-RJ;UOP01-DEL08-RJ
564980;02/12/2023;sábado;12:20:00;RO;364;198,4;PIMENTA BUENO;Pedestre andava na pista;Colisão transversal;Com Vítimas Feridas;Pleno dia;Decrescente;Céu Claro;Simples;Ponte;Sim;2;0;2;0;0;0;2;2;-11,67049488;-61,19146173;SPRF-RO;DEL02-RO;UOP02-DEL02-RO
564981;02/12/2023;sábado;16:16:00;RN;304;281;MACAIBA;Ausência de sinalização;Capotamento;Com Vítimas Feridas;Pleno dia;Decrescente;Céu Claro;Simples;"Reta;Em Obras                 ";Não;1;0;0;1;0;0;1;1;-5,88956382;-35,48954405;SPRF-RN;DEL01-RN;UOP02-DEL01-RN
564982;02/12/2023;sábado;16:10:00;PR;376;628;SAO JOSE DOS PINHAIS;Reação tardia ou ineficiente do condutor;Colisão traseira;Com Vítimas Feridas;Pleno dia;Crescente;Céu Claro;Dupla;Reta;Não;6;0;2;0;4;0;2;2;-25,67832409;-49,14963231;SPRF-PR;DEL01-PR;UOP04-DEL01-PR
564983;02/12/2023;sábado;15:15:00;RO;364;154,7;PIMENTA BUENO;Reação tardia ou ineficiente do condutor;Tombamento;Com Vítimas Feridas;Pleno dia;Crescente;Céu Claro;Simples;"Reta;Declive                  ";Não;1;0;1;0;0;0;1;1;-11,972506;-60,95616399;SPRF-RO;DEL02-RO;UOP02-DEL02-RO
564984;02/12/2023;sábado;16:45:00;PB;101;88;JOAO PESSOA;Condutor deixou de manter distância do veículo da frente;Colisão traseira;Com Vítimas Feridas;Pleno dia;Crescente;Céu Claro;Dupla;Reta;Não;4;0;1;0;3;0;1;2;-7,16470016;-34,89993643;SPRF-PB;DEL01-PB;UOP01-DEL01-PB
564985;02/12/2023;sábado;14:30:00;MA;10;233,3;GOVERNADOR EDISON LOBAO;Ultrapassagem Indevida;Colisão frontal;Com Vítimas Feridas;Pleno dia;Crescente;Céu Claro;Simples;Reta;Não;3;0;0;1;2;0;1;2;-5,677963;-47,374077;SPRF-MA;DEL04-MA;UOP01-DEL04-MA
564987;02/12/2023;sábado;17:00:00;MG;381;487;BETIM;Ausência de reação do condutor;Tombamento;Com Vítimas Fatais;Pleno dia;Crescente;Céu Claro;Múltipla;"Declive;Curva                 ";Sim;2;1;0;1;0;0;1;1;-19,95586853;-44,14609501;SPRF-MG;DEL01-MG;UOP03-DEL01-MG
564990;02/12/2023;sábado;16:45:00;SC;101;192;BIGUACU;Acessar a via sem observar a presença dos outros veículos;Colisão transversal;Com Vítimas Feridas;Pleno dia;Crescente;Céu Claro;Dupla;Reta;Sim;2;0;1;0;1;0;1;2;-27,48443781;-48,64765238;SPRF-SC;DEL01-SC;UOP01-DEL01-SC
564991;02/12/2023;sábado;14:20:00;PE;423;161;AGUAS BELAS;Acessar a via sem observar a presença dos outros veículos;Colisão frontal;Sem Vítimas;Pleno dia;Decrescente;Céu Claro;Simples;Reta;Não;2;0;0;0;2;0;0;2;-9,09475044;-36,98347867;SPRF-PE;DEL03-PE;UOP01-DEL03-PE
564992;02/12/2023;sábado;17:15:00;SP;101;48;UBATUBA;Conversão proibida;Colisão lateral mesmo sentido;Com Vítimas Feridas;Pleno dia;Crescente;Céu Claro;Simples;Interseção de Vias;Sim;2;0;1;0;1;0;1;2;-23,43696329;-45,08768768;SPRF-SP;DEL06-SP;UOP01-DEL06-SP
564993;02/12/2023;sábado;17:00:00;PR;116;97,8;SAO JOSE DOS PINHAIS;Reação tardia ou ineficiente do condutor;Saída de leito carroçável;Sem Vítimas;Pleno dia;Decrescente;Céu Claro;Dupla;Reta;Sim;1;0;0;0;1;0;0;1;-25,51232495;-49,12871007;SPRF-PR;DEL01-PR;UOP07-DEL01-PR
564995;02/12/2023;sábado;16:35:00;SC;280;53,9;GUARAMIRIM;Pedestre cruzava a pista fora da faixa;Atropelamento de Pedestre;Com Vítimas Feridas;Pleno dia;Crescente;Céu Claro;Dupla;Reta;Sim;2;0;1;0;1;0;1;2;-26,47236756;-48,97426617;SPRF-SC;DEL03-SC;UOP03-DEL03-SC
564996;02/12/2023;sábado;17:00:00;PB;230;166,5;CAMPINA GRANDE;Acessar a via sem observar a presença dos outros veículos;Colisão frontal;Com Vítimas Feridas;Pleno dia;Crescente;Céu Claro;Simples;Curva;Sim;4;0;0;1;2;1;1;3;-7,1976;-35,955;SPRF-PB;DEL02-PB;UOP02-DEL02-PB
564997;02/12/2023;sábado;13:10:00;TO;153;395;RIO DOS BOIS;Ultrapassagem Indevida;Saída de leito carroçável;Com Vítimas Feridas;Pleno dia;Decrescente;Chuva;Simples;"Reta;Aclive                   ";Não;4;0;1;0;3;0;1;1;-9,36820327;-48,55326257;SPRF-TO;DEL02-TO;UOP02-DEL02-TO
564998;02/12/2023;sábado;17:10:00;RJ;116;191;NOVA IGUACU;Manobra de mudança de faixa;Colisão lateral mesmo sentido;Com Vítimas Feridas;Pleno dia;Crescente;Céu Claro;Dupla;Reta;Sim;2;0;1;0;1;0;1;2;-22,74421443;-43,509822;SPRF-RJ;DEL06-RJ;UOP01-DEL06-RJ
564999;02/12/2023;sábado;16:55:00;RS;116;38,1;VACARIA;Acessar a via sem observar a presença dos outros veículos;Colisão transversal;Com Vítimas Feridas;Pleno dia;Crescente;Nublado;Simples;Reta;Sim;2;0;1;0;1;0;1;2;-28,50446827;-50,92417359;SPRF-RS;DEL05-RS;UOP03-DEL05-RS
565000;02/12/2023;sábado;17:45:00;SC;101;135,5;BALNEARIO CAMBORIU;Ausência de reação do condutor;Colisão com objeto;Com Vítimas Feridas;Pleno dia;Crescente;Céu Claro;Dupla;"Reta;Ponte                    ";Sim;1;0;0;1;0;0;1;1;-27,00658322;-48,62144351;SPRF-SC;DEL04-SC;UOP03-DEL04-SC
565001;02/12/2023;sábado;17:30:00;PR;277;8,5;PARANAGUA;Demais falhas mecânicas ou elétricas;Tombamento;Com Vítimas Feridas;Pleno dia;Crescente;Sol;Dupla;"Aclive;Reta                   ";Não;2;0;2;0;0;0;2;1;-25,56464594;-48,59984636;SPRF-PR;DEL01-PR;UOP05-DEL01-PR
565002;02/12/2023;sábado;17:15:00;BA;367;80;EUNAPOLIS;Acessar a via sem observar a presença dos outros veículos;Colisão transversal;Com Vítimas Feridas;Pleno dia;Crescente;Sol;Simples;"Reta;Rotatória;Interseção de V";Não;2;0;1;0;1;0;1;2;-16,36956642;-39,54444803;SPRF-BA;DEL09-BA;UOP03-DEL09-BA
565003;02/12/2023;sábado;15:00:00;SP;153;139;PROMISSAO;Transitar no Acostamento;Queda de ocupante de veículo;Com Vítimas Feridas;Pleno dia;Decrescente;Céu Claro;Simples;Reta;Não;1;0;1;0;0;0;1;1;-21,31900204;-49,79432826;SPRF-SP;DEL07-SP;UOP01-DEL07-SP
565004;02/12/2023;sábado;16:35:00;SC;153;105;CONCORDIA;Ausência de reação do condutor;Capotamento;Com Vítimas Feridas;Pleno dia;Decrescente;Céu Claro;Simples;Curva;Não;3;0;0;3;0;0;3;1;-27,2819;-51,969429;SPRF-SC;DEL07-SC;UOP04-DEL07-SC
565005;02/12/2023;sábado;17:15:00;AP;210;2,5;MACAPA;Transitar na contramão;Colisão transversal;Com Vítimas Feridas;Pleno dia;Decrescente;Céu Claro;Dupla;Reta;Sim;2;0;0;1;1;0;1;2;0,08282017;-51,07776189;SPRF-AP;DEL01-AP;UOP01-DEL01-AP
565006;02/12/2023;sábado;17:10:00;PR;116;93,8;PIRAQUARA;Ausência de reação do condutor;Tombamento;Com Vítimas Feridas;Pleno dia;Crescente;Sol;Dupla;Reta;Sim;1;0;1;0;0;0;1;1;-25,51813867;-49,13288176;SPRF-PR;DEL01-PR;UOP07-DEL01-PR
565007;02/12/2023;sábado;18:00:00;GO;452;196;ITUMBIARA;Demais falhas mecânicas ou elétricas;Incêndio;Sem Vítimas;Pleno dia;Decrescente;Nublado;Simples;Reta;Não;1;0;0;0;1;0;0;1;-18,3606586;-49,22490312;SPRF-GO;DEL03-GO;UOP02-DEL03-GO
565008;02/12/2023;sábado;16:00:00;SC;280;238;CANOINHAS;Avarias e/ou desgaste excessivo no pneu;Queda de ocupante de veículo;Com Vítimas Feridas;Pleno dia;Crescente;Céu Claro;Simples;"Reta;Aclive                   ";Não;1;0;0;1;0;0;1;1;-26,20421445;-50,43685913;SPRF-SC;DEL06-SC;UOP04-DEL06-SC
565009;02/12/2023;sábado;14:20:00;PI;343;211;CAPITAO DE CAMPOS;Ausência de reação do condutor;Colisão com objeto;Com Vítimas Feridas;Pleno dia;Crescente;Céu Claro;Simples;Reta;Não;1;0;1;0;0;0;1;1;-4,445459;-41,922016;SPRF-PI;DEL02-PI;UOP01-DEL02-PI