id;data_inversa;dia_semana;horario;uf;br;km;municipio;causa_acidente;tipo_acidente;classificacao_acidente;fase_dia;sentido_via;condicao_metereologica;tipo_pista;tracado_via;uso_solo;pessoas;mortos;feridos_leves;feridos_graves;ilesos;ignorados;feridos;veiculos;latitude;longitude;regional;delegacia;uop
565126;03/12/2023;domingo;06:00:00;RJ;40;121;DUQUE DE CAXIAS;Condutor deixou de manter distância do veículo da frente;Colisão lateral mesmo sentido;Com Vítimas Feridas;Amanhecer;Decrescente;Céu Claro;Múltipla;Reta;Sim;2;0;1;0;1;0;1;2;-22,78185499;-43,28571273;SPRF-RJ;DEL01-RJ;UOP02-DEL01-RJ
565127;03/12/2023;domingo;06:50:00;ES;101;287,5;CARIACICA;Reação tardia ou ineficiente do condutor;Capotamento;Com Vítimas Feridas;Pleno dia;Crescente;Céu Claro;Dupla;"Reta;Declive                  ";Sim;1;0;1;0;0;0;1;1;-20,26493528;-40,38471702;SPRF-ES;DEL01-ES;UOP01-DEL01-ES
565130;03/12/2023;domingo;05:45:00;GO;153;579;PIRACANJUBA;Condutor Dormindo;Saída de leito carroçável;Com Vítimas Feridas;Pleno dia;Crescente;Céu Claro;Dupla;Curva;Não;1;0;1;0;0;0;1;1;-17,3767;-49,2382;SPRF-GO;DEL03-GO;UOP01-DEL03-GO
565131;03/12/2023;domingo;04:00:00;RN;304;30;MOSSORO;Ingestão de álcool e/ou substâncias psicoativas pelo pedestre;Colisão com objeto;Sem Vítimas;Amanhecer;Decrescente;Céu Claro;Simples;Reta;Não;2;0;0;0;2;0;0;1;-5,11703801;-37,34100094;SPRF-RN;DEL04-RN;UOP02-DEL04-RN
565138;03/12/2023;domingo;06:20:00;PR;153;8;JACAREZINHO;Velocidade Incompatível;Saída de leito carroçável;Com Vítimas Feridas;Pleno dia;Crescente;Céu Claro;Simples;Reta;Não;2;0;2;0;0;0;2;1;-23,05854894;-49,93062828;SPRF-PR;DEL07-PR;UOP04-DEL07-PR
565139;03/12/2023;domingo;07:28:00;DF;20;6;BRASILIA;Manobra de mudança de faixa;Colisão lateral mesmo sentido;Com Vítimas Feridas;Pleno dia;Crescente;Céu Claro;Múltipla;"Reta;Aclive                   ";Sim;3;0;0;1;2;0;1;2;-15,665888;-47,808308;SPRF-DF;DEL02-DF;UOP01-DEL02-DF
565140;25/11/2023;sábado;22:00:00;PA;230;1;ALTAMIRA;Ausência de reação do condutor;Queda de ocupante de veículo;Com Vítimas Feridas;Plena Noite;Decrescente;Céu Claro;Dupla;Declive;Não;1;0;1;0;0;0;1;1;-3,203721;-52,206787;SPRF-PA;DEL04-PA;UOP01-DEL04-PA
565141;03/12/2023;domingo;03:15:00;PR;277;684;SAO MIGUEL DO IGUACU;Transitar na contramão;Colisão frontal;Com Vítimas Fatais;Plena Noite;Decrescente;Céu Claro;Dupla;"Curva;Aclive                  ";Não;5;2;1;0;0;2;1;3;-25,33927;-54,200909;SPRF-PR;DEL05-PR;UOP01-DEL05-PR
565142;03/12/2023;domingo;07:40:00;PR;376;4;APUCARANA;Acessar a via sem observar a presença dos outros veículos;Colisão transversal;Com Vítimas Feridas;Pleno dia;Decrescente;Céu Claro;Simples;Reta;Sim;2;0;0;1;1;0;1;2;-23,5513;-51,461266;SPRF-PR;DEL07-PR;UOP03-DEL07-PR
565144;03/12/2023;domingo;06:25:00;PR;369;161,3;CAMBE;Ausência de reação do condutor;Colisão traseira;Com Vítimas Feridas;Amanhecer;Decrescente;Vento;Dupla;"Reta;Aclive                   ";Não;3;0;1;0;2;0;1;2;-23,28886401;-51,26199245;SPRF-PR;DEL07-PR;UOP01-DEL07-PR
565147;15/11/2023;quarta-feira;04:45:00;SC;101;277,5;IMBITUBA;Ingestão de álcool pelo condutor;Capotamento;Com Vítimas Feridas;Amanhecer;Decrescente;Nublado;Múltipla;Reta;Não;2;0;2;0;0;0;2;1;-28,15478103;-48,69265474;SPRF-SC;DEL02-SC;UOP03-DEL02-SC
565148;03/12/2023;domingo;09:15:00;SP;116;215;GUARULHOS;Reação tardia ou ineficiente do condutor;Colisão traseira;Com Vítimas Feridas;Pleno dia;Decrescente;Céu Claro;Múltipla;Reta;Sim;2;0;1;0;1;0;1;2;-23,44695693;-46,45394103;SPRF-SP;DEL01-SP;UOP01-DEL01-SP
565149;03/12/2023;domingo;05:43:00;RJ;101;295;ITABORAI;Reação tardia ou ineficiente do condutor;Colisão frontal;Com Vítimas Feridas;Pleno dia;Decrescente;Céu Claro;Simples;Reta;Não;2;0;1;0;1;0;1;1;-22,76365068;-42,90223623;SPRF-RJ;DEL02-RJ;UOP02-DEL02-RJ
565150;03/12/2023;domingo;09:00:00;RJ;40;66;PETROPOLIS;Velocidade Incompatível;Colisão traseira;Com Vítimas Feridas;Pleno dia;Crescente;Céu Claro;Dupla;Curva;Não;2;0;0;1;1;0;1;2;-22,43038811;-43,16805124;SPRF-RJ;DEL05-RJ;UOP02-DEL05-RJ
565151;03/12/2023;domingo;04:00:00;PB;361;111;ITAPORANGA;Pedestre cruzava a pista fora da faixa;Atropelamento de Pedestre;Com Vítimas Fatais;Pleno dia;Crescente;Céu Claro;Simples;Reta;Sim;2;1;0;0;0;1;0;2;-7,30036449;-38,13712122;SPRF-PB;DEL03-PB;UOP01-DEL03-PB
565152;03/12/2023;domingo;07:05:00;RR;432;199;CANTA;Manobra de mudança de faixa;Saída de leito carroçável;Com Vítimas Feridas;Pleno dia;Crescente;Céu Claro;Simples;Reta;Não;5;0;2;0;2;1;2;1;2,67803291;-60,59554924;SPRF-RR;DEL01-RR;UOP01-DEL01-RR
565153;03/12/2023;domingo;09:20:00;PR;116;22;CAMPINA GRANDE DO SUL;Ausência de reação do condutor;Saída de leito carroçável;Com Vítimas Feridas;Pleno dia;Crescente;Céu Claro;Dupla;Curva;Não;2;0;1;0;0;1;1;2;-25,10922624;-48,74659689;SPRF-PR;DEL01-PR;UOP02-DEL01-PR
565154;03/12/2023;domingo;10:10:00;ES;101;287;CARIACICA;Manobra de mudança de faixa;Colisão lateral mesmo sentido;Com Vítimas Feridas;Pleno dia;Decrescente;Sol;Dupla;Reta;Sim;2;0;1;0;1;0;1;2;-20,26493528;-40,38471702;SPRF-ES;DEL01-ES;UOP01-DEL01-ES
565155;03/12/2023;domingo;09:55:00;SC;101;132,2;BALNEARIO CAMBORIU;Conversão proibida;Colisão transversal;Com Vítimas Feridas;Pleno dia;Crescente;Nublado;Múltipla;Interseção de Vias;Não;2;0;1;0;1;0;1;2;-26,99862994;-48,64932775;SPRF-SC;DEL04-SC;UOP03-DEL04-SC
565156;03/12/2023;domingo;10:05:00;ES;262;46,4;MARECHAL FLORIANO;Transitar na contramão;Colisão frontal;Com Vítimas Feridas;Pleno dia;Crescente;Sol;Múltipla;Reta;Sim;2;0;0;1;1;0;1;2;-20,40565705;-40,67280081;SPRF-ES;DEL01-ES;UOP01-DEL01-ES
565158;03/12/2023;domingo;10:00:00;MG;40;553;NOVA LIMA;Acessar a via sem observar a presença dos outros veículos;Colisão traseira;Com Vítimas Feridas;Pleno dia;Crescente;Céu Claro;Dupla;Curva;Sim;2;0;1;0;1;0;1;2;-20,06863326;-43,98194759;SPRF-MG;DEL01-MG;UOP02-DEL01-MG
565162;26/11/2023;domingo;15:30:00;MS;163;283;DOURADOS;Ausência de reação do condutor;Colisão traseira;Sem Vítimas;Pleno dia;Decrescente;Nublado;Simples;Reta;Não;3;0;0;0;3;0;0;2;-22,12044992;-54,59725206;SPRF-MS;DEL04-MS;UOP01-DEL04-MS
565163;03/12/2023;domingo;10:15:00;RS;116;37,8;VACARIA;Acessar a via sem observar a presença dos outros veículos;Colisão transversal;Com Vítimas Feridas;Pleno dia;Crescente;Céu Claro;Simples;Rotatória;Sim;3;0;2;0;1;0;2;2;-28,49871957;-50,9176864;SPRF-RS;DEL05-RS;UOP03-DEL05-RS
565164;03/12/2023;domingo;10:40:00;MG;40;486;SETE LAGOAS;Animais na Pista;Tombamento;Com Vítimas Feridas;Pleno dia;Decrescente;Céu Claro;Dupla;Reta;Não;1;0;1;0;0;0;1;1;-19,59064511;-44,22670625;SPRF-MG;DEL02-MG;UOP01-DEL02-MG
565166;03/12/2023;domingo;11:00:00;ES;262;41,6;DOMINGOS MARTINS;Reação tardia ou ineficiente do condutor;Queda de ocupante de veículo;Com Vítimas Feridas;Pleno dia;Decrescente;Céu Claro;Simples;"Curva;Declive                 ";Não;1;0;1;0;0;0;1;1;-20,38521335;-40,64485887;SPRF-ES;DEL01-ES;UOP01-DEL01-ES
565167;03/12/2023;domingo;10:55:00;SP;116;72,4;APARECIDA;Manobra de mudança de faixa;Colisão lateral mesmo sentido;Com Vítimas Feridas;Pleno dia;Decrescente;Céu Claro;Dupla;"Aclive;Curva                  ";Não;5;0;4;0;1;0;4;3;-22,86354218;-45,23746093;SPRF-SP;DEL08-SP;UOP01-DEL08-SP
565168;03/12/2023;domingo;11:10:00;SC;101;327,1;CAPIVARI DE BAIXO;Desrespeitar a preferência no cruzamento;Colisão transversal;Com Vítimas Feridas;Pleno dia;Decrescente;Céu Claro;Simples;Interseção de Vias;Não;3;0;1;0;2;0;1;2;-28,43023306;-48,95205197;SPRF-SC;DEL02-SC;UOP01-DEL02-SC
565169;03/12/2023;domingo;10:40:00;GO;40;61,3;CRISTALINA;Condutor deixou de manter distância do veículo da frente;Colisão traseira;Com Vítimas Feridas;Pleno dia;Crescente;Nublado;Simples;"Reta;Declive                  ";Não;9;0;4;0;5;0;4;2;-16,56874489;-47,79155731;SPRF-DF;DEL01-DF;UOP02-DEL01-DF
565170;03/12/2023;domingo;11:20:00;RS;290;688,5;URUGUAIANA;Velocidade Incompatível;Saída de leito carroçável;Com Vítimas Feridas;Pleno dia;Crescente;Chuva;Simples;Reta;Não;4;0;2;0;2;0;2;1;-29,879225;-56,771877;SPRF-RS;DEL13-RS;UOP01-DEL13-RS
565171;03/12/2023;domingo;11:40:00;SC;470;173;POUSO REDONDO;Conversão proibida;Colisão transversal;Com Vítimas Feridas;Pleno dia;Decrescente;Céu Claro;Dupla;Reta;Sim;2;0;1;0;1;0;1;2;-27,25984;-49,919285;SPRF-SC;DEL04-SC;UOP02-DEL04-SC
565174;03/12/2023;domingo;11:40:00;PR;376;101;PARANAVAI;Acessar a via sem observar a presença dos outros veículos;Colisão transversal;Sem Vítimas;Pleno dia;Decrescente;Céu Claro;Simples;Reta;Não;3;0;0;0;3;0;0;2;-23,04143749;-52,47358046;SPRF-PR;DEL09-PR;UOP02-DEL09-PR
565175;03/12/2023;domingo;12:10:00;PR;277;10;PARANAGUA;Reação tardia ou ineficiente do condutor;Tombamento;Com Vítimas Feridas;Pleno dia;Crescente;Nublado;Dupla;Viaduto;Não;2;0;2;0;0;0;2;1;-25,568198;-48,615292;SPRF-PR;DEL01-PR;UOP05-DEL01-PR
565176;03/12/2023;domingo;10:30:00;MG;116;805,3;ALEM PARAIBA;Reação tardia ou ineficiente do condutor;Tombamento;Com Vítimas Feridas;Pleno dia;Decrescente;Nublado;Simples;Reta;Não;2;0;2;0;0;0;2;1;-21,79939622;-42,70870435;SPRF-MG;DEL07-MG;UOP01-DEL07-MG
565178;03/12/2023;domingo;11:50:00;MG;381;634,2;OLIVEIRA;Condutor Dormindo;Saída de leito carroçável;Com Vítimas Feridas;Pleno dia;Decrescente;Sol;Dupla;Reta;Não;3;0;1;0;2;0;1;1;-20,87602422;-44,84695195;SPRF-MG;DEL04-MG;UOP01-DEL04-MG
565180;03/12/2023;domingo;10:47:00;GO;153;200;URUACU;Acessar a via sem observar a presença dos outros veículos;Colisão traseira;Sem Vítimas;Pleno dia;Crescente;Nublado;Simples;"Rotatória;Interseção de Vias  ";Sim;3;0;0;0;3;0;0;2;-14,513057;-49,149277;SPRF-GO;DEL07-GO;UOP02-DEL07-GO
565181;03/12/2023;domingo;11:30:00;RS;290;475,4;ROSARIO DO SUL;Acessar a via sem observar a presença dos outros veículos;Colisão transversal;Com Vítimas Feridas;Pleno dia;Crescente;Nublado;Dupla;"Reta;Interseção de Vias       ";Não;4;0;0;1;2;1;1;3;-30,239809;-54,86842;SPRF-RS;DEL11-RS;UOP02-DEL11-RS
565182;03/12/2023;domingo;09:35:00;PR;277;145;PORTO AMAZONAS;Acessar a via sem observar a presença dos outros veículos;Colisão frontal;Com Vítimas Feridas;Pleno dia;Crescente;Sol;Simples;Curva;Não;4;0;1;1;1;1;2;3;-25,469798;-49,777049;SPRF-PR;DEL03-PR;UOP03-DEL03-PR
565184;03/12/2023;domingo;12:00:00;BA;116;652;JEQUIE;Acessar a via sem observar a presença dos outros veículos;Colisão transversal;Com Vítimas Feridas;Pleno dia;Crescente;Céu Claro;Simples;Interseção de Vias;Não;2;0;1;0;1;0;1;2;-13,62855903;-40,09262869;SPRF-BA;DEL03-BA;UOP01-DEL03-BA
565185;03/12/2023;domingo;12:00:00;ES;262;27;VIANA;Mal súbito do condutor;Tombamento;Com Vítimas Feridas;Pleno dia;Decrescente;Céu Claro;Simples;Curva;Não;1;0;1;0;0;0;1;1;-20,38398959;-40,55226465;SPRF-ES;DEL01-ES;UOP01-DEL01-ES
565186;03/12/2023;domingo;12:20:00;ES;259;47,1;COLATINA;Condutor deixou de manter distância do veículo da frente;Colisão traseira;Com Vítimas Feridas;Pleno dia;Crescente;Sol;Simples;Curva;Não;2;0;1;0;1;0;1;2;-19,52869806;-40,58823006;SPRF-ES;DEL02-ES;UOP01-DEL02-ES
565187;03/12/2023;domingo;12:50:00;PE;408;85;PAUDALHO;Condutor Dormindo;Capotamento;Com Vítimas Feridas;Pleno dia;Decrescente;Céu Claro;Múltipla;Reta;Não;3;0;1;0;2;0;1;1;-7,95430093;-35,10252793;SPRF-PE;DEL01-PE;UOP01-DEL01-PE
565188;03/12/2023;domingo;10:30:00;MG;40;559;NOVA LIMA;Condutor deixou de manter distância do veículo da frente;Engavetamento;Com Vítimas Feridas;Pleno dia;Crescente;Nublado;Dupla;"Reta;Declive                  ";Sim;5;0;2;0;3;0;2;3;-20,11861708;-43,96783926;SPRF-MG;DEL01-MG;UOP02-DEL01-MG
565189;03/12/2023;domingo;05:00:00;PI;135;511;GILBUES;Ausência de reação do condutor;Saída de leito carroçável;Com Vítimas Fatais;Pleno dia;Crescente;Céu Claro;Simples;"Curva;Declive                 ";Não;1;1;0;0;0;0;0;1;-9,80068508;-45,32791265;SPRF-PI;DEL03-PI;UOP02-DEL03-PI
565192;03/12/2023;domingo;10:00:00;PR;373;271;PRUDENTOPOLIS;Ingestão de álcool pelo condutor;Saída de leito carroçável;Sem Vítimas;Pleno dia;Decrescente;Céu Claro;Simples;Reta;Não;1;0;0;0;0;1;0;1;-25,22218018;-51,02471352;SPRF-PR;DEL08-PR;UOP01-DEL08-PR
565193;03/12/2023;domingo;11:30:00;BA;135;165;BARREIRAS;Acostamento em desnível;Saída de leito carroçável;Com Vítimas Feridas;Pleno dia;Crescente;Céu Claro;Simples;Reta;Não;1;0;1;0;0;0;1;1;-12,04796112;-44,9630617;SPRF-BA;DEL08-BA;UOP04-DEL08-BA
565194;03/12/2023;domingo;07:00:00;PI;135;557;SAO GONCALO DO GURGUEIA;Reação tardia ou ineficiente do condutor;Capotamento;Com Vítimas Feridas;Pleno dia;Crescente;Céu Claro;Simples;"Curva;Declive                 ";Sim;2;0;1;1;0;0;2;1;-10,14559434;-45,19422894;SPRF-PI;DEL03-PI;UOP02-DEL03-PI
565195;03/12/2023;domingo;13:30:00;RJ;393;236;VASSOURAS;Ultrapassagem Indevida;Colisão lateral mesmo sentido;Com Vítimas Feridas;Pleno dia;Crescente;Sol;Simples;Reta;Não;2;0;2;0;0;0;2;1;-22,414053;-43,676039;SPRF-RJ;DEL05-RJ;UOP03-DEL05-RJ
565196;03/12/2023;domingo;13:00:00;PR;376;266,1;MARILANDIA DO SUL;Velocidade Incompatível;Colisão com objeto;Com Vítimas Feridas;Pleno dia;Decrescente;Nublado;Dupla;"Declive;Viaduto               ";Não;2;0;2;0;0;0;2;1;-23,73390825;-51,28327917;SPRF-PR;DEL07-PR;UOP03-DEL07-PR
565199;03/12/2023;domingo;13:50:00;GO;153;522;HIDROLANDIA;Demais falhas mecânicas ou elétricas;Saída de leito carroçável;Com Vítimas Feridas;Pleno dia;Crescente;Céu Claro;Dupla;Reta;Não;2;0;2;0;0;0;2;1;-16,9027;-49,2546;SPRF-GO;DEL01-GO;UOP03-DEL01-GO
565200;03/12/2023;domingo;13:00:00;PE;232;43,4;VITORIA DE SANTO ANTAO;Velocidade Incompatível;Colisão traseira;Com Vítimas Feridas;Pleno dia;Decrescente;Céu Claro;Dupla;"Reta;Viaduto                  ";Não;4;0;2;0;2;0;2;3;-8,12026;-35,265373;SPRF-PE;DEL01-PE;UOP01-DEL01-PE
565201;03/12/2023;domingo;12:15:00;RJ;116;309,9;RESENDE;Demais falhas mecânicas ou elétricas;Queda de ocupante de veículo;Com Vítimas Feridas;Pleno dia;Crescente;Céu Claro;Dupla;Reta;Sim;2;0;2;0;0;0;2;1;-22,45852838;-44,42672997;SPRF-RJ;DEL07-RJ;UOP02-DEL07-RJ
565202;03/12/2023;domingo;12:30:00;GO;153;626;MORRINHOS;Reação tardia ou ineficiente do condutor;Saída de leito carroçável;Com Vítimas Feridas;Pleno dia;Crescente;Céu Claro;Dupla;"Reta;Declive                  ";Não;2;0;2;0;0;0;2;1;-17,7719;-49,1732;SPRF-GO;DEL03-GO;UOP01-DEL03-GO
565203;01/11/2023;quarta-feira;15:00:00;BA;324;519;FEIRA DE SANTANA;Reação tardia ou ineficiente do condutor;Colisão lateral mesmo sentido;Com Vítimas Feridas;Pleno dia;Decrescente;Céu Claro;Simples;Reta;Sim;2;0;0;1;1;0;1;2;-12,26687642;-38,93349875;SPRF-BA;DEL02-BA;UOP01-DEL02-BA
565204;03/12/2023;domingo;10:00:00;MG;381;523,2;BRUMADINHO;Condutor deixou de manter distância do veículo da frente;Colisão traseira;Com Vítimas Fatais;Pleno dia;Crescente;Sol;Dupla;"Reta;Declive                  ";Não;3;1;0;0;1;1;0;3;-20,1530682;-44,32617552;SPRF-MG;DEL04-MG;UOP03-DEL04-MG
565205;03/12/2023;domingo;13:00:00;ES;259;49,9;COLATINA;Conversão proibida;Colisão lateral mesmo sentido;Com Vítimas Feridas;Pleno dia;Crescente;Céu Claro;Simples;Curva;Sim;2;0;0;1;1;0;1;2;-19,51873313;-40,60040662;SPRF-ES;DEL02-ES;UOP01-DEL02-ES
565206;03/12/2023;domingo;14:00:00;RN;406;168,9;SAO GONCALO DO AMARANTE;Demais falhas mecânicas ou elétricas;Incêndio;Sem Vítimas;Pleno dia;Crescente;Sol;Dupla;Reta;Sim;1;0;0;0;1;0;0;1;-5,75269453;-35,31535484;SPRF-RN;DEL02-RN;UOP01-DEL02-RN
565207;03/12/2023;domingo;13:00:00;RJ;101;477;ANGRA DOS REIS;Avarias e/ou desgaste excessivo no pneu;Tombamento;Com Vítimas Feridas;Pleno dia;Decrescente;Céu Claro;Simples;Reta;Sim;1;0;1;0;0;0;1;1;-22,99820396;-44,26554599;SPRF-RJ;DEL03-RJ;UOP03-DEL03-RJ
565208;03/12/2023;domingo;14:20:00;GO;60;130,4;GOIANAPOLIS;Demais falhas mecânicas ou elétricas;Incêndio;Sem Vítimas;Pleno dia;Crescente;Sol;Dupla;Reta;Não;2;0;0;0;2;0;0;1;-16,5675;-49,1554;SPRF-GO;DEL01-GO;UOP01-DEL01-GO
565209;03/12/2023;domingo;14:50:00;SC;101;195;BIGUACU;Manobra de mudança de faixa;Colisão lateral mesmo sentido;Com Vítimas Feridas;Pleno dia;Decrescente;Céu Claro;Múltipla;Reta;Sim;3;0;3;0;0;0;3;2;-27,5047092;-48,65010819;SPRF-SC;DEL01-SC;UOP01-DEL01-SC
565211;03/12/2023;domingo;14:40:00;MG;50;142;UBERABA;Reação tardia ou ineficiente do condutor;Saída de leito carroçável;Com Vítimas Feridas;Pleno dia;Decrescente;Chuva;Dupla;"Reta;Declive                  ";Não;1;0;1;0;0;0;1;1;-19,49393401;-48,04798403;SPRF-MG;DEL13-MG;UOP01-DEL13-MG
565212;03/12/2023;domingo;14:40:00;SP;101;46;UBATUBA;Reação tardia ou ineficiente do condutor;Colisão traseira;Com Vítimas Feridas;Pleno dia;Decrescente;Céu Claro;Simples;Reta;Sim;2;0;1;0;0;1;1;2;-23,42403383;-45,07492113;SPRF-SP;DEL06-SP;UOP01-DEL06-SP
565215;03/12/2023;domingo;15:12:00;RJ;40;109;DUQUE DE CAXIAS;Acumulo de areia ou detritos sobre o pavimento;Queda de ocupante de veículo;Com Vítimas Feridas;Pleno dia;Decrescente;Céu Claro;Múltipla;Curva;Sim;1;0;1;0;0;0;1;1;-22,67374628;-43,28638368;SPRF-RJ;DEL01-RJ;UOP02-DEL01-RJ
565216;03/12/2023;domingo;14:00:00;PR;277;436,1;VIRMOND;Reação tardia ou ineficiente do condutor;Saída de leito carroçável;Com Vítimas Feridas;Pleno dia;Decrescente;Céu Claro;Simples;Curva;Não;1;0;1;0;0;0;1;1;-25,37374294;-52,22093399;SPRF-PR;DEL04-PR;UOP02-DEL04-PR
565217;03/12/2023;domingo;15:40:00;SC;101;142;ITAPEMA;Velocidade Incompatível;Colisão traseira;Com Vítimas Feridas;Pleno dia;Decrescente;Nublado;Dupla;"Curva;Interseção de Vias      ";Não;5;0;2;0;3;0;2;4;-27,056089;-48,599449;SPRF-SC;DEL04-SC;UOP03-DEL04-SC
565218;03/12/2023;domingo;16:10:00;SP;101;49;UBATUBA;Reação tardia ou ineficiente do condutor;Queda de ocupante de veículo;Com Vítimas Feridas;Pleno dia;Crescente;Nublado;Simples;Reta;Sim;1;0;1;0;0;0;1;1;-23,44410908;-45,08375708;SPRF-SP;DEL06-SP;UOP01-DEL06-SP
565219;03/12/2023;domingo;11:50:00;RJ;101;385;RIO DE JANEIRO;Reação tardia ou ineficiente do condutor;Queda de ocupante de veículo;Com Vítimas Feridas;Pleno dia;Decrescente;Sol;Dupla;Reta;Sim;1;0;1;0;0;0;1;1;-22,88064129;-43,63218994;SPRF-RJ;DEL03-RJ;UOP01-DEL03-RJ
565220;03/12/2023;domingo;16:00:00;PR;277;144;PORTO AMAZONAS;Acessar a via sem observar a presença dos outros veículos;Colisão transversal;Com Vítimas Feridas;Pleno dia;Crescente;Céu Claro;Simples;Reta;Não;7;0;5;0;2;0;5;2;-25,469016;-49,7724;SPRF-PR;DEL03-PR;UOP03-DEL03-PR
565221;03/12/2023;domingo;16:10:00;RJ;393;114;SAPUCAIA;Curva acentuada;Tombamento;Com Vítimas Feridas;Pleno dia;Decrescente;Céu Claro;Simples;Curva;Não;2;0;2;0;0;0;2;1;-21,90846963;-42,73541595;SPRF-RJ;DEL05-RJ;UOP01-DEL05-RJ
565222;03/12/2023;domingo;16:00:00;SP;116;225;GUARULHOS;Velocidade Incompatível;Colisão traseira;Com Vítimas Feridas;Pleno dia;Crescente;Nublado;Múltipla;Aclive;Sim;2;0;1;0;1;0;1;2;-23,48586772;-46,54075317;SPRF-SP;DEL01-SP;UOP01-DEL01-SP
565224;03/12/2023;domingo;13:45:00;RJ;101;415;ITAGUAI;Ausência de reação do condutor;Tombamento;Com Vítimas Feridas;Pleno dia;Decrescente;Céu Claro;Dupla;Reta;Não;2;0;1;1;0;0;2;1;-22,90433243;-43,88181398;SPRF-RJ;DEL03-RJ;UOP01-DEL03-RJ
565225;03/12/2023;domingo;16:00:00;SP;116;153;SAO JOSE DOS CAMPOS;Velocidade Incompatível;Colisão lateral mesmo sentido;Com Vítimas Feridas;Pleno dia;Decrescente;Sol;Dupla;Reta;Sim;2;0;1;0;1;0;1;2;-23,23262274;-45,91372624;SPRF-SP;DEL02-SP;UOP01-DEL02-SP
565226;03/12/2023;domingo;16:20:00;PR;277;57;SAO JOSE DOS PINHAIS;Ausência de reação do condutor;Tombamento;Com Vítimas Feridas;Pleno dia;Crescente;Céu Claro;Dupla;Reta;Não;1;0;1;0;0;0;1;1;-25,58123713;-48,96273806;SPRF-PR;DEL01-PR;UOP01-DEL01-PR
565227;28/10/2023;sábado;21:00:00;ES;262;157,5;IBATIBA;Transitar na contramão;Colisão frontal;Com Vítimas Feridas;Plena Noite;Crescente;Nublado;Simples;Reta;Sim;2;0;2;0;0;0;2;2;-20,23102878;-41,48810903;SPRF-ES;DEL01-ES;UOP02-DEL01-ES
565228;03/12/2023;domingo;16:20:00;SC;101;88;BARRA VELHA;Transitar na contramão;Colisão transversal;Sem Vítimas;Pleno dia;Decrescente;Céu Claro;Dupla;Viaduto;Sim;2;0;0;0;1;1;0;2;-26,64253985;-48,68950684;SPRF-SC;DEL03-SC;UOP02-DEL03-SC
565229;03/12/2023;domingo;15:40:00;RN;226;248,8;JUCURUTU;Ingestão de álcool pelo condutor;Colisão traseira;Com Vítimas Fatais;Pleno dia;Decrescente;Céu Claro;Simples;"Reta;Declive                  ";Não;3;2;1;0;0;0;1;2;-6,01172875;-37,03615129;SPRF-RN;DEL03-RN;UOP01-DEL03-RN
565231;03/12/2023;domingo;16:35:00;PR;NA;NA;SAO JOSE DOS PINHAIS;Manobra de mudança de faixa;Saída de leito carroçável;Com Vítimas Feridas;Pleno dia;Não Informado;Céu Claro;Dupla;Reta;Sim;2;0;2;0;0;0;2;1;-25,52566152;-49,09629643;SPRF-PR;DEL01-PR;UOP01-DEL01-PR
565233;03/12/2023;domingo;17:25:00;SC;101;72,1;ARAQUARI;Ausência de reação do condutor;Colisão traseira;Com Vítimas Feridas;Pleno dia;Decrescente;Nublado;Múltipla;Reta;Sim;4;0;1;0;0;3;1;4;-26,52700004;-48,71551117;SPRF-SC;DEL03-SC;UOP02-DEL03-SC
565235;03/12/2023;domingo;17:20:00;RS;158;321;SANTA MARIA;Pista Escorregadia;Colisão com objeto;Com Vítimas Feridas;Pleno dia;Decrescente;Chuva;Dupla;"Reta;Declive                  ";Sim;3;0;1;1;0;1;2;2;-29,69545704;-53,78094662;SPRF-RS;DEL09-RS;UOP01-DEL09-RS
565237;03/12/2023;domingo;17:30:00;BA;116;16;VITORIA DA CONQUISTA;Acessar a via sem observar a presença dos outros veículos;Colisão transversal;Com Vítimas Feridas;Anoitecer;Crescente;Céu Claro;Simples;Interseção de Vias;Sim;3;0;2;0;1;0;2;2;-14,902388;-40,844245;SPRF-BA;DEL08-BA;UOP01-DEL08-BA
565238;03/12/2023;domingo;17:45:00;SC;101;201;BIGUACU;Entrada inopinada do pedestre;Atropelamento de Pedestre;Com Vítimas Feridas;Anoitecer;Crescente;Garoa/Chuvisco;Múltipla;Reta;Não;2;0;1;0;1;0;1;2;-27,54836599;-48,61977975;SPRF-SC;DEL01-SC;UOP01-DEL01-SC
565239;03/12/2023;domingo;18:00:00;PR;277;39;MORRETES;Condutor deixou de manter distância do veículo da frente;Colisão traseira;Com Vítimas Feridas;Plena Noite;Crescente;Garoa/Chuvisco;Múltipla;Reta;Não;2;0;1;0;1;0;1;2;-25,571233;-48,817137;SPRF-PR;DEL01-PR;UOP05-DEL01-PR
565240;03/12/2023;domingo;17:50:00;AL;104;30,5;UNIAO DOS PALMARES;Reação tardia ou ineficiente do condutor;Colisão frontal;Com Vítimas Feridas;Anoitecer;Decrescente;Céu Claro;Simples;Reta;Não;2;0;0;1;1;0;1;2;-9,12603274;-36,03386675;SPRF-AL;DEL01-AL;UOP02-DEL01-AL