id;data_inversa;dia_semana;horario;uf;br;km;municipio;causa_acidente;tipo_acidente;classificacao_acidente;fase_dia;sentido_via;condicao_metereologica;tipo_pista;tracado_via;uso_solo;pessoas;mortos;feridos_leves;feridos_graves;ilesos;ignorados;feridos;veiculos;latitude;longitude;regional;delegacia;uop
565476;04/12/2023;segunda-feira;17:20:00;SE;235;0,2;ARACAJU;Manobra de mudança de faixa;Colisão traseira;Com Vítimas Feridas;Plena Noite;Crescente;Céu Claro;Dupla;Reta;Sim;2;0;1;0;1;0;1;2;-10,9087;-37,0855;SPRF-SE;DEL01-SE;UOP01-DEL01-SE
565477;04/12/2023;segunda-feira;17:00:00;MG;381;799;SAO GONCALO DO SAPUCAI;Ausência de reação do condutor;Saída de leito carroçável;Com Vítimas Feridas;Pleno dia;Decrescente;Chuva;Dupla;Reta;Não;2;0;1;0;1;0;1;1;-21,97237106;-45,63123585;SPRF-MG;DEL16-MG;UOP02-DEL16-MG
565478;04/12/2023;segunda-feira;14:38:00;MT;163;9,3;ITIQUIRA;Chuva;Capotamento;Com Vítimas Feridas;Pleno dia;Crescente;Chuva;Dupla;Reta;Não;2;0;1;0;1;0;1;1;-17,43965802;-54,74570613;SPRF-MT;DEL02-MT;UOP03-DEL02-MT
565480;04/12/2023;segunda-feira;16:40:00;AP;210;31;MACAPA;Velocidade Incompatível;Saída de leito carroçável;Com Vítimas Feridas;Pleno dia;Crescente;Chuva;Simples;Reta;Não;4;0;2;0;2;0;2;1;0,285809;-51,082493;SPRF-AP;DEL01-AP;UOP01-DEL01-AP
565481;04/12/2023;segunda-feira;15:50:00;MT;163;766,9;SORRISO;Ausência de reação do condutor;Engavetamento;Com Vítimas Feridas;Pleno dia;Decrescente;Nublado;Simples;"Reta;Em Obras                 ";Não;5;0;1;0;4;0;1;3;-12,44085115;-55,65347672;SPRF-MT;DEL06-MT;UOP01-DEL06-MT
565482;04/12/2023;segunda-feira;16:25:00;RS;NA;NA;PORTO ALEGRE;Pista Escorregadia;Colisão com objeto;Sem Vítimas;Pleno dia;Não Informado;Chuva;Dupla;Reta;Sim;4;0;0;0;4;0;0;2;-29,99119443;-51,19098609;SPRF-RS;DEL01-RS;UOP01-DEL01-RS
565483;04/12/2023;segunda-feira;17:55:00;RJ;40;113;DUQUE DE CAXIAS;Ausência de reação do condutor;Queda de ocupante de veículo;Com Vítimas Feridas;Pleno dia;Decrescente;Céu Claro;Dupla;Reta;Não;1;0;1;0;0;0;1;1;-22,70948502;-43,29040354;SPRF-RJ;DEL01-RJ;UOP02-DEL01-RJ
565484;04/12/2023;segunda-feira;17:10:00;BA;116;25,7;VITORIA DA CONQUISTA;Acessar a via sem observar a presença dos outros veículos;Colisão transversal;Com Vítimas Feridas;Pleno dia;Decrescente;Céu Claro;Simples;Declive;Sim;2;0;1;0;1;0;1;2;-14,85288;-40,8005;SPRF-BA;DEL08-BA;UOP01-DEL08-BA
565485;04/12/2023;segunda-feira;07:35:00;PB;230;27,4;JOAO PESSOA;Ingestão de álcool e/ou substâncias psicoativas pelo pedestre;Atropelamento de Pedestre;Com Vítimas Feridas;Pleno dia;Crescente;Céu Claro;Dupla;Reta;Sim;2;0;1;0;1;0;1;2;-7,1677;-34,8855;SPRF-PB;DEL01-PB;UOP01-DEL01-PB
565486;04/12/2023;segunda-feira;16:10:00;PE;101;50;ABREU E LIMA;Reação tardia ou ineficiente do condutor;Colisão transversal;Com Vítimas Feridas;Pleno dia;Decrescente;Sol;Simples;"Reta;Interseção de Vias       ";Sim;3;0;1;0;1;1;1;2;-7,90938602;-34,90123228;SPRF-PE;DEL01-PE;UOP02-DEL01-PE
565487;04/12/2023;segunda-feira;18:00:00;PR;116;123;CURITIBA;Ausência de reação do condutor;Colisão traseira;Com Vítimas Feridas;Pleno dia;Decrescente;Sol;Dupla;Reta;Não;2;0;0;1;1;0;1;2;-25,57736002;-49,31243589;SPRF-PR;DEL01-PR;UOP03-DEL01-PR
565488;04/12/2023;segunda-feira;18:00:00;CE;116;8,2;FORTALEZA;Ausência de reação do condutor;Tombamento;Com Vítimas Feridas;Plena Noite;Crescente;Céu Claro;Dupla;Reta;Sim;1;0;1;0;0;0;1;1;-3,8192799;-38,50268337;SPRF-CE;DEL01-CE;UOP02-DEL01-CE
565490;04/12/2023;segunda-feira;18:00:00;MG;40;510;RIBEIRAO DAS NEVES;Pedestre cruzava a pista fora da faixa;Atropelamento de Pedestre;Com Vítimas Feridas;Anoitecer;Decrescente;Céu Claro;Dupla;Reta;Sim;2;0;0;1;1;0;1;2;-19,77607298;-44,12281036;SPRF-MG;DEL01-MG;UOP02-DEL01-MG
565491;04/12/2023;segunda-feira;18:05:00;SC;280;67,9;JARAGUA DO SUL;Conversão proibida;Colisão transversal;Com Vítimas Feridas;Pleno dia;Crescente;Nublado;Simples;Reta;Sim;3;0;2;0;1;0;2;2;-26,47606607;-49,09568797;SPRF-SC;DEL03-SC;UOP03-DEL03-SC
565493;04/12/2023;segunda-feira;18:16:00;SC;101;217,9;PALHOCA;Manobra de mudança de faixa;Colisão transversal;Com Vítimas Feridas;Anoitecer;Crescente;Nublado;Múltipla;Reta;Sim;2;0;0;1;1;0;1;2;-27,66779034;-48,67393586;SPRF-SC;DEL01-SC;UOP02-DEL01-SC
565494;04/12/2023;segunda-feira;15:20:00;MG;50;199,8;DELTA;Demais falhas mecânicas ou elétricas;Incêndio;Sem Vítimas;Pleno dia;Crescente;Garoa/Chuvisco;Dupla;Reta;Não;1;0;0;0;1;0;0;1;-19,929541;-47,820058;SPRF-MG;DEL13-MG;UOP01-DEL13-MG
565496;04/12/2023;segunda-feira;18:20:00;MG;365;623;UBERLANDIA;Velocidade Incompatível;Colisão traseira;Com Vítimas Feridas;Anoitecer;Crescente;Chuva;Dupla;Reta;Sim;2;0;1;0;1;0;1;2;-18,90409408;-48,2846117;SPRF-MG;DEL15-MG;UOP01-DEL15-MG
565497;04/12/2023;segunda-feira;18:45:00;PE;232;9;RECIFE;Frear bruscamente;Colisão traseira;Com Vítimas Feridas;Anoitecer;Crescente;Nublado;Múltipla;"Reta;Declive;Viaduto          ";Sim;4;0;1;0;3;0;1;3;-8,07764447;-34,97863609;SPRF-PE;DEL01-PE;UOP01-DEL01-PE
565498;14/11/2023;terça-feira;19:00:00;BA;324;608;SIMOES FILHO;Reação tardia ou ineficiente do condutor;Colisão traseira;Sem Vítimas;Anoitecer;Crescente;Nublado;Dupla;Reta;Não;2;0;0;0;2;0;0;2;-12,81182914;-38,40478762;SPRF-BA;DEL01-BA;UOP01-DEL01-BA
565499;04/12/2023;segunda-feira;17:00:00;PR;369;183;ARAPONGAS;Acessar a via sem observar a presença dos outros veículos;Queda de ocupante de veículo;Com Vítimas Feridas;Pleno dia;Crescente;Nublado;Simples;Reta;Sim;2;0;0;1;0;1;1;2;-23,39403901;-51,42387986;SPRF-PR;DEL07-PR;UOP03-DEL07-PR
565501;04/12/2023;segunda-feira;18:20:00;MG;40;509;RIBEIRAO DAS NEVES;Reação tardia ou ineficiente do condutor;Colisão lateral mesmo sentido;Com Vítimas Feridas;Anoitecer;Decrescente;Nublado;Dupla;"Reta;Declive                  ";Não;2;0;1;0;1;0;1;2;-19,76728744;-44,12855905;SPRF-MG;DEL01-MG;UOP02-DEL01-MG
565505;04/12/2023;segunda-feira;18:40:00;CE;116;41,4;HORIZONTE;Desrespeitar a preferência no cruzamento;Colisão lateral mesmo sentido;Com Vítimas Feridas;Plena Noite;Crescente;Céu Claro;Dupla;Reta;Não;2;0;0;1;0;1;1;2;-4,10502691;-38,49790692;SPRF-CE;DEL01-CE;UOP02-DEL01-CE
565506;04/12/2023;segunda-feira;18:05:00;RJ;356;184;SAO JOAO DA BARRA;Transitar na contramão;Colisão transversal;Com Vítimas Feridas;Anoitecer;Decrescente;Céu Claro;Simples;"Interseção de Vias;Curva      ";Sim;4;0;2;1;1;0;3;2;-21,63571996;-41,04558102;SPRF-RJ;DEL08-RJ;UOP02-DEL08-RJ
565508;03/12/2023;domingo;23:40:00;PR;153;400;MALLET;Reação tardia ou ineficiente do condutor;Saída de leito carroçável;Com Vítimas Feridas;Plena Noite;Decrescente;Garoa/Chuvisco;Simples;Curva;Não;2;0;2;0;0;0;2;1;-25,95982189;-50,84335012;SPRF-PR;DEL08-PR;UOP02-DEL08-PR
565509;04/12/2023;segunda-feira;15:35:00;BA;407;140;SENHOR DO BONFIM;Desrespeitar a preferência no cruzamento;Colisão transversal;Com Vítimas Feridas;Pleno dia;Decrescente;Céu Claro;Simples;"Reta;Interseção de Vias;Decliv";Não;2;0;1;0;1;0;1;2;-10,56901002;-40,13551917;SPRF-BA;DEL04-BA;UOP01-DEL04-BA
565510;03/12/2023;domingo;22:00:00;MG;262;508;LUZ;Ingestão de álcool pelo condutor;Saída de leito carroçável;Sem Vítimas;Plena Noite;Crescente;Vento;Simples;Reta;Não;1;0;0;0;1;0;0;1;-19,77025936;-45,51078303;SPRF-MG;DEL08-MG;UOP03-DEL08-MG
565511;30/11/2023;quinta-feira;19:30:00;SC;101;127;BALNEARIO CAMBORIU;Acessar a via sem observar a presença dos outros veículos;Tombamento;Com Vítimas Feridas;Plena Noite;Crescente;Céu Claro;Dupla;Reta;Não;2;0;1;0;1;0;1;1;-26,9639319;-48,68328024;SPRF-SC;DEL04-SC;UOP04-DEL04-SC
565512;04/12/2023;segunda-feira;17:00:00;PB;104;131,8;QUEIMADAS;Acessar a via sem observar a presença dos outros veículos;Colisão transversal;Com Vítimas Fatais;Anoitecer;Decrescente;Nublado;Simples;Reta;Não;3;1;1;0;0;1;1;2;-7,29900408;-35,89187256;SPRF-PB;DEL02-PB;UOP03-DEL02-PB
565513;04/12/2023;segunda-feira;19:40:00;MG;381;480;BETIM;Objeto estático sobre o leito carroçável;Tombamento;Com Vítimas Feridas;Plena Noite;Decrescente;Céu Claro;Múltipla;"Reta;Declive                  ";Sim;1;0;1;0;0;0;1;1;-19,95749597;-44,07899901;SPRF-MG;DEL01-MG;UOP03-DEL01-MG
565514;04/12/2023;segunda-feira;18:50:00;MG;262;811;UBERABA;Ausência de reação do condutor;Colisão lateral mesmo sentido;Com Vítimas Feridas;Plena Noite;Crescente;Céu Claro;Dupla;Reta;Sim;3;0;1;1;1;0;2;2;-19,76527861;-48,11638905;SPRF-MG;DEL13-MG;UOP01-DEL13-MG
565517;04/12/2023;segunda-feira;20:00:00;CE;222;32,2;CAUCAIA;Condutor Dormindo;Saída de leito carroçável;Com Vítimas Feridas;Plena Noite;Crescente;Céu Claro;Dupla;"Em Obras;Retorno Regulamentado";Não;1;0;1;0;0;0;1;1;-3,706662;-38,841728;SPRF-CE;DEL01-CE;UOP01-DEL01-CE
565519;04/12/2023;segunda-feira;20:45:00;GO;40;7,8;LUZIANIA;Frear bruscamente;Queda de ocupante de veículo;Com Vítimas Feridas;Plena Noite;Crescente;Céu Claro;Dupla;Reta;Sim;1;0;1;0;0;0;1;1;-16,108482;-47,972524;SPRF-DF;DEL01-DF;UOP01-DEL01-DF
565520;04/12/2023;segunda-feira;20:00:00;RN;101;95,2;NATAL;Manobra de mudança de faixa;Colisão lateral mesmo sentido;Com Vítimas Feridas;Plena Noite;Crescente;Céu Claro;Múltipla;Reta;Sim;4;0;2;0;2;0;2;3;-5,84049393;-35,21065408;SPRF-RN;DEL01-RN;UOP01-DEL01-RN
565521;04/12/2023;segunda-feira;20:00:00;PE;101;61;RECIFE;Reação tardia ou ineficiente do condutor;Colisão lateral mesmo sentido;Com Vítimas Feridas;Plena Noite;Decrescente;Chuva;Dupla;Reta;Sim;3;0;2;0;1;0;2;2;-7,99097103;-34,93598295;SPRF-PE;DEL01-PE;UOP02-DEL01-PE
565522;11/09/2023;segunda-feira;15:40:00;ES;262;157,9;IBATIBA;Manobra de mudança de faixa;Queda de ocupante de veículo;Com Vítimas Feridas;Pleno dia;Crescente;Céu Claro;Simples;Curva;Sim;2;0;0;1;0;1;1;2;-20,22996768;-41,49970032;SPRF-ES;DEL01-ES;UOP02-DEL01-ES
565523;04/12/2023;segunda-feira;20:35:00;RN;101;82;NATAL;Acessar a via sem observar a presença dos outros veículos;Atropelamento de Pedestre;Com Vítimas Feridas;Plena Noite;Decrescente;Céu Claro;Dupla;Reta;Sim;2;0;1;0;1;0;1;2;-5,76791511;-35,27456305;SPRF-RN;DEL02-RN;UOP01-DEL02-RN
565524;16/09/2023;sábado;12:10:00;PI;230;195,8;OEIRAS;Ingestão de álcool pelo condutor;Colisão transversal;Com Vítimas Feridas;Pleno dia;Decrescente;Céu Claro;Dupla;Reta;Sim;2;0;2;0;0;0;2;2;-6,99904236;-42,1126988;SPRF-PI;DEL04-PI;UOP01-DEL04-PI
565525;04/12/2023;segunda-feira;19:20:00;SP;116;288;ITAPECERICA DA SERRA;Reação tardia ou ineficiente do condutor;Colisão traseira;Sem Vítimas;Plena Noite;Decrescente;Garoa/Chuvisco;Simples;"Retorno Regulamentado;Viaduto ";Sim;2;0;0;0;2;0;0;2;-23,719254;-46,883144;SPRF-SP;DEL04-SP;UOP01-DEL04-SP
565527;05/10/2023;quinta-feira;06:41:00;ES;101;273;SERRA;Reação tardia ou ineficiente do condutor;Atropelamento de Pedestre;Com Vítimas Feridas;Pleno dia;Decrescente;Nublado;Múltipla;Reta;Sim;2;0;1;0;1;0;1;2;-20,22029207;-40,29048811;SPRF-ES;DEL02-ES;UOP01-DEL02-ES
565528;04/12/2023;segunda-feira;19:55:00;ES;101;281,9;SERRA;Reação tardia ou ineficiente do condutor;Colisão com objeto;Sem Vítimas;Plena Noite;Crescente;Céu Claro;Dupla;"Reta;Ponte                    ";Não;2;0;0;0;2;0;0;1;-20,22112792;-40,35720552;SPRF-ES;DEL02-ES;UOP01-DEL02-ES
565529;04/12/2023;segunda-feira;19:30:00;PR;116;204,9;RIO NEGRO;Ausência de reação do condutor;Atropelamento de Pedestre;Com Vítimas Feridas;Plena Noite;Crescente;Nublado;Simples;"Curva;Declive                 ";Não;2;0;1;1;0;0;2;2;-26,05749692;-49,72632005;SPRF-SC;DEL06-SC;UOP01-DEL06-SC
565530;04/12/2023;segunda-feira;20:40:00;ES;101;296,4;CARIACICA;Acessar a via sem observar a presença dos outros veículos;Colisão lateral mesmo sentido;Com Vítimas Feridas;Plena Noite;Decrescente;Céu Claro;Múltipla;"Interseção de Vias;Viaduto    ";Não;4;0;2;0;2;0;2;2;-20,34029997;-40,40405712;SPRF-ES;DEL01-ES;UOP01-DEL01-ES
565532;04/12/2023;segunda-feira;16:30:00;MG;40;587;ITABIRITO;Acumulo de água sobre o pavimento;Tombamento;Com Vítimas Feridas;Pleno dia;Crescente;Chuva;Simples;"Curva;Declive                 ";Não;1;0;1;0;0;0;1;1;-20,34858326;-43,92200604;SPRF-MG;DEL01-MG;UOP02-DEL01-MG
565533;04/12/2023;segunda-feira;19:15:00;BA;324;517;FEIRA DE SANTANA;Conversão proibida;Colisão transversal;Com Vítimas Feridas;Plena Noite;Decrescente;Céu Claro;Simples;Reta;Sim;2;0;1;0;1;0;1;2;-12,25526005;-38,93230677;SPRF-BA;DEL02-BA;UOP01-DEL02-BA
565534;04/12/2023;segunda-feira;20:15:00;PR;373;178;PONTA GROSSA;Ausência de reação do condutor;Capotamento;Com Vítimas Feridas;Plena Noite;Crescente;Ignorado;Dupla;Curva;Sim;2;0;1;0;1;0;1;2;-25,05025485;-50,23418475;SPRF-PR;DEL03-PR;UOP01-DEL03-PR
565535;04/12/2023;segunda-feira;17:50:00;RJ;465;12;SEROPEDICA;Manobra de mudança de faixa;Colisão lateral mesmo sentido;Com Vítimas Feridas;Pleno dia;Decrescente;Céu Claro;Simples;Reta;Sim;2;0;1;0;1;0;1;2;-22,791252;-43,651257;SPRF-RJ;DEL06-RJ;UOP02-DEL06-RJ
565536;04/12/2023;segunda-feira;21:00:00;SC;101;95,9;BARRA VELHA;Objeto estático sobre o leito carroçável;Queda de ocupante de veículo;Com Vítimas Feridas;Plena Noite;Decrescente;Nublado;Dupla;Reta;Não;1;0;1;0;0;0;1;1;-26,70876413;-48,70221065;SPRF-SC;DEL03-SC;UOP02-DEL03-SC
565538;04/12/2023;segunda-feira;19:55:00;MT;163;791;VERA;Objeto estático sobre o leito carroçável;Colisão com objeto;Com Vítimas Feridas;Plena Noite;Crescente;Chuva;Simples;Reta;Não;4;0;1;0;3;0;1;1;-12,36101684;-55,60248832;SPRF-MT;DEL06-MT;UOP01-DEL06-MT
565539;04/12/2023;segunda-feira;21:39:00;BA;418;88,3;NOVA VICOSA;Manobra de mudança de faixa;Colisão traseira;Com Vítimas Feridas;Plena Noite;Crescente;Céu Claro;Simples;Interseção de Vias;Sim;2;0;0;1;1;0;1;2;-17,8835563;-39,85006398;SPRF-BA;DEL09-BA;UOP02-DEL09-BA
565541;04/12/2023;segunda-feira;22:00:00;SC;101;249,3;PAULO LOPES;Reação tardia ou ineficiente do condutor;Saída de leito carroçável;Com Vítimas Feridas;Plena Noite;Decrescente;Chuva;Múltipla;Reta;Não;2;0;1;1;0;0;2;1;-27,9367749;-48,66304457;SPRF-SC;DEL02-SC;UOP03-DEL02-SC
565542;04/12/2023;segunda-feira;16:10:00;PR;476;226,9;LAPA;Velocidade Incompatível;Saída de leito carroçável;Com Vítimas Feridas;Pleno dia;Crescente;Nublado;Simples;"Reta;Declive                  ";Não;2;0;0;1;1;0;1;1;-25,855972;-49,968269;SPRF-PR;DEL01-PR;UOP06-DEL01-PR
565545;04/12/2023;segunda-feira;22:48:00;RJ;101;427;MANGARATIBA;Transitar na contramão;Colisão frontal;Com Vítimas Fatais;Plena Noite;Crescente;Céu Claro;Simples;Curva;Não;4;1;1;2;0;0;3;2;-22,93154625;-43,98133788;SPRF-RJ;DEL03-RJ;UOP02-DEL03-RJ
565549;04/12/2023;segunda-feira;21:50:00;RJ;116;172;SAO JOAO DE MERITI;Ausência de reação do condutor;Colisão com objeto;Sem Vítimas;Plena Noite;Crescente;Céu Claro;Dupla;Reta;Sim;1;0;0;0;1;0;0;1;-22,80188151;-43,35043673;SPRF-RJ;DEL06-RJ;UOP01-DEL06-RJ
565556;05/12/2023;terça-feira;00:01:00;MS;163;181;JUTI;Ausência de reação do condutor;Tombamento;Sem Vítimas;Plena Noite;Crescente;Céu Claro;Simples;Reta;Não;1;0;0;0;1;0;0;1;-22,82799837;-54,6870281;SPRF-MS;DEL09-MS;UOP01-DEL09-MS
565557;05/12/2023;terça-feira;02:30:00;PR;116;146;MANDIRITUBA;Reação tardia ou ineficiente do condutor;Atropelamento de Pedestre;Com Vítimas Feridas;Plena Noite;Crescente;Nublado;Simples;Reta;Não;3;0;1;1;0;1;2;2;-25,78172684;-49,32535079;SPRF-PR;DEL01-PR;UOP03-DEL01-PR
565558;05/12/2023;terça-feira;04:25:00;SC;101;189;BIGUACU;Velocidade Incompatível;Colisão com objeto;Com Vítimas Feridas;Plena Noite;Crescente;Garoa/Chuvisco;Dupla;Reta;Sim;2;0;2;0;0;0;2;1;-27,459393;-48,638914;SPRF-SC;DEL01-SC;UOP01-DEL01-SC
565563;21/09/2023;quinta-feira;09:40:00;AL;316;78,6;POCO DAS TRINCHEIRAS;Ausência de reação do condutor;Colisão traseira;Com Vítimas Feridas;Pleno dia;Decrescente;Céu Claro;Simples;Reta;Não;2;0;1;0;1;0;1;2;-9,33497686;-37,2926359;SPRF-AL;DEL03-AL;UOP02-DEL03-AL
565564;05/12/2023;terça-feira;00:07:00;ES;101;295,8;CARIACICA;Pista Escorregadia;Tombamento;Com Vítimas Feridas;Plena Noite;Crescente;Céu Claro;Múltipla;Reta;Sim;1;0;1;0;0;0;1;1;-20,3363257;-40,40214323;SPRF-ES;DEL01-ES;UOP01-DEL01-ES
565565;05/12/2023;terça-feira;05:00:00;BA;242;867;BARREIRAS;Manobra de mudança de faixa;Colisão frontal;Com Vítimas Fatais;Amanhecer;Decrescente;Céu Claro;Simples;Reta;Não;22;1;1;0;20;0;1;2;-12,0717621;-45,6471108;SPRF-BA;DEL10-BA;UOP01-DEL10-BA
565569;05/12/2023;terça-feira;06:30:00;ES;101;304;VIANA;Manobra de mudança de faixa;Colisão traseira;Com Vítimas Feridas;Pleno dia;Crescente;Sol;Dupla;Reta;Sim;2;0;1;0;1;0;1;2;-20,3800645;-40,45431391;SPRF-ES;DEL01-ES;UOP01-DEL01-ES
565570;05/12/2023;terça-feira;05:25:00;GO;40;117,9;CRISTALINA;Condutor Dormindo;Saída de leito carroçável;Com Vítimas Feridas;Plena Noite;Decrescente;Nublado;Dupla;Reta;Não;1;0;1;0;0;0;1;1;-16,853478;-47,449125;SPRF-DF;DEL01-DF;UOP02-DEL01-DF
565571;05/12/2023;terça-feira;06:45:00;TO;153;145;ARAGUAINA;Transitar na contramão;Colisão frontal;Com Vítimas Feridas;Pleno dia;Crescente;Céu Claro;Múltipla;"Reta;Interseção de Vias       ";Sim;2;0;1;0;1;0;1;2;-7,20503614;-48,24035166;SPRF-TO;DEL02-TO;UOP01-DEL02-TO
565572;05/12/2023;terça-feira;06:10:00;MG;459;73;SENADOR JOSE BENTO;Velocidade Incompatível;Saída de leito carroçável;Com Vítimas Feridas;Pleno dia;Crescente;Céu Claro;Simples;"Curva;Declive                 ";Não;1;0;1;0;0;0;1;1;-22,138563;-46,146851;SPRF-MG;DEL09-MG;UOP01-DEL09-MG
565573;05/12/2023;terça-feira;07:00:00;PE;232;7,8;RECIFE;Reação tardia ou ineficiente do condutor;Colisão traseira;Com Vítimas Feridas;Pleno dia;Decrescente;Céu Claro;Dupla;"Reta;Em Obras;Retorno Regulame";Não;3;0;0;1;1;1;1;3;-8,07333497;-34,96184301;SPRF-PE;DEL01-PE;UOP01-DEL01-PE
565575;05/12/2023;terça-feira;06:30:00;DF;20;17,6;BRASILIA;Ausência de reação do condutor;Colisão traseira;Com Vítimas Feridas;Pleno dia;Crescente;Céu Claro;Dupla;"Reta;Aclive                   ";Não;4;0;2;0;2;0;2;3;-15,621374;-47,71698;SPRF-DF;DEL02-DF;UOP01-DEL02-DF
565577;04/12/2023;segunda-feira;21:00:00;PE;428;162;PETROLINA;Animais na Pista;Atropelamento de Animal;Sem Vítimas;Plena Noite;Decrescente;Céu Claro;Simples;Reta;Não;2;0;0;0;2;0;0;1;-9,16269207;-40,36612188;SPRF-PE;DEL06-PE;UOP01-DEL06-PE
565578;10/11/2023;sexta-feira;18:15:00;SC;470;2;NAVEGANTES;Pedestre andava na pista;Atropelamento de Pedestre;Com Vítimas Feridas;Pleno dia;Crescente;Céu Claro;Dupla;Reta;Sim;2;0;0;1;1;0;1;2;-26,868551;-48,674831;SPRF-SC;DEL04-SC;UOP04-DEL04-SC
565579;05/12/2023;terça-feira;06:40:00;MG;40;690,1;ALFREDO VASCONCELOS;Manobra de mudança de faixa;Colisão lateral mesmo sentido;Com Vítimas Feridas;Pleno dia;Crescente;Sol;Simples;Reta;Não;4;0;1;0;3;0;1;2;-21,123928;-43,758476;SPRF-MG;DEL05-MG;UOP02-DEL05-MG
565580;05/12/2023;terça-feira;07:30:00;AP;210;3,8;MACAPA;Conversão proibida;Colisão transversal;Com Vítimas Feridas;Pleno dia;Decrescente;Céu Claro;Simples;Reta;Sim;3;0;2;0;1;0;2;2;0,08723365;-51,08569007;SPRF-AP;DEL01-AP;UOP01-DEL01-AP
565581;05/12/2023;terça-feira;07:26:00;RS;116;265,7;CANOAS;Manobra de mudança de faixa;Colisão lateral mesmo sentido;Com Vítimas Feridas;Pleno dia;Crescente;Céu Claro;Dupla;Reta;Sim;2;0;1;0;1;0;1;2;-29,92342302;-51,17780944;SPRF-RS;DEL01-RS;UOP01-DEL01-RS
565582;04/12/2023;segunda-feira;17:45:00;SC;282;340,4;CAMPOS NOVOS;Acessar a via sem observar a presença dos outros veículos;Colisão transversal;Com Vítimas Feridas;Pleno dia;Decrescente;Nublado;Simples;"Declive;Reta                  ";Sim;3;0;1;0;2;0;1;2;-27,388266;-51,203793;SPRF-SC;DEL07-SC;UOP06-DEL07-SC
565584;05/12/2023;terça-feira;07:30:00;BA;101;536;SAO JOSE DA VITORIA;Velocidade Incompatível;Saída de leito carroçável;Com Vítimas Feridas;Pleno dia;Decrescente;Chuva;Simples;Curva;Não;3;0;2;0;1;0;2;1;-15,16120642;-39,41897771;SPRF-BA;DEL05-BA;UOP01-DEL05-BA
565586;05/12/2023;terça-feira;04:30:00;MT;163;813;SINOP;Ausência de reação do condutor;Capotamento;Com Vítimas Feridas;Plena Noite;Decrescente;Céu Claro;Simples;Reta;Não;1;0;1;0;0;0;1;1;-12,18052509;-55,52606686;SPRF-MT;DEL06-MT;UOP02-DEL06-MT
565587;05/12/2023;terça-feira;07:50:00;ES;101;308,1;VIANA;Acessar a via sem observar a presença dos outros veículos;Colisão transversal;Com Vítimas Fatais;Pleno dia;Decrescente;Céu Claro;Dupla;Reta;Não;4;1;1;0;1;1;1;3;-20,40809191;-40,45835336;SPRF-ES;DEL01-ES;UOP01-DEL01-ES
565588;05/12/2023;terça-feira;08:00:00;SP;116;210;GUARULHOS;Ausência de reação do condutor;Colisão traseira;Com Vítimas Feridas;Pleno dia;Decrescente;Nublado;Múltipla;Reta;Sim;2;0;1;0;1;0;1;2;-23,42870023;-46,41085991;SPRF-SP;DEL01-SP;UOP01-DEL01-SP
565590;05/12/2023;terça-feira;08:15:00;SC;101;202,2;SAO JOSE;Manobra de mudança de faixa;Colisão lateral mesmo sentido;Com Vítimas Feridas;Pleno dia;Crescente;Garoa/Chuvisco;Dupla;Reta;Sim;2;0;1;0;1;0;1;2;-27,55711595;-48,61897889;SPRF-SC;DEL01-SC;UOP01-DEL01-SC
565591;04/11/2023;sábado;17:43:00;PR;376;174;MARINGA;Acessar a via sem observar a presença dos outros veículos;Colisão lateral mesmo sentido;Com Vítimas Feridas;Pleno dia;Decrescente;Ignorado;Dupla;"Reta;Interseção de Vias       ";Sim;2;0;1;0;0;1;1;2;-23,41593851;-51,9546032;SPRF-PR;DEL09-PR;UOP01-DEL09-PR
565593;05/12/2023;terça-feira;08:00:00;SE;101;92;NOSSA SENHORA DO SOCORRO;Ausência de reação do condutor;Colisão traseira;Sem Vítimas;Pleno dia;Crescente;Céu Claro;Dupla;Reta;Sim;3;0;0;0;3;0;0;3;-10,90169474;-37,13619222;SPRF-SE;DEL01-SE;UOP01-DEL01-SE
565594;05/12/2023;terça-feira;08:17:00;RN;101;101;PARNAMIRIM;Condutor deixou de manter distância do veículo da frente;Colisão traseira;Com Vítimas Feridas;Pleno dia;Decrescente;Céu Claro;Múltipla;"Reta;Declive                  ";Sim;2;0;1;0;1;0;1;2;-5,88681084;-35,23143404;SPRF-RN;DEL01-RN;UOP01-DEL01-RN
565595;05/12/2023;terça-feira;07:30:00;SP;381;89,5;GUARULHOS;Ausência de reação do condutor;Colisão traseira;Com Vítimas Feridas;Pleno dia;Crescente;Sol;Múltipla;Reta;Sim;2;0;1;0;1;0;1;2;-23,48469299;-46,55983288;SPRF-SP;DEL03-SP;UOP01-DEL03-SP
565597;05/12/2023;terça-feira;07:25:00;MG;381;486,1;BETIM;Manobra de mudança de faixa;Colisão lateral mesmo sentido;Com Vítimas Feridas;Pleno dia;Decrescente;Céu Claro;Dupla;Reta;Sim;2;0;1;0;1;0;1;2;-19,95618874;-44,10997009;SPRF-MG;DEL01-MG;UOP03-DEL01-MG
565601;05/10/2023;quinta-feira;16:20:00;RN;304;36,3;MOSSORO;Objeto estático sobre o leito carroçável;Colisão com objeto;Com Vítimas Feridas;Pleno dia;Decrescente;Céu Claro;Dupla;Reta;Sim;3;0;1;1;0;1;2;2;-5,171801;-37,359112;SPRF-RN;DEL04-RN;UOP02-DEL04-RN