id;data_inversa;dia_semana;horario;uf;br;km;municipio;causa_acidente;tipo_acidente;classificacao_acidente;fase_dia;sentido_via;condicao_metereologica;tipo_pista;tracado_via;uso_solo;pessoas;mortos;feridos_leves;feridos_graves;ilesos;ignorados;feridos;veiculos;latitude;longitude;regional;delegacia;uop
565862;06/12/2023;quarta-feira;09:30:00;RJ;40;108;DUQUE DE CAXIAS;Reação tardia ou ineficiente do condutor;Tombamento;Com Vítimas Feridas;Pleno dia;Crescente;Céu Claro;Dupla;Curva;Sim;1;0;1;0;0;0;1;1;-22,66476979;-43,28495144;SPRF-RJ;DEL01-RJ;UOP02-DEL01-RJ
565865;06/12/2023;quarta-feira;14:00:00;MG;381;487,5;BETIM;Demais falhas mecânicas ou elétricas;Queda de ocupante de veículo;Com Vítimas Feridas;Pleno dia;Decrescente;Céu Claro;Dupla;Curva;Não;1;0;1;0;0;0;1;1;-19,95586853;-44,14609501;SPRF-MG;DEL01-MG;UOP03-DEL01-MG
565868;06/12/2023;quarta-feira;12:00:00;RS;158;328;SANTA MARIA;Trafegar com motocicleta (ou similar) entre as faixas;Queda de ocupante de veículo;Com Vítimas Feridas;Pleno dia;Crescente;Nublado;Dupla;"Em Obras;Reta                 ";Não;1;0;1;0;0;0;1;1;-29,71038222;-53,82106662;SPRF-RS;DEL09-RS;UOP01-DEL09-RS
565869;06/12/2023;quarta-feira;11:30:00;SC;116;232,2;CORREIA PINTO;Reação tardia ou ineficiente do condutor;Colisão traseira;Com Vítimas Feridas;Pleno dia;Crescente;Céu Claro;Simples;Reta;Não;2;0;1;0;1;0;1;2;-27,68373205;-50,33513353;SPRF-SC;DEL05-SC;UOP03-DEL05-SC
565870;02/12/2023;sábado;06:00:00;PE;232;320;SERTANIA;Acumulo de areia ou detritos sobre o pavimento;Colisão com objeto;Sem Vítimas;Pleno dia;Crescente;Céu Claro;Simples;Curva;Não;2;0;0;0;2;0;0;1;-8,151299;-37,51921;SPRF-PE;DEL04-PE;UOP02-DEL04-PE
565873;06/12/2023;quarta-feira;14:03:00;GO;20;36;FORMOSA;Ausência de reação do condutor;Colisão transversal;Com Vítimas Feridas;Pleno dia;Crescente;Céu Claro;Simples;Aclive;Não;6;0;1;2;3;0;3;2;-15,446499;-47,097328;SPRF-DF;DEL02-DF;UOP02-DEL02-DF
565874;06/12/2023;quarta-feira;13:10:00;RO;364;199,9;PIMENTA BUENO;Desrespeitar a preferência no cruzamento;Colisão transversal;Com Vítimas Feridas;Pleno dia;Decrescente;Céu Claro;Simples;Reta;Sim;3;0;2;0;1;0;2;2;-11,661617;-61,191055;SPRF-RO;DEL02-RO;UOP02-DEL02-RO
565876;06/12/2023;quarta-feira;14:30:00;SC;470;0,4;GASPAR;Acessar a via sem observar a presença dos outros veículos;Colisão transversal;Com Vítimas Feridas;Pleno dia;Decrescente;Nublado;Simples;Curva;Não;2;0;1;1;0;0;2;2;-26,91598289;-48,96031916;SPRF-SC;DEL04-SC;UOP01-DEL04-SC
565877;06/12/2023;quarta-feira;14:50:00;PI;402;34;PARNAIBA;Condutor deixou de manter distância do veículo da frente;Colisão traseira;Com Vítimas Feridas;Pleno dia;Crescente;Céu Claro;Simples;Reta;Sim;3;0;1;0;2;0;1;3;-2,93239061;-41,74947054;SPRF-PI;DEL05-PI;UOP01-DEL05-PI
565879;06/12/2023;quarta-feira;14:00:00;MG;116;527,6;CARATINGA;Ausência de reação do condutor;Colisão traseira;Com Vítimas Feridas;Pleno dia;Decrescente;Céu Claro;Simples;Reta;Sim;2;0;1;0;1;0;1;2;-19,78510701;-42,13445297;SPRF-MG;DEL06-MG;UOP02-DEL06-MG
565881;06/12/2023;quarta-feira;14:40:00;PE;101;44,3;IGARASSU;Manobra de mudança de faixa;Colisão lateral mesmo sentido;Com Vítimas Feridas;Pleno dia;Crescente;Céu Claro;Múltipla;"Reta;Declive                  ";Sim;4;0;1;0;2;1;1;3;-7,85637001;-34,90842109;SPRF-PE;DEL01-PE;UOP02-DEL01-PE
565882;06/12/2023;quarta-feira;15:00:00;MG;40;586;ITABIRITO;Ausência de reação do condutor;Saída de leito carroçável;Com Vítimas Feridas;Pleno dia;Crescente;Céu Claro;Dupla;"Declive;Curva                 ";Não;1;0;0;1;0;0;1;1;-20,34175518;-43,92038073;SPRF-MG;DEL01-MG;UOP02-DEL01-MG
565884;06/12/2023;quarta-feira;10:40:00;MS;158;182;APARECIDA DO TABOADO;Reação tardia ou ineficiente do condutor;Capotamento;Com Vítimas Feridas;Pleno dia;Crescente;Céu Claro;Simples;Reta;Não;2;0;1;0;1;0;1;1;-20,25887855;-51,38350715;SPRF-MS;DEL08-MS;UOP01-DEL08-MS
565885;06/12/2023;quarta-feira;13:50:00;RO;364;619;ITAPUA DO OESTE;Reação tardia ou ineficiente do condutor;Saída de leito carroçável;Com Vítimas Feridas;Pleno dia;Crescente;Céu Claro;Simples;Reta;Não;1;0;1;0;0;0;1;1;-9,09414361;-63,27877879;SPRF-RO;DEL01-RO;UOP04-DEL01-RO
565886;13/02/2023;segunda-feira;08:56:00;DF;20;14,7;BRASILIA;Reação tardia ou ineficiente do condutor;Colisão traseira;Com Vítimas Feridas;Pleno dia;Crescente;Céu Claro;Dupla;Reta;Não;5;0;0;1;4;0;1;2;-15,631321;-47,734893;SPRF-DF;DEL02-DF;UOP01-DEL02-DF
565887;06/12/2023;quarta-feira;15:10:00;SC;101;206;SAO JOSE;Condutor deixou de manter distância do veículo da frente;Colisão lateral mesmo sentido;Com Vítimas Feridas;Pleno dia;Decrescente;Céu Claro;Dupla;Reta;Sim;2;0;1;0;1;0;1;2;-27,59193546;-48,61824557;SPRF-SC;DEL01-SC;UOP01-DEL01-SC
565888;06/12/2023;quarta-feira;14:45:00;RJ;101;471;ANGRA DOS REIS;Acessar a via sem observar a presença dos outros veículos;Colisão transversal;Com Vítimas Feridas;Pleno dia;Crescente;Nublado;Simples;"Reta;Interseção de Vias;Rotató";Não;2;0;1;0;1;0;1;2;-22,99649604;-44,22906307;SPRF-RJ;DEL03-RJ;UOP03-DEL03-RJ
565891;06/12/2023;quarta-feira;12:09:00;GO;364;201;JATAI;Reação tardia ou ineficiente do condutor;Colisão com objeto;Com Vítimas Feridas;Pleno dia;Decrescente;Céu Claro;Dupla;"Curva;Declive;Viaduto         ";Sim;1;0;1;0;0;0;1;1;-17,914806;-51,765602;SPRF-GO;DEL05-GO;UOP01-DEL05-GO
565892;06/12/2023;quarta-feira;16:20:00;GO;60;82,4;ANAPOLIS;Ausência de reação do condutor;Saída de leito carroçável;Com Vítimas Feridas;Pleno dia;Crescente;Céu Claro;Dupla;"Declive;Reta                  ";Não;2;0;1;1;0;0;2;1;-16,3136;-48,8366;SPRF-GO;DEL02-GO;UOP01-DEL02-GO
565893;02/12/2023;sábado;20:30:00;RJ;493;4;ITABORAI;Ausência de reação do condutor;Saída de leito carroçável;Com Vítimas Feridas;Plena Noite;Crescente;Céu Claro;Dupla;Reta;Sim;1;0;0;1;0;0;1;1;-22,74828913;-42,9500441;SPRF-RJ;DEL02-RJ;UOP02-DEL02-RJ
565894;06/12/2023;quarta-feira;16:30:00;SC;101;146;ITAPEMA;Condutor deixou de manter distância do veículo da frente;Engavetamento;Sem Vítimas;Pleno dia;Decrescente;Céu Claro;Dupla;Reta;Sim;5;0;0;0;5;0;0;5;-27,08666525;-48,60955587;SPRF-SC;DEL04-SC;UOP03-DEL04-SC
565896;06/12/2023;quarta-feira;15:38:00;SP;116;154;SAO JOSE DOS CAMPOS;Acumulo de areia ou detritos sobre o pavimento;Queda de ocupante de veículo;Com Vítimas Feridas;Pleno dia;Decrescente;Céu Claro;Dupla;Reta;Sim;1;0;0;1;0;0;1;1;-23,23903999;-45,92061901;SPRF-SP;DEL02-SP;UOP01-DEL02-SP
565899;06/12/2023;quarta-feira;16:40:00;PE;101;70,8;RECIFE;Velocidade Incompatível;Colisão traseira;Com Vítimas Feridas;Pleno dia;Crescente;Céu Claro;Dupla;Viaduto;Não;2;0;1;0;1;0;1;2;-8,06776119;-34,94265074;SPRF-PE;DEL01-PE;UOP01-DEL01-PE
565900;06/12/2023;quarta-feira;17:00:00;GO;40;1;VALPARAISO DE GOIAS;Reação tardia ou ineficiente do condutor;Colisão traseira;Sem Vítimas;Pleno dia;Crescente;Céu Claro;Dupla;"Reta;Declive                  ";Sim;4;0;0;0;4;0;0;2;-16,058273;-47,982655;SPRF-DF;DEL01-DF;UOP01-DEL01-DF
565901;06/12/2023;quarta-feira;16:38:00;SC;101;212;PALHOCA;Ausência de reação do condutor;Colisão traseira;Com Vítimas Feridas;Pleno dia;Crescente;Céu Claro;Dupla;Reta;Não;2;0;1;0;1;0;1;2;-27,62996929;-48,65903871;SPRF-SC;DEL01-SC;UOP02-DEL01-SC
565904;06/12/2023;quarta-feira;16:30:00;SE;101;70;MARUIM;Ausência de reação do condutor;Colisão traseira;Com Vítimas Feridas;Pleno dia;Decrescente;Céu Claro;Dupla;Reta;Não;7;0;1;0;6;0;1;2;-10,7356;-37,08768;SPRF-SE;DEL01-SE;UOP01-DEL01-SE
565907;06/12/2023;quarta-feira;17:25:00;SC;280;28,8;ARAQUARI;Desrespeitar a preferência no cruzamento;Colisão transversal;Com Vítimas Feridas;Pleno dia;Decrescente;Céu Claro;Simples;"Reta;Interseção de Vias       ";Sim;2;0;0;1;1;0;1;2;-26,409587;-48,751572;SPRF-SC;DEL03-SC;UOP03-DEL03-SC
565909;20/11/2023;segunda-feira;08:05:00;MG;381;484;BETIM;Demais falhas mecânicas ou elétricas;Incêndio;Sem Vítimas;Pleno dia;Decrescente;Ignorado;Dupla;"Aclive;Reta                   ";Não;1;0;0;0;1;0;0;1;-19,95753704;-44,09397125;SPRF-MG;DEL01-MG;UOP03-DEL01-MG
565910;06/12/2023;quarta-feira;17:00:00;RJ;465;4;SEROPEDICA;Ausência de reação do condutor;Colisão traseira;Com Vítimas Feridas;Pleno dia;Crescente;Céu Claro;Simples;Reta;Sim;3;0;2;0;1;0;2;2;-22,740971;-43,705597;SPRF-RJ;DEL06-RJ;UOP02-DEL06-RJ
565911;06/12/2023;quarta-feira;17:25:00;SP;101;52;UBATUBA;Ausência de reação do condutor;Tombamento;Com Vítimas Feridas;Pleno dia;Decrescente;Céu Claro;Simples;Curva;Sim;1;0;0;1;0;0;1;1;-23,4623355;-45,06476561;SPRF-SP;DEL06-SP;UOP01-DEL06-SP
565914;06/12/2023;quarta-feira;16:09:00;RO;364;198,7;PIMENTA BUENO;Ingestão de álcool pelo condutor;Saída de leito carroçável;Com Vítimas Feridas;Pleno dia;Crescente;Céu Claro;Simples;"Aclive;Reta                   ";Não;1;0;1;0;0;0;1;1;-11,663857;-61,191248;SPRF-RO;DEL02-RO;UOP02-DEL02-RO
565916;06/12/2023;quarta-feira;17:00:00;RJ;101;331;RIO DE JANEIRO;Reação tardia ou ineficiente do condutor;Colisão traseira;Com Vítimas Feridas;Anoitecer;Decrescente;Céu Claro;Simples;"Reta;Ponte                    ";Sim;2;0;1;0;1;0;1;2;-22,867662;-43,195337;SPRF-RJ;DEL02-RJ;UOP01-DEL02-RJ
565919;06/12/2023;quarta-feira;17:00:00;SC;470;82,8;RODEIO;Ausência de reação do condutor;Colisão frontal;Com Vítimas Feridas;Pleno dia;Crescente;Chuva;Simples;Curva;Não;3;0;2;0;1;0;2;2;-26,96320612;-49,33117747;SPRF-SC;DEL04-SC;UOP01-DEL04-SC
565920;06/12/2023;quarta-feira;17:30:00;PR;376;497,5;PONTA GROSSA;Mal súbito do condutor;Colisão traseira;Com Vítimas Feridas;Pleno dia;Decrescente;Nublado;Dupla;"Aclive;Reta                   ";Sim;2;0;1;0;1;0;1;2;-25,145032;-50,153406;SPRF-PR;DEL03-PR;UOP04-DEL03-PR
565921;06/12/2023;quarta-feira;18:15:00;PR;277;80,5;CURITIBA;Manobra de mudança de faixa;Colisão lateral mesmo sentido;Com Vítimas Feridas;Pleno dia;Decrescente;Nublado;Dupla;Reta;Sim;3;0;1;1;0;1;2;2;-25,46896513;-49,21329975;SPRF-PR;DEL01-PR;UOP07-DEL01-PR
565923;06/12/2023;quarta-feira;18:20:00;SC;470;61;BLUMENAU;Acessar a via sem observar a presença dos outros veículos;Colisão transversal;Com Vítimas Feridas;Pleno dia;Crescente;Nublado;Simples;Reta;Não;2;0;1;0;1;0;1;2;-26,87852487;-49,1752097;SPRF-SC;DEL04-SC;UOP01-DEL04-SC
565925;06/12/2023;quarta-feira;18:05:00;SC;280;129,9;RIO NEGRINHO;Acessar a via sem observar a presença dos outros veículos;Colisão transversal;Com Vítimas Feridas;Pleno dia;Decrescente;Nublado;Simples;"Reta;Declive;Interseção de Via";Sim;3;0;0;2;1;0;2;3;-26,24586437;-49,52284615;SPRF-SC;DEL06-SC;UOP03-DEL06-SC
565926;06/12/2023;quarta-feira;17:30:00;MG;40;525;CONTAGEM;Manobra de mudança de faixa;Colisão traseira;Com Vítimas Feridas;Anoitecer;Decrescente;Céu Claro;Dupla;Reta;Sim;2;0;1;0;1;0;1;2;-19,88361702;-44,05039336;SPRF-MG;DEL01-MG;UOP02-DEL01-MG
565927;06/12/2023;quarta-feira;18:35:00;SE;235;0,5;ARACAJU;Ausência de reação do condutor;Atropelamento de Pedestre;Com Vítimas Feridas;Plena Noite;Crescente;Céu Claro;Dupla;Reta;Não;2;0;0;1;0;1;1;2;-10,90901978;-37,08197951;SPRF-SE;DEL01-SE;UOP01-DEL01-SE
565929;06/12/2023;quarta-feira;17:25:00;SC;101;200,3;SAO JOSE;Transitar no Acostamento;Colisão lateral mesmo sentido;Sem Vítimas;Pleno dia;Crescente;Céu Claro;Dupla;Reta;Sim;2;0;0;0;2;0;0;2;-27,54018513;-48,62287714;SPRF-SC;DEL01-SC;UOP01-DEL01-SC
565931;06/12/2023;quarta-feira;17:25:00;SC;101;18,5;JOINVILLE;Avarias e/ou desgaste excessivo no pneu;Saída de leito carroçável;Sem Vítimas;Pleno dia;Crescente;Garoa/Chuvisco;Dupla;Reta;Não;1;0;0;0;1;0;0;1;-26,128553;-48,888776;SPRF-SC;DEL03-SC;UOP01-DEL03-SC
565932;06/12/2023;quarta-feira;18:32:00;SE;235;1,5;ARACAJU;Ausência de reação do condutor;Atropelamento de Pedestre;Com Vítimas Feridas;Plena Noite;Crescente;Céu Claro;Dupla;"Aclive;Reta                   ";Sim;2;0;0;1;0;1;1;2;-10,9073;-37,0947;SPRF-SE;DEL01-SE;UOP01-DEL01-SE
565933;06/12/2023;quarta-feira;07:00:00;MS;158;92;PARANAIBA;Reação tardia ou ineficiente do condutor;Colisão com objeto;Com Vítimas Feridas;Pleno dia;Crescente;Céu Claro;Dupla;Reta;Não;2;0;2;0;0;0;2;1;-19,66558599;-51,20420823;SPRF-MS;DEL08-MS;UOP01-DEL08-MS
565935;06/12/2023;quarta-feira;18:10:00;RO;319;63;PORTO VELHO;Condutor deixou de manter distância do veículo da frente;Colisão traseira;Sem Vítimas;Anoitecer;Decrescente;Chuva;Dupla;Reta;Sim;3;0;0;0;3;0;0;2;-8,766685;-63,884052;SPRF-RO;DEL01-RO;UOP01-DEL01-RO
565937;06/12/2023;quarta-feira;16:35:00;RJ;116;84;TERESOPOLIS;Reação tardia ou ineficiente do condutor;Saída de leito carroçável;Com Vítimas Feridas;Pleno dia;Crescente;Céu Claro;Simples;Reta;Não;3;0;2;0;1;0;2;1;-22,4226117;-42,95115115;SPRF-RJ;DEL04-RJ;UOP01-DEL04-RJ
565938;06/12/2023;quarta-feira;18:22:00;MT;70;1,5;BARRA DO GARCAS;Ausência de reação do condutor;Colisão lateral mesmo sentido;Com Vítimas Feridas;Plena Noite;Crescente;Céu Claro;Simples;Reta;Sim;3;0;1;0;2;0;1;2;-15,89164596;-52,26202884;SPRF-MT;DEL07-MT;UOP01-DEL07-MT
565940;06/12/2023;quarta-feira;19:30:00;BA;324;625;SALVADOR;Demais falhas mecânicas ou elétricas;Tombamento;Com Vítimas Feridas;Anoitecer;Decrescente;Céu Claro;Múltipla;Reta;Não;1;0;1;0;0;0;1;1;-12,95791957;-38,47265124;SPRF-BA;DEL01-BA;UOP01-DEL01-BA
565941;06/12/2023;quarta-feira;17:35:00;PR;277;5;FOZ DO IGUACU;Desrespeitar a preferência no cruzamento;Colisão lateral mesmo sentido;Com Vítimas Feridas;Pleno dia;Crescente;Céu Claro;Dupla;Rotatória;Sim;2;0;1;0;1;0;1;2;-25,46293729;-54,58317339;SPRF-PR;DEL05-PR;UOP03-DEL05-PR
565943;06/12/2023;quarta-feira;18:40:00;RJ;116;198;QUEIMADOS;Avarias e/ou desgaste excessivo no pneu;Saída de leito carroçável;Com Vítimas Feridas;Plena Noite;Decrescente;Céu Claro;Dupla;Reta;Sim;1;0;1;0;0;0;1;1;-22,72965035;-43,57530713;SPRF-RJ;DEL06-RJ;UOP02-DEL06-RJ
565944;06/12/2023;quarta-feira;20:10:00;MG;381;502,9;BETIM;Entrada inopinada do pedestre;Atropelamento de Pedestre;Com Vítimas Feridas;Plena Noite;Crescente;Céu Claro;Dupla;Reta;Sim;3;0;0;1;1;1;1;2;-20,03619694;-44,24586303;SPRF-MG;DEL01-MG;UOP03-DEL01-MG
565945;06/12/2023;quarta-feira;19:30:00;TO;153;128;WANDERLANDIA;Animais na Pista;Atropelamento de Animal;Sem Vítimas;Plena Noite;Decrescente;Nublado;Simples;Reta;Sim;3;0;0;0;3;0;0;1;-7,08522898;-48,15467901;SPRF-TO;DEL02-TO;UOP01-DEL02-TO
565946;06/12/2023;quarta-feira;19:30:00;SP;381;81;SAO PAULO;Reação tardia ou ineficiente do condutor;Colisão com objeto;Sem Vítimas;Plena Noite;Crescente;Céu Claro;Dupla;Reta;Sim;1;0;0;0;1;0;0;1;-23,41704481;-46,58022057;SPRF-SP;DEL03-SP;UOP01-DEL03-SP
565947;06/12/2023;quarta-feira;20:40:00;PE;101;80,9;JABOATAO DOS GUARARAPES;Acessar a via sem observar a presença dos outros veículos;Colisão transversal;Com Vítimas Feridas;Plena Noite;Crescente;Céu Claro;Dupla;Reta;Sim;2;0;2;0;0;0;2;2;-8,15112589;-34,9428866;SPRF-PE;DEL01-PE;UOP01-DEL01-PE
565949;06/12/2023;quarta-feira;13:00:00;MG;381;246,9;SANTANA DO PARAISO;Ingestão de álcool pelo condutor;Saída de leito carroçável;Com Vítimas Feridas;Pleno dia;Crescente;Sol;Simples;Reta;Não;1;0;1;0;0;0;1;1;-19,45740746;-42,52499719;SPRF-MG;DEL06-MG;UOP01-DEL06-MG
565951;06/12/2023;quarta-feira;20:00:00;BA;101;938;MUCURI;Pedestre andava na pista;Atropelamento de Pedestre;Com Vítimas Fatais;Plena Noite;Decrescente;Céu Claro;Simples;Reta;Não;2;1;0;0;1;0;0;2;-18,16840196;-39,91873914;SPRF-BA;DEL09-BA;UOP02-DEL09-BA
565952;06/12/2023;quarta-feira;21:35:00;SC;101;209,5;SAO JOSE;Condutor deixou de manter distância do veículo da frente;Colisão lateral mesmo sentido;Com Vítimas Feridas;Plena Noite;Decrescente;Céu Claro;Múltipla;Reta;Sim;3;0;1;0;0;2;1;3;-27,61000542;-48,63895057;SPRF-SC;DEL01-SC;UOP01-DEL01-SC
565953;06/12/2023;quarta-feira;22:00:00;RJ;116;173;SAO JOAO DE MERITI;Pedestre cruzava a pista fora da faixa;Atropelamento de Pedestre;Com Vítimas Feridas;Plena Noite;Crescente;Nublado;Múltipla;Reta;Não;3;0;1;1;1;0;2;3;-22,79810324;-43,35726614;SPRF-RJ;DEL06-RJ;UOP01-DEL06-RJ
565954;06/12/2023;quarta-feira;20:40:00;SC;101;344;TUBARAO;Reação tardia ou ineficiente do condutor;Colisão traseira;Sem Vítimas;Plena Noite;Crescente;Céu Claro;Múltipla;Reta;Não;4;0;0;0;4;0;0;2;-28,53647889;-49,0531826;SPRF-SC;DEL02-SC;UOP01-DEL02-SC
565955;06/12/2023;quarta-feira;22:06:00;PE;232;332;CUSTODIA;Acessar a via sem observar a presença dos outros veículos;Colisão transversal;Com Vítimas Feridas;Plena Noite;Crescente;Céu Claro;Simples;Reta;Sim;3;0;1;1;0;1;2;3;-8,08916179;-37,62141598;SPRF-PE;DEL04-PE;UOP02-DEL04-PE
565959;06/12/2023;quarta-feira;18:55:00;PR;277;309;GUARAPUAVA;Objeto estático sobre o leito carroçável;Colisão com objeto;Sem Vítimas;Pleno dia;Crescente;Céu Claro;Simples;Curva;Não;2;0;0;0;2;0;0;1;-25,31181659;-51,17135527;SPRF-PR;DEL08-PR;UOP01-DEL08-PR
565960;06/12/2023;quarta-feira;19:00:00;RJ;40;124;DUQUE DE CAXIAS;Entrada inopinada do pedestre;Atropelamento de Pedestre;Com Vítimas Feridas;Plena Noite;Decrescente;Céu Claro;Dupla;Reta;Não;2;0;1;0;1;0;1;2;-22,807953;-43,289124;SPRF-RJ;DEL01-RJ;UOP02-DEL01-RJ
565961;06/12/2023;quarta-feira;18:40:00;MT;163;688;LUCAS DO RIO VERDE;Acessar a via sem observar a presença dos outros veículos;Colisão transversal;Com Vítimas Feridas;Anoitecer;Decrescente;Céu Claro;Dupla;"Interseção de Vias;Reta       ";Sim;2;0;1;0;1;0;1;2;-13,069128;-55,9269;SPRF-MT;DEL06-MT;UOP01-DEL06-MT
565963;06/12/2023;quarta-feira;22:05:00;PR;369;138;LONDRINA;Ingestão de álcool pelo condutor;Colisão com objeto;Com Vítimas Feridas;Plena Noite;Crescente;Céu Claro;Simples;"Reta;Declive                  ";Sim;1;0;1;0;0;0;1;1;-23,27319122;-51,05292499;SPRF-PR;DEL07-PR;UOP01-DEL07-PR
565965;06/12/2023;quarta-feira;18:30:00;PI;343;191;PIRIPIRI;Ausência de reação do condutor;Colisão traseira;Com Vítimas Fatais;Plena Noite;Decrescente;Céu Claro;Simples;Reta;Não;2;1;0;0;0;1;0;2;-4,326797;-41,78846;SPRF-PI;DEL02-PI;UOP01-DEL02-PI
565966;06/12/2023;quarta-feira;22:55:00;RN;406;143;CEARA-MIRIM;Animais na Pista;Atropelamento de Animal;Com Vítimas Feridas;Plena Noite;Crescente;Céu Claro;Simples;Reta;Não;2;0;0;2;0;0;2;1;-5,64780342;-35,49043179;SPRF-RN;DEL02-RN;UOP01-DEL02-RN
565967;06/12/2023;quarta-feira;21:20:00;PR;277;723,3;IRATI;Manobra de mudança de faixa;Colisão traseira;Com Vítimas Feridas;Plena Noite;Decrescente;Céu Claro;Dupla;Reta;Sim;4;0;0;2;1;1;2;3;-25,3831825;-50,85631993;SPRF-PR;DEL05-PR;UOP03-DEL05-PR
565969;06/12/2023;quarta-feira;21:30:00;SC;470;175;POUSO REDONDO;Transitar na contramão;Colisão frontal;Com Vítimas Feridas;Plena Noite;Decrescente;Nublado;Simples;Reta;Sim;2;0;0;1;1;0;1;2;-27,25617;-49,938969;SPRF-SC;DEL04-SC;UOP02-DEL04-SC
565970;06/12/2023;quarta-feira;22:55:00;PR;277;578,2;CASCAVEL;Ausência de reação do condutor;Queda de ocupante de veículo;Com Vítimas Feridas;Plena Noite;Crescente;Nublado;Dupla;"Reta;Em Obras                 ";Sim;1;0;1;0;0;0;1;1;-24,98385591;-53,34955899;SPRF-PR;DEL04-PR;UOP01-DEL04-PR
565971;06/12/2023;quarta-feira;23:35:00;PR;116;122,4;CURITIBA;Ausência de reação do condutor;Colisão com objeto;Sem Vítimas;Plena Noite;Crescente;Céu Claro;Dupla;"Retorno Regulamentado;Interseç";Sim;1;0;0;0;0;1;0;1;-25,61018417;-49,31953669;SPRF-PR;DEL01-PR;UOP03-DEL01-PR
565972;07/12/2023;quinta-feira;00:10:00;SC;101;146;ITAPEMA;Ingestão de álcool pelo condutor;Tombamento;Com Vítimas Feridas;Plena Noite;Crescente;Garoa/Chuvisco;Dupla;Reta;Sim;1;0;1;0;0;0;1;1;-27,08666525;-48,60955587;SPRF-SC;DEL04-SC;UOP03-DEL04-SC
565973;06/12/2023;quarta-feira;21:39:00;SC;163;72;SAO MIGUEL DO OESTE;Estacionar ou parar em local proibido;Colisão lateral mesmo sentido;Com Vítimas Feridas;Plena Noite;Decrescente;Nublado;Dupla;"Reta;Declive                  ";Sim;5;0;1;1;3;0;2;4;-26,71908804;-53,5157791;SPRF-SC;DEL07-SC;UOP03-DEL07-SC
565974;06/12/2023;quarta-feira;23:00:00;RJ;101;484;ANGRA DOS REIS;Reação tardia ou ineficiente do condutor;Colisão frontal;Com Vítimas Feridas;Plena Noite;Decrescente;Ignorado;Simples;"Curva;Interseção de Vias      ";Sim;2;0;1;0;1;0;1;2;-22,99188881;-44,30468559;SPRF-RJ;DEL03-RJ;UOP03-DEL03-RJ
565976;06/12/2023;quarta-feira;22:41:00;PI;135;317;CRISTINO CASTRO;Acessar a via sem observar a presença dos outros veículos;Colisão transversal;Com Vítimas Feridas;Plena Noite;Crescente;Céu Claro;Simples;"Reta;Interseção de Vias       ";Sim;4;0;1;1;2;0;2;2;-8,81837444;-44,2225351;SPRF-PI;DEL03-PI;UOP02-DEL03-PI
565977;06/12/2023;quarta-feira;23:30:00;MS;163;424,4;CAMPO GRANDE;Animais na Pista;Atropelamento de Animal;Com Vítimas Feridas;Plena Noite;Crescente;Ignorado;Simples;Reta;Não;3;0;1;1;1;0;2;2;-20,94618198;-54,50086918;SPRF-MS;DEL01-MS;UOP01-DEL01-MS
565979;07/12/2023;quinta-feira;00:15:00;MG;365;642,8;UBERLANDIA;Ingestão de álcool pelo condutor;Saída de leito carroçável;Sem Vítimas;Plena Noite;Crescente;Céu Claro;Simples;Retorno Regulamentado;Não;1;0;0;0;1;0;0;1;-18,8823832;-48,48418103;SPRF-MG;DEL15-MG;UOP01-DEL15-MG
565982;06/12/2023;quarta-feira;23:00:00;SC;101;318,2;PESCARIA BRAVA;Pedestre cruzava a pista fora da faixa;Atropelamento de Pedestre;Com Vítimas Fatais;Plena Noite;Decrescente;Céu Claro;Múltipla;Reta;Não;5;1;0;0;3;1;0;2;-28,4266481;-48,86160099;SPRF-SC;DEL02-SC;UOP01-DEL02-SC
565983;07/12/2023;quinta-feira;01:50:00;PE;232;54,1;POMBOS;Ausência de reação do condutor;Saída de leito carroçável;Com Vítimas Fatais;Plena Noite;Crescente;Chuva;Dupla;Reta;Não;3;1;1;1;0;0;2;1;-8,12919504;-35,35716398;SPRF-PE;DEL02-PE;UOP02-DEL02PE
565986;07/12/2023;quinta-feira;02:50:00;CE;116;15,3;FORTALEZA;Pedestre andava na pista;Atropelamento de Pedestre;Com Vítimas Fatais;Plena Noite;Decrescente;Céu Claro;Dupla;Reta;Sim;2;1;0;0;1;0;0;2;-3,87839882;-38,50066893;SPRF-CE;DEL01-CE;UOP02-DEL01-CE
565988;07/12/2023;quinta-feira;02:30:00;MG;40;527,4;CONTAGEM;Objeto estático sobre o leito carroçável;Colisão com objeto;Com Vítimas Feridas;Plena Noite;Decrescente;Céu Claro;Dupla;Reta;Sim;2;0;1;0;1;0;1;1;-19,90149502;-44,04938939;SPRF-MG;DEL01-MG;UOP02-DEL01-MG
565990;07/12/2023;quinta-feira;02:30:00;PI;222;84;PIRIPIRI;Manobra de mudança de faixa;Colisão frontal;Sem Vítimas;Plena Noite;Decrescente;Céu Claro;Simples;Reta;Não;2;0;0;0;2;0;0;2;-4,221304;-41,911667;SPRF-PI;DEL02-PI;UOP01-DEL02-PI
565995;06/12/2023;quarta-feira;13:30:00;RJ;116;134;MAGE;Reação tardia ou ineficiente do condutor;Tombamento;Com Vítimas Feridas;Pleno dia;Crescente;Céu Claro;Dupla;Reta;Não;1;0;1;0;0;0;1;1;-22,65368834;-43,153534;SPRF-RJ;DEL04-RJ;UOP02-DEL04-RJ