id;data_inversa;dia_semana;horario;uf;br;km;municipio;causa_acidente;tipo_acidente;classificacao_acidente;fase_dia;sentido_via;condicao_metereologica;tipo_pista;tracado_via;uso_solo;pessoas;mortos;feridos_leves;feridos_graves;ilesos;ignorados;feridos;veiculos;latitude;longitude;regional;delegacia;uop
566406;08/12/2023;sexta-feira;16:15:00;SP;116;29;CRUZEIRO;Reação tardia ou ineficiente do condutor;Colisão com objeto;Com Vítimas Feridas;Pleno dia;Decrescente;Nublado;Dupla;"Declive;Reta                  ";Não;1;0;1;0;0;0;1;1;-22,62913624;-44,92451055;SPRF-SP;DEL08-SP;UOP02-DEL08-SP
566408;08/12/2023;sexta-feira;18:10:00;PR;277;75;SAO JOSE DOS PINHAIS;Condutor deixou de manter distância do veículo da frente;Engavetamento;Sem Vítimas;Pleno dia;Crescente;Céu Claro;Dupla;Reta;Não;4;0;0;0;4;0;0;4;-25,49007917;-49,17720795;SPRF-PR;DEL01-PR;UOP07-DEL01-PR
566409;08/12/2023;sexta-feira;18:30:00;DF;70;9;BRASILIA;Reação tardia ou ineficiente do condutor;Colisão traseira;Sem Vítimas;Anoitecer;Crescente;Céu Claro;Dupla;Reta;Não;2;0;0;0;2;0;0;2;-15,79109729;-48,15311909;SPRF-DF;DEL03-DF;UOP02-DEL03-DF
566410;08/12/2023;sexta-feira;14:00:00;BA;116;408;FEIRA DE SANTANA;Reação tardia ou ineficiente do condutor;Capotamento;Com Vítimas Feridas;Pleno dia;Decrescente;Céu Claro;Dupla;Reta;Não;1;0;1;0;0;0;1;1;-12,09905801;-38,96893229;SPRF-BA;DEL02-BA;UOP01-DEL02-BA
566411;08/12/2023;sexta-feira;16:15:00;MT;163;538;DIAMANTINO;Conversão proibida;Colisão frontal;Com Vítimas Feridas;Pleno dia;Crescente;Céu Claro;Simples;Reta;Não;4;0;1;1;2;0;2;2;-14,39790283;-56,11054979;SPRF-MT;DEL01-MT;UOP01-DEL01-MT
566412;08/12/2023;sexta-feira;18:00:00;RJ;116;139;DUQUE DE CAXIAS;Reação tardia ou ineficiente do condutor;Queda de ocupante de veículo;Com Vítimas Feridas;Anoitecer;Crescente;Nublado;Múltipla;Reta;Sim;1;0;1;0;0;0;1;1;-22,64655224;-43,20138601;SPRF-RJ;DEL04-RJ;UOP02-DEL04-RJ
566413;08/12/2023;sexta-feira;19:20:00;ES;101;71;SAO MATEUS;Transitar no Acostamento;Colisão lateral mesmo sentido;Com Vítimas Feridas;Plena Noite;Crescente;Céu Claro;Simples;Reta;Não;2;0;1;0;0;1;1;2;-18,753513;-39,862598;SPRF-ES;DEL04-ES;UOP02-DEL04-ES
566414;08/12/2023;sexta-feira;19:30:00;BA;116;15,5;VITORIA DA CONQUISTA;Conversão proibida;Colisão transversal;Com Vítimas Feridas;Plena Noite;Decrescente;Céu Claro;Simples;Reta;Não;2;0;1;0;1;0;1;2;-14,90098;-40,85236;SPRF-BA;DEL08-BA;UOP01-DEL08-BA
566415;08/12/2023;sexta-feira;18:59:00;MG;381;453,6;SABARA;Mal súbito do condutor;Saída de leito carroçável;Com Vítimas Feridas;Plena Noite;Decrescente;Céu Claro;Simples;Reta;Sim;2;0;1;0;0;1;1;2;-19,841905;-43,865433;SPRF-MG;DEL01-MG;UOP01-DEL01-MG
566416;08/12/2023;sexta-feira;18:51:00;GO;40;106;CRISTALINA;Condutor Dormindo;Capotamento;Com Vítimas Feridas;Anoitecer;Decrescente;Céu Claro;Dupla;Reta;Não;1;0;1;0;0;0;1;1;-16,82722;-47,543386;SPRF-DF;DEL01-DF;UOP02-DEL01-DF
566418;06/11/2023;segunda-feira;17:00:00;SP;116;270;TABOAO DA SERRA;Ausência de reação do condutor;Colisão traseira;Com Vítimas Feridas;Pleno dia;Crescente;Céu Claro;Dupla;Reta;Não;3;0;2;0;1;0;2;2;-23,61799728;-46,79677694;SPRF-SP;DEL04-SP;UOP01-DEL04-SP
566419;08/12/2023;sexta-feira;15:45:00;SE;235;12;NOSSA SENHORA DO SOCORRO;Transtornos Mentais (exceto suicidio);Queda de ocupante de veículo;Com Vítimas Feridas;Pleno dia;Decrescente;Céu Claro;Simples;Curva;Sim;2;0;1;0;1;0;1;1;-10,872643;-37,163246;SPRF-SE;DEL01-SE;UOP01-DEL01-SE
566420;08/12/2023;sexta-feira;07:40:00;MG;365;868;SANTA VITORIA;Velocidade Incompatível;Colisão frontal;Com Vítimas Feridas;Pleno dia;Decrescente;Sol;Simples;"Aclive;Retorno Regulamentado  ";Sim;1;0;1;0;0;0;1;1;-19,047554;-50,486767;SPRF-MG;DEL15-MG;UOP03-DEL15-MG
566421;08/12/2023;sexta-feira;18:30:00;SP;116;515;CAJATI;Pista Escorregadia;Queda de ocupante de veículo;Com Vítimas Feridas;Anoitecer;Decrescente;Chuva;Simples;"Curva;Declive                 ";Não;2;0;1;0;1;0;1;1;-24,86704083;-48,21738184;SPRF-SP;DEL05-SP;UOP02-DEL05-SP
566423;08/12/2023;sexta-feira;19:35:00;MG;381;433,6;SABARA;Velocidade Incompatível;Capotamento;Com Vítimas Feridas;Plena Noite;Crescente;Chuva;Simples;Reta;Não;1;0;1;0;0;0;1;1;-19,78649179;-43,72052193;SPRF-MG;DEL01-MG;UOP01-DEL01-MG
566426;08/12/2023;sexta-feira;19:15:00;RJ;101;204;CASIMIRO DE ABREU;Condutor deixou de manter distância do veículo da frente;Colisão traseira;Sem Vítimas;Plena Noite;Crescente;Garoa/Chuvisco;Dupla;Reta;Não;4;0;0;0;4;0;0;2;-22,47451129;-42,18198196;SPRF-RJ;DEL08-RJ;UOP04-DEL08-RJ
566427;08/12/2023;sexta-feira;19:30:00;PR;369;481,8;CORBELIA;Reação tardia ou ineficiente do condutor;Colisão traseira;Com Vítimas Feridas;Plena Noite;Crescente;Céu Claro;Simples;Reta;Não;6;0;2;0;4;0;2;2;-24,6524;-53,2195;SPRF-PR;DEL04-PR;UOP03-DEL04-PR
566429;08/12/2023;sexta-feira;18:50:00;MT;163;1081;GUARANTA DO NORTE;Acesso irregular;Colisão transversal;Com Vítimas Feridas;Plena Noite;Crescente;Céu Claro;Simples;Reta;Não;2;0;1;0;1;0;1;2;-9,85581547;-54,88161391;SPRF-MT;DEL06-MT;UOP03-DEL06-MT
566430;08/12/2023;sexta-feira;18:30:00;RJ;465;20,5;NOVA IGUACU;Transitar no Acostamento;Atropelamento de Pedestre;Com Vítimas Feridas;Anoitecer;Crescente;Ignorado;Simples;Reta;Não;2;0;1;0;0;1;1;2;-22,846828;-43,605339;SPRF-RJ;DEL06-RJ;UOP02-DEL06-RJ
566431;08/12/2023;sexta-feira;19:40:00;SC;101;132,7;BALNEARIO CAMBORIU;Trafegar com motocicleta (ou similar) entre as faixas;Colisão traseira;Com Vítimas Feridas;Plena Noite;Crescente;Nublado;Dupla;Reta;Sim;2;0;0;1;1;0;1;2;-26,99654133;-48,65564711;SPRF-SC;DEL04-SC;UOP03-DEL04-SC
566432;08/12/2023;sexta-feira;20:00:00;RS;153;49,8;ERECHIM;Ingestão de álcool pelo condutor;Colisão transversal;Sem Vítimas;Plena Noite;Decrescente;Nublado;Simples;Reta;Não;4;0;0;0;3;1;0;3;-27,65540246;-52,26874352;SPRF-RS;DEL08-RS;UOP04-DEL08-RS
566433;08/12/2023;sexta-feira;18:40:00;PE;232;223;PESQUEIRA;Ausência de reação do condutor;Colisão frontal;Com Vítimas Feridas;Plena Noite;Decrescente;Céu Claro;Simples;Reta;Não;2;0;0;1;1;0;1;2;-8,40436455;-36,81023008;SPRF-PE;DEL03-PE;UOP02-DEL03-PE
566436;08/12/2023;sexta-feira;20:48:00;PE;101;65,5;RECIFE;Ausência de reação do condutor;Colisão traseira;Com Vítimas Feridas;Plena Noite;Decrescente;Céu Claro;Dupla;Reta;Sim;3;0;1;0;1;1;1;2;-8,02478597;-34,94276635;SPRF-PE;DEL01-PE;UOP01-DEL01-PE
566437;08/12/2023;sexta-feira;20:40:00;GO;153;511,5;APARECIDA DE GOIANIA;Ausência de reação do condutor;Tombamento;Com Vítimas Feridas;Plena Noite;Decrescente;Céu Claro;Dupla;Reta;Sim;1;0;0;1;0;0;1;1;-16,8067;-49,2394;SPRF-GO;DEL01-GO;UOP03-DEL01-GO
566438;08/12/2023;sexta-feira;19:50:00;RJ;40;72;PETROPOLIS;Pista Escorregadia;Colisão traseira;Com Vítimas Feridas;Plena Noite;Decrescente;Chuva;Dupla;Reta;Não;3;0;1;0;2;0;1;2;-22,4585308;-43,21600514;SPRF-RJ;DEL01-RJ;UOP01-DEL01-RJ
566439;08/12/2023;sexta-feira;19:15:00;MG;40;356,3;FELIXLANDIA;Desrespeitar a preferência no cruzamento;Colisão transversal;Com Vítimas Feridas;Plena Noite;Crescente;Céu Claro;Simples;Curva;Não;6;0;3;1;1;1;4;3;-18,73053982;-44,88268599;SPRF-MG;DEL02-MG;UOP01-DEL02-MG
566441;08/12/2023;sexta-feira;21:20:00;PB;230;21,5;JOAO PESSOA;Ausência de reação do condutor;Colisão lateral mesmo sentido;Com Vítimas Feridas;Plena Noite;Crescente;Céu Claro;Dupla;Curva;Sim;2;0;1;0;1;0;1;2;-7,148781;-34,851042;SPRF-PB;DEL01-PB;UOP01-DEL01-PB
566442;08/12/2023;sexta-feira;17:20:00;MA;316;524,8;CAXIAS;Demais falhas mecânicas ou elétricas;Queda de ocupante de veículo;Com Vítimas Feridas;Pleno dia;Crescente;Céu Claro;Simples;Reta;Não;2;0;2;0;0;0;2;1;-4,79143;-43,572159;SPRF-MA;DEL03-MA;UOP02-DEL03-MA
566443;08/12/2023;sexta-feira;21:25:00;SC;101;211,6;PALHOCA;Reação tardia ou ineficiente do condutor;Atropelamento de Pedestre;Com Vítimas Feridas;Plena Noite;Crescente;Nublado;Dupla;"Viaduto;Curva                 ";Sim;2;0;1;0;1;0;1;2;-27,62329313;-48,65245588;SPRF-SC;DEL01-SC;UOP02-DEL01-SC
566444;08/12/2023;sexta-feira;16:40:00;AL;104;36,8;UNIAO DOS PALMARES;Animais na Pista;Atropelamento de Animal;Com Vítimas Feridas;Pleno dia;Decrescente;Céu Claro;Simples;Reta;Não;1;0;1;0;0;0;1;1;-9,16859247;-36,02287647;SPRF-AL;DEL01-AL;UOP02-DEL01-AL
566445;08/12/2023;sexta-feira;18:40:00;GO;50;254;CATALAO;Chuva;Saída de leito carroçável;Sem Vítimas;Plena Noite;Crescente;Chuva;Dupla;Reta;Não;1;0;0;0;1;0;0;1;-18,0022;-47,8024;SPRF-GO;DEL06-GO;UOP01-DEL06-GO
566446;08/12/2023;sexta-feira;20:50:00;ES;101;293,5;CARIACICA;Ausência de reação do condutor;Queda de ocupante de veículo;Com Vítimas Feridas;Plena Noite;Crescente;Céu Claro;Dupla;"Curva;Em Obras;Aclive         ";Sim;1;0;0;1;0;0;1;1;-20,31526144;-40,39567044;SPRF-ES;DEL01-ES;UOP01-DEL01-ES
566449;08/12/2023;sexta-feira;20:35:00;RS;290;166,9;BUTIA;Acessar a via sem observar a presença dos outros veículos;Colisão transversal;Com Vítimas Feridas;Plena Noite;Decrescente;Céu Claro;Simples;Reta;Não;3;0;1;1;1;0;2;2;-30,122547;-51,868572;SPRF-RS;DEL02-RS;UOP03-DEL02-RS
566450;24/06/2023;sábado;01:57:00;GO;70;9;AGUAS LINDAS DE GOIAS;Transitar na contramão;Colisão frontal;Com Vítimas Feridas;Plena Noite;Crescente;Céu Claro;Múltipla;Reta;Não;2;0;1;0;1;0;1;2;-15,73576731;-48,28288046;SPRF-DF;DEL03-DF;UOP02-DEL03-DF
566451;08/12/2023;sexta-feira;20:20:00;SC;101;339,9;TUBARAO;Ausência de reação do condutor;Colisão traseira;Com Vítimas Feridas;Plena Noite;Decrescente;Céu Claro;Simples;Reta;Não;6;0;5;0;1;0;5;3;-28,5190811;-49,05395508;SPRF-SC;DEL02-SC;UOP01-DEL02-SC
566452;08/12/2023;sexta-feira;21:35:00;MG;153;194,9;FRUTAL;Afundamento ou ondulação no pavimento;Colisão com objeto;Com Vítimas Feridas;Pleno dia;Crescente;Céu Claro;Simples;"Ponte;Reta;Declive;Interseção ";Não;2;0;1;0;1;0;1;1;-19,92665221;-48,95835578;SPRF-MG;DEL13-MG;UOP02-DEL13-MG
566453;08/12/2023;sexta-feira;18:50:00;MG;50;80;UBERLANDIA;Acesso irregular;Colisão transversal;Com Vítimas Feridas;Plena Noite;Decrescente;Céu Claro;Simples;Reta;Não;2;0;1;0;1;0;1;2;-18,986906;-48,211853;SPRF-MG;DEL15-MG;UOP01-DEL15-MG
566454;08/12/2023;sexta-feira;21:00:00;RJ;101;468;ANGRA DOS REIS;Ausência de reação do condutor;Engavetamento;Com Vítimas Feridas;Plena Noite;Decrescente;Chuva;Simples;Curva;Não;4;0;2;0;1;1;2;3;-23,00721537;-44,22359287;SPRF-RJ;DEL03-RJ;UOP03-DEL03-RJ
566455;08/12/2023;sexta-feira;20:30:00;PR;277;79;CURITIBA;Condutor deixou de manter distância do veículo da frente;Colisão traseira;Sem Vítimas;Plena Noite;Decrescente;Nublado;Dupla;Curva;Não;2;0;0;0;2;0;0;2;-25,47644264;-49,20742035;SPRF-PR;DEL01-PR;UOP07-DEL01-PR
566456;08/12/2023;sexta-feira;18:30:00;PE;101;114;CABO DE SANTO AGOSTINHO;Demais falhas mecânicas ou elétricas;Saída de leito carroçável;Com Vítimas Feridas;Plena Noite;Decrescente;Céu Claro;Dupla;Reta;Não;1;0;0;1;0;0;1;1;-8,33585626;-35,1333699;SPRF-PE;DEL01-PE;UOP03-DEL01-PE
566458;08/12/2023;sexta-feira;20:50:00;BA;415;32;ILHEUS;Ausência de reação do condutor;Queda de ocupante de veículo;Com Vítimas Feridas;Pleno dia;Crescente;Céu Claro;Simples;Reta;Não;2;0;2;0;0;0;2;1;-14,8482;-39,281986;SPRF-BA;DEL05-BA;UOP01-DEL05-BA
566460;08/12/2023;sexta-feira;21:30:00;SP;116;220;GUARULHOS;Condutor deixou de manter distância do veículo da frente;Colisão lateral mesmo sentido;Com Vítimas Feridas;Plena Noite;Decrescente;Céu Claro;Múltipla;"Em Obras;Reta                 ";Não;5;0;1;0;4;0;1;3;-23,46472809;-46,49793962;SPRF-SP;DEL01-SP;UOP01-DEL01-SP
566462;08/12/2023;sexta-feira;21:10:00;GO;40;12,5;LUZIANIA;Acessar a via sem observar a presença dos outros veículos;Atropelamento de Pedestre;Com Vítimas Fatais;Plena Noite;Crescente;Céu Claro;Dupla;"Aclive;Reta                   ";Sim;2;1;0;0;0;1;0;2;-16,145123;-47,945382;SPRF-DF;DEL01-DF;UOP01-DEL01-DF
566465;08/12/2023;sexta-feira;20:20:00;SC;280;245,5;CANOINHAS;Reação tardia ou ineficiente do condutor;Saída de leito carroçável;Sem Vítimas;Plena Noite;Crescente;Nublado;Simples;Interseção de Vias;Não;1;0;0;0;0;1;0;1;-26,24263646;-50,49461672;SPRF-SC;DEL06-SC;UOP04-DEL06-SC
566466;08/12/2023;sexta-feira;21:45:00;MG;116;417;GOVERNADOR VALADARES;Acumulo de areia ou detritos sobre o pavimento;Tombamento;Com Vítimas Feridas;Plena Noite;Crescente;Céu Claro;Simples;Reta;Sim;1;0;1;0;0;0;1;1;-18,90130308;-41,94492414;SPRF-MG;DEL06-MG;UOP01-DEL06-MG
566467;08/12/2023;sexta-feira;21:55:00;PE;316;83;OURICURI;Ingestão de álcool pelo condutor;Colisão com objeto;Com Vítimas Feridas;Plena Noite;Decrescente;Céu Claro;Simples;"Interseção de Vias;Curva      ";Sim;1;0;1;0;0;0;1;1;-7,87468608;-40,08532003;SPRF-PE;DEL05-PE;UOP02-DEL05-PE
566468;08/12/2023;sexta-feira;19:40:00;BA;101;939;MUCURI;Desrespeitar a preferência no cruzamento;Colisão transversal;Com Vítimas Feridas;Plena Noite;Decrescente;Céu Claro;Simples;Rotatória;Não;4;0;3;0;1;0;3;2;-18,04403274;-39,86732483;SPRF-BA;DEL09-BA;UOP02-DEL09-BA
566469;08/12/2023;sexta-feira;23:30:00;RS;470;157,5;NOVA PRATA;Ingestão de álcool pelo condutor;Saída de leito carroçável;Com Vítimas Feridas;Plena Noite;Crescente;Céu Claro;Simples;"Curva;Declive                 ";Não;1;0;1;0;0;0;1;1;-28,791576;-51,616725;SPRF-RS;DEL06-RS;UOP02-DEL06-RS
566472;08/12/2023;sexta-feira;20:30:00;PB;110;69;SAO JOSE DE ESPINHARAS;Reação tardia ou ineficiente do condutor;Colisão com objeto;Com Vítimas Feridas;Plena Noite;Crescente;Céu Claro;Simples;Curva;Não;1;0;0;1;0;0;1;1;-6,917194;-37,40767004;SPRF-PB;DEL03-PB;UOP01-DEL03-PB
566474;08/12/2023;sexta-feira;20:59:00;TO;230;132;ARAGUATINS;Ingestão de álcool pelo condutor;Saída de leito carroçável;Sem Vítimas;Plena Noite;Decrescente;Céu Claro;Simples;Reta;Não;1;0;0;0;0;1;0;1;-5,76086104;-48,05106605;SPRF-TO;DEL02-TO;UOP03-DEL02-TO
566478;08/12/2023;sexta-feira;23:21:00;MT;163;798;VERA;Condutor Dormindo;Saída de leito carroçável;Com Vítimas Feridas;Plena Noite;Crescente;Nublado;Simples;Reta;Não;1;0;1;0;0;0;1;1;-12,195;-55,533;SPRF-MT;DEL06-MT;UOP01-DEL06-MT
566479;09/12/2023;sábado;00:25:00;DF;40;3;BRASILIA;Ausência de reação do condutor;Colisão traseira;Sem Vítimas;Plena Noite;Crescente;Céu Claro;Dupla;Reta;Sim;3;0;0;0;2;1;0;2;-16,003145;-47,983944;SPRF-DF;DEL01-DF;UOP01-DEL01-DF
566480;09/12/2023;sábado;01:20:00;SC;101;5;SAO JOSE;Frear bruscamente;Saída de leito carroçável;Com Vítimas Feridas;Plena Noite;Decrescente;Céu Claro;Múltipla;Reta;Não;1;0;1;0;0;0;1;1;-27,58786016;-48,61426592;SPRF-SC;DEL03-SC;UOP01-DEL03-SC
566481;09/12/2023;sábado;01:20:00;SP;116;276;EMBU DAS ARTES;Reação tardia ou ineficiente do condutor;Colisão com objeto;Sem Vítimas;Plena Noite;Decrescente;Garoa/Chuvisco;Múltipla;Reta;Sim;1;0;0;0;1;0;0;1;-23,64262417;-46,83811382;SPRF-SP;DEL04-SP;UOP01-DEL04-SP
566482;09/12/2023;sábado;02:00:00;MG;381;498;BETIM;Pedestre andava na pista;Atropelamento de Pedestre;Com Vítimas Fatais;Plena Noite;Crescente;Céu Claro;Dupla;"Reta;Declive                  ";Sim;5;1;0;0;3;1;0;5;-20,01172662;-44,21976041;SPRF-MG;DEL01-MG;UOP03-DEL01-MG
566483;13/04/2023;quinta-feira;14:46:00;RJ;101;64;CAMPOS DOS GOYTACAZES;Conversão proibida;Colisão transversal;Com Vítimas Feridas;Pleno dia;Crescente;Céu Claro;Simples;Interseção de Vias;Sim;2;0;2;0;0;0;2;2;-21,74908605;-41,33632461;SPRF-RJ;DEL08-RJ;UOP02-DEL08-RJ
566484;08/12/2023;sexta-feira;19:50:00;MA;230;28,4;BARAO DE GRAJAU;Reação tardia ou ineficiente do condutor;Saída de leito carroçável;Com Vítimas Feridas;Plena Noite;Decrescente;Ignorado;Simples;Reta;Não;2;0;0;2;0;0;2;1;-6,69612298;-43,23769;SPRF-PI;DEL03-PI;UOP01-DEL03-PI
566485;09/12/2023;sábado;01:35:00;MG;381;450;SABARA;Ingestão de álcool pelo condutor;Saída de leito carroçável;Sem Vítimas;Plena Noite;Crescente;Céu Claro;Simples;"Reta;Desvio Temporário        ";Sim;5;0;0;0;1;4;0;2;-19,84130639;-43,87176902;SPRF-MG;DEL01-MG;UOP01-DEL01-MG
566486;09/12/2023;sábado;01:30:00;SP;116;276;EMBU DAS ARTES;Ingestão de álcool pelo condutor;Colisão traseira;Sem Vítimas;Plena Noite;Decrescente;Nublado;Dupla;Reta;Não;2;0;0;0;2;0;0;2;-23,64262417;-46,83811382;SPRF-SP;DEL04-SP;UOP01-DEL04-SP
566488;09/12/2023;sábado;02:40:00;SC;116;227;CORREIA PINTO;Reação tardia ou ineficiente do condutor;Capotamento;Sem Vítimas;Plena Noite;Decrescente;Garoa/Chuvisco;Simples;Reta;Não;1;0;0;0;1;0;0;1;-27,63660007;-50,3395215;SPRF-SC;DEL05-SC;UOP03-DEL05-SC
566489;09/12/2023;sábado;03:00:00;MG;381;900,2;CAMBUI;Ausência de reação do condutor;Colisão traseira;Com Vítimas Feridas;Plena Noite;Crescente;Céu Claro;Dupla;Interseção de Vias;Não;5;0;2;0;3;0;2;2;-22,66197715;-46,08921986;SPRF-MG;DEL16-MG;UOP03-DEL16-MG
566490;09/12/2023;sábado;02:00:00;PR;373;244,1;GUAMIRANGA;Velocidade Incompatível;Saída de leito carroçável;Sem Vítimas;Plena Noite;Crescente;Céu Claro;Simples;"Curva;Declive                 ";Não;1;0;0;0;0;1;0;1;-25,1905309;-50,79562196;SPRF-PR;DEL03-PR;UOP01-DEL03-PR
566491;09/12/2023;sábado;03:20:00;GO;70;3;AGUAS LINDAS DE GOIAS;Condutor Dormindo;Saída de leito carroçável;Com Vítimas Feridas;Plena Noite;Crescente;Ignorado;Dupla;Reta;Sim;2;0;1;0;1;0;1;1;-15,76177302;-48,2368693;SPRF-DF;DEL03-DF;UOP02-DEL03-DF
566493;09/12/2023;sábado;03:40:00;SC;116;233,7;CORREIA PINTO;Condutor Dormindo;Saída de leito carroçável;Sem Vítimas;Plena Noite;Decrescente;Céu Claro;Simples;"Aclive;Curva                  ";Não;1;0;0;0;0;1;0;1;-27,69306795;-50,33623941;SPRF-SC;DEL05-SC;UOP01-DEL05-SC
566494;09/12/2023;sábado;03:43:00;RS;116;253;SAPUCAIA DO SUL;Reação tardia ou ineficiente do condutor;Colisão com objeto;Sem Vítimas;Plena Noite;Decrescente;Céu Claro;Dupla;Em Obras;Sim;1;0;0;0;1;0;0;1;-29,81784209;-51,16996166;SPRF-RS;DEL01-RS;UOP02-DEL01-RS
566495;09/12/2023;sábado;03:12:00;MA;10;256;IMPERATRIZ;Condutor deixou de manter distância do veículo da frente;Colisão traseira;Sem Vítimas;Plena Noite;Decrescente;Céu Claro;Simples;Reta;Não;3;0;0;0;3;0;0;2;-5,499715;-47,471836;SPRF-MA;DEL04-MA;UOP01-DEL04-MA
566496;09/12/2023;sábado;04:10:00;RS;158;92,5;PALMEIRA DAS MISSOES;Manobra de mudança de faixa;Colisão lateral sentido oposto;Sem Vítimas;Amanhecer;Crescente;Céu Claro;Simples;Reta;Não;2;0;0;0;2;0;0;2;-27,82241545;-53,33630562;SPRF-RS;DEL08-RS;UOP02-DEL08-RS
566497;08/12/2023;sexta-feira;22:30:00;PA;155;270;ELDORADO DO CARAJAS;Ausência de reação do condutor;Colisão com objeto;Com Vítimas Feridas;Plena Noite;Decrescente;Céu Claro;Simples;"Reta;Ponte                    ";Não;2;0;0;2;0;0;2;1;-5,9805958;-49,23350923;SPRF-PA;DEL03-PA;UOP01-DEL03-PA
566498;09/12/2023;sábado;04:00:00;SC;101;201,3;SAO JOSE;Ingestão de álcool pelo condutor;Saída de leito carroçável;Sem Vítimas;Plena Noite;Decrescente;Nublado;Múltipla;Reta;Sim;1;0;0;0;1;0;0;1;-27,54836599;-48,61977975;SPRF-SC;DEL01-SC;UOP01-DEL01-SC
566499;09/12/2023;sábado;04:10:00;DF;20;9,1;BRASILIA;Velocidade Incompatível;Colisão com objeto;Com Vítimas Feridas;Amanhecer;Decrescente;Céu Claro;Múltipla;"Reta;Interseção de Vias;Viadut";Sim;2;0;1;0;0;1;1;2;-15,654671;-47,782917;SPRF-DF;DEL02-DF;UOP01-DEL02-DF
566501;09/12/2023;sábado;05:08:00;RS;116;522,2;PELOTAS;Ingestão de álcool pelo condutor;Colisão com objeto;Sem Vítimas;Amanhecer;Crescente;Céu Claro;Dupla;"Reta;Ponte                    ";Não;1;0;0;0;1;0;0;1;-31,714441;-52,374715;SPRF-RS;DEL07-RS;UOP01-DEL07-RS
566502;09/12/2023;sábado;02:30:00;PR;369;382,3;MAMBORE;Ingestão de álcool pelo condutor;Colisão lateral sentido oposto;Sem Vítimas;Plena Noite;Crescente;Céu Claro;Simples;"Reta;Em Obras                 ";Não;2;0;0;0;2;0;0;2;-24,2253;-52,5175;SPRF-PR;DEL04-PR;UOP03-DEL04-PR
566503;08/12/2023;sexta-feira;20:40:00;GO;153;506;APARECIDA DE GOIANIA;Velocidade Incompatível;Saída de leito carroçável;Sem Vítimas;Plena Noite;Crescente;Céu Claro;Dupla;Reta;Não;1;0;0;0;0;1;0;1;-16,7633;-49,24;SPRF-GO;DEL01-GO;UOP01-DEL01-GO
566504;09/12/2023;sábado;05:20:00;MS;60;372,8;CAMPO GRANDE;Reação tardia ou ineficiente do condutor;Saída de leito carroçável;Com Vítimas Fatais;Pleno dia;Crescente;Céu Claro;Simples;Reta;Não;2;1;0;0;1;0;0;2;-20,571;-54,695;SPRF-MS;DEL01-MS;UOP04-DEL01-MS
566505;09/12/2023;sábado;05:30:00;CE;116;5,1;FORTALEZA;Ausência de reação do condutor;Colisão com objeto;Sem Vítimas;Pleno dia;Crescente;Céu Claro;Múltipla;Reta;Sim;1;0;0;0;0;1;0;1;-3,79467116;-38,50772734;SPRF-CE;DEL01-CE;UOP02-DEL01-CE
566509;08/12/2023;sexta-feira;22:20:00;MG;116;675;MIRADOURO;Acessar a via sem observar a presença dos outros veículos;Colisão transversal;Com Vítimas Feridas;Plena Noite;Decrescente;Chuva;Simples;Curva;Não;3;0;2;0;1;0;2;2;-20,903481;-42,350573;SPRF-MG;DEL07-MG;UOP02-DEL07-MG
566510;09/12/2023;sábado;00:40:00;RJ;101;407;ITAGUAI;Condutor deixou de manter distância do veículo da frente;Colisão traseira;Sem Vítimas;Plena Noite;Decrescente;Chuva;Múltipla;Reta;Não;2;0;0;0;1;1;0;2;-22,88087914;-43,82441392;SPRF-RJ;DEL03-RJ;UOP01-DEL03-RJ
566511;09/12/2023;sábado;04:50:00;SP;116;55,5;LORENA;Reação tardia ou ineficiente do condutor;Colisão com objeto;Com Vítimas Feridas;Plena Noite;Decrescente;Nublado;Dupla;Reta;Não;3;0;3;0;0;0;3;1;-22,76356421;-45,12272385;SPRF-SP;DEL08-SP;UOP02-DEL08-SP
566512;09/12/2023;sábado;05:00:00;PR;277;4,5;PARANAGUA;Reação tardia ou ineficiente do condutor;Queda de ocupante de veículo;Com Vítimas Feridas;Amanhecer;Crescente;Céu Claro;Simples;Declive;Sim;1;0;0;1;0;0;1;1;-25,5558739;-48,56416762;SPRF-PR;DEL01-PR;UOP05-DEL01-PR
566513;09/12/2023;sábado;05:21:00;CE;222;2,2;FORTALEZA;Manobra de mudança de faixa;Colisão traseira;Com Vítimas Feridas;Pleno dia;Decrescente;Garoa/Chuvisco;Múltipla;"Reta;Interseção de Vias       ";Sim;3;0;2;0;1;0;2;3;-3,73911117;-38,58687498;SPRF-CE;DEL01-CE;UOP01-DEL01-CE
566515;09/12/2023;sábado;06:20:00;SC;101;184;BIGUACU;Condutor Dormindo;Saída de leito carroçável;Com Vítimas Feridas;Amanhecer;Decrescente;Nublado;Dupla;Reta;Não;1;0;1;0;0;0;1;1;-27,41613807;-48,6266443;SPRF-SC;DEL01-SC;UOP01-DEL01-SC
566516;09/12/2023;sábado;06:55:00;RN;304;295;MACAIBA;Acesso irregular;Tombamento;Com Vítimas Feridas;Amanhecer;Decrescente;Céu Claro;Dupla;"Em Obras;Reta;Desvio Temporári";Não;1;0;1;0;0;0;1;1;-5,86785;-35,370407;SPRF-RN;DEL01-RN;UOP02-DEL01-RN
566517;08/12/2023;sexta-feira;21:20:00;RJ;116;220;PARACAMBI;Ausência de reação do condutor;Colisão com objeto;Com Vítimas Feridas;Plena Noite;Decrescente;Chuva;Dupla;Reta;Não;1;0;1;0;0;0;1;1;-22,69305776;-43,77362606;SPRF-RJ;DEL06-RJ;UOP02-DEL06-RJ