id;data_inversa;dia_semana;horario;uf;br;km;municipio;causa_acidente;tipo_acidente;classificacao_acidente;fase_dia;sentido_via;condicao_metereologica;tipo_pista;tracado_via;uso_solo;pessoas;mortos;feridos_leves;feridos_graves;ilesos;ignorados;feridos;veiculos;latitude;longitude;regional;delegacia;uop
566518;09/12/2023;sábado;05:50:00;PE;101;63;RECIFE;Reação tardia ou ineficiente do condutor;Queda de ocupante de veículo;Com Vítimas Feridas;Pleno dia;Decrescente;Céu Claro;Múltipla;Reta;Sim;1;0;1;0;0;0;1;1;-8,012441;-34,93821;SPRF-PE;DEL01-PE;UOP01-DEL01-PE
566519;09/12/2023;sábado;07:00:00;CE;116;6;FORTALEZA;Manobra de mudança de faixa;Colisão lateral mesmo sentido;Com Vítimas Feridas;Pleno dia;Decrescente;Nublado;Múltipla;"Reta;Declive                  ";Sim;3;0;0;1;0;2;1;3;-3,802624;-38,50400499;SPRF-CE;DEL01-CE;UOP02-DEL01-CE
566522;09/12/2023;sábado;07:05:00;MG;262;365;JUATUBA;Ausência de reação do condutor;Saída de leito carroçável;Com Vítimas Feridas;Pleno dia;Decrescente;Céu Claro;Dupla;Reta;Sim;1;0;0;1;0;0;1;1;-19,97856934;-44,25336717;SPRF-MG;DEL01-MG;UOP03-DEL01-MG
566523;09/12/2023;sábado;06:00:00;PE;101;81;RECIFE;Manobra de mudança de faixa;Colisão lateral mesmo sentido;Com Vítimas Feridas;Pleno dia;Decrescente;Céu Claro;Dupla;"Curva;Viaduto                 ";Sim;2;0;1;0;0;1;1;2;-8,1597489;-34,94024569;SPRF-PE;DEL01-PE;UOP01-DEL01-PE
566524;09/12/2023;sábado;07:10:00;SC;470;52,2;BLUMENAU;Condutor Dormindo;Colisão frontal;Com Vítimas Feridas;Pleno dia;Decrescente;Nublado;Simples;"Reta;Interseção de Vias;Rotató";Sim;4;0;1;0;3;0;1;2;-26,862286;-49,093903;SPRF-SC;DEL04-SC;UOP01-DEL04-SC
566526;09/12/2023;sábado;07:00:00;RJ;40;47,9;PETROPOLIS;Demais falhas mecânicas ou elétricas;Saída de leito carroçável;Com Vítimas Feridas;Pleno dia;Crescente;Céu Claro;Dupla;Curva;Não;1;0;1;0;0;0;1;1;-22,29169833;-43,1279826;SPRF-RJ;DEL05-RJ;UOP02-DEL05-RJ
566527;09/12/2023;sábado;05:40:00;SP;116;146,5;SAO JOSE DOS CAMPOS;Condutor Dormindo;Colisão com objeto;Com Vítimas Feridas;Amanhecer;Crescente;Nublado;Múltipla;Reta;Sim;1;0;1;0;0;0;1;1;-23,19122919;-45,86327591;SPRF-SP;DEL02-SP;UOP01-DEL02-SP
566528;09/12/2023;sábado;06:00:00;RO;364;16;VILHENA;Ausência de reação do condutor;Saída de leito carroçável;Sem Vítimas;Pleno dia;Crescente;Céu Claro;Simples;Declive;Não;1;0;0;0;0;1;0;1;-12,73437947;-60,15696986;SPRF-RO;DEL04-RO;UOP01-DEL04-RO
566529;09/12/2023;sábado;07:50:00;DF;60;5,6;BRASILIA;Entrada inopinada do pedestre;Atropelamento de Pedestre;Com Vítimas Feridas;Pleno dia;Decrescente;Céu Claro;Dupla;Reta;Sim;2;0;1;0;1;0;1;2;-15,895438;-48,104771;SPRF-DF;DEL03-DF;UOP01-DEL03-DF
566531;08/12/2023;sexta-feira;20:30:00;RJ;465;13;SEROPEDICA;Acessar a via sem observar a presença dos outros veículos;Colisão lateral mesmo sentido;Com Vítimas Feridas;Plena Noite;Decrescente;Céu Claro;Simples;Reta;Não;2;0;0;1;0;1;1;2;-22,798468;-43,645508;SPRF-RJ;DEL06-RJ;UOP02-DEL06-RJ
566532;09/12/2023;sábado;07:45:00;PR;277;650;CEU AZUL;Ultrapassagem Indevida;Colisão traseira;Com Vítimas Feridas;Pleno dia;Crescente;Céu Claro;Simples;"Declive;Reta                  ";Não;11;0;2;0;9;0;2;5;-25,19035881;-53,93738222;SPRF-PR;DEL05-PR;UOP02-DEL05-PR
566533;09/12/2023;sábado;08:00:00;PR;476;142;CURITIBA;Ausência de reação do condutor;Colisão traseira;Com Vítimas Feridas;Pleno dia;Decrescente;Céu Claro;Dupla;Reta;Sim;2;0;1;0;1;0;1;2;-25,537161;-49,301632;SPRF-PR;DEL01-PR;UOP03-DEL01-PR
566535;09/12/2023;sábado;07:20:00;PE;423;96,5;GARANHUNS;Reação tardia ou ineficiente do condutor;Colisão frontal;Sem Vítimas;Pleno dia;Crescente;Sol;Simples;Reta;Sim;2;0;0;0;2;0;0;2;-8,88021822;-36,48651678;SPRF-PE;DEL03-PE;UOP01-DEL03-PE
566541;09/12/2023;sábado;08:55:00;SC;280;51,5;GUARAMIRIM;Acessar a via sem observar a presença dos outros veículos;Colisão transversal;Com Vítimas Feridas;Pleno dia;Crescente;Nublado;Dupla;Reta;Não;2;0;1;0;1;0;1;2;-26,46538871;-48,95544449;SPRF-SC;DEL03-SC;UOP03-DEL03-SC
566543;09/12/2023;sábado;08:10:00;MS;163;506,3;JARAGUARI;Ausência de reação do condutor;Colisão traseira;Com Vítimas Fatais;Pleno dia;Decrescente;Céu Claro;Dupla;"Reta;Declive                  ";Não;3;1;1;0;0;1;1;3;-20,27898388;-54,49191222;SPRF-MS;DEL01-MS;UOP02-DEL01-MS
566546;09/12/2023;sábado;09:30:00;ES;101;204,2;JOAO NEIVA;Condutor deixou de manter distância do veículo da frente;Colisão traseira;Com Vítimas Feridas;Pleno dia;Crescente;Céu Claro;Simples;Reta;Sim;2;0;1;0;1;0;1;2;-19,74948916;-40,37922678;SPRF-ES;DEL02-ES;UOP01-DEL02-ES
566547;09/12/2023;sábado;01:56:00;MT;174;530;COMODORO;Condutor Dormindo;Saída de leito carroçável;Com Vítimas Feridas;Plena Noite;Decrescente;Nublado;Dupla;Curva;Não;1;0;0;1;0;0;1;1;-13,276274;-59,86591896;SPRF-MT;DEL04-MT;UOP02-DEL04-MT
566548;08/12/2023;sexta-feira;23:00:00;RO;174;16;VILHENA;Deficiência do Sistema de Iluminação/Sinalização;Queda de ocupante de veículo;Com Vítimas Feridas;Plena Noite;Decrescente;Nublado;Simples;Reta;Sim;2;0;0;1;0;1;1;2;-12,71452302;-60,1262149;SPRF-RO;DEL04-RO;UOP01-DEL04-RO
566549;07/10/2023;sábado;23:00:00;MG;365;449,3;PATROCINIO;Acesso irregular;Colisão frontal;Com Vítimas Feridas;Plena Noite;Crescente;Céu Claro;Simples;Reta;Não;3;0;0;2;1;0;2;2;-18,83084564;-46,81816006;SPRF-MG;DEL10-MG;UOP01-DEL10-MG
566550;09/12/2023;sábado;10:00:00;SP;101;51;UBATUBA;Acessar a via sem observar a presença dos outros veículos;Colisão transversal;Com Vítimas Feridas;Pleno dia;Crescente;Chuva;Simples;Reta;Sim;4;0;2;0;2;0;2;2;-23,45627795;-45,07111896;SPRF-SP;DEL06-SP;UOP01-DEL06-SP
566553;09/12/2023;sábado;10:10:00;PR;116;115;CURITIBA;Condutor deixou de manter distância do veículo da frente;Colisão traseira;Com Vítimas Feridas;Pleno dia;Decrescente;Céu Claro;Dupla;Reta;Sim;5;0;2;0;3;0;2;3;-25,55953326;-49,26560414;SPRF-PR;DEL01-PR;UOP07-DEL01-PR
566554;09/12/2023;sábado;09:50:00;PR;376;177,2;MARINGA;Manobra de mudança de faixa;Colisão lateral mesmo sentido;Com Vítimas Feridas;Pleno dia;Crescente;Céu Claro;Dupla;Reta;Sim;2;0;1;0;1;0;1;2;-23,41396944;-51,92878962;SPRF-PR;DEL09-PR;UOP01-DEL09-PR
566555;09/12/2023;sábado;09:40:00;BA;367;83,3;EUNAPOLIS;Desrespeitar a preferência no cruzamento;Colisão transversal;Com Vítimas Feridas;Pleno dia;Decrescente;Sol;Dupla;"Reta;Interseção de Vias       ";Sim;4;0;1;0;3;0;1;2;-16,373781;-39,57609;SPRF-BA;DEL09-BA;UOP03-DEL09-BA
566556;09/12/2023;sábado;10:30:00;SC;101;207;SAO JOSE;Demais falhas mecânicas ou elétricas;Tombamento;Com Vítimas Feridas;Pleno dia;Decrescente;Nublado;Múltipla;Reta;Sim;2;0;2;0;0;0;2;1;-27,60001226;-48,6226467;SPRF-SC;DEL01-SC;UOP01-DEL01-SC
566558;09/12/2023;sábado;10:45:00;SC;101;135;BALNEARIO CAMBORIU;Reação tardia ou ineficiente do condutor;Colisão traseira;Com Vítimas Feridas;Pleno dia;Decrescente;Nublado;Dupla;Reta;Sim;3;0;1;0;2;0;1;2;-27,0050108;-48,62677494;SPRF-SC;DEL04-SC;UOP03-DEL04-SC
566559;09/12/2023;sábado;10:30:00;BA;367;83,6;EUNAPOLIS;Acessar a via sem observar a presença dos outros veículos;Colisão transversal;Sem Vítimas;Pleno dia;Crescente;Céu Claro;Simples;Reta;Sim;4;0;0;0;3;1;0;2;-16,37256267;-39,57064408;SPRF-BA;DEL09-BA;UOP03-DEL09-BA
566560;09/12/2023;sábado;09:29:00;MT;364;1;ALTO ARAGUAIA;Acessar a via sem observar a presença dos outros veículos;Colisão transversal;Com Vítimas Feridas;Pleno dia;Crescente;Céu Claro;Dupla;"Declive;Reta                  ";Sim;2;0;1;0;1;0;1;2;-17,31227325;-53,21828343;SPRF-MT;DEL02-MT;UOP02-DEL02-MT
566561;09/12/2023;sábado;08:25:00;ES;262;76,5;DOMINGOS MARTINS;Ausência de reação do condutor;Queda de ocupante de veículo;Com Vítimas Feridas;Pleno dia;Decrescente;Céu Claro;Simples;Curva;Não;1;0;1;0;0;0;1;1;-20,41279327;-40,90834307;SPRF-ES;DEL01-ES;UOP02-DEL01-ES
566564;09/12/2023;sábado;10:54:00;SC;101;217,7;PALHOCA;Condutor deixou de manter distância do veículo da frente;Colisão traseira;Com Vítimas Feridas;Pleno dia;Crescente;Nublado;Dupla;Reta;Sim;2;0;1;0;1;0;1;2;-27,66779034;-48,67393586;SPRF-SC;DEL01-SC;UOP02-DEL01-SC
566565;09/12/2023;sábado;11:40:00;MG;354;753,5;ITAMONTE;Ultrapassagem Indevida;Colisão transversal;Com Vítimas Feridas;Pleno dia;Crescente;Céu Claro;Simples;Curva;Sim;2;0;1;0;1;0;1;2;-22,283565;-44,86967348;SPRF-MG;DEL17-MG;UOP01-DEL17-MG
566567;09/12/2023;sábado;11:30:00;SP;381;41;ATIBAIA;Trafegar com motocicleta (ou similar) entre as faixas;Colisão traseira;Com Vítimas Feridas;Pleno dia;Crescente;Céu Claro;Dupla;"Aclive;Reta                   ";Sim;2;0;0;1;1;0;1;2;-23,13863999;-46,57584088;SPRF-SP;DEL03-SP;UOP01-DEL03-SP
566568;09/12/2023;sábado;12:05:00;SC;101;215,6;PALHOCA;Acessar a via sem observar a presença dos outros veículos;Colisão lateral mesmo sentido;Com Vítimas Feridas;Pleno dia;Decrescente;Nublado;Múltipla;"Reta;Interseção de Vias       ";Não;2;0;1;0;1;0;1;2;-27,65680891;-48,67814541;SPRF-SC;DEL01-SC;UOP02-DEL01-SC
566569;09/12/2023;sábado;10:31:00;GO;153;585;PIRACANJUBA;Demais falhas mecânicas ou elétricas;Saída de leito carroçável;Com Vítimas Feridas;Pleno dia;Crescente;Céu Claro;Dupla;Reta;Sim;1;0;1;0;0;0;1;1;-17,4253;-49,2278;SPRF-GO;DEL03-GO;UOP01-DEL03-GO
566576;09/12/2023;sábado;09:50:00;SC;282;349,3;CAMPOS NOVOS;Ausência de reação do condutor;Saída de leito carroçável;Com Vítimas Feridas;Pleno dia;Decrescente;Céu Claro;Simples;Reta;Não;1;0;1;0;0;0;1;1;-27,358049;-51,282482;SPRF-SC;DEL07-SC;UOP06-DEL07-SC
566577;09/12/2023;sábado;09:50:00;RJ;101;169;MACAE;Chuva;Colisão frontal;Com Vítimas Feridas;Pleno dia;Crescente;Chuva;Simples;"Aclive;Reta                   ";Não;4;0;4;0;0;0;4;2;-22,35125958;-41,9221205;SPRF-RJ;DEL08-RJ;UOP04-DEL08-RJ
566578;09/12/2023;sábado;11:34:00;MG;381;684,2;RIBEIRAO VERMELHO;Reação tardia ou ineficiente do condutor;Colisão com objeto;Com Vítimas Feridas;Pleno dia;Decrescente;Sol;Dupla;Curva;Não;5;0;5;0;0;0;5;1;-21,183794;-45,119785;SPRF-MG;DEL04-MG;UOP02-DEL04-MG
566579;09/12/2023;sábado;12:23:00;PI;343;3;TERESINA;Condutor deixou de manter distância do veículo da frente;Colisão lateral mesmo sentido;Com Vítimas Feridas;Pleno dia;Crescente;Céu Claro;Dupla;Reta;Sim;2;0;1;0;0;1;1;2;-5,089569;-42,802288;SPRF-PI;DEL01-PI;UOP01-DEL01-PI
566581;09/12/2023;sábado;10:50:00;RJ;40;117;DUQUE DE CAXIAS;Chuva;Queda de ocupante de veículo;Com Vítimas Feridas;Pleno dia;Decrescente;Chuva;Dupla;Reta;Não;2;0;2;0;0;0;2;1;-22,745676;-43,2881;SPRF-RJ;DEL01-RJ;UOP02-DEL01-RJ
566582;09/12/2023;sábado;11:05:00;RJ;40;110;DUQUE DE CAXIAS;Condutor deixou de manter distância do veículo da frente;Colisão traseira;Com Vítimas Feridas;Pleno dia;Crescente;Chuva;Dupla;Reta;Sim;3;0;1;0;2;0;1;2;-22,68289906;-43,28549346;SPRF-RJ;DEL01-RJ;UOP02-DEL01-RJ
566583;09/12/2023;sábado;04:00:00;PI;343;457,1;SAO PEDRO DO PIAUI;Ausência de reação do condutor;Saída de leito carroçável;Com Vítimas Fatais;Plena Noite;Crescente;Ignorado;Simples;Reta;Não;1;1;0;0;0;0;0;1;-5,960817;-42,728113;SPRF-PI;DEL01-PI;UOP02-DEL01-PI
566584;09/12/2023;sábado;12:40:00;PR;376;167,9;MARINGA;Reação tardia ou ineficiente do condutor;Saída de leito carroçável;Com Vítimas Feridas;Pleno dia;Decrescente;Sol;Dupla;"Aclive;Reta                   ";Não;2;0;0;1;1;0;1;1;-23,39373906;-52,00910836;SPRF-PR;DEL09-PR;UOP01-DEL09-PR
566586;09/12/2023;sábado;13:40:00;GO;40;0,8;VALPARAISO DE GOIAS;Entrada inopinada do pedestre;Atropelamento de Pedestre;Com Vítimas Feridas;Pleno dia;Crescente;Céu Claro;Dupla;Reta;Não;2;0;1;0;1;0;1;2;-16,058273;-47,982655;SPRF-DF;DEL01-DF;UOP01-DEL01-DF
566587;09/12/2023;sábado;13:35:00;GO;40;0,7;VALPARAISO DE GOIAS;Transitar no Acostamento;Atropelamento de Pedestre;Com Vítimas Feridas;Pleno dia;Crescente;Sol;Dupla;Reta;Sim;2;0;0;1;0;1;1;2;-16,058273;-47,982655;SPRF-DF;DEL01-DF;UOP01-DEL01-DF
566588;09/12/2023;sábado;13:57:00;ES;262;79;DOMINGOS MARTINS;Velocidade Incompatível;Capotamento;Com Vítimas Feridas;Pleno dia;Crescente;Chuva;Simples;Curva;Não;4;0;2;1;1;0;3;1;-20,40937987;-40,93210421;SPRF-ES;DEL01-ES;UOP02-DEL01-ES
566590;09/12/2023;sábado;13:20:00;MG;116;770,4;LEOPOLDINA;Velocidade Incompatível;Colisão frontal;Com Vítimas Fatais;Pleno dia;Crescente;Chuva;Simples;Curva;Não;5;1;1;0;3;0;1;2;-21,55054675;-42,67361103;SPRF-MG;DEL07-MG;UOP01-DEL07-MG
566591;09/12/2023;sábado;14:00:00;RJ;101;402,2;ITAGUAI;Acumulo de água sobre o pavimento;Colisão com objeto;Com Vítimas Feridas;Pleno dia;Decrescente;Chuva;Dupla;Curva;Não;2;0;1;0;1;0;1;1;-22,85437433;-43,78440169;SPRF-RJ;DEL03-RJ;UOP01-DEL03-RJ
566592;09/12/2023;sábado;08:00:00;SP;116;545;BARRA DO TURVO;Reação tardia ou ineficiente do condutor;Colisão com objeto;Com Vítimas Feridas;Pleno dia;Crescente;Garoa/Chuvisco;Simples;"Curva;Declive                 ";Não;2;0;2;0;0;0;2;1;-24,95016699;-48,42400302;SPRF-SP;DEL05-SP;UOP02-DEL05-SP
566593;09/12/2023;sábado;14:05:00;PR;277;69;SAO JOSE DOS PINHAIS;Demais falhas mecânicas ou elétricas;Tombamento;Com Vítimas Feridas;Pleno dia;Decrescente;Nublado;Dupla;Reta;Sim;2;0;2;0;0;0;2;1;-25,53715243;-49,07076619;SPRF-PR;DEL01-PR;UOP01-DEL01-PR
566595;09/12/2023;sábado;14:05:00;RN;110;47,8;MOSSORO;Transitar no Acostamento;Colisão traseira;Com Vítimas Feridas;Pleno dia;Decrescente;Sol;Simples;Reta;Sim;2;0;1;0;1;0;1;2;-5,20338376;-37,32563418;SPRF-RN;DEL04-RN;UOP01-DEL04-RN
566596;09/12/2023;sábado;11:30:00;RJ;40;96,6;DUQUE DE CAXIAS;Avarias e/ou desgaste excessivo no pneu;Colisão com objeto;Com Vítimas Feridas;Pleno dia;Decrescente;Chuva;Dupla;"Curva;Aclive                  ";Sim;1;0;1;0;0;0;1;1;-22,58215487;-43,26246727;SPRF-RJ;DEL01-RJ;UOP01-DEL01-RJ
566597;09/12/2023;sábado;13:25:00;PR;163;140;CAPITAO LEONIDAS MARQUES;Velocidade Incompatível;Saída de leito carroçável;Com Vítimas Feridas;Pleno dia;Decrescente;Céu Claro;Simples;"Curva;Declive                 ";Não;1;0;1;0;0;0;1;1;-25,49765306;-53,59938318;SPRF-PR;DEL05-PR;UOP05-DEL05-PR
566598;09/12/2023;sábado;09:00:00;SP;116;561;BARRA DO TURVO;Reação tardia ou ineficiente do condutor;Capotamento;Com Vítimas Feridas;Pleno dia;Decrescente;Chuva;Dupla;Curva;Não;3;0;1;0;2;0;1;1;-25,02045097;-48,51586004;SPRF-SP;DEL05-SP;UOP02-DEL05-SP
566599;09/12/2023;sábado;14:50:00;PR;376;200,8;MARIALVA;Condutor deixou de manter distância do veículo da frente;Colisão lateral mesmo sentido;Com Vítimas Feridas;Pleno dia;Decrescente;Nublado;Dupla;Reta;Não;2;0;0;1;1;0;1;2;-23,50951388;-51,72140497;SPRF-PR;DEL09-PR;UOP01-DEL09-PR
566602;09/12/2023;sábado;14:40:00;MG;381;664,1;SANTO ANTONIO DO AMPARO;Demais falhas mecânicas ou elétricas;Queda de ocupante de veículo;Com Vítimas Feridas;Pleno dia;Decrescente;Nublado;Dupla;Reta;Não;1;0;1;0;0;0;1;1;-21,05337253;-45,02126711;SPRF-MG;DEL04-MG;UOP02-DEL04-MG
566603;09/12/2023;sábado;14:42:00;RN;101;103;PARNAMIRIM;Manobra de mudança de faixa;Colisão lateral mesmo sentido;Com Vítimas Feridas;Pleno dia;Decrescente;Céu Claro;Dupla;Reta;Sim;2;0;1;0;1;0;1;2;-5,89034022;-35,24894996;SPRF-RN;DEL01-RN;UOP01-DEL01-RN
566604;09/12/2023;sábado;14:55:00;SC;470;56;BLUMENAU;Acessar a via sem observar a presença dos outros veículos;Colisão transversal;Com Vítimas Feridas;Pleno dia;Decrescente;Nublado;Simples;Reta;Sim;5;0;1;0;4;0;1;3;-26,87674;-49,127743;SPRF-SC;DEL04-SC;UOP01-DEL04-SC
566605;09/12/2023;sábado;13:30:00;PE;104;23;TAQUARITINGA DO NORTE;Ausência de reação do condutor;Colisão traseira;Sem Vítimas;Pleno dia;Decrescente;Céu Claro;Simples;Em Obras;Não;5;0;0;0;5;0;0;2;-7,975153;-36,106238;SPRF-PE;DEL02-PE;UOP01-DEL02-PE
566606;09/12/2023;sábado;14:30:00;AL;101;115,8;PILAR;Transitar na contramão;Colisão frontal;Com Vítimas Feridas;Pleno dia;Decrescente;Céu Claro;Simples;Reta;Não;6;0;1;0;5;0;1;2;-9,64267498;-36,02457883;SPRF-AL;DEL02-AL;UOP01-DEL02-AL
566607;09/12/2023;sábado;13:55:00;PR;163;285;MARECHAL CANDIDO RONDON;Transitar na contramão;Colisão frontal;Com Vítimas Feridas;Pleno dia;Crescente;Céu Claro;Simples;"Reta;Rotatória                ";Sim;4;0;1;0;1;2;1;3;-24,568102;-54,034168;SPRF-PR;DEL06-PR;UOP02-DEL06-PR
566608;09/12/2023;sábado;14:40:00;RS;116;656;JAGUARAO;Reação tardia ou ineficiente do condutor;Colisão frontal;Com Vítimas Feridas;Pleno dia;Crescente;Céu Claro;Simples;Reta;Sim;4;0;2;1;1;0;3;2;-32,56067023;-53,38439839;SPRF-RS;DEL07-RS;UOP03-DEL07-RS
566610;09/12/2023;sábado;16:00:00;SP;116;219;GUARULHOS;Trafegar com motocicleta (ou similar) entre as faixas;Colisão lateral mesmo sentido;Com Vítimas Feridas;Pleno dia;Decrescente;Céu Claro;Múltipla;Reta;Sim;3;0;2;0;0;1;2;2;-23,46143954;-46,48885316;SPRF-SP;DEL01-SP;UOP01-DEL01-SP
566611;09/12/2023;sábado;14:45:00;RO;364;708;PORTO VELHO;Acessar a via sem observar a presença dos outros veículos;Colisão traseira;Com Vítimas Feridas;Pleno dia;Crescente;Nublado;Dupla;Reta;Não;4;0;1;1;2;0;2;2;-8,79451139;-63,84268111;SPRF-RO;DEL01-RO;UOP01-DEL01-RO
566612;09/12/2023;sábado;15:50:00;RJ;116;176;SAO JOAO DE MERITI;Objeto estático sobre o leito carroçável;Colisão com objeto;Com Vítimas Feridas;Pleno dia;Crescente;Garoa/Chuvisco;Dupla;Reta;Sim;1;0;0;1;0;0;1;1;-22,7839538;-43,38195488;SPRF-RJ;DEL06-RJ;UOP01-DEL06-RJ
566613;09/12/2023;sábado;16:00:00;BA;101;734;ITABELA;Reação tardia ou ineficiente do condutor;Saída de leito carroçável;Com Vítimas Feridas;Pleno dia;Crescente;Sol;Simples;"Curva;Declive                 ";Não;2;0;1;1;0;0;2;1;-16,65979108;-39,51564825;SPRF-BA;DEL09-BA;UOP01-DEL09-BA
566615;09/12/2023;sábado;14:25:00;PR;469;16,2;FOZ DO IGUACU;Reação tardia ou ineficiente do condutor;Engavetamento;Sem Vítimas;Pleno dia;Crescente;Céu Claro;Simples;Reta;Não;3;0;0;0;3;0;0;3;-25,5844;-54,5245;SPRF-PR;DEL05-PR;UOP04-DEL05-PR
566616;09/12/2023;sábado;16:05:00;RS;101;16;DOM PEDRO DE ALCANTARA;Ingestão de substâncias psicoativas pelo condutor;Tombamento;Com Vítimas Feridas;Pleno dia;Crescente;Céu Claro;Dupla;Reta;Não;1;0;1;0;0;0;1;1;-29,40963;-49,857376;SPRF-RS;DEL03-RS;UOP02-DEL03-RS
566617;09/12/2023;sábado;11:40:00;SP;116;296,8;ITAPECERICA DA SERRA;Transitar no Acostamento;Colisão traseira;Com Vítimas Feridas;Pleno dia;Crescente;Céu Claro;Dupla;Reta;Não;4;0;1;0;2;1;1;2;-23,775485;-46,914416;SPRF-SP;DEL04-SP;UOP01-DEL04-SP
566618;09/12/2023;sábado;16:26:00;GO;40;11;LUZIANIA;Acessar a via sem observar a presença dos outros veículos;Colisão transversal;Com Vítimas Feridas;Pleno dia;Crescente;Céu Claro;Dupla;"Retorno Regulamentado;Interseç";Sim;5;0;2;0;3;0;2;2;-16,138336;-47,951644;SPRF-DF;DEL01-DF;UOP01-DEL01-DF
566620;09/12/2023;sábado;16:30:00;GO;40;26,8;LUZIANIA;Reação tardia ou ineficiente do condutor;Saída de leito carroçável;Com Vítimas Feridas;Pleno dia;Decrescente;Céu Claro;Dupla;Reta;Não;1;0;1;0;0;0;1;1;-16,259798;-47,894931;SPRF-DF;DEL01-DF;UOP01-DEL01-DF
566622;09/12/2023;sábado;16:00:00;SC;101;416;ARARANGUA;Ingestão de álcool pelo condutor;Colisão lateral mesmo sentido;Sem Vítimas;Pleno dia;Crescente;Nublado;Simples;Reta;Sim;2;0;0;0;2;0;0;2;-28,97453469;-49,53146338;SPRF-SC;DEL02-SC;UOP02-DEL02-SC
566623;09/12/2023;sábado;17:45:00;SE;235;46;ITABAIANA;Pedestre andava na pista;Atropelamento de Pedestre;Com Vítimas Feridas;Plena Noite;Decrescente;Céu Claro;Simples;Reta;Não;2;0;0;1;0;1;1;2;-10,739394;-37,405602;SPRF-SE;DEL01-SE;UOP02-DEL01-SE
566624;09/12/2023;sábado;17:30:00;SP;116;216;GUARULHOS;Trafegar com motocicleta (ou similar) entre as faixas;Colisão lateral mesmo sentido;Com Vítimas Feridas;Anoitecer;Decrescente;Céu Claro;Múltipla;Reta;Sim;3;0;1;0;2;0;1;2;-23,45056589;-46,46258105;SPRF-SP;DEL01-SP;UOP01-DEL01-SP
566626;09/12/2023;sábado;18:00:00;MG;40;496,4;ESMERALDAS;Acumulo de água sobre o pavimento;Capotamento;Com Vítimas Feridas;Plena Noite;Crescente;Chuva;Dupla;"Curva;Declive                 ";Não;2;0;1;0;1;0;1;1;-19,672967;-44,192043;SPRF-MG;DEL02-MG;UOP01-DEL02-MG
566628;09/12/2023;sábado;18:40:00;MG;40;529;CONTAGEM;Demais falhas mecânicas ou elétricas;Queda de ocupante de veículo;Com Vítimas Feridas;Pleno dia;Crescente;Céu Claro;Dupla;"Declive;Reta                  ";Não;2;0;2;0;0;0;2;1;-19,91635592;-44,03966566;SPRF-MG;DEL01-MG;UOP02-DEL01-MG
566629;09/12/2023;sábado;18:25:00;MG;50;70;UBERLANDIA;Frear bruscamente;Colisão lateral mesmo sentido;Com Vítimas Feridas;Anoitecer;Decrescente;Nublado;Dupla;"Declive;Reta                  ";Sim;3;0;2;0;1;0;2;2;-18,88793427;-48,26075077;SPRF-MG;DEL15-MG;UOP01-DEL15-MG
566631;09/12/2023;sábado;16:12:00;BA;30;359,5;BRUMADO;Ingestão de álcool pelo condutor;Colisão traseira;Com Vítimas Feridas;Pleno dia;Decrescente;Céu Claro;Simples;Curva;Sim;2;0;1;0;1;0;1;2;-14,25173887;-41,73531011;SPRF-BA;DEL08-BA;UOP01-DEL08-BA
566633;09/12/2023;sábado;19:00:00;MG;381;492;BETIM;Condutor deixou de manter distância do veículo da frente;Colisão traseira;Com Vítimas Feridas;Plena Noite;Crescente;Garoa/Chuvisco;Dupla;Reta;Não;2;0;0;1;1;0;1;2;-19,97490091;-44,19004301;SPRF-MG;DEL01-MG;UOP03-DEL01-MG
566634;09/12/2023;sábado;18:08:00;GO;40;5;VALPARAISO DE GOIAS;Condutor deixou de manter distância do veículo da frente;Colisão traseira;Sem Vítimas;Plena Noite;Crescente;Céu Claro;Dupla;Reta;Sim;3;0;0;0;2;1;0;2;-16,093134;-47,982236;SPRF-DF;DEL01-DF;UOP01-DEL01-DF
566635;09/12/2023;sábado;18:50:00;MG;116;650,8;FERVEDOURO;Ausência de reação do condutor;Colisão transversal;Com Vítimas Feridas;Plena Noite;Decrescente;Nublado;Simples;Reta;Sim;4;0;2;0;1;1;2;3;-20,726677;-42,28049;SPRF-MG;DEL07-MG;UOP02-DEL07-MG
566636;09/12/2023;sábado;17:40:00;PE;101;157;GAMELEIRA;Desrespeitar a preferência no cruzamento;Saída de leito carroçável;Com Vítimas Feridas;Anoitecer;Decrescente;Céu Claro;Dupla;"Retorno Regulamentado;Reta    ";Não;2;0;0;2;0;0;2;2;-8,553364;-35,400143;SPRF-PE;DEL01-PE;UOP03-DEL01-PE
566637;09/12/2023;sábado;17:50:00;PE;424;81,4;GARANHUNS;Ultrapassagem Indevida;Colisão lateral mesmo sentido;Com Vítimas Fatais;Plena Noite;Decrescente;Céu Claro;Simples;"Aclive;Reta                   ";Não;2;1;0;0;0;1;0;2;-8,83566196;-36,53934997;SPRF-PE;DEL03-PE;UOP01-DEL03-PE
566639;09/12/2023;sábado;18:30:00;AP;210;3;MACAPA;Manobra de mudança de faixa;Colisão transversal;Com Vítimas Feridas;Plena Noite;Decrescente;Céu Claro;Simples;Reta;Sim;3;0;1;1;0;1;2;3;0,08723365;-51,08569007;SPRF-AP;DEL01-AP;UOP01-DEL01-AP