id;data_inversa;dia_semana;horario;uf;br;km;municipio;causa_acidente;tipo_acidente;classificacao_acidente;fase_dia;sentido_via;condicao_metereologica;tipo_pista;tracado_via;uso_solo;pessoas;mortos;feridos_leves;feridos_graves;ilesos;ignorados;feridos;veiculos;latitude;longitude;regional;delegacia;uop
566753;10/12/2023;domingo;06:10:00;RJ;393;138;SAPUCAIA;Velocidade Incompatível;Saída de leito carroçável;Com Vítimas Feridas;Amanhecer;Crescente;Nublado;Simples;Curva;Não;1;0;1;0;0;0;1;1;-22,00266194;-42,93093204;SPRF-RJ;DEL05-RJ;UOP01-DEL05-RJ
566754;10/12/2023;domingo;04:00:00;SP;459;30;LORENA;Ingestão de álcool pelo condutor;Colisão traseira;Sem Vítimas;Amanhecer;Decrescente;Nublado;Simples;Reta;Não;3;0;0;0;2;1;0;3;-22,725021;-45,103531;SPRF-SP;DEL08-SP;UOP02-DEL08-SP
566755;10/12/2023;domingo;06:49:00;TO;153;141;ARAGUAINA;Reação tardia ou ineficiente do condutor;Queda de ocupante de veículo;Com Vítimas Feridas;Pleno dia;Crescente;Céu Claro;Dupla;Reta;Sim;1;0;1;0;0;0;1;1;-7,175959;-48,219548;SPRF-TO;DEL02-TO;UOP01-DEL02-TO
566756;10/12/2023;domingo;01:00:00;MT;174;287;PONTES E LACERDA;Ingestão de álcool pelo condutor;Saída de leito carroçável;Com Vítimas Feridas;Plena Noite;Decrescente;Céu Claro;Simples;Reta;Não;1;0;1;0;0;0;1;1;-15,24297301;-59,31386001;SPRF-MT;DEL04-MT;UOP01-DEL04-MT
566758;10/12/2023;domingo;06:50:00;PE;232;13;JABOATAO DOS GUARARAPES;Ausência de reação do condutor;Colisão traseira;Com Vítimas Feridas;Pleno dia;Crescente;Céu Claro;Dupla;Reta;Não;2;0;2;0;0;0;2;2;-8,08831567;-35,01203806;SPRF-PE;DEL01-PE;UOP01-DEL01-PE
566759;10/12/2023;domingo;06:20:00;RS;101;29;TRES CACHOEIRAS;Ingestão de álcool pelo condutor;Colisão com objeto;Sem Vítimas;Pleno dia;Decrescente;Céu Claro;Dupla;Curva;Não;2;0;0;0;2;0;0;1;-29,4735831;-49,95929681;SPRF-RS;DEL03-RS;UOP02-DEL03-RS
566760;10/12/2023;domingo;00:20:00;AM;319;66;CANUTAMA;Animais na Pista;Atropelamento de Animal;Com Vítimas Fatais;Plena Noite;Decrescente;Nublado;Simples;Reta;Não;3;1;0;0;2;0;0;2;-8,20605344;-63,89579773;SPRF-AM;DEL01-AM;UOP04-DEL01-AM
566761;10/12/2023;domingo;03:30:00;PA;153;147,5;SAO GERALDO DO ARAGUAIA;Ausência de reação do condutor;Colisão frontal;Com Vítimas Fatais;Plena Noite;Crescente;Nublado;Simples;"Reta;Declive                  ";Sim;3;1;0;1;0;1;1;2;-6,374044;-48,585861;SPRF-PA;DEL03-PA;UOP01-DEL03-PA
566764;10/12/2023;domingo;07:30:00;SC;480;125,8;CHAPECO;Velocidade Incompatível;Saída de leito carroçável;Sem Vítimas;Pleno dia;Decrescente;Chuva;Dupla;Reta;Sim;1;0;0;0;0;1;0;1;-27,01164515;-52,63953123;SPRF-SC;DEL07-SC;UOP01-DEL07-SC
566765;10/12/2023;domingo;06:30:00;RS;392;52;RIO GRANDE;Ausência de reação do condutor;Colisão traseira;Sem Vítimas;Pleno dia;Decrescente;Nublado;Dupla;Reta;Não;2;0;0;0;1;1;0;2;-31,85621898;-52,32534987;SPRF-RS;DEL07-RS;UOP02-DEL07-RS
566766;10/12/2023;domingo;05:30:00;RJ;116;180;NOVA IGUACU;Transitar na contramão;Colisão lateral sentido oposto;Com Vítimas Feridas;Amanhecer;Decrescente;Nublado;Dupla;Reta;Sim;5;0;1;0;4;0;1;2;-22,7651616;-43,4154728;SPRF-RJ;DEL06-RJ;UOP01-DEL06-RJ
566767;10/12/2023;domingo;06:00:00;MT;174;75,8;CACERES;Ausência de reação do condutor;Saída de leito carroçável;Com Vítimas Feridas;Amanhecer;Crescente;Céu Claro;Simples;Rotatória;Não;1;0;1;0;0;0;1;1;-16,02087;-57,733944;SPRF-MT;DEL03-MT;UOP01-DEL03-MT
566768;10/12/2023;domingo;07:30:00;PR;376;637;TIJUCAS DO SUL;Ingestão de álcool pelo condutor;Colisão com objeto;Com Vítimas Feridas;Pleno dia;Crescente;Céu Claro;Simples;Reta;Não;2;0;1;0;1;0;1;1;-25,74835685;-49,13010836;SPRF-PR;DEL01-PR;UOP04-DEL01-PR
566769;10/12/2023;domingo;07:54:00;PE;232;9;RECIFE;Ausência de reação do condutor;Colisão traseira;Com Vítimas Feridas;Pleno dia;Crescente;Céu Claro;Múltipla;Reta;Não;2;0;1;0;1;0;1;2;-8,076708;-34,973473;SPRF-PE;DEL01-PE;UOP01-DEL01-PE
566771;10/12/2023;domingo;08:40:00;GO;60;45;ALEXANIA;Ausência de reação do condutor;Colisão traseira;Com Vítimas Feridas;Pleno dia;Decrescente;Céu Claro;Dupla;Aclive;Não;3;0;0;1;1;1;1;3;-16,1324;-48,5977;SPRF-GO;DEL02-GO;UOP01-DEL02-GO
566772;10/12/2023;domingo;08:40:00;RS;116;233;NOVO HAMBURGO;Conversão proibida;Colisão transversal;Com Vítimas Feridas;Pleno dia;Decrescente;Céu Claro;Simples;"Aclive;Reta                   ";Sim;2;0;1;1;0;0;2;2;-29,65121313;-51,1444433;SPRF-RS;DEL01-RS;UOP02-DEL01-RS
566773;08/10/2023;domingo;08:00:00;MG;40;513;RIBEIRAO DAS NEVES;Reação tardia ou ineficiente do condutor;Colisão traseira;Com Vítimas Feridas;Pleno dia;Decrescente;Céu Claro;Dupla;Reta;Sim;2;0;0;1;1;0;1;2;-19,7970544;-44,1080512;SPRF-MG;DEL01-MG;UOP02-DEL01-MG
566774;10/12/2023;domingo;08:13:00;PB;230;16;CABEDELO;Condutor deixou de manter distância do veículo da frente;Colisão traseira;Com Vítimas Feridas;Pleno dia;Decrescente;Céu Claro;Dupla;"Curva;Declive                 ";Sim;2;0;1;0;1;0;1;2;-7,1039;-34,8458;SPRF-PB;DEL01-PB;UOP01-DEL01-PB
566775;10/12/2023;domingo;07:30:00;RJ;40;124;DUQUE DE CAXIAS;Condutor deixou de manter distância do veículo da frente;Colisão traseira;Com Vítimas Feridas;Pleno dia;Decrescente;Nublado;Dupla;Reta;Sim;2;0;1;0;0;1;1;2;-22,807953;-43,289124;SPRF-RJ;DEL01-RJ;UOP02-DEL01-RJ
566777;10/12/2023;domingo;08:40:00;RS;116;147,2;CAXIAS DO SUL;Reação tardia ou ineficiente do condutor;Colisão traseira;Sem Vítimas;Pleno dia;Decrescente;Nublado;Dupla;Reta;Sim;2;0;0;0;2;0;0;2;-29,14908014;-51,1429969;SPRF-RS;DEL05-RS;UOP01-DEL05-RS
566779;10/12/2023;domingo;09:08:00;MG;262;358;BETIM;Velocidade Incompatível;Colisão traseira;Com Vítimas Fatais;Pleno dia;Crescente;Céu Claro;Dupla;Reta;Não;4;1;0;1;1;1;1;3;-19,9830204;-44,20924834;SPRF-MG;DEL01-MG;UOP03-DEL01-MG
566780;10/12/2023;domingo;08:30:00;ES;101;255;SERRA;Condutor deixou de manter distância do veículo da frente;Colisão traseira;Com Vítimas Feridas;Pleno dia;Crescente;Nublado;Dupla;Reta;Sim;3;0;2;0;1;0;2;2;-20,11487935;-40,31943619;SPRF-ES;DEL02-ES;UOP01-DEL02-ES
566782;10/12/2023;domingo;07:50:00;RS;285;422;PANAMBI;Ingestão de álcool pelo condutor;Saída de leito carroçável;Sem Vítimas;Pleno dia;Decrescente;Céu Claro;Simples;Reta;Não;1;0;0;0;1;0;0;1;-28,336456;-53,570869;SPRF-RS;DEL10-RS;UOP01-DEL10-RS
566784;10/12/2023;domingo;05:00:00;SC;101;105;PENHA;Ingestão de álcool pelo condutor;Saída de leito carroçável;Sem Vítimas;Plena Noite;Decrescente;Chuva;Dupla;"Curva;Viaduto                 ";Não;1;0;0;0;1;0;0;1;-26,80775203;-48,6808008;SPRF-SC;DEL03-SC;UOP02-DEL03-SC
566786;10/12/2023;domingo;09:45:00;SP;116;280;EMBU DAS ARTES;Trafegar com motocicleta (ou similar) entre as faixas;Colisão traseira;Com Vítimas Feridas;Pleno dia;Crescente;Céu Claro;Dupla;Reta;Sim;3;0;1;0;1;1;1;2;-23,66996108;-46,85590758;SPRF-SP;DEL04-SP;UOP01-DEL04-SP
566787;10/12/2023;domingo;05:06:00;RO;364;695;PORTO VELHO;Condutor Dormindo;Saída de leito carroçável;Com Vítimas Feridas;Amanhecer;Crescente;Nublado;Dupla;Reta;Não;1;0;1;0;0;0;1;1;-8,80046896;-63,725947;SPRF-RO;DEL01-RO;UOP01-DEL01-RO
566790;10/12/2023;domingo;07:00:00;SE;101;98,4;SAO CRISTOVAO;Condutor Dormindo;Colisão com objeto;Sem Vítimas;Pleno dia;Decrescente;Céu Claro;Dupla;"Aclive;Reta                   ";Não;1;0;0;0;1;0;0;1;-10,9306094;-37,18583465;SPRF-SE;DEL02-SE;UOP01-DEL02-SE
566792;10/12/2023;domingo;10:00:00;PR;277;69,7;SAO JOSE DOS PINHAIS;Condutor deixou de manter distância do veículo da frente;Colisão traseira;Com Vítimas Feridas;Pleno dia;Crescente;Nublado;Dupla;Reta;Sim;2;0;1;0;1;0;1;2;-25,5152562;-49,11962628;SPRF-PR;DEL01-PR;UOP01-DEL01-PR
566793;10/12/2023;domingo;10:30:00;SC;282;54;AGUAS MORNAS;Velocidade Incompatível;Saída de leito carroçável;Com Vítimas Feridas;Pleno dia;Crescente;Garoa/Chuvisco;Simples;"Aclive;Curva                  ";Não;1;0;1;0;0;0;1;1;-27,685799;-48,974514;SPRF-SC;DEL01-SC;UOP03-DEL01-SC
566795;10/12/2023;domingo;08:35:00;SP;116;102;TAUBATE;Condutor deixou de manter distância do veículo da frente;Colisão traseira;Sem Vítimas;Pleno dia;Decrescente;Céu Claro;Dupla;Reta;Não;4;0;0;0;4;0;0;2;-22,99497994;-45,48951403;SPRF-SP;DEL08-SP;UOP01-DEL08-SP
566797;10/12/2023;domingo;11:20:00;RJ;393;255;BARRA DO PIRAI;Acessar a via sem observar a presença dos outros veículos;Colisão transversal;Com Vítimas Feridas;Pleno dia;Decrescente;Nublado;Simples;"Aclive;Interseção de Vias     ";Sim;4;0;1;0;3;0;1;2;-22,45666582;-43,83938747;SPRF-RJ;DEL05-RJ;UOP04-DEL05-RJ
566798;10/12/2023;domingo;11:30:00;ES;101;448;MIMOSO DO SUL;Ausência de reação do condutor;Colisão transversal;Com Vítimas Feridas;Pleno dia;Crescente;Céu Claro;Simples;Reta;Não;3;0;0;2;1;0;2;2;-21,13028101;-41,28044011;SPRF-ES;DEL03-ES;UOP02-DEL03-ES
566800;10/12/2023;domingo;12:15:00;MG;381;1;BETIM;Ingestão de álcool pelo condutor;Colisão traseira;Com Vítimas Feridas;Pleno dia;Crescente;Céu Claro;Dupla;Reta;Sim;5;0;4;0;1;0;4;2;-19,96825;-44,198708;SPRF-MG;DEL01-MG;UOP03-DEL01-MG
566802;10/12/2023;domingo;09:40:00;MA;135;95;ITAPECURU MIRIM;Desrespeitar a preferência no cruzamento;Colisão transversal;Sem Vítimas;Pleno dia;Crescente;Céu Claro;Simples;"Reta;Retorno Regulamentado    ";Não;3;0;0;0;3;0;0;2;-3,33183499;-44,44582528;SPRF-MA;DEL01-MA;UOP02-DEL01-MA
566803;10/12/2023;domingo;11:47:00;DF;70;10;BRASILIA;Acessar a via sem observar a presença dos outros veículos;Colisão lateral mesmo sentido;Com Vítimas Feridas;Pleno dia;Crescente;Céu Claro;Dupla;Reta;Sim;2;0;0;1;1;0;1;2;-15,787066;-48,140709;SPRF-DF;DEL03-DF;UOP02-DEL03-DF
566804;10/12/2023;domingo;12:00:00;CE;222;0,5;FORTALEZA;Ingestão de álcool pelo condutor;Colisão traseira;Com Vítimas Feridas;Pleno dia;Decrescente;Céu Claro;Múltipla;Reta;Sim;7;0;3;0;4;0;3;3;-3,7367737;-38,56923;SPRF-CE;DEL01-CE;UOP01-DEL01-CE
566807;10/12/2023;domingo;09:50:00;SC;282;446,5;PONTE SERRADA;Acumulo de água sobre o pavimento;Saída de leito carroçável;Sem Vítimas;Pleno dia;Crescente;Garoa/Chuvisco;Simples;Reta;Não;1;0;0;0;1;0;0;1;-26,910217;-51,914951;SPRF-SC;DEL07-SC;UOP04-DEL07-SC
566809;10/12/2023;domingo;12:23:00;RS;116;324,5;BARRA DO RIBEIRO;Condutor Dormindo;Saída de leito carroçável;Com Vítimas Feridas;Pleno dia;Decrescente;Céu Claro;Dupla;Reta;Não;1;0;1;0;0;0;1;1;-30,32702593;-51,42171417;SPRF-RS;DEL02-RS;UOP01-DEL02-RS
566810;10/12/2023;domingo;12:20:00;PR;116;132;FAZENDA RIO GRANDE;Chuva;Colisão com objeto;Com Vítimas Feridas;Pleno dia;Crescente;Chuva;Dupla;Reta;Sim;1;0;1;0;0;0;1;1;-25,65733698;-49,31212612;SPRF-PR;DEL01-PR;UOP03-DEL01-PR
566811;10/12/2023;domingo;12:40:00;GO;414;430;ABADIANIA;Ausência de reação do condutor;Saída de leito carroçável;Com Vítimas Feridas;Pleno dia;Crescente;Céu Claro;Simples;"Declive;Reta                  ";Não;1;0;1;0;0;0;1;1;-16,20624369;-48,9136195;SPRF-GO;DEL02-GO;UOP01-DEL02-GO
566813;10/12/2023;domingo;11:50:00;MG;116;704,1;MURIAE;Conversão proibida;Colisão transversal;Com Vítimas Feridas;Pleno dia;Crescente;Céu Claro;Simples;Interseção de Vias;Sim;2;0;1;0;1;0;1;2;-21,13832706;-42,38544703;SPRF-MG;DEL07-MG;UOP02-DEL07-MG
566814;10/12/2023;domingo;13:30:00;SE;101;89;NOSSA SENHORA DO SOCORRO;Velocidade Incompatível;Colisão com objeto;Com Vítimas Feridas;Pleno dia;Crescente;Céu Claro;Simples;"Viaduto;Curva;Aclive          ";Sim;2;0;0;1;1;0;1;1;-10,88051024;-37,13355535;SPRF-SE;DEL01-SE;UOP01-DEL01-SE
566815;10/12/2023;domingo;13:30:00;PE;408;76,3;PAUDALHO;Pedestre cruzava a pista fora da faixa;Atropelamento de Pedestre;Com Vítimas Feridas;Pleno dia;Decrescente;Céu Claro;Dupla;"Curva;Declive                 ";Sim;2;0;0;2;0;0;2;2;-7,913693;-35,170002;SPRF-PE;DEL01-PE;UOP01-DEL01-PE
566816;10/12/2023;domingo;13:20:00;RS;386;413;MONTENEGRO;Ingestão de álcool pelo condutor;Saída de leito carroçável;Sem Vítimas;Pleno dia;Crescente;Chuva;Dupla;Curva;Não;1;0;0;0;1;0;0;1;-29,814081;-51,493126;SPRF-RS;DEL04-RS;UOP02-DEL04-RS
566818;10/12/2023;domingo;14:20:00;MG;40;753;SANTOS DUMONT;Transitar na contramão;Colisão frontal;Com Vítimas Feridas;Pleno dia;Crescente;Céu Claro;Simples;Reta;Não;3;0;1;2;0;0;3;2;-21,47144207;-43,5456067;SPRF-MG;DEL05-MG;UOP01-DEL05-MG
566819;10/12/2023;domingo;12:40:00;SC;101;267;PAULO LOPES;Manobra de mudança de faixa;Saída de leito carroçável;Com Vítimas Feridas;Pleno dia;Decrescente;Céu Claro;Dupla;Reta;Não;2;0;1;0;1;0;1;1;-28,07699803;-48,71234311;SPRF-SC;DEL02-SC;UOP03-DEL02-SC
566821;10/12/2023;domingo;14:32:00;MG;381;486,6;BETIM;Demais falhas mecânicas ou elétricas;Queda de ocupante de veículo;Com Vítimas Feridas;Pleno dia;Crescente;Céu Claro;Dupla;Reta;Não;1;0;1;0;0;0;1;1;-19,95644414;-44,13611598;SPRF-MG;DEL01-MG;UOP03-DEL01-MG
566822;10/12/2023;domingo;14:50:00;DF;60;4;BRASILIA;Demais falhas mecânicas ou elétricas;Queda de ocupante de veículo;Com Vítimas Feridas;Pleno dia;Crescente;Céu Claro;Dupla;Reta;Sim;1;0;1;0;0;0;1;1;-15,892721;-48,095741;SPRF-DF;DEL03-DF;UOP01-DEL03-DF
566823;10/12/2023;domingo;14:40:00;SP;116;101,1;PINDAMONHANGABA;Manobra de mudança de faixa;Colisão lateral mesmo sentido;Com Vítimas Feridas;Pleno dia;Decrescente;Céu Claro;Dupla;"Aclive;Reta                   ";Não;2;0;1;0;1;0;1;2;-22,99074204;-45,48115098;SPRF-SP;DEL08-SP;UOP01-DEL08-SP
566824;10/12/2023;domingo;13:50:00;MA;316;284;BELA VISTA DO MARANHAO;Estacionar ou parar em local proibido;Colisão traseira;Com Vítimas Feridas;Pleno dia;Decrescente;Nublado;Simples;Ponte;Não;2;0;1;0;1;0;1;2;-3,773552;-45,218155;SPRF-MA;DEL02-MA;UOP01-DEL02-MA
566825;10/12/2023;domingo;15:15:00;PB;230;26,5;JOAO PESSOA;Demais falhas mecânicas ou elétricas;Queda de ocupante de veículo;Com Vítimas Feridas;Pleno dia;Crescente;Sol;Dupla;"Curva;Declive                 ";Sim;2;0;1;1;0;0;2;1;-7,1693;-34,8782;SPRF-PB;DEL01-PB;UOP01-DEL01-PB
566827;10/12/2023;domingo;13:50:00;SC;282;69;RANCHO QUEIMADO;Reação tardia ou ineficiente do condutor;Colisão traseira;Com Vítimas Feridas;Pleno dia;Decrescente;Garoa/Chuvisco;Simples;Curva;Não;4;0;1;0;3;0;1;2;-27,690144;-49,083813;SPRF-SC;DEL01-SC;UOP03-DEL01-SC
566828;24/11/2023;sexta-feira;07:30:00;SC;282;2;FLORIANOPOLIS;Reação tardia ou ineficiente do condutor;Colisão traseira;Com Vítimas Feridas;Pleno dia;Decrescente;Ignorado;Dupla;Reta;Sim;1;0;1;0;0;0;1;1;-27,603289;-48,590416;SPRF-SC;DEL01-SC;UOP01-DEL01-SC
566829;10/12/2023;domingo;15:00:00;PR;277;130,3;CAMPO LARGO;Falta de elemento de contenção que evite a saída do leito carroçável;Saída de leito carroçável;Com Vítimas Feridas;Pleno dia;Decrescente;Chuva;Dupla;Curva;Não;3;0;0;3;0;0;3;1;-25,471121;-49,621462;SPRF-PR;DEL03-PR;UOP03-DEL03-PR
566830;10/12/2023;domingo;15:00:00;PR;369;190;ARAPONGAS;Velocidade Incompatível;Saída de leito carroçável;Com Vítimas Feridas;Pleno dia;Decrescente;Chuva;Dupla;Reta;Não;4;0;2;1;1;0;3;1;-23,451687;-51,423239;SPRF-PR;DEL07-PR;UOP03-DEL07-PR
566832;10/12/2023;domingo;14:20:00;BA;116;791,1;VITORIA DA CONQUISTA;Frear bruscamente;Colisão transversal;Com Vítimas Feridas;Pleno dia;Crescente;Céu Claro;Simples;Reta;Não;3;0;3;0;0;0;3;2;-14,70903;-40,599201;SPRF-BA;DEL08-BA;UOP02-DEL08-BA
566833;10/12/2023;domingo;16:00:00;SP;116;108,4;TAUBATE;Reação tardia ou ineficiente do condutor;Tombamento;Com Vítimas Feridas;Pleno dia;Crescente;Céu Claro;Dupla;Reta;Sim;2;0;0;1;1;0;1;2;-23,0233097;-45,53763622;SPRF-SP;DEL02-SP;UOP02-DEL02-SP
566834;10/12/2023;domingo;15:30:00;PE;423;74;JUPI;Transitar na contramão;Colisão frontal;Com Vítimas Fatais;Pleno dia;Crescente;Céu Claro;Simples;Curva;Sim;2;1;0;0;1;0;0;2;-8,71781039;-36,42290446;SPRF-PE;DEL03-PE;UOP01-DEL03-PE
566835;10/12/2023;domingo;14:30:00;PR;487;5;ICARAIMA;Acessar a via sem observar a presença dos outros veículos;Colisão transversal;Com Vítimas Feridas;Pleno dia;Decrescente;Chuva;Simples;Reta;Não;7;0;2;1;4;0;3;2;-23,39435;-53,626625;SPRF-PR;DEL06-PR;UOP03-DEL06-PR
566836;10/12/2023;domingo;14:50:00;PR;277;172,8;PALMEIRA;Chuva;Saída de leito carroçável;Com Vítimas Feridas;Pleno dia;Crescente;Chuva;Simples;Reta;Não;1;0;1;0;0;0;1;1;-25,42934996;-50,02613783;SPRF-PR;DEL08-PR;UOP02-DEL08-PR
566837;10/12/2023;domingo;14:20:00;BA;407;207,9;CAEM;Ingestão de álcool pelo condutor;Queda de ocupante de veículo;Com Vítimas Feridas;Pleno dia;Crescente;Nublado;Simples;Reta;Não;1;0;0;1;0;0;1;1;-11,16499996;-40,05247087;SPRF-BA;DEL04-BA;UOP02-DEL04-BA
566838;10/12/2023;domingo;13:45:00;RS;472;567;URUGUAIANA;Ausência de reação do condutor;Saída de leito carroçável;Com Vítimas Feridas;Pleno dia;Crescente;Sol;Simples;"Reta;Declive                  ";Não;2;0;2;0;0;0;2;1;-29,71343612;-56,92604078;SPRF-RS;DEL13-RS;UOP01-DEL13-RS
566839;10/12/2023;domingo;16:04:00;PB;101;88;JOAO PESSOA;Manobra de mudança de faixa;Colisão lateral mesmo sentido;Sem Vítimas;Pleno dia;Crescente;Céu Claro;Múltipla;"Viaduto;Reta                  ";Sim;2;0;0;0;1;1;0;2;-7,16470016;-34,89993643;SPRF-PB;DEL01-PB;UOP01-DEL01-PB
566840;07/12/2023;quinta-feira;09:15:00;AL;316;112;CACIMBINHAS;Ausência de reação do condutor;Queda de ocupante de veículo;Com Vítimas Feridas;Pleno dia;Decrescente;Céu Claro;Simples;Reta;Não;1;0;1;0;0;0;1;1;-9,39709982;-37,00908096;SPRF-AL;DEL03-AL;UOP01-DEL03-AL
566844;10/12/2023;domingo;13:50:00;MG;459;95;POUSO ALEGRE;Retorno proibido;Colisão transversal;Com Vítimas Feridas;Pleno dia;Decrescente;Céu Claro;Simples;"Curva;Declive                 ";Não;3;0;0;1;2;0;1;2;-22,189781;-45,983028;SPRF-MG;DEL09-MG;UOP01-DEL09-MG
566845;10/12/2023;domingo;14:40:00;ES;262;31,4;DOMINGOS MARTINS;Transitar na contramão;Colisão frontal;Com Vítimas Feridas;Pleno dia;Crescente;Céu Claro;Simples;Curva;Não;2;0;1;0;1;0;1;2;-20,37885575;-40,577728;SPRF-ES;DEL01-ES;UOP01-DEL01-ES
566846;10/12/2023;domingo;16:40:00;SP;116;205;ARUJA;Trafegar com motocicleta (ou similar) entre as faixas;Colisão lateral mesmo sentido;Com Vítimas Feridas;Pleno dia;Crescente;Céu Claro;Múltipla;Reta;Sim;3;0;1;0;2;0;1;2;-23,41475243;-46,36600788;SPRF-SP;DEL01-SP;UOP01-DEL01-SP
566847;10/12/2023;domingo;16:00:00;SP;116;509,2;CAJATI;Chuva;Capotamento;Com Vítimas Feridas;Pleno dia;Crescente;Chuva;Simples;Curva;Não;2;0;1;0;1;0;1;1;-24,82768986;-48,21855823;SPRF-SP;DEL05-SP;UOP02-DEL05-SP
566850;10/12/2023;domingo;10:00:00;MG;40;50,4;PARACATU;Acostamento em desnível;Tombamento;Com Vítimas Feridas;Pleno dia;Decrescente;Céu Claro;Simples;Interseção de Vias;Não;1;0;1;0;0;0;1;1;-17,23931275;-46,80040697;SPRF-MG;DEL14-MG;UOP01-DEL14-MG
566851;10/12/2023;domingo;14:10:00;MS;163;263;DOURADOS;Velocidade Incompatível;Colisão frontal;Com Vítimas Feridas;Pleno dia;Decrescente;Chuva;Dupla;Reta;Sim;3;0;0;1;2;0;1;2;-22,2316424;-54,7478208;SPRF-MS;DEL04-MS;UOP01-DEL04-MS
566853;10/12/2023;domingo;16:30:00;MG;153;111,7;PRATA;Ingestão de álcool pelo condutor;Colisão transversal;Com Vítimas Feridas;Pleno dia;Crescente;Céu Claro;Simples;"Interseção de Vias;Rotatória;R";Não;4;0;0;2;2;0;2;2;-19,323623;-48,90629302;SPRF-MG;DEL15-MG;UOP03-DEL15-MG
566856;10/12/2023;domingo;17:29:00;DF;20;15;BRASILIA;Condutor Dormindo;Saída de leito carroçável;Com Vítimas Feridas;Pleno dia;Crescente;Céu Claro;Dupla;Reta;Não;2;0;1;0;1;0;1;1;-15,630189;-47,733288;SPRF-DF;DEL02-DF;UOP01-DEL02-DF
566858;10/12/2023;domingo;17:30:00;CE;116;41,5;HORIZONTE;Ingestão de álcool pelo condutor;Colisão lateral mesmo sentido;Com Vítimas Feridas;Anoitecer;Crescente;Céu Claro;Múltipla;Reta;Não;2;0;1;0;1;0;1;2;-4,1024351;-38,50001011;SPRF-CE;DEL01-CE;UOP02-DEL01-CE
566859;10/12/2023;domingo;17:15:00;PR;369;136,3;IBIPORA;Velocidade Incompatível;Colisão com objeto;Com Vítimas Feridas;Pleno dia;Decrescente;Chuva;Simples;Aclive;Sim;1;0;0;1;0;0;1;1;-23,267383;-51,038401;SPRF-PR;DEL07-PR;UOP01-DEL07-PR
566860;10/12/2023;domingo;16:30:00;SC;280;139,5;RIO NEGRINHO;Reação tardia ou ineficiente do condutor;Colisão traseira;Com Vítimas Feridas;Pleno dia;Decrescente;Nublado;Simples;"Aclive;Reta                   ";Não;5;0;2;0;3;0;2;3;-26,25368255;-49,60700512;SPRF-SC;DEL06-SC;UOP03-DEL06-SC
566861;10/12/2023;domingo;14:47:00;RJ;493;6;ITABORAI;Acesso irregular;Colisão transversal;Com Vítimas Feridas;Pleno dia;Crescente;Céu Claro;Simples;Reta;Não;2;0;1;0;1;0;1;2;-22,73124198;-42,95145305;SPRF-RJ;DEL02-RJ;UOP02-DEL02-RJ
566862;06/12/2023;quarta-feira;22:00:00;RJ;101;314;SAO GONCALO;Ausência de reação do condutor;Colisão traseira;Com Vítimas Feridas;Plena Noite;Decrescente;Céu Claro;Dupla;Reta;Sim;3;0;1;0;2;0;1;2;-22,81648739;-43,07728467;SPRF-RJ;DEL02-RJ;UOP02-DEL02-RJ
566863;10/12/2023;domingo;17:15:00;PE;232;76,6;GRAVATA;Acessar a via sem observar a presença dos outros veículos;Colisão transversal;Com Vítimas Feridas;Anoitecer;Crescente;Céu Claro;Dupla;Reta;Sim;2;0;0;2;0;0;2;2;-8,19541469;-35,53424693;SPRF-PE;DEL02-PE;UOP02-DEL02PE
566864;10/12/2023;domingo;17:20:00;GO;50;105;CRISTALINA;Ultrapassagem Indevida;Colisão lateral mesmo sentido;Com Vítimas Feridas;Pleno dia;Decrescente;Céu Claro;Simples;"Retorno Regulamentado;Reta    ";Não;2;0;0;1;1;0;1;2;-16,9309;-47,7117;SPRF-DF;DEL01-DF;UOP02-DEL01-DF
566865;10/12/2023;domingo;17:30:00;PR;369;101,9;URAI;Ausência de reação do condutor;Colisão com objeto;Com Vítimas Feridas;Pleno dia;Crescente;Garoa/Chuvisco;Dupla;"Curva;Aclive                  ";Não;2;0;1;0;1;0;1;1;-23,24718203;-50,74035645;SPRF-PR;DEL07-PR;UOP05-DEL07-PR
566866;10/12/2023;domingo;15:45:00;CE;NA;NA;CARIDADE;Reação tardia ou ineficiente do condutor;Saída de leito carroçável;Com Vítimas Feridas;Pleno dia;Não Informado;Céu Claro;Simples;Reta;Não;1;0;1;0;0;0;1;1;-4,16197724;-39,149158;SPRF-CE;DEL02-CE;UOP01-DEL02-CE
566868;10/12/2023;domingo;17:40:00;PR;376;650;TIJUCAS DO SUL;Trafegar com motocicleta (ou similar) entre as faixas;Colisão lateral mesmo sentido;Com Vítimas Feridas;Anoitecer;Decrescente;Chuva;Dupla;Reta;Não;2;0;1;0;1;0;1;2;-25,84564757;-49,08816197;SPRF-PR;DEL01-PR;UOP04-DEL01-PR
566869;10/12/2023;domingo;17:10:00;PR;163;225,3;CASCAVEL;Avarias e/ou desgaste excessivo no pneu;Capotamento;Com Vítimas Feridas;Pleno dia;Crescente;Nublado;Dupla;Reta;Não;2;0;2;0;0;0;2;1;-24,897235;-53,533793;SPRF-PR;DEL04-PR;UOP01-DEL04-PR
566871;10/12/2023;domingo;16:30:00;SP;116;284;ITAPECERICA DA SERRA;Reação tardia ou ineficiente do condutor;Colisão lateral mesmo sentido;Com Vítimas Feridas;Pleno dia;Decrescente;Nublado;Dupla;Reta;Sim;3;0;2;0;1;0;2;2;-23,69998;-46,867767;SPRF-SP;DEL04-SP;UOP01-DEL04-SP