id;data_inversa;dia_semana;horario;uf;br;km;municipio;causa_acidente;tipo_acidente;classificacao_acidente;fase_dia;sentido_via;condicao_metereologica;tipo_pista;tracado_via;uso_solo;pessoas;mortos;feridos_leves;feridos_graves;ilesos;ignorados;feridos;veiculos;latitude;longitude;regional;delegacia;uop
567220;12/12/2023;terça-feira;06:00:00;MG;40;517;RIBEIRAO DAS NEVES;Acessar a via sem observar a presença dos outros veículos;Atropelamento de Pedestre;Com Vítimas Feridas;Pleno dia;Crescente;Céu Claro;Dupla;Reta;Sim;5;0;0;1;0;4;1;2;-19,82351202;-44,08438913;SPRF-MG;DEL01-MG;UOP02-DEL01-MG
567224;12/12/2023;terça-feira;06:45:00;SC;101;195;BIGUACU;Reação tardia ou ineficiente do condutor;Colisão traseira;Com Vítimas Feridas;Pleno dia;Crescente;Céu Claro;Múltipla;Reta;Sim;2;0;0;1;1;0;1;2;-27,5047092;-48,65010819;SPRF-SC;DEL01-SC;UOP01-DEL01-SC
567225;12/12/2023;terça-feira;06:50:00;BA;324;620,3;SALVADOR;Trafegar com motocicleta (ou similar) entre as faixas;Queda de ocupante de veículo;Com Vítimas Feridas;Pleno dia;Crescente;Garoa/Chuvisco;Múltipla;Reta;Sim;2;0;0;1;1;0;1;2;-12,90482172;-38,45556535;SPRF-BA;DEL01-BA;UOP01-DEL01-BA
567227;12/12/2023;terça-feira;07:00:00;SP;116;219;GUARULHOS;Condutor deixou de manter distância do veículo da frente;Colisão traseira;Com Vítimas Feridas;Amanhecer;Crescente;Céu Claro;Múltipla;Reta;Sim;2;0;1;0;1;0;1;2;-23,46143954;-46,48885316;SPRF-SP;DEL01-SP;UOP01-DEL01-SP
567228;12/12/2023;terça-feira;05:00:00;SC;470;62,7;INDAIAL;Ingestão de álcool pelo condutor;Colisão transversal;Com Vítimas Feridas;Amanhecer;Decrescente;Céu Claro;Simples;Curva;Não;2;0;2;0;0;0;2;2;-26,873586;-49,190507;SPRF-SC;DEL04-SC;UOP01-DEL04-SC
567229;12/12/2023;terça-feira;06:00:00;SC;470;7;NAVEGANTES;Velocidade Incompatível;Colisão transversal;Com Vítimas Feridas;Pleno dia;Decrescente;Céu Claro;Simples;"Em Obras;Viaduto;Reta         ";Não;3;0;2;0;1;0;2;2;-26,84499;-48,71505;SPRF-SC;DEL04-SC;UOP04-DEL04-SC
567230;12/12/2023;terça-feira;07:15:00;SC;282;48;AGUAS MORNAS;Velocidade Incompatível;Queda de ocupante de veículo;Com Vítimas Feridas;Pleno dia;Crescente;Nublado;Simples;Curva;Não;1;0;0;1;0;0;1;1;-27,714352;-48,938072;SPRF-SC;DEL01-SC;UOP03-DEL01-SC
567232;16/09/2023;sábado;05:30:00;PR;376;170;MARINGA;Acumulo de água sobre o pavimento;Tombamento;Com Vítimas Feridas;Amanhecer;Crescente;Chuva;Dupla;Rotatória;Sim;1;0;0;1;0;0;1;1;-23,409725;-51,987636;SPRF-PR;DEL09-PR;UOP01-DEL09-PR
567234;12/12/2023;terça-feira;06:40:00;PE;428;184;PETROLINA;Reação tardia ou ineficiente do condutor;Colisão transversal;Com Vítimas Feridas;Pleno dia;Decrescente;Céu Claro;Dupla;Retorno Regulamentado;Sim;3;0;2;0;1;0;2;2;-9,33211208;-40,46621385;SPRF-PE;DEL06-PE;UOP01-DEL06-PE
567236;12/12/2023;terça-feira;08:00:00;PR;277;1;FOZ DO IGUACU;Acessar a via sem observar a presença dos outros veículos;Colisão transversal;Com Vítimas Feridas;Pleno dia;Crescente;Céu Claro;Dupla;"Reta;Interseção de Vias       ";Sim;2;0;1;0;1;0;1;2;-25,5469;-54,5882;SPRF-PR;DEL05-PR;UOP03-DEL05-PR
567240;12/12/2023;terça-feira;08:00:00;RJ;116;182;NOVA IGUACU;Ausência de reação do condutor;Colisão lateral mesmo sentido;Com Vítimas Feridas;Pleno dia;Crescente;Céu Claro;Dupla;Reta;Sim;2;0;1;0;1;0;1;2;-22,7567755;-43,43107234;SPRF-RJ;DEL06-RJ;UOP01-DEL06-RJ
567241;12/12/2023;terça-feira;08:00:00;SC;282;21,5;PALHOCA;Condutor deixou de manter distância do veículo da frente;Colisão traseira;Com Vítimas Feridas;Pleno dia;Crescente;Céu Claro;Simples;Reta;Sim;2;0;0;1;1;0;1;2;-27,68907;-48,717541;SPRF-SC;DEL01-SC;UOP02-DEL01-SC
567242;12/12/2023;terça-feira;07:40:00;SC;101;207,9;SAO JOSE;Condutor deixou de manter distância do veículo da frente;Colisão traseira;Com Vítimas Feridas;Pleno dia;Decrescente;Sol;Múltipla;"Reta;Aclive                   ";Sim;2;0;1;0;0;1;1;2;-27,60001226;-48,6226467;SPRF-SC;DEL01-SC;UOP01-DEL01-SC
567243;28/11/2023;terça-feira;19:00:00;PR;369;150,9;LONDRINA;Acessar a via sem observar a presença dos outros veículos;Atropelamento de Pedestre;Com Vítimas Feridas;Anoitecer;Crescente;Chuva;Dupla;Reta;Sim;2;0;1;0;0;1;1;2;-23,29282369;-51,17026091;SPRF-PR;DEL07-PR;UOP01-DEL07-PR
567244;12/12/2023;terça-feira;07:30:00;ES;262;63,9;MARECHAL FLORIANO;Velocidade Incompatível;Colisão frontal;Com Vítimas Fatais;Pleno dia;Decrescente;Nublado;Simples;Curva;Não;4;2;1;1;0;0;2;2;-20,41430381;-40,82492709;SPRF-ES;DEL01-ES;UOP02-DEL01-ES
567245;12/12/2023;terça-feira;07:50:00;MS;262;5;TRES LAGOAS;Acessar a via sem observar a presença dos outros veículos;Colisão transversal;Com Vítimas Feridas;Pleno dia;Crescente;Céu Claro;Dupla;Interseção de Vias;Sim;2;0;1;0;1;0;1;2;-20,7820487;-51,66367639;SPRF-MS;DEL07-MS;UOP01-DEL07-MS
567247;12/12/2023;terça-feira;08:00:00;DF;70;13,4;BRASILIA;Manobra de mudança de faixa;Colisão traseira;Com Vítimas Feridas;Pleno dia;Decrescente;Nublado;Múltipla;Reta;Sim;3;0;2;0;1;0;2;2;-15,794558;-48,166584;SPRF-DF;DEL03-DF;UOP02-DEL03-DF
567248;12/12/2023;terça-feira;08:15:00;SC;101;216,3;PALHOCA;Acessar a via sem observar a presença dos outros veículos;Colisão lateral mesmo sentido;Com Vítimas Feridas;Pleno dia;Decrescente;Céu Claro;Múltipla;"Viaduto;Interseção de Vias    ";Sim;2;0;1;0;1;0;1;2;-27,65981409;-48,67747798;SPRF-SC;DEL01-SC;UOP02-DEL01-SC
567249;09/11/2023;quinta-feira;18:30:00;PE;NA;NA;RECIFE;Iluminação deficiente;Colisão com objeto;Sem Vítimas;Plena Noite;Não Informado;Céu Claro;Simples;Reta;Sim;1;0;0;0;1;0;0;1;-8,11443984;-34,89817357;SPRF-PE;N/A;N/A
567250;12/12/2023;terça-feira;05:45:00;GO;80;2;PADRE BERNARDO;Demais falhas na via;Tombamento;Com Vítimas Feridas;Amanhecer;Crescente;Céu Claro;Simples;"Interseção de Vias;Declive    ";Não;1;0;0;1;0;0;1;1;-15,502505;-48,21132;SPRF-DF;DEL03-DF;UOP02-DEL03-DF
567251;12/12/2023;terça-feira;07:00:00;RJ;101;312;SAO GONCALO;Avarias e/ou desgaste excessivo no pneu;Tombamento;Com Vítimas Feridas;Pleno dia;Crescente;Nublado;Dupla;Reta;Sim;2;0;0;2;0;0;2;1;-22,80546555;-43,06156967;SPRF-RJ;DEL02-RJ;UOP02-DEL02-RJ
567252;30/11/2023;quinta-feira;06:50:00;SC;101;229,1;PALHOCA;Afundamento ou ondulação no pavimento;Tombamento;Com Vítimas Feridas;Pleno dia;Crescente;Sol;Múltipla;"Reta;Aclive                   ";Não;2;0;1;1;0;0;2;1;-27,7688932;-48,63205379;SPRF-SC;DEL01-SC;UOP02-DEL01-SC
567253;12/12/2023;terça-feira;08:20:00;RJ;116;185;NOVA IGUACU;Trafegar com motocicleta (ou similar) entre as faixas;Colisão lateral mesmo sentido;Com Vítimas Feridas;Pleno dia;Decrescente;Sol;Dupla;Reta;Sim;2;0;1;0;1;0;1;2;-22,74151051;-43,45351823;SPRF-RJ;DEL06-RJ;UOP01-DEL06-RJ
567254;12/12/2023;terça-feira;08:00:00;RN;101;148;GOIANINHA;Reação tardia ou ineficiente do condutor;Saída de leito carroçável;Com Vítimas Feridas;Pleno dia;Decrescente;Céu Claro;Dupla;Reta;Não;2;0;1;0;1;0;1;2;-6,27949119;-35,20490033;SPRF-RN;DEL01-RN;UOP01-DEL01-RN
567255;22/11/2023;quarta-feira;03:40:00;RJ;101;289;ITABORAI;Transitar na contramão;Capotamento;Com Vítimas Feridas;Plena Noite;Decrescente;Ignorado;Dupla;Reta;Sim;1;0;1;0;0;0;1;1;-22,76376316;-42,85172094;SPRF-RJ;DEL02-RJ;UOP02-DEL02-RJ
567257;12/12/2023;terça-feira;06:30:00;PR;116;106;SAO JOSE DOS PINHAIS;Reação tardia ou ineficiente do condutor;Tombamento;Com Vítimas Feridas;Amanhecer;Crescente;Nublado;Dupla;Reta;Sim;1;0;1;0;0;0;1;1;-25,56982986;-49,22068119;SPRF-PR;DEL01-PR;UOP07-DEL01-PR
567258;12/12/2023;terça-feira;09:00:00;MG;262;358,5;BETIM;Demais falhas na via;Saída de leito carroçável;Com Vítimas Feridas;Pleno dia;Crescente;Céu Claro;Dupla;Reta;Não;1;0;1;0;0;0;1;1;-19,98332234;-44,20214426;SPRF-MG;DEL01-MG;UOP03-DEL01-MG
567259;12/12/2023;terça-feira;07:50:00;PI;343;264;CAMPO MAIOR;Reação tardia ou ineficiente do condutor;Tombamento;Com Vítimas Feridas;Pleno dia;Crescente;Céu Claro;Simples;Interseção de Vias;Sim;1;0;0;1;0;0;1;1;-4,827128;-42,162348;SPRF-PI;DEL01-PI;UOP03-DEL01-PI
567261;12/12/2023;terça-feira;09:00:00;MS;60;113;PARAISO DAS AGUAS;Ausência de reação do condutor;Tombamento;Com Vítimas Feridas;Pleno dia;Crescente;Céu Claro;Simples;Reta;Não;1;0;0;1;0;0;1;1;-19,32752931;-53,32859895;SPRF-MS;DEL06-MS;UOP02-DEL06-MS
567262;12/12/2023;terça-feira;09:30:00;SC;470;58,4;BLUMENAU;Acesso irregular;Colisão transversal;Sem Vítimas;Pleno dia;Decrescente;Céu Claro;Simples;"Reta;Retorno Regulamentado;Em ";Sim;4;0;0;0;4;0;0;2;-26,883879;-49,145622;SPRF-SC;DEL04-SC;UOP01-DEL04-SC
567264;12/12/2023;terça-feira;09:00:00;RS;392;44,2;RIO GRANDE;Afundamento ou ondulação no pavimento;Tombamento;Com Vítimas Feridas;Pleno dia;Decrescente;Céu Claro;Dupla;Reta;Não;1;0;1;0;0;0;1;1;-31,92816308;-52,31293137;SPRF-RS;DEL07-RS;UOP02-DEL07-RS
567266;07/11/2023;terça-feira;09:06:00;RO;174;15;VILHENA;Ausência de reação do condutor;Colisão traseira;Sem Vítimas;Pleno dia;Decrescente;Céu Claro;Simples;"Reta;Interseção de Vias       ";Sim;2;0;0;0;2;0;0;2;-12,723321;-60,12801;SPRF-RO;DEL04-RO;UOP01-DEL04-RO
567269;12/12/2023;terça-feira;11:00:00;SP;116;228;SAO PAULO;Ausência de reação do condutor;Engavetamento;Com Vítimas Feridas;Pleno dia;Crescente;Nublado;Múltipla;Reta;Sim;3;0;1;0;2;0;1;3;-23,50343484;-46,56638712;SPRF-SP;DEL01-SP;UOP01-DEL01-SP
567270;12/12/2023;terça-feira;10:00:00;SP;116;221;GUARULHOS;Manobra de mudança de faixa;Colisão traseira;Com Vítimas Feridas;Pleno dia;Crescente;Céu Claro;Dupla;Reta;Sim;2;0;1;0;1;0;1;2;-23,46802395;-46,50704901;SPRF-SP;DEL01-SP;UOP01-DEL01-SP
567271;12/12/2023;terça-feira;10:25:00;GO;40;10,5;LUZIANIA;Demais falhas mecânicas ou elétricas;Tombamento;Com Vítimas Feridas;Pleno dia;Crescente;Sol;Dupla;Reta;Sim;1;0;1;0;0;0;1;1;-16,13536043;-47,95441461;SPRF-DF;DEL01-DF;UOP01-DEL01-DF
567273;12/12/2023;terça-feira;11:00:00;PE;101;61;RECIFE;Ausência de reação do condutor;Colisão traseira;Com Vítimas Feridas;Pleno dia;Decrescente;Céu Claro;Dupla;Curva;Sim;2;0;1;0;1;0;1;2;-7,99097103;-34,93598295;SPRF-PE;DEL01-PE;UOP02-DEL01-PE
567274;12/12/2023;terça-feira;10:40:00;SP;116;274;EMBU DAS ARTES;Velocidade Incompatível;Colisão traseira;Com Vítimas Feridas;Pleno dia;Decrescente;Sol;Dupla;Reta;Não;2;0;1;0;1;0;1;2;-23,63445084;-46,82418514;SPRF-SP;DEL04-SP;UOP01-DEL04-SP
567275;11/12/2023;segunda-feira;15:20:00;RS;116;40,3;VACARIA;Manobra de mudança de faixa;Colisão com objeto;Sem Vítimas;Pleno dia;Crescente;Céu Claro;Simples;Reta;Sim;4;0;0;0;2;2;0;2;-28,52089279;-50,9422985;SPRF-RS;DEL05-RS;UOP03-DEL05-RS
567278;10/12/2023;domingo;19:40:00;GO;40;2;VALPARAISO DE GOIAS;Suicídio (presumido);Queda de ocupante de veículo;Com Vítimas Feridas;Plena Noite;Crescente;Céu Claro;Dupla;Reta;Sim;2;0;1;0;1;0;1;1;-16,067129;-47,984235;SPRF-DF;DEL01-DF;UOP01-DEL01-DF
567279;12/12/2023;terça-feira;08:30:00;PR;476;117,8;COLOMBO;Reação tardia ou ineficiente do condutor;Queda de ocupante de veículo;Com Vítimas Feridas;Pleno dia;Decrescente;Céu Claro;Dupla;Reta;Sim;2;0;1;0;1;0;1;1;-25,35131373;-49,17801386;SPRF-PR;DEL01-PR;UOP01-DEL01-PR
567280;12/12/2023;terça-feira;10:10:00;RJ;101;540;PARATY;Chuva;Tombamento;Com Vítimas Feridas;Pleno dia;Decrescente;Chuva;Simples;Curva;Não;4;0;4;0;0;0;4;1;-23,054666;-44,59037997;SPRF-RJ;DEL03-RJ;UOP04-DEL03-RJ
567282;12/12/2023;terça-feira;06:00:00;RJ;493;81;DUQUE DE CAXIAS;Objeto estático sobre o leito carroçável;Colisão com objeto;Com Vítimas Fatais;Amanhecer;Decrescente;Nublado;Dupla;Reta;Não;1;1;0;0;0;0;0;1;-22,672089;-43,285053;SPRF-RJ;DEL01-RJ;UOP03-DEL01-RJ
567283;12/12/2023;terça-feira;08:10:00;PR;369;149;LONDRINA;Manobra de mudança de faixa;Colisão traseira;Com Vítimas Feridas;Pleno dia;Decrescente;Céu Claro;Dupla;Reta;Sim;2;0;1;0;1;0;1;2;-23,29299999;-51,15366876;SPRF-PR;DEL07-PR;UOP01-DEL07-PR
567284;10/10/2023;terça-feira;15:00:00;PA;NA;NA;SAO FELIX DO XINGU;Demais falhas mecânicas ou elétricas;Colisão com objeto;Sem Vítimas;Pleno dia;Não Informado;Céu Claro;Simples;Aclive;Não;3;0;0;0;3;0;0;1;-5,74819887;-52,04073821;SPRF-PA;DEL03-PA;N/A
567285;12/12/2023;terça-feira;10:40:00;RO;319;64;PORTO VELHO;Ausência de reação do condutor;Colisão traseira;Sem Vítimas;Pleno dia;Crescente;Nublado;Múltipla;Reta;Sim;2;0;0;0;2;0;0;2;-8,76689039;-63,88441801;SPRF-RO;DEL01-RO;UOP01-DEL01-RO
567288;27/11/2023;segunda-feira;20:50:00;PR;376;163,7;MARINGA;Velocidade Incompatível;Colisão traseira;Com Vítimas Feridas;Plena Noite;Crescente;Céu Claro;Dupla;Reta;Não;3;0;2;0;1;0;2;2;-23,38150629;-52,03480212;SPRF-PR;DEL09-PR;UOP01-DEL09-PR
567289;12/12/2023;terça-feira;12:20:00;PR;277;730,2;FOZ DO IGUACU;Velocidade Incompatível;Colisão lateral mesmo sentido;Sem Vítimas;Pleno dia;Crescente;Sol;Dupla;"Curva;Declive                 ";Sim;2;0;0;0;2;0;0;2;-25,50731632;-54,59166527;SPRF-PR;DEL05-PR;UOP03-DEL05-PR
567290;12/12/2023;terça-feira;12:00:00;PE;101;78,2;JABOATAO DOS GUARARAPES;Acessar a via sem observar a presença dos outros veículos;Atropelamento de Pedestre;Com Vítimas Feridas;Pleno dia;Crescente;Nublado;Dupla;Reta;Sim;2;0;0;2;0;0;2;2;-8,137004;-34,947657;SPRF-PE;DEL01-PE;UOP01-DEL01-PE
567291;12/12/2023;terça-feira;12:00:00;SC;101;206,2;SAO JOSE;Reação tardia ou ineficiente do condutor;Colisão traseira;Com Vítimas Feridas;Pleno dia;Crescente;Sol;Múltipla;Reta;Sim;3;0;0;2;1;0;2;2;-27,59193546;-48,61824557;SPRF-SC;DEL01-SC;UOP01-DEL01-SC
567293;10/12/2023;domingo;05:30:00;BA;101;61;ENTRE RIOS;Condutor deixou de manter distância do veículo da frente;Colisão traseira;Com Vítimas Feridas;Pleno dia;Crescente;Céu Claro;Simples;Reta;Sim;2;0;1;0;1;0;1;2;-11,9676968;-38,11726499;SPRF-BA;DEL01-BA;UOP04-DEL01-BA
567294;12/12/2023;terça-feira;12:40:00;ES;101;397,6;RIO NOVO DO SUL;Transitar na contramão;Colisão frontal;Com Vítimas Feridas;Pleno dia;Decrescente;Nublado;Simples;Curva;Não;4;0;0;4;0;0;4;2;-20,87621536;-40,95505714;SPRF-ES;DEL03-ES;UOP02-DEL03-ES
567295;12/12/2023;terça-feira;12:30:00;TO;153;674;GURUPI;Entrada inopinada do pedestre;Queda de ocupante de veículo;Com Vítimas Feridas;Pleno dia;Decrescente;Sol;Dupla;Reta;Sim;1;0;1;0;0;0;1;1;-11,74596399;-49,08518001;SPRF-TO;DEL01-TO;UOP02-DEL01-TO
567296;10/08/2023;quinta-feira;13:30:00;PB;230;70;SOBRADO;Manobra de mudança de faixa;Colisão lateral mesmo sentido;Com Vítimas Feridas;Pleno dia;Crescente;Céu Claro;Dupla;Reta;Sim;3;0;0;3;0;0;3;2;-7,19008873;-35,25048718;SPRF-PB;DEL01-PB;UOP03-DEL01-PB
567297;12/12/2023;terça-feira;12:20:00;PB;230;158,9;CAMPINA GRANDE;Desrespeitar a preferência no cruzamento;Colisão transversal;Com Vítimas Feridas;Pleno dia;Decrescente;Céu Claro;Simples;Retorno Regulamentado;Sim;6;0;1;0;5;0;1;2;-7,2582;-35,9267;SPRF-PB;DEL02-PB;UOP01-DEL02-PB
567299;12/12/2023;terça-feira;13:30:00;SC;101;201,5;SAO JOSE;Trafegar com motocicleta (ou similar) entre as faixas;Colisão traseira;Com Vítimas Feridas;Pleno dia;Decrescente;Sol;Simples;Reta;Sim;2;0;1;0;1;0;1;2;-27,54836599;-48,61977975;SPRF-SC;DEL01-SC;UOP01-DEL01-SC
567300;18/11/2023;sábado;20:15:00;RJ;101;299;SAO GONCALO;Condutor deixou de manter distância do veículo da frente;Colisão traseira;Com Vítimas Feridas;Plena Noite;Crescente;Garoa/Chuvisco;Múltipla;Reta;Sim;4;0;1;0;3;0;1;3;-22,77533483;-42,94415481;SPRF-RJ;DEL02-RJ;UOP02-DEL02-RJ
567302;12/12/2023;terça-feira;12:45:00;PI;343;264,5;CAMPO MAIOR;Acessar a via sem observar a presença dos outros veículos;Colisão transversal;Com Vítimas Feridas;Pleno dia;Decrescente;Céu Claro;Simples;Curva;Sim;2;0;0;1;1;0;1;2;-4,827662;-42,162594;SPRF-PI;DEL01-PI;UOP03-DEL01-PI
567303;12/12/2023;terça-feira;13:00:00;PR;277;115;CAMPO LARGO;Mal súbito do condutor;Saída de leito carroçável;Com Vítimas Feridas;Pleno dia;Crescente;Céu Claro;Dupla;Reta;Não;1;0;1;0;0;0;1;1;-25,43237195;-49,37408745;SPRF-PR;DEL03-PR;UOP03-DEL03-PR
567304;12/12/2023;terça-feira;10:10:00;PI;316;12;TERESINA;Acessar a via sem observar a presença dos outros veículos;Colisão transversal;Com Vítimas Feridas;Pleno dia;Crescente;Céu Claro;Dupla;Reta;Não;3;0;1;0;2;0;1;2;-5,20064401;-42,75799889;SPRF-PI;DEL01-PI;UOP02-DEL01-PI
567305;12/12/2023;terça-feira;07:00:00;RO;364;483;CACAULANDIA;Ausência de reação do condutor;Saída de leito carroçável;Com Vítimas Feridas;Pleno dia;Decrescente;Céu Claro;Simples;Reta;Não;3;0;1;0;2;0;1;1;-10,12654917;-62,88763807;SPRF-RO;DEL03-RO;UOP01-DEL03-RO
567306;12/12/2023;terça-feira;14:00:00;MG;116;702,3;MURIAE;Mal súbito do condutor;Tombamento;Com Vítimas Feridas;Pleno dia;Decrescente;Nublado;Múltipla;Reta;Sim;1;0;1;0;0;0;1;1;-21,13254295;-42,38765717;SPRF-MG;DEL07-MG;UOP02-DEL07-MG
567307;12/12/2023;terça-feira;13:30:00;RS;153;44,5;ERECHIM;Velocidade Incompatível;Saída de leito carroçável;Com Vítimas Feridas;Pleno dia;Crescente;Céu Claro;Simples;"Reta;Declive;Interseção de Via";Sim;1;0;1;0;0;0;1;1;-27,62312752;-52,23687793;SPRF-RS;DEL08-RS;UOP04-DEL08-RS
567308;12/12/2023;terça-feira;14:23:00;SP;153;4,9;ICEM;Ingestão de álcool pelo condutor;Colisão frontal;Com Vítimas Fatais;Pleno dia;Decrescente;Céu Claro;Simples;Reta;Não;3;1;0;2;0;0;2;2;-20,347367;-49,215031;SPRF-SP;DEL09-SP;UOP01-DEL09-SP
567311;12/12/2023;terça-feira;10:30:00;BA;418;85;NOVA VICOSA;Animais na Pista;Atropelamento de Animal;Com Vítimas Feridas;Pleno dia;Crescente;Céu Claro;Simples;Reta;Não;1;0;1;0;0;0;1;1;-17,887303;-39,829973;SPRF-BA;DEL09-BA;UOP02-DEL09-BA
567312;12/12/2023;terça-feira;13:00:00;BA;101;227,2;CRUZ DAS ALMAS;Ultrapassagem Indevida;Colisão frontal;Com Vítimas Fatais;Pleno dia;Decrescente;Céu Claro;Simples;Reta;Não;2;1;0;0;1;0;0;2;-12,704778;-39,158208;SPRF-BA;DEL01-BA;UOP02-DEL01-BA
567313;12/12/2023;terça-feira;14:50:00;PB;101;87;JOAO PESSOA;Pedestre cruzava a pista fora da faixa;Atropelamento de Pedestre;Com Vítimas Fatais;Pleno dia;Decrescente;Céu Claro;Dupla;Curva;Sim;3;1;0;0;1;1;0;2;-7,15886802;-34,90628504;SPRF-PB;DEL01-PB;UOP01-DEL01-PB
567315;12/12/2023;terça-feira;10:30:00;SC;470;121;IBIRAMA;Ultrapassagem Indevida;Colisão transversal;Com Vítimas Feridas;Pleno dia;Crescente;Céu Claro;Múltipla;"Curva;Declive                 ";Não;2;0;1;0;1;0;1;2;-27,095861;-49,526859;SPRF-SC;DEL04-SC;UOP02-DEL04-SC
567316;12/12/2023;terça-feira;14:52:00;ES;259;63;COLATINA;Velocidade Incompatível;Capotamento;Com Vítimas Feridas;Pleno dia;Crescente;Nublado;Simples;"Reta;Declive                  ";Não;2;0;0;1;0;1;1;1;-19,53240916;-40,68791339;SPRF-ES;DEL02-ES;UOP01-DEL02-ES
567317;12/12/2023;terça-feira;15:00:00;SC;101;205,7;SAO JOSE;Trafegar com motocicleta (ou similar) entre as faixas;Colisão lateral mesmo sentido;Com Vítimas Feridas;Pleno dia;Crescente;Céu Claro;Múltipla;Reta;Sim;2;0;1;0;1;0;1;2;-27,58313237;-48,61532885;SPRF-SC;DEL01-SC;UOP01-DEL01-SC
567318;06/11/2023;segunda-feira;08:00:00;PR;116;112,5;CURITIBA;Ausência de reação do condutor;Colisão traseira;Com Vítimas Feridas;Pleno dia;Decrescente;Céu Claro;Dupla;Reta;Não;2;0;0;1;1;0;1;2;-25,56730763;-49,23706792;SPRF-PR;DEL01-PR;UOP07-DEL01-PR
567320;12/12/2023;terça-feira;15:00:00;MA;230;402;BALSAS;Acessar a via sem observar a presença dos outros veículos;Colisão transversal;Com Vítimas Feridas;Pleno dia;Crescente;Céu Claro;Simples;Reta;Sim;2;0;0;1;1;0;1;2;-7,50857084;-46,03158637;SPRF-MA;DEL05-MA;UOP01-DEL05-MA
567325;12/12/2023;terça-feira;15:25:00;PR;153;42,5;SANTO ANTONIO DA PLATINA;Acessar a via sem observar a presença dos outros veículos;Colisão transversal;Com Vítimas Feridas;Pleno dia;Decrescente;Céu Claro;Simples;"Reta;Interseção de Vias       ";Sim;3;0;1;0;2;0;1;2;-23,29512144;-50,06578041;SPRF-PR;DEL07-PR;UOP04-DEL07-PR
567326;12/12/2023;terça-feira;16:15:00;RS;101;18,5;TRES CACHOEIRAS;Ausência de reação do condutor;Saída de leito carroçável;Com Vítimas Feridas;Pleno dia;Decrescente;Céu Claro;Simples;Curva;Sim;1;0;1;0;0;0;1;1;-29,42216653;-49,87539634;SPRF-RS;DEL03-RS;UOP02-DEL03-RS
567327;08/12/2023;sexta-feira;21:30:00;PR;116;102;SAO JOSE DOS PINHAIS;Velocidade Incompatível;Capotamento;Sem Vítimas;Plena Noite;Crescente;Nublado;Dupla;Reta;Não;1;0;0;0;0;1;0;1;-25,5690786;-49,17961121;SPRF-PR;DEL01-PR;UOP07-DEL01-PR
567328;12/12/2023;terça-feira;16:15:00;SC;101;276,8;IMBITUBA;Acessar a via sem observar a presença dos outros veículos;Colisão transversal;Com Vítimas Feridas;Pleno dia;Decrescente;Céu Claro;Múltipla;Reta;Sim;2;0;0;1;1;0;1;2;-28,14644701;-48,69204746;SPRF-SC;DEL02-SC;UOP03-DEL02-SC
567330;12/12/2023;terça-feira;14:10:00;MG;40;518,2;RIBEIRAO DAS NEVES;Avarias e/ou desgaste excessivo no pneu;Queda de ocupante de veículo;Com Vítimas Feridas;Pleno dia;Decrescente;Sol;Dupla;Reta;Sim;2;0;1;1;0;0;2;1;-19,8321242;-44,08208533;SPRF-MG;DEL01-MG;UOP02-DEL01-MG
567331;12/12/2023;terça-feira;12:38:00;MA;10;156;PORTO FRANCO;Acessar a via sem observar a presença dos outros veículos;Colisão transversal;Sem Vítimas;Pleno dia;Crescente;Céu Claro;Simples;"Interseção de Vias;Reta       ";Sim;2;0;0;0;2;0;0;2;-6,356236;-47,3769;SPRF-MA;DEL04-MA;UOP02-DEL04-MA
567332;12/12/2023;terça-feira;12:20:00;PA;230;115;MARABA;Condutor deixou de manter distância do veículo da frente;Colisão traseira;Sem Vítimas;Pleno dia;Decrescente;Céu Claro;Dupla;"Curva;Interseção de Vias      ";Sim;2;0;0;0;2;0;0;2;-5,35659777;-49,08837318;SPRF-PA;DEL03-PA;UOP01-DEL03-PA
567336;12/12/2023;terça-feira;16:45:00;PE;101;72;RECIFE;Frear bruscamente;Queda de ocupante de veículo;Com Vítimas Feridas;Pleno dia;Decrescente;Sol;Dupla;Reta;Sim;1;0;0;1;0;0;1;1;-8,08493106;-34,9450639;SPRF-PE;DEL01-PE;UOP01-DEL01-PE
567337;12/12/2023;terça-feira;17:00:00;RJ;40;120;DUQUE DE CAXIAS;Condutor deixou de manter distância do veículo da frente;Colisão lateral mesmo sentido;Com Vítimas Feridas;Pleno dia;Crescente;Nublado;Múltipla;Reta;Não;3;0;1;0;2;0;1;2;-22,77280597;-43,28626763;SPRF-RJ;DEL01-RJ;UOP02-DEL01-RJ
567339;12/12/2023;terça-feira;16:00:00;PR;369;185;ARAPONGAS;Acessar a via sem observar a presença dos outros veículos;Colisão transversal;Com Vítimas Feridas;Pleno dia;Decrescente;Céu Claro;Simples;Interseção de Vias;Sim;2;0;1;0;1;0;1;2;-23,4130622;-51,42705292;SPRF-PR;DEL07-PR;UOP03-DEL07-PR
567340;12/12/2023;terça-feira;17:00:00;PB;230;18;JOAO PESSOA;Manobra de mudança de faixa;Colisão traseira;Com Vítimas Feridas;Anoitecer;Decrescente;Céu Claro;Dupla;"Aclive;Reta                   ";Sim;2;0;1;0;1;0;1;2;-7,1198;-34,8453;SPRF-PB;DEL01-PB;UOP01-DEL01-PB