id;data_inversa;dia_semana;horario;uf;br;km;municipio;causa_acidente;tipo_acidente;classificacao_acidente;fase_dia;sentido_via;condicao_metereologica;tipo_pista;tracado_via;uso_solo;pessoas;mortos;feridos_leves;feridos_graves;ilesos;ignorados;feridos;veiculos;latitude;longitude;regional;delegacia;uop
567341;12/12/2023;terça-feira;17:15:00;CE;116;10,6;FORTALEZA;Ausência de reação do condutor;Saída de leito carroçável;Com Vítimas Feridas;Anoitecer;Decrescente;Céu Claro;Dupla;Reta;Sim;1;0;0;1;0;0;1;1;-3,84110811;-38,49986494;SPRF-CE;DEL01-CE;UOP02-DEL01-CE
567342;12/12/2023;terça-feira;16:05:00;PA;10;17;DOM ELISEU;Acessar a via sem observar a presença dos outros veículos;Colisão transversal;Com Vítimas Feridas;Pleno dia;Crescente;Céu Claro;Simples;Reta;Sim;3;0;1;0;2;0;1;2;-4,30201297;-47,55571979;SPRF-PA;DEL02-PA;UOP02-DEL02-PA
567343;12/12/2023;terça-feira;16:20:00;SP;116;453;PARIQUERA-ACU;Reação tardia ou ineficiente do condutor;Saída de leito carroçável;Com Vítimas Feridas;Anoitecer;Decrescente;Céu Claro;Dupla;Reta;Não;1;0;0;1;0;0;1;1;-24,56168114;-47,86752174;SPRF-SP;DEL05-SP;UOP01-DEL05-SP
567344;12/12/2023;terça-feira;17:45:00;SP;116;219;GUARULHOS;Pedestre cruzava a pista fora da faixa;Atropelamento de Pedestre;Com Vítimas Feridas;Pleno dia;Crescente;Céu Claro;Dupla;Reta;Sim;2;0;0;1;1;0;1;2;-23,46143954;-46,48885316;SPRF-SP;DEL01-SP;UOP01-DEL01-SP
567345;12/12/2023;terça-feira;17:00:00;MG;50;174,9;UBERABA;Pedestre cruzava a pista fora da faixa;Atropelamento de Pedestre;Com Vítimas Feridas;Pleno dia;Crescente;Céu Claro;Dupla;Curva;Sim;3;0;0;1;1;1;1;2;-19,77880359;-47,9695118;SPRF-MG;DEL13-MG;UOP01-DEL13-MG
567349;12/12/2023;terça-feira;17:30:00;SC;101;149;ITAPEMA;Reação tardia ou ineficiente do condutor;Colisão traseira;Com Vítimas Feridas;Pleno dia;Decrescente;Céu Claro;Dupla;Reta;Sim;2;0;1;0;1;0;1;2;-27,1089649;-48,61277586;SPRF-SC;DEL04-SC;UOP03-DEL04-SC
567350;12/12/2023;terça-feira;17:45:00;RJ;116;191;NOVA IGUACU;Avarias e/ou desgaste excessivo no pneu;Queda de ocupante de veículo;Com Vítimas Feridas;Pleno dia;Decrescente;Nublado;Dupla;Reta;Sim;2;0;0;1;1;0;1;1;-22,74261994;-43,51697981;SPRF-RJ;DEL06-RJ;UOP01-DEL06-RJ
567351;12/12/2023;terça-feira;18:00:00;SP;116;72,5;APARECIDA;Reação tardia ou ineficiente do condutor;Queda de ocupante de veículo;Com Vítimas Feridas;Anoitecer;Crescente;Nublado;Múltipla;Reta;Não;2;0;2;0;0;0;2;1;-22,86354218;-45,23746093;SPRF-SP;DEL08-SP;UOP01-DEL08-SP
567352;12/12/2023;terça-feira;18:10:00;SP;116;230;SAO PAULO;Condutor deixou de manter distância do veículo da frente;Colisão lateral mesmo sentido;Com Vítimas Feridas;Amanhecer;Decrescente;Céu Claro;Múltipla;Reta;Não;2;0;1;0;1;0;1;2;-23,52251783;-46,5855702;SPRF-SP;DEL01-SP;UOP01-DEL01-SP
567353;12/12/2023;terça-feira;18:30:00;PR;277;1,3;FOZ DO IGUACU;Acessar a via sem observar a presença dos outros veículos;Colisão traseira;Com Vítimas Feridas;Pleno dia;Crescente;Céu Claro;Dupla;"Reta;Interseção de Vias       ";Não;3;0;1;0;2;0;1;3;-25,5469;-54,5882;SPRF-PR;DEL05-PR;UOP03-DEL05-PR
567354;12/12/2023;terça-feira;18:15:00;RS;101;6,5;TORRES;Ausência de reação do condutor;Saída de leito carroçável;Com Vítimas Feridas;Anoitecer;Decrescente;Nublado;Dupla;Reta;Sim;1;0;1;0;0;0;1;1;-29,34755416;-49,79310885;SPRF-RS;DEL03-RS;UOP02-DEL03-RS
567357;12/12/2023;terça-feira;18:30:00;GO;40;5,5;VALPARAISO DE GOIAS;Acessar a via sem observar a presença dos outros veículos;Colisão transversal;Com Vítimas Feridas;Anoitecer;Crescente;Céu Claro;Dupla;"Reta;Retorno Regulamentado    ";Sim;2;0;1;0;1;0;1;2;-16,093134;-47,982236;SPRF-DF;DEL01-DF;UOP01-DEL01-DF
567359;12/12/2023;terça-feira;18:50:00;PR;373;174;PONTA GROSSA;Ausência de reação do condutor;Colisão transversal;Com Vítimas Feridas;Plena Noite;Crescente;Céu Claro;Múltipla;Retorno Regulamentado;Sim;2;0;0;1;1;0;1;2;-25,07594908;-50,20995715;SPRF-PR;DEL03-PR;UOP01-DEL03-PR
567360;12/12/2023;terça-feira;19:00:00;SP;381;88;SAO PAULO;Reação tardia ou ineficiente do condutor;Queda de ocupante de veículo;Com Vítimas Feridas;Plena Noite;Decrescente;Céu Claro;Múltipla;Reta;Sim;1;0;1;0;0;0;1;1;-23,47469314;-46,56112919;SPRF-SP;DEL03-SP;UOP01-DEL03-SP
567361;12/12/2023;terça-feira;19:35:00;RN;101;78;NATAL;Ausência de sinalização;Saída de leito carroçável;Com Vítimas Feridas;Plena Noite;Decrescente;Céu Claro;Dupla;"Interseção de Vias;Rotatória;E";Sim;1;0;1;0;0;0;1;1;-5,74071896;-35,29021064;SPRF-RN;DEL02-RN;UOP01-DEL02-RN
567362;12/12/2023;terça-feira;18:50:00;RJ;101;403;ITAGUAI;Pedestre andava na pista;Atropelamento de Pedestre;Com Vítimas Fatais;Anoitecer;Decrescente;Nublado;Dupla;Reta;Sim;2;1;0;1;0;0;1;2;-22,85924449;-43,79010059;SPRF-RJ;DEL03-RJ;UOP01-DEL03-RJ
567363;12/12/2023;terça-feira;19:00:00;PB;230;508;CAJAZEIRAS;Pedestre andava na pista;Atropelamento de Pedestre;Com Vítimas Fatais;Plena Noite;Decrescente;Céu Claro;Simples;"Reta;Aclive                   ";Não;3;1;0;0;0;2;0;3;-6,8988;-38,5722;SPRF-PB;DEL03-PB;UOP03-DEL03-PB
567364;08/12/2023;sexta-feira;20:46:00;RO;NA;NA;ARIQUEMES;Transitar na calçada;Colisão com objeto;Sem Vítimas;Plena Noite;Não Informado;Céu Claro;Simples;Reta;Sim;2;0;0;0;2;0;0;2;-9,92399025;-63,03749453;SPRF-RO;DEL03-RO;N/A
567366;12/12/2023;terça-feira;17:35:00;MT;70;735;CACERES;Ultrapassagem Indevida;Saída de leito carroçável;Com Vítimas Feridas;Pleno dia;Decrescente;Céu Claro;Simples;Reta;Não;2;0;1;0;1;0;1;1;-16,072309;-57,704658;SPRF-MT;DEL03-MT;UOP01-DEL03-MT
567367;12/12/2023;terça-feira;19:00:00;MS;262;347;CAMPO GRANDE;Ausência de reação do condutor;Tombamento;Com Vítimas Feridas;Plena Noite;Crescente;Nublado;Simples;Reta;Sim;1;0;1;0;0;0;1;1;-20,564069;-54,607119;SPRF-MS;DEL01-MS;UOP03-DEL01-MS
567368;12/12/2023;terça-feira;20:00:00;PB;101;93,7;JOAO PESSOA;Ausência de reação do condutor;Queda de ocupante de veículo;Com Vítimas Feridas;Plena Noite;Decrescente;Céu Claro;Dupla;Reta;Sim;1;0;0;1;0;0;1;1;-7,205825;-34,90879;SPRF-PB;DEL01-PB;UOP02-DEL01-PB
567369;12/12/2023;terça-feira;17:50:00;RS;392;77,3;PELOTAS;Avarias e/ou desgaste excessivo no pneu;Queda de ocupante de veículo;Com Vítimas Feridas;Pleno dia;Decrescente;Céu Claro;Simples;Reta;Não;2;0;1;1;0;0;2;1;-31,69231175;-52,42949285;SPRF-RS;DEL07-RS;UOP01-DEL07-RS
567371;12/12/2023;terça-feira;19:30:00;CE;116;12,7;FORTALEZA;Manobra de mudança de faixa;Colisão traseira;Com Vítimas Feridas;Plena Noite;Decrescente;Céu Claro;Dupla;Reta;Sim;2;0;1;0;1;0;1;2;-3,852077;-38,495525;SPRF-CE;DEL01-CE;UOP02-DEL01-CE
567373;12/12/2023;terça-feira;19:20:00;DF;20;8,1;BRASILIA;Velocidade Incompatível;Colisão traseira;Com Vítimas Feridas;Anoitecer;Crescente;Nublado;Dupla;"Reta;Aclive                   ";Sim;3;0;1;0;1;1;1;3;-15,658386;-47,791534;SPRF-DF;DEL02-DF;UOP01-DEL02-DF
567374;12/12/2023;terça-feira;20:00:00;RO;364;709;PORTO VELHO;Frear bruscamente;Queda de ocupante de veículo;Com Vítimas Feridas;Anoitecer;Decrescente;Nublado;Dupla;Interseção de Vias;Sim;1;0;1;0;0;0;1;1;-8,79554083;-63,84072487;SPRF-RO;DEL01-RO;UOP01-DEL01-RO
567377;12/12/2023;terça-feira;18:10:00;SC;470;63,6;INDAIAL;Retorno proibido;Colisão transversal;Com Vítimas Feridas;Anoitecer;Crescente;Céu Claro;Simples;Aclive;Não;2;0;1;0;1;0;1;2;-26,872396;-49,19228;SPRF-SC;DEL04-SC;UOP01-DEL04-SC
567379;12/12/2023;terça-feira;21:00:00;RS;471;174;RIO PARDO;Ausência de reação do condutor;Colisão traseira;Com Vítimas Feridas;Plena Noite;Crescente;Céu Claro;Dupla;Rotatória;Sim;3;0;2;0;1;0;2;2;-29,98113836;-52,37012678;SPRF-RS;DEL02-RS;UOP03-DEL02-RS
567380;12/12/2023;terça-feira;21:30:00;SP;116;222;GUARULHOS;Manobra de mudança de faixa;Colisão lateral mesmo sentido;Com Vítimas Feridas;Plena Noite;Decrescente;Ignorado;Múltipla;"Interseção de Vias;Reta       ";Sim;2;0;1;0;1;0;1;2;-23,47093408;-46,51631097;SPRF-SP;DEL01-SP;UOP01-DEL01-SP
567381;12/12/2023;terça-feira;14:05:00;MT;174;450;COMODORO;Acumulo de água sobre o pavimento;Saída de leito carroçável;Com Vítimas Feridas;Pleno dia;Crescente;Céu Claro;Simples;Curva;Não;2;0;1;1;0;0;2;1;-13,968508;-59,755607;SPRF-MT;DEL04-MT;UOP02-DEL04-MT
567383;12/12/2023;terça-feira;21:25:00;GO;60;171;GOIANIA;Velocidade Incompatível;Colisão traseira;Com Vítimas Feridas;Plena Noite;Crescente;Céu Claro;Dupla;"Curva;Aclive                  ";Não;1;0;1;0;0;0;1;1;-16,7333;-49,3996;SPRF-GO;DEL01-GO;UOP02-DEL01-GO
567384;12/12/2023;terça-feira;19:00:00;PR;376;590;CURITIBA;Transitar no Acostamento;Atropelamento de Pedestre;Com Vítimas Feridas;Plena Noite;Decrescente;Céu Claro;Dupla;Reta;Sim;2;0;1;0;1;0;1;2;-25,45155592;-49,36237578;SPRF-PR;DEL01-PR;UOP06-DEL01-PR
567387;12/12/2023;terça-feira;20:40:00;SC;280;5,4;SAO FRANCISCO DO SUL;Acessar a via sem observar a presença dos outros veículos;Colisão transversal;Com Vítimas Feridas;Plena Noite;Crescente;Céu Claro;Simples;Reta;Sim;2;0;1;0;1;0;1;2;-26,262783;-48,62931;SPRF-SC;DEL03-SC;UOP03-DEL03-SC
567388;12/12/2023;terça-feira;21:30:00;MT;163;873;SINOP;Avarias e/ou desgaste excessivo no pneu;Queda de ocupante de veículo;Com Vítimas Feridas;Plena Noite;Decrescente;Céu Claro;Simples;"Reta;Ponte                    ";Não;1;0;1;0;0;0;1;1;-11,65545986;-55,44171051;SPRF-MT;DEL06-MT;UOP02-DEL06-MT
567389;12/12/2023;terça-feira;22:10:00;MG;459;44,1;SANTA RITA DE CALDAS;Demais falhas mecânicas ou elétricas;Tombamento;Com Vítimas Feridas;Plena Noite;Decrescente;Céu Claro;Simples;"Curva;Aclive                  ";Não;1;0;1;0;0;0;1;1;-21,998268;-46,313184;SPRF-MG;DEL09-MG;UOP01-DEL09-MG
567390;12/12/2023;terça-feira;22:35:00;PI;316;0,5;TERESINA;Conversão proibida;Colisão transversal;Sem Vítimas;Plena Noite;Decrescente;Céu Claro;Simples;Reta;Sim;3;0;0;0;3;0;0;2;-5,12825404;-42,80651461;SPRF-PI;DEL01-PI;UOP02-DEL01-PI
567391;12/12/2023;terça-feira;21:10:00;MG;262;815;UBERABA;Ausência de reação do condutor;Saída de leito carroçável;Com Vítimas Feridas;Pleno dia;Crescente;Céu Claro;Dupla;"Retorno Regulamentado;Reta    ";Sim;1;0;1;0;0;0;1;1;-19,76466268;-48,12500294;SPRF-MG;DEL13-MG;UOP01-DEL13-MG
567394;12/12/2023;terça-feira;23:45:00;SE;101;88;NOSSA SENHORA DO SOCORRO;Animais na Pista;Atropelamento de Animal;Com Vítimas Feridas;Plena Noite;Decrescente;Céu Claro;Dupla;"Aclive;Reta                   ";Não;2;0;0;1;1;0;1;1;-10,87113297;-37,1344637;SPRF-SE;DEL01-SE;UOP01-DEL01-SE
567395;12/12/2023;terça-feira;22:30:00;PB;230;478;MARIZOPOLIS;Acessar a via sem observar a presença dos outros veículos;Colisão transversal;Com Vítimas Feridas;Plena Noite;Crescente;Céu Claro;Simples;Reta;Sim;2;0;1;1;0;0;2;2;-6,843866;-38,346454;SPRF-PB;DEL03-PB;UOP03-DEL03-PB
567396;12/12/2023;terça-feira;23:57:00;SC;101;118;ITAJAI;Objeto estático sobre o leito carroçável;Colisão com objeto;Com Vítimas Feridas;Plena Noite;Decrescente;Nublado;Múltipla;Reta;Não;1;0;1;0;0;0;1;1;-26,895859;-48,71903;SPRF-SC;DEL04-SC;UOP04-DEL04-SC
567397;12/12/2023;terça-feira;18:00:00;MG;267;50,8;MARIPA DE MINAS;Reação tardia ou ineficiente do condutor;Tombamento;Com Vítimas Feridas;Anoitecer;Crescente;Nublado;Simples;Curva;Não;2;0;1;0;1;0;1;1;-21,69577022;-42,98279189;SPRF-MG;DEL07-MG;UOP01-DEL07-MG
567399;13/12/2023;quarta-feira;00:30:00;SP;116;148;SAO JOSE DOS CAMPOS;Avarias e/ou desgaste excessivo no pneu;Tombamento;Com Vítimas Feridas;Plena Noite;Decrescente;Céu Claro;Dupla;Reta;Sim;1;0;1;0;0;0;1;1;-23,20067421;-45,8795018;SPRF-SP;DEL02-SP;UOP01-DEL02-SP
567401;13/12/2023;quarta-feira;01:00:00;BA;242;344;LENCOIS;Animais na Pista;Atropelamento de Animal;Com Vítimas Feridas;Plena Noite;Crescente;Céu Claro;Simples;Reta;Não;3;0;3;0;0;0;3;1;-12,50587741;-41,26807413;SPRF-BA;DEL06-BA;UOP01-DEL06-BA
567404;13/12/2023;quarta-feira;02:10:00;MG;381;455,9;BELO HORIZONTE;Pedestre andava na pista;Atropelamento de Pedestre;Com Vítimas Feridas;Plena Noite;Decrescente;Céu Claro;Simples;Reta;Não;2;0;0;1;1;0;1;2;-19,83926185;-43,8851881;SPRF-MG;DEL01-MG;UOP01-DEL01-MG
567406;13/12/2023;quarta-feira;02:15:00;PE;423;42,3;CACHOEIRINHA;Condutor Dormindo;Colisão lateral sentido oposto;Sem Vítimas;Plena Noite;Decrescente;Céu Claro;Simples;Reta;Não;2;0;0;0;0;2;0;2;-8,50897803;-36,25103394;SPRF-PE;DEL03-PE;UOP01-DEL03-PE
567407;13/12/2023;quarta-feira;03:30:00;SP;153;112;JOSE BONIFACIO;Afundamento ou ondulação no pavimento;Tombamento;Com Vítimas Feridas;Plena Noite;Crescente;Céu Claro;Simples;Declive;Não;1;0;1;0;0;0;1;1;-21,10480404;-49,68274492;SPRF-SP;DEL09-SP;UOP01-DEL09-SP
567409;13/12/2023;quarta-feira;04:20:00;PB;230;298;SANTA LUZIA;Animais na Pista;Atropelamento de Animal;Com Vítimas Feridas;Amanhecer;Crescente;Céu Claro;Simples;Reta;Não;2;0;1;0;1;0;1;1;-6,8972;-36,9647;SPRF-PB;DEL03-PB;UOP01-DEL03-PB
567417;13/12/2023;quarta-feira;06:00:00;PR;277;700;SAO MIGUEL DO IGUACU;Demais falhas mecânicas ou elétricas;Incêndio;Sem Vítimas;Pleno dia;Decrescente;Céu Claro;Dupla;Reta;Não;1;0;0;0;1;0;0;1;-25,40601241;-54,32821775;SPRF-PR;DEL05-PR;UOP01-DEL05-PR
567418;12/12/2023;terça-feira;16:20:00;MS;158;98;PARANAIBA;Pista Escorregadia;Tombamento;Com Vítimas Feridas;Pleno dia;Decrescente;Garoa/Chuvisco;Dupla;Reta;Sim;2;0;2;0;0;0;2;2;-19,69914535;-51,16781244;SPRF-MS;DEL08-MS;UOP01-DEL08-MS
567419;13/12/2023;quarta-feira;05:30:00;SP;116;152;SAO JOSE DOS CAMPOS;Ausência de reação do condutor;Capotamento;Com Vítimas Feridas;Pleno dia;Decrescente;Céu Claro;Múltipla;Reta;Sim;1;0;0;1;0;0;1;1;-23,22620401;-45,90682999;SPRF-SP;DEL02-SP;UOP01-DEL02-SP
567420;12/12/2023;terça-feira;23:15:00;SC;282;495,9;XANXERE;Reação tardia ou ineficiente do condutor;Saída de leito carroçável;Sem Vítimas;Plena Noite;Decrescente;Céu Claro;Simples;Reta;Não;1;0;0;0;1;0;0;1;-26,875349;-52,327076;SPRF-SC;DEL07-SC;UOP01-DEL07-SC
567423;09/12/2023;sábado;16:00:00;SC;282;529,1;CORDILHEIRA ALTA;Velocidade Incompatível;Queda de ocupante de veículo;Com Vítimas Feridas;Pleno dia;Decrescente;Céu Claro;Simples;Reta;Não;1;0;1;0;0;0;1;1;-26,982185;-52,59734;SPRF-SC;DEL07-SC;UOP01-DEL07-SC
567425;13/12/2023;quarta-feira;06:45:00;RJ;116;175;SAO JOAO DE MERITI;Ingestão de álcool pelo condutor;Colisão traseira;Sem Vítimas;Pleno dia;Decrescente;Céu Claro;Dupla;Reta;Sim;2;0;0;0;2;0;0;2;-22,79808118;-43,35793018;SPRF-RJ;DEL06-RJ;UOP01-DEL06-RJ
567426;13/12/2023;quarta-feira;06:50:00;PE;101;68;RECIFE;Condutor deixou de manter distância do veículo da frente;Colisão traseira;Com Vítimas Feridas;Pleno dia;Crescente;Céu Claro;Dupla;Reta;Não;2;0;0;1;1;0;1;2;-8,05074296;-34,94580619;SPRF-PE;DEL01-PE;UOP01-DEL01-PE
567428;13/12/2023;quarta-feira;06:33:00;SP;153;72,2;SAO JOSE DO RIO PRETO;Frear bruscamente;Colisão traseira;Com Vítimas Feridas;Pleno dia;Decrescente;Céu Claro;Dupla;"Aclive;Reta                   ";Sim;3;0;1;0;2;0;1;2;-20,86715501;-49,41334398;SPRF-SP;DEL09-SP;UOP01-DEL09-SP
567429;13/12/2023;quarta-feira;07:15:00;BA;324;611,5;SIMOES FILHO;Trafegar com motocicleta (ou similar) entre as faixas;Colisão traseira;Com Vítimas Feridas;Pleno dia;Crescente;Sol;Dupla;"Reta;Declive                  ";Sim;3;0;2;0;0;1;2;2;-12,852383;-38,419486;SPRF-BA;DEL01-BA;UOP01-DEL01-BA
567430;22/11/2023;quarta-feira;17:20:00;RJ;101;485;ANGRA DOS REIS;Reação tardia ou ineficiente do condutor;Queda de ocupante de veículo;Com Vítimas Feridas;Pleno dia;Crescente;Sol;Simples;"Reta;Retorno Regulamentado    ";Sim;2;0;1;0;0;1;1;2;-22,98573526;-44,29709764;SPRF-RJ;DEL03-RJ;UOP03-DEL03-RJ
567431;13/12/2023;quarta-feira;08:00:00;SC;101;214,6;PALHOCA;Condutor deixou de manter distância do veículo da frente;Colisão traseira;Sem Vítimas;Pleno dia;Decrescente;Céu Claro;Dupla;Reta;Sim;5;0;0;0;5;0;0;4;-27,64443;-48,67057;SPRF-SC;DEL01-SC;UOP02-DEL01-SC
567432;13/12/2023;quarta-feira;05:40:00;PE;101;63,3;RECIFE;Condutor deixou de manter distância do veículo da frente;Colisão traseira;Com Vítimas Feridas;Amanhecer;Decrescente;Garoa/Chuvisco;Dupla;Reta;Sim;2;0;1;0;1;0;1;2;-8,00800604;-34,93756535;SPRF-PE;DEL01-PE;UOP01-DEL01-PE
567433;13/12/2023;quarta-feira;07:20:00;MG;50;42;ARAGUARI;Mal súbito do condutor;Colisão traseira;Com Vítimas Feridas;Pleno dia;Decrescente;Céu Claro;Dupla;Reta;Não;2;0;1;0;1;0;1;2;-18,69101412;-48,18009275;SPRF-MG;DEL15-MG;UOP02-DEL15-MG
567437;13/12/2023;quarta-feira;07:40:00;SP;116;271,1;TABOAO DA SERRA;Reação tardia ou ineficiente do condutor;Colisão lateral mesmo sentido;Com Vítimas Feridas;Pleno dia;Decrescente;Céu Claro;Dupla;Reta;Sim;3;0;2;0;1;0;2;2;-23,61809286;-46,80556302;SPRF-SP;DEL04-SP;UOP01-DEL04-SP
567439;13/12/2023;quarta-feira;07:40:00;SP;153;60,5;SAO JOSE DO RIO PRETO;Reação tardia ou ineficiente do condutor;Engavetamento;Com Vítimas Feridas;Pleno dia;Crescente;Céu Claro;Dupla;Reta;Sim;5;0;1;0;4;0;1;4;-20,79627979;-49,35480206;SPRF-SP;DEL09-SP;UOP01-DEL09-SP
567440;13/12/2023;quarta-feira;07:25:00;GO;153;505;APARECIDA DE GOIANIA;Manobra de mudança de faixa;Colisão lateral mesmo sentido;Com Vítimas Feridas;Pleno dia;Decrescente;Céu Claro;Dupla;Reta;Sim;5;0;1;1;2;1;2;3;-16,7537;-49,2411;SPRF-GO;DEL01-GO;UOP01-DEL01-GO
567442;13/12/2023;quarta-feira;06:30:00;BA;101;241,1;CONCEICAO DO ALMEIDA;Condutor Dormindo;Saída de leito carroçável;Com Vítimas Fatais;Amanhecer;Crescente;Céu Claro;Simples;Curva;Não;2;1;1;0;0;0;1;1;-12,88117996;-39,21999041;SPRF-BA;DEL01-BA;UOP02-DEL01-BA
567443;13/12/2023;quarta-feira;08:50:00;SP;116;64,6;GUARATINGUETA;Frear bruscamente;Tombamento;Com Vítimas Feridas;Pleno dia;Decrescente;Céu Claro;Dupla;Reta;Não;2;0;2;0;0;0;2;1;-22,81942006;-45,18421298;SPRF-SP;DEL08-SP;UOP01-DEL08-SP
567445;13/12/2023;quarta-feira;08:20:00;PR;373;341;GUARAPUAVA;Animais na Pista;Atropelamento de Animal;Sem Vítimas;Pleno dia;Crescente;Céu Claro;Dupla;Reta;Não;1;0;0;0;1;0;0;1;-25,346944;-51,450198;SPRF-PR;DEL08-PR;UOP01-DEL08-PR
567446;13/12/2023;quarta-feira;08:40:00;BA;101;503;ITABUNA;Condutor deixou de manter distância do veículo da frente;Colisão traseira;Com Vítimas Feridas;Pleno dia;Decrescente;Sol;Simples;Aclive;Sim;7;0;1;0;6;0;1;3;-14,93204115;-39,30057969;SPRF-BA;DEL05-BA;UOP01-DEL05-BA
567448;13/12/2023;quarta-feira;08:40:00;RJ;116;193;NOVA IGUACU;Avarias e/ou desgaste excessivo no pneu;Queda de ocupante de veículo;Com Vítimas Feridas;Pleno dia;Decrescente;Céu Claro;Dupla;Reta;Não;2;0;2;0;0;0;2;1;-22,73960178;-43,52859094;SPRF-RJ;DEL06-RJ;UOP01-DEL06-RJ
567449;13/12/2023;quarta-feira;09:48:00;RN;101;108;PARNAMIRIM;Ausência de reação do condutor;Colisão traseira;Com Vítimas Feridas;Pleno dia;Crescente;Céu Claro;Dupla;Reta;Sim;2;0;1;0;1;0;1;2;-5,92825102;-35,26465683;SPRF-RN;DEL01-RN;UOP01-DEL01-RN
567454;21/09/2023;quinta-feira;18:30:00;MA;230;1,9;BARAO DE GRAJAU;Ausência de reação do condutor;Atropelamento de Pedestre;Com Vítimas Feridas;Plena Noite;Crescente;Céu Claro;Simples;Reta;Sim;2;0;0;1;0;1;1;2;-6,75491021;-43,01659198;SPRF-PI;DEL03-PI;UOP01-DEL03-PI
567457;13/12/2023;quarta-feira;09:15:00;RS;472;574;URUGUAIANA;Acessar a via sem observar a presença dos outros veículos;Colisão transversal;Sem Vítimas;Pleno dia;Crescente;Nublado;Simples;Reta;Sim;2;0;0;0;1;1;0;2;-29,763693;-57,048808;SPRF-RS;DEL13-RS;UOP01-DEL13-RS
567458;13/12/2023;quarta-feira;09:40:00;BA;116;16;VITORIA DA CONQUISTA;Acessar a via sem observar a presença dos outros veículos;Colisão transversal;Com Vítimas Feridas;Pleno dia;Crescente;Céu Claro;Simples;Interseção de Vias;Não;4;0;2;0;2;0;2;2;-14,851;-40,8485;SPRF-BA;DEL08-BA;UOP01-DEL08-BA
567459;13/12/2023;quarta-feira;08:30:00;PI;316;6;TERESINA;Demais falhas mecânicas ou elétricas;Tombamento;Com Vítimas Feridas;Pleno dia;Crescente;Céu Claro;Múltipla;Reta;Sim;2;0;0;2;0;0;2;1;-5,14702095;-42,77438982;SPRF-PI;DEL01-PI;UOP02-DEL01-PI
567460;13/12/2023;quarta-feira;10:20:00;ES;101;117;LINHARES;Reação tardia ou ineficiente do condutor;Saída de leito carroçável;Com Vítimas Feridas;Pleno dia;Crescente;Céu Claro;Simples;Reta;Não;5;0;2;0;3;0;2;1;-19,11932808;-40,06302982;SPRF-ES;DEL04-ES;UOP01-DEL04-ES
567461;13/12/2023;quarta-feira;10:00:00;DF;20;9;BRASILIA;Desrespeitar a preferência no cruzamento;Colisão transversal;Com Vítimas Feridas;Pleno dia;Crescente;Céu Claro;Dupla;"Reta;Interseção de Vias;Viadut";Não;5;0;1;0;4;0;1;2;-15,654671;-47,782917;SPRF-DF;DEL02-DF;UOP01-DEL02-DF
567463;13/12/2023;quarta-feira;10:10:00;MG;381;369;SAO GONCALO DO RIO ABAIXO;Reação tardia ou ineficiente do condutor;Colisão frontal;Com Vítimas Feridas;Pleno dia;Decrescente;Nublado;Simples;Curva;Não;2;0;1;0;0;1;1;2;-19,85129538;-43,29305902;SPRF-MG;DEL03-MG;UOP01-DEL03-MG
567464;13/12/2023;quarta-feira;07:35:00;SC;101;125,6;ITAJAI;Ausência de reação do condutor;Colisão traseira;Com Vítimas Feridas;Pleno dia;Decrescente;Sol;Dupla;Curva;Não;2;0;0;1;1;0;1;2;-26,94802427;-48,68338515;SPRF-SC;DEL04-SC;UOP04-DEL04-SC
567466;13/12/2023;quarta-feira;07:50:00;SC;101;131,4;BALNEARIO CAMBORIU;Reação tardia ou ineficiente do condutor;Colisão traseira;Com Vítimas Feridas;Pleno dia;Decrescente;Sol;Múltipla;Reta;Sim;2;0;1;0;1;0;1;2;-26,99064209;-48,66310912;SPRF-SC;DEL04-SC;UOP03-DEL04-SC
567467;13/12/2023;quarta-feira;10:20:00;AL;316;244;ATALAIA;Desrespeitar a preferência no cruzamento;Colisão transversal;Com Vítimas Feridas;Pleno dia;Crescente;Céu Claro;Simples;Reta;Sim;2;0;1;0;1;0;1;2;-9,51022028;-36,00471385;SPRF-AL;DEL01-AL;UOP01-DEL01-AL
567468;13/12/2023;quarta-feira;08:40:00;SP;116;158,4;JACAREI;Manobra de mudança de faixa;Colisão lateral mesmo sentido;Com Vítimas Feridas;Pleno dia;Decrescente;Céu Claro;Dupla;Reta;Sim;3;0;2;0;1;0;2;2;-23,26072137;-45,95179176;SPRF-SP;DEL02-SP;UOP01-DEL02-SP
567469;13/12/2023;quarta-feira;08:15:00;SC;101;132,3;BALNEARIO CAMBORIU;Reação tardia ou ineficiente do condutor;Engavetamento;Com Vítimas Feridas;Pleno dia;Decrescente;Céu Claro;Dupla;Reta;Sim;4;0;1;0;3;0;1;4;-26,99654133;-48,65564711;SPRF-SC;DEL04-SC;UOP03-DEL04-SC
567470;13/12/2023;quarta-feira;11:20:00;SP;101;48;UBATUBA;Acessar a via sem observar a presença dos outros veículos;Colisão transversal;Com Vítimas Feridas;Pleno dia;Crescente;Nublado;Simples;Curva;Sim;2;0;1;0;1;0;1;2;-23,43696329;-45,08768768;SPRF-SP;DEL06-SP;UOP01-DEL06-SP
567471;13/12/2023;quarta-feira;11:00:00;RS;116;152,3;CAXIAS DO SUL;Acessar a via sem observar a presença dos outros veículos;Colisão transversal;Com Vítimas Feridas;Pleno dia;Crescente;Céu Claro;Simples;Reta;Sim;3;0;1;1;1;0;2;2;-29,1829343;-51,16801501;SPRF-RS;DEL05-RS;UOP01-DEL05-RS