id;data_inversa;dia_semana;horario;uf;br;km;municipio;causa_acidente;tipo_acidente;classificacao_acidente;fase_dia;sentido_via;condicao_metereologica;tipo_pista;tracado_via;uso_solo;pessoas;mortos;feridos_leves;feridos_graves;ilesos;ignorados;feridos;veiculos;latitude;longitude;regional;delegacia;uop
567742;14/12/2023;quinta-feira;17:30:00;SP;116;94,5;PINDAMONHANGABA;Ausência de reação do condutor;Tombamento;Com Vítimas Feridas;Pleno dia;Crescente;Céu Claro;Dupla;Reta;Não;1;0;1;0;0;0;1;1;-22,96083987;-45,42156507;SPRF-SP;DEL08-SP;UOP01-DEL08-SP
567743;14/12/2023;quinta-feira;17:40:00;RS;386;351,3;ESTRELA;Acessar a via sem observar a presença dos outros veículos;Colisão traseira;Com Vítimas Feridas;Pleno dia;Crescente;Nublado;Dupla;"Curva;Viaduto                 ";Não;7;0;1;0;6;0;1;2;-29,48510873;-51,95498943;SPRF-RS;DEL04-RS;UOP01-DEL04-RS
567744;14/12/2023;quinta-feira;15:00:00;PB;101;88,7;JOAO PESSOA;Condutor Dormindo;Saída de leito carroçável;Com Vítimas Feridas;Pleno dia;Decrescente;Sol;Dupla;Reta;Sim;4;0;2;0;2;0;2;1;-7,17189276;-34,89774585;SPRF-PB;DEL01-PB;UOP02-DEL01-PB
567745;14/12/2023;quinta-feira;17:40:00;DF;40;1,4;BRASILIA;Trafegar com motocicleta (ou similar) entre as faixas;Colisão traseira;Com Vítimas Feridas;Pleno dia;Crescente;Céu Claro;Dupla;Reta;Sim;3;0;1;0;1;1;1;3;-15,985532;-47,987747;SPRF-DF;DEL01-DF;UOP01-DEL01-DF
567747;14/12/2023;quinta-feira;17:30:00;RJ;101;489;ANGRA DOS REIS;Conversão proibida;Colisão lateral mesmo sentido;Com Vítimas Feridas;Pleno dia;Decrescente;Céu Claro;Simples;Curva;Sim;2;0;1;0;1;0;1;2;-22,9564669;-44,30135965;SPRF-RJ;DEL03-RJ;UOP03-DEL03-RJ
567748;14/12/2023;quinta-feira;17:30:00;SP;116;217;GUARULHOS;Trafegar com motocicleta (ou similar) entre as faixas;Colisão traseira;Com Vítimas Feridas;Anoitecer;Decrescente;Céu Claro;Múltipla;Aclive;Sim;2;0;0;1;1;0;1;2;-23,45423824;-46,47119028;SPRF-SP;DEL01-SP;UOP01-DEL01-SP
567749;14/12/2023;quinta-feira;17:45:00;SC;101;204,4;SAO JOSE;Trafegar com motocicleta (ou similar) entre as faixas;Colisão lateral mesmo sentido;Com Vítimas Feridas;Pleno dia;Crescente;Céu Claro;Dupla;Reta;Sim;2;0;1;0;1;0;1;2;-27,57413014;-48,61363083;SPRF-SC;DEL01-SC;UOP01-DEL01-SC
567750;02/12/2023;sábado;22:00:00;RJ;101;310;SAO GONCALO;Ausência de reação do condutor;Colisão com objeto;Com Vítimas Feridas;Plena Noite;Crescente;Garoa/Chuvisco;Dupla;Reta;Não;1;0;1;0;0;0;1;1;-22,79717023;-43,04404993;SPRF-RJ;DEL02-RJ;UOP02-DEL02-RJ
567752;14/12/2023;quinta-feira;16:50:00;BA;407;98,9;JAGUARARI;Reação tardia ou ineficiente do condutor;Colisão traseira;Com Vítimas Feridas;Pleno dia;Decrescente;Sol;Simples;"Reta;Em Obras                 ";Não;3;0;1;1;1;0;2;2;-10,22882;-40,20781;SPRF-BA;DEL04-BA;UOP01-DEL04-BA
567753;14/12/2023;quinta-feira;18:30:00;RJ;40;118;DUQUE DE CAXIAS;Reação tardia ou ineficiente do condutor;Colisão lateral sentido oposto;Sem Vítimas;Plena Noite;Crescente;Céu Claro;Dupla;Reta;Sim;2;0;0;0;2;0;0;2;-22,75470802;-43,28737838;SPRF-RJ;DEL01-RJ;UOP02-DEL01-RJ
567754;14/12/2023;quinta-feira;17:45:00;SC;101;88;BARRA VELHA;Acessar a via sem observar a presença dos outros veículos;Colisão lateral mesmo sentido;Com Vítimas Feridas;Pleno dia;Crescente;Céu Claro;Dupla;Viaduto;Sim;2;0;1;0;1;0;1;2;-26,64253985;-48,68950684;SPRF-SC;DEL03-SC;UOP02-DEL03-SC
567755;14/12/2023;quinta-feira;18:50:00;RS;471;661;SANTA VITORIA DO PALMAR;Reação tardia ou ineficiente do condutor;Colisão traseira;Com Vítimas Feridas;Pleno dia;Decrescente;Céu Claro;Simples;"Rotatória;Reta                ";Sim;6;0;1;0;5;0;1;2;-33,540749;-53,35442;SPRF-RS;DEL07-RS;UOP04-DEL07-RS
567757;14/12/2023;quinta-feira;17:15:00;PB;230;297;SANTA LUZIA;Acesso irregular;Saída de leito carroçável;Com Vítimas Feridas;Anoitecer;Crescente;Céu Claro;Simples;Reta;Não;4;0;1;0;3;0;1;3;-6,8947;-36,9559;SPRF-PB;DEL03-PB;UOP01-DEL03-PB
567758;14/12/2023;quinta-feira;18:55:00;RS;386;32;FREDERICO WESTPHALEN;Acessar a via sem observar a presença dos outros veículos;Colisão transversal;Sem Vítimas;Anoitecer;Decrescente;Nublado;Simples;"Interseção de Vias;Reta       ";Sim;1;0;0;0;1;0;0;1;-27,3434001;-53,38871175;SPRF-RS;DEL08-RS;UOP02-DEL08-RS
567759;14/12/2023;quinta-feira;18:30:00;PR;277;2;PARANAGUA;Acessar a via sem observar a presença dos outros veículos;Colisão transversal;Com Vítimas Feridas;Plena Noite;Decrescente;Céu Claro;Simples;Reta;Sim;2;0;1;0;1;0;1;2;-25,568198;-48,615292;SPRF-PR;DEL01-PR;UOP05-DEL01-PR
567760;14/12/2023;quinta-feira;16:04:00;MG;365;291;JOAO PINHEIRO;Demais falhas mecânicas ou elétricas;Incêndio;Sem Vítimas;Pleno dia;Decrescente;Céu Claro;Simples;Reta;Não;1;0;0;0;1;0;0;1;-18,0999199;-45,69094512;SPRF-MG;DEL10-MG;UOP02-DEL010-MG
567762;14/12/2023;quinta-feira;14:00:00;MT;158;556;AGUA BOA;Condutor deixou de manter distância do veículo da frente;Engavetamento;Com Vítimas Feridas;Pleno dia;Crescente;Céu Claro;Simples;Reta;Não;4;0;2;0;2;0;2;3;-13,95871907;-52,11673091;SPRF-MT;DEL07-MT;UOP02-DEL07-MT
567763;14/12/2023;quinta-feira;18:06:00;TO;235;166;TUPIRAMA;Animais na Pista;Atropelamento de Animal;Sem Vítimas;Plena Noite;Crescente;Céu Claro;Simples;Reta;Não;1;0;0;0;1;0;0;1;-8,98369837;-48,19282129;SPRF-TO;DEL02-TO;UOP02-DEL02-TO
567764;14/12/2023;quinta-feira;18:40:00;RJ;116;317;ITATIAIA;Ausência de reação do condutor;Tombamento;Com Vítimas Feridas;Plena Noite;Crescente;Céu Claro;Dupla;Reta;Não;2;0;2;0;0;0;2;1;-22,46708478;-44,50067002;SPRF-RJ;DEL07-RJ;UOP02-DEL07-RJ
567767;14/12/2023;quinta-feira;17:00:00;MA;10;290,3;IMPERATRIZ;Pista Escorregadia;Capotamento;Com Vítimas Feridas;Pleno dia;Decrescente;Chuva;Simples;Reta;Não;1;0;1;0;0;0;1;1;-5,19816;-47,519409;SPRF-MA;DEL04-MA;UOP01-DEL04-MA
567768;14/12/2023;quinta-feira;18:45:00;RS;470;212;BENTO GONCALVES;Acessar a via sem observar a presença dos outros veículos;Colisão transversal;Com Vítimas Feridas;Pleno dia;Decrescente;Chuva;Simples;Curva;Sim;2;0;1;0;1;0;1;2;-29,1311721;-51,54412793;SPRF-RS;DEL06-RS;UOP01-DEL06-RS
567770;14/12/2023;quinta-feira;19:10:00;RS;116;136,9;CAXIAS DO SUL;Reação tardia ou ineficiente do condutor;Saída de leito carroçável;Sem Vítimas;Anoitecer;Crescente;Nublado;Simples;Curva;Não;2;0;0;0;2;0;0;1;-29,075135;-51,106044;SPRF-RS;DEL05-RS;UOP01-DEL05-RS
567771;14/12/2023;quinta-feira;19:30:00;GO;40;0;VALPARAISO DE GOIAS;Desvio temporário;Saída de leito carroçável;Com Vítimas Feridas;Plena Noite;Decrescente;Céu Claro;Dupla;Aclive;Não;1;0;1;0;0;0;1;1;-16,058273;-47,982655;SPRF-DF;DEL01-DF;UOP01-DEL01-DF
567772;14/12/2023;quinta-feira;17:06:00;RJ;493;13;GUAPIMIRIM;Reação tardia ou ineficiente do condutor;Colisão traseira;Com Vítimas Feridas;Pleno dia;Decrescente;Céu Claro;Múltipla;Reta;Não;2;0;1;0;0;1;1;2;-22,67551484;-42,97451889;SPRF-RJ;DEL04-RJ;UOP02-DEL04-RJ
567773;14/12/2023;quinta-feira;20:10:00;RS;386;417;MONTENEGRO;Velocidade Incompatível;Colisão lateral sentido oposto;Com Vítimas Feridas;Plena Noite;Decrescente;Chuva;Simples;"Curva;Retorno Regulamentado   ";Não;8;0;5;0;3;0;5;2;-29,818958;-51,452934;SPRF-RS;DEL04-RS;UOP02-DEL04-RS
567774;14/12/2023;quinta-feira;18:10:00;PI;230;310,1;FLORIANO;Ausência de reação do condutor;Colisão traseira;Com Vítimas Feridas;Plena Noite;Crescente;Céu Claro;Simples;Reta;Sim;3;0;0;1;2;0;1;2;-6,76580135;-43,00941327;SPRF-PI;DEL03-PI;UOP01-DEL03-PI
567776;14/12/2023;quinta-feira;19:30:00;RJ;116;169;RIO DE JANEIRO;Ingestão de álcool pelo condutor;Colisão lateral mesmo sentido;Com Vítimas Feridas;Plena Noite;Decrescente;Céu Claro;Múltipla;Reta;Sim;2;0;1;0;1;0;1;2;-22,816206;-43,324463;SPRF-RJ;DEL06-RJ;UOP01-DEL06-RJ
567777;14/12/2023;quinta-feira;19:40:00;BA;367;75;EUNAPOLIS;Transitar na contramão;Colisão frontal;Com Vítimas Feridas;Plena Noite;Crescente;Céu Claro;Simples;Curva;Não;2;0;0;2;0;0;2;2;-16,369727;-39,506281;SPRF-BA;DEL09-BA;UOP03-DEL09-BA
567778;14/12/2023;quinta-feira;17:30:00;MG;116;583,5;MANHUACU;Ausência de reação do condutor;Saída de leito carroçável;Com Vítimas Feridas;Anoitecer;Crescente;Céu Claro;Simples;Curva;Não;1;0;1;0;0;0;1;1;-20,22469;-42,17807;SPRF-MG;DEL06-MG;UOP03-DEL06-MG
567779;14/12/2023;quinta-feira;20:30:00;MG;40;515;RIBEIRAO DAS NEVES;Avarias e/ou desgaste excessivo no pneu;Colisão traseira;Sem Vítimas;Plena Noite;Decrescente;Céu Claro;Dupla;Reta;Sim;2;0;0;0;2;0;0;2;-19,81628624;-44,08960124;SPRF-MG;DEL01-MG;UOP02-DEL01-MG
567780;14/12/2023;quinta-feira;18:40:00;MT;70;281,7;PRIMAVERA DO LESTE;Acessar a via sem observar a presença dos outros veículos;Colisão transversal;Com Vítimas Feridas;Plena Noite;Crescente;Céu Claro;Simples;Interseção de Vias;Sim;2;0;0;1;1;0;1;2;-15,56702889;-54,30512706;SPRF-MT;DEL05-MT;UOP01-DEL05-MT
567782;14/12/2023;quinta-feira;21:20:00;RN;101;96;NATAL;Reação tardia ou ineficiente do condutor;Colisão lateral mesmo sentido;Com Vítimas Feridas;Plena Noite;Decrescente;Céu Claro;Múltipla;"Reta;Interseção de Vias       ";Sim;6;0;1;0;5;0;1;2;-5,84949622;-35,20890752;SPRF-RN;DEL01-RN;UOP01-DEL01-RN
567785;14/12/2023;quinta-feira;21:30:00;GO;60;92;ANAPOLIS;Ausência de reação do condutor;Saída de leito carroçável;Com Vítimas Feridas;Plena Noite;Crescente;Céu Claro;Dupla;"Reta;Declive                  ";Sim;1;0;1;0;0;0;1;1;-16,353;-48,9178;SPRF-GO;DEL02-GO;UOP01-DEL02-GO
567787;14/12/2023;quinta-feira;18:30:00;MA;316;94,9;PRESIDENTE MEDICI;Reação tardia ou ineficiente do condutor;Colisão traseira;Com Vítimas Feridas;Anoitecer;Decrescente;Céu Claro;Simples;Reta;Sim;2;0;1;0;1;0;1;2;-2,365762;-45,823395;SPRF-MA;DEL02-MA;UOP02-DEL02-MA
567790;14/12/2023;quinta-feira;21:40:00;SP;116;426;JUQUIA;Reação tardia ou ineficiente do condutor;Colisão com objeto;Com Vítimas Feridas;Plena Noite;Crescente;Céu Claro;Múltipla;Curva;Não;1;0;0;1;0;0;1;1;-24,38748887;-47,71796823;SPRF-SP;DEL05-SP;UOP01-DEL05-SP
567791;14/12/2023;quinta-feira;21:45:00;BA;101;879,5;TEIXEIRA DE FREITAS;Acessar a via sem observar a presença dos outros veículos;Colisão transversal;Com Vítimas Feridas;Plena Noite;Crescente;Céu Claro;Simples;Rotatória;Sim;3;0;2;0;1;0;2;2;-17,55447519;-39,7236371;SPRF-BA;DEL09-BA;UOP02-DEL09-BA
567792;14/12/2023;quinta-feira;17:30:00;RO;364;33;VILHENA;Manobra de mudança de faixa;Saída de leito carroçável;Com Vítimas Feridas;Plena Noite;Decrescente;Céu Claro;Simples;Reta;Não;2;0;2;0;0;0;2;1;-12,68196465;-60,28911173;SPRF-RO;DEL04-RO;UOP01-DEL04-RO
567793;14/12/2023;quinta-feira;20:00:00;AP;210;0;MACAPA;Acessar a via sem observar a presença dos outros veículos;Colisão transversal;Com Vítimas Feridas;Plena Noite;Decrescente;Céu Claro;Dupla;Reta;Sim;2;0;1;0;1;0;1;2;0,07780012;-51,06097;SPRF-AP;DEL01-AP;UOP01-DEL01-AP
567794;14/12/2023;quinta-feira;21:20:00;ES;393;0;CACHOEIRO DE ITAPEMIRIM;Manobra de mudança de faixa;Colisão lateral sentido oposto;Com Vítimas Feridas;Plena Noite;Crescente;Céu Claro;Simples;Reta;Não;2;0;1;1;0;0;2;2;-20,841324;-41,15929;SPRF-ES;DEL03-ES;UOP02-DEL03-ES
567795;14/12/2023;quinta-feira;17:30:00;MT;70;511,5;CUIABA;Demais falhas mecânicas ou elétricas;Queda de ocupante de veículo;Sem Vítimas;Anoitecer;Crescente;Céu Claro;Simples;Reta;Não;1;0;0;0;1;0;0;1;-15,69902823;-56,11245632;SPRF-MT;DEL01-MT;UOP02-DEL01-MT
567798;14/12/2023;quinta-feira;22:40:00;SC;101;209,5;SAO JOSE;Ausência de reação do condutor;Queda de ocupante de veículo;Com Vítimas Feridas;Plena Noite;Crescente;Céu Claro;Dupla;Reta;Sim;2;0;1;0;0;1;1;2;-27,61000542;-48,63895057;SPRF-SC;DEL01-SC;UOP01-DEL01-SC
567800;14/12/2023;quinta-feira;19:50:00;RJ;116;182;NOVA IGUACU;Manobra de mudança de faixa;Colisão lateral mesmo sentido;Com Vítimas Feridas;Plena Noite;Crescente;Céu Claro;Dupla;Reta;Não;3;0;1;0;2;0;1;3;-22,7567755;-43,43107234;SPRF-RJ;DEL06-RJ;UOP01-DEL06-RJ
567802;14/12/2023;quinta-feira;23:00:00;RS;386;446;CANOAS;Acessar a via sem observar a presença dos outros veículos;Colisão traseira;Com Vítimas Feridas;Plena Noite;Crescente;Chuva;Dupla;Reta;Sim;2;0;1;0;1;0;1;2;-29,89359217;-51,18371487;SPRF-RS;DEL01-RS;UOP01-DEL01-RS
567803;14/12/2023;quinta-feira;23:10:00;SC;101;137;BALNEARIO CAMBORIU;Manobra de mudança de faixa;Colisão lateral mesmo sentido;Com Vítimas Feridas;Plena Noite;Crescente;Céu Claro;Dupla;Reta;Sim;2;0;1;0;1;0;1;2;-27,0157238;-48,61192763;SPRF-SC;DEL04-SC;UOP03-DEL04-SC
567804;14/12/2023;quinta-feira;20:58:00;MA;230;395,2;BALSAS;Transitar na contramão;Capotamento;Com Vítimas Feridas;Plena Noite;Crescente;Céu Claro;Simples;Reta;Não;1;0;1;0;0;0;1;1;-7,44963195;-46,01125609;SPRF-MA;DEL05-MA;UOP01-DEL05-MA
567805;14/12/2023;quinta-feira;23:45:00;CE;116;9,6;FORTALEZA;Ausência de reação do condutor;Colisão com objeto;Com Vítimas Feridas;Plena Noite;Crescente;Céu Claro;Dupla;Reta;Sim;3;0;2;1;0;0;3;3;-3,82779096;-38,50486117;SPRF-CE;DEL01-CE;UOP02-DEL01-CE
567807;14/12/2023;quinta-feira;21:00:00;MT;163;908;CLAUDIA;Animais na Pista;Atropelamento de Animal;Com Vítimas Feridas;Plena Noite;Crescente;Céu Claro;Simples;Reta;Não;2;0;2;0;0;0;2;1;-11,36443594;-55,33765923;SPRF-MT;DEL06-MT;UOP02-DEL06-MT
567808;14/12/2023;quinta-feira;22:40:00;PR;277;281;PRUDENTOPOLIS;Objeto estático sobre o leito carroçável;Colisão com objeto;Com Vítimas Feridas;Plena Noite;Crescente;Céu Claro;Simples;"Reta;Declive                  ";Não;4;0;1;0;3;0;1;1;-25,323022;-50,981947;SPRF-PR;DEL08-PR;UOP02-DEL08-PR
567809;14/12/2023;quinta-feira;21:20:00;BA;116;400;SANTA BARBARA;Demais falhas mecânicas ou elétricas;Incêndio;Sem Vítimas;Plena Noite;Decrescente;Céu Claro;Dupla;Reta;Não;1;0;0;0;1;0;0;1;-12,02850801;-38,97078747;SPRF-BA;DEL02-BA;UOP01-DEL02-BA
567811;14/12/2023;quinta-feira;23:40:00;SE;101;145;ESTANCIA;Carga excessiva e/ou mal acondicionada;Colisão com objeto;Com Vítimas Feridas;Plena Noite;Crescente;Céu Claro;Dupla;Reta;Não;1;0;1;0;0;0;1;1;-11,20665403;-37,41238793;SPRF-SE;DEL02-SE;UOP01-DEL02-SE
567812;15/12/2023;sexta-feira;00:05:00;GO;153;441;ANAPOLIS;Ausência de reação do condutor;Colisão com objeto;Com Vítimas Feridas;Plena Noite;Decrescente;Céu Claro;Dupla;"Reta;Declive                  ";Sim;1;0;1;0;0;0;1;1;-16,315866;-48,921612;SPRF-GO;DEL02-GO;UOP01-DEL02-GO
567815;14/12/2023;quinta-feira;23:45:00;RJ;393;174,3;TRES RIOS;Velocidade Incompatível;Colisão com objeto;Com Vítimas Feridas;Plena Noite;Decrescente;Céu Claro;Simples;Curva;Sim;3;0;3;0;0;0;3;1;-22,12182263;-43,18837166;SPRF-RJ;DEL05-RJ;UOP03-DEL05-RJ
567817;14/12/2023;quinta-feira;22:30:00;GO;60;252;INDIARA;Ingestão de álcool pelo condutor;Capotamento;Sem Vítimas;Plena Noite;Crescente;Céu Claro;Dupla;"Viaduto;Curva                 ";Sim;1;0;0;0;1;0;0;1;-17,13926536;-49,99383062;SPRF-GO;DEL01-GO;UOP02-DEL01-GO
567818;15/12/2023;sexta-feira;02:15:00;RS;290;93;PORTO ALEGRE;Avarias e/ou desgaste excessivo no pneu;Queda de ocupante de veículo;Com Vítimas Feridas;Plena Noite;Decrescente;Céu Claro;Dupla;Reta;Sim;2;0;1;0;1;0;1;1;-29,970839;-51,187725;SPRF-RS;DEL01-RS;UOP01-DEL01-RS
567823;15/12/2023;sexta-feira;03:00:00;PB;230;153;CAMPINA GRANDE;Ausência de reação do condutor;Saída de leito carroçável;Sem Vítimas;Plena Noite;Decrescente;Céu Claro;Simples;"Interseção de Vias;Em Obras   ";Sim;1;0;0;0;0;1;0;1;-7,2763;-35,8887;SPRF-PB;DEL02-PB;UOP01-DEL02-PB
567824;14/12/2023;quinta-feira;23:00:00;RJ;356;2;ITAPERUNA;Ultrapassagem Indevida;Colisão lateral mesmo sentido;Com Vítimas Fatais;Plena Noite;Decrescente;Céu Claro;Simples;"Declive;Reta                  ";Não;2;1;0;0;1;0;0;2;-21,14747369;-42,16443672;SPRF-RJ;DEL08-RJ;UOP03-DEL08-RJ
567825;15/12/2023;sexta-feira;02:25:00;PR;116;61;QUATRO BARRAS;Velocidade Incompatível;Colisão traseira;Com Vítimas Fatais;Plena Noite;Decrescente;Nevoeiro/Neblina;Dupla;Reta;Não;3;1;0;0;2;0;0;3;-25,30264645;-48,96353197;SPRF-PR;DEL01-PR;UOP02-DEL01-PR
567826;15/12/2023;sexta-feira;03:50:00;PE;101;43;IGARASSU;Pedestre cruzava a pista fora da faixa;Atropelamento de Pedestre;Com Vítimas Feridas;Plena Noite;Crescente;Chuva;Múltipla;Reta;Sim;2;0;0;2;0;0;2;2;-7,84753808;-34,90977038;SPRF-PE;DEL01-PE;UOP02-DEL01-PE
567828;15/12/2023;sexta-feira;03:30:00;GO;60;400;RIO VERDE;Ingestão de álcool pelo condutor;Capotamento;Sem Vítimas;Plena Noite;Decrescente;Céu Claro;Dupla;"Reta;Declive                  ";Não;1;0;0;0;1;0;0;1;-17,8221;-51,0534;SPRF-GO;DEL04-GO;UOP02-DEL04-GO
567829;15/12/2023;sexta-feira;01:15:00;SC;101;216;PALHOCA;Ausência de reação do condutor;Queda de ocupante de veículo;Com Vítimas Feridas;Plena Noite;Decrescente;Céu Claro;Dupla;Reta;Não;2;0;1;0;0;1;1;1;-27,65981409;-48,67747798;SPRF-SC;DEL01-SC;UOP02-DEL01-SC
567830;15/12/2023;sexta-feira;05:00:00;PE;407;89;PETROLINA;Animais na Pista;Atropelamento de Animal;Sem Vítimas;Amanhecer;Crescente;Céu Claro;Simples;Reta;Não;2;0;0;0;2;0;0;1;-9,091449;-40,6561579;SPRF-PE;DEL06-PE;UOP02-DEL06-PE
567831;14/12/2023;quinta-feira;22:05:00;RJ;493;0,1;ITABORAI;Acesso irregular;Colisão lateral sentido oposto;Com Vítimas Feridas;Plena Noite;Crescente;Céu Claro;Simples;Reta;Não;2;0;1;0;1;0;1;2;-22,77062;-42,92223;SPRF-RJ;DEL02-RJ;UOP02-DEL02-RJ
567832;15/12/2023;sexta-feira;05:30:00;MG;40;528,3;CONTAGEM;Acesso irregular;Atropelamento de Pedestre;Com Vítimas Feridas;Amanhecer;Crescente;Céu Claro;Dupla;"Aclive;Curva                  ";Sim;2;0;1;0;1;0;1;2;-19,90883179;-44,04436577;SPRF-MG;DEL01-MG;UOP02-DEL01-MG
567834;15/12/2023;sexta-feira;04:15:00;PE;423;59,4;LAJEDO;Animais na Pista;Atropelamento de Animal;Com Vítimas Feridas;Amanhecer;Crescente;Nublado;Simples;Reta;Sim;1;0;1;0;0;0;1;1;-8,64676387;-36,31558317;SPRF-PE;DEL03-PE;UOP01-DEL03-PE
567835;15/12/2023;sexta-feira;00:00:00;PR;369;161,4;CAMBE;Ausência de reação do condutor;Saída de leito carroçável;Sem Vítimas;Plena Noite;Decrescente;Céu Claro;Dupla;"Aclive;Reta                   ";Sim;1;0;0;0;1;0;0;1;-23,29014912;-51,2637483;SPRF-PR;DEL07-PR;UOP01-DEL07-PR
567837;15/12/2023;sexta-feira;06:30:00;PE;104;87,8;AGRESTINA;Manobra de mudança de faixa;Colisão lateral sentido oposto;Com Vítimas Feridas;Pleno dia;Crescente;Nublado;Simples;Interseção de Vias;Sim;7;0;2;0;5;0;2;2;-8,454104;-35,945515;SPRF-PE;DEL02-PE;UOP01-DEL02-PE
567838;15/12/2023;sexta-feira;06:15:00;PR;277;526,5;GUARANIACU;Condutor Dormindo;Saída de leito carroçável;Com Vítimas Feridas;Pleno dia;Decrescente;Céu Claro;Simples;Reta;Não;1;0;1;0;0;0;1;1;-25,09131227;-52,93029059;SPRF-PR;DEL04-PR;UOP04-DEL04-PR
567839;15/12/2023;sexta-feira;06:00:00;MT;70;6;BARRA DO GARCAS;Pista Escorregadia;Queda de ocupante de veículo;Com Vítimas Feridas;Amanhecer;Decrescente;Céu Claro;Dupla;"Reta;Declive                  ";Sim;2;0;1;0;1;0;1;1;-15,878268;-52,306705;SPRF-MT;DEL07-MT;UOP01-DEL07-MT
567841;15/12/2023;sexta-feira;07:10:00;SP;116;154,5;SAO JOSE DOS CAMPOS;Avarias e/ou desgaste excessivo no pneu;Tombamento;Com Vítimas Feridas;Pleno dia;Decrescente;Céu Claro;Múltipla;Reta;Sim;2;0;2;0;0;0;2;1;-23,23903999;-45,92061901;SPRF-SP;DEL02-SP;UOP01-DEL02-SP
567842;15/12/2023;sexta-feira;06:05:00;PE;101;52;PAULISTA;Chuva;Capotamento;Com Vítimas Feridas;Pleno dia;Decrescente;Chuva;Dupla;Curva;Sim;2;0;1;0;1;0;1;1;-7,92358799;-34,89607201;SPRF-PE;DEL01-PE;UOP02-DEL01-PE
567843;15/12/2023;sexta-feira;07:15:00;RS;290;92;PORTO ALEGRE;Reação tardia ou ineficiente do condutor;Colisão traseira;Com Vítimas Feridas;Pleno dia;Crescente;Céu Claro;Múltipla;Reta;Não;2;0;1;0;1;0;1;2;-29,971916;-51,176838;SPRF-RS;DEL01-RS;UOP01-DEL01-RS
567844;15/12/2023;sexta-feira;06:43:00;BA;324;616;SALVADOR;Ausência de reação do condutor;Colisão traseira;Com Vítimas Feridas;Pleno dia;Crescente;Céu Claro;Dupla;Reta;Sim;2;0;1;0;1;0;1;2;-12,87957905;-38,43213893;SPRF-BA;DEL01-BA;UOP01-DEL01-BA
567846;15/12/2023;sexta-feira;06:20:00;PE;101;72,2;RECIFE;Transitar no Acostamento;Colisão transversal;Com Vítimas Feridas;Pleno dia;Decrescente;Garoa/Chuvisco;Dupla;Curva;Sim;3;0;1;0;2;0;1;2;-8,08493106;-34,9450639;SPRF-PE;DEL01-PE;UOP01-DEL01-PE
567847;15/12/2023;sexta-feira;06:40:00;CE;222;1,7;FORTALEZA;Desrespeitar a preferência no cruzamento;Colisão traseira;Com Vítimas Feridas;Pleno dia;Decrescente;Céu Claro;Dupla;Interseção de Vias;Sim;2;0;1;1;0;0;2;2;-3,737804;-38,578061;SPRF-CE;DEL01-CE;UOP01-DEL01-CE
567848;15/12/2023;sexta-feira;07:18:00;PR;116;107;SAO JOSE DOS PINHAIS;Ausência de reação do condutor;Colisão lateral mesmo sentido;Com Vítimas Feridas;Pleno dia;Decrescente;Céu Claro;Dupla;Reta;Não;4;0;3;0;1;0;3;3;-25,56989668;-49,18778205;SPRF-PR;DEL01-PR;UOP07-DEL01-PR
567849;15/12/2023;sexta-feira;06:40:00;PB;230;19;JOAO PESSOA;Transitar no Acostamento;Colisão traseira;Com Vítimas Feridas;Pleno dia;Decrescente;Garoa/Chuvisco;Múltipla;"Curva;Declive                 ";Sim;2;0;1;0;1;0;1;2;-7,1281;-34,8466;SPRF-PB;DEL01-PB;UOP01-DEL01-PB
567850;15/12/2023;sexta-feira;06:30:00;SP;116;275;TABOAO DA SERRA;Ausência de reação do condutor;Queda de ocupante de veículo;Com Vítimas Feridas;Pleno dia;Crescente;Céu Claro;Dupla;Reta;Sim;1;0;1;0;0;0;1;1;-23,63638826;-46,83251584;SPRF-SP;DEL04-SP;UOP01-DEL04-SP
567852;14/12/2023;quinta-feira;19:00:00;RO;364;315;PRESIDENTE MEDICI;Ausência de reação do condutor;Colisão traseira;Com Vítimas Feridas;Plena Noite;Decrescente;Céu Claro;Simples;Reta;Não;2;0;2;0;0;0;2;2;-11,10935386;-61,90211266;SPRF-RO;DEL02-RO;UOP01-DEL02-RO
567854;15/12/2023;sexta-feira;05:30:00;RO;364;341;JI-PARANA;Ausência de reação do condutor;Queda de ocupante de veículo;Com Vítimas Feridas;Amanhecer;Decrescente;Céu Claro;Simples;Viaduto;Não;1;0;1;0;0;0;1;1;-10,88987987;-61,93126772;SPRF-RO;DEL02-RO;UOP01-DEL02-RO
567856;15/12/2023;sexta-feira;05:30:00;GO;20;143,9;ALVORADA DO NORTE;Transitar na contramão;Colisão frontal;Com Vítimas Fatais;Amanhecer;Crescente;Céu Claro;Simples;Curva;Não;25;3;1;3;18;0;4;2;-14,751736;-46,656445;SPRF-DF;DEL02-DF;UOP03-DEL02-DF
567857;15/12/2023;sexta-feira;06:55:00;MT;364;397;CUIABA;Manobra de mudança de faixa;Colisão lateral mesmo sentido;Com Vítimas Feridas;Pleno dia;Crescente;Sol;Dupla;"Reta;Retorno Regulamentado    ";Sim;2;0;0;1;1;0;1;2;-15,68642489;-55,91347495;SPRF-MT;DEL01-MT;UOP02-DEL01-MT