id;data_inversa;dia_semana;horario;uf;br;km;municipio;causa_acidente;tipo_acidente;classificacao_acidente;fase_dia;sentido_via;condicao_metereologica;tipo_pista;tracado_via;uso_solo;pessoas;mortos;feridos_leves;feridos_graves;ilesos;ignorados;feridos;veiculos;latitude;longitude;regional;delegacia;uop
568232;16/12/2023;sábado;13:30:00;ES;101;270,6;SERRA;Acesso irregular;Colisão transversal;Com Vítimas Feridas;Pleno dia;Decrescente;Céu Claro;Dupla;"Reta;Interseção de Vias       ";Sim;2;0;1;0;1;0;1;2;-20,22662056;-40,27075088;SPRF-ES;DEL02-ES;UOP01-DEL02-ES
568233;16/12/2023;sábado;11:00:00;MG;267;56,2;GUARARA;Acessar a via sem observar a presença dos outros veículos;Colisão transversal;Com Vítimas Feridas;Pleno dia;Decrescente;Céu Claro;Simples;"Interseção de Vias;Reta       ";Sim;6;0;5;0;1;0;5;2;-21,72321004;-43,02098803;SPRF-MG;DEL07-MG;UOP01-DEL07-MG
568234;16/12/2023;sábado;13:10:00;RJ;101;420;MANGARATIBA;Reação tardia ou ineficiente do condutor;Colisão traseira;Com Vítimas Feridas;Pleno dia;Decrescente;Céu Claro;Dupla;Interseção de Vias;Não;3;0;1;0;1;1;1;3;-22,916376;-43,932297;SPRF-RJ;DEL03-RJ;UOP02-DEL03-RJ
568237;16/12/2023;sábado;14:50:00;SC;101;401;MARACAJA;Ausência de reação do condutor;Colisão frontal;Com Vítimas Feridas;Pleno dia;Decrescente;Céu Claro;Múltipla;Reta;Sim;2;0;0;1;1;0;1;2;-28,85594274;-49,44019434;SPRF-SC;DEL02-SC;UOP02-DEL02-SC
568239;16/12/2023;sábado;15:05:00;SP;116;225;GUARULHOS;Trafegar com motocicleta (ou similar) entre as faixas;Queda de ocupante de veículo;Com Vítimas Feridas;Pleno dia;Decrescente;Garoa/Chuvisco;Dupla;Reta;Não;2;0;2;0;0;0;2;1;-23,48586772;-46,54075317;SPRF-SP;DEL01-SP;UOP01-DEL01-SP
568241;16/12/2023;sábado;15:30:00;RS;116;246,9;SAO LEOPOLDO;Condutor deixou de manter distância do veículo da frente;Colisão traseira;Sem Vítimas;Pleno dia;Decrescente;Céu Claro;Dupla;Reta;Sim;4;0;0;0;4;0;0;2;-29,758751;-51,15186806;SPRF-RS;DEL01-RS;UOP02-DEL01-RS
568243;16/12/2023;sábado;14:30:00;MS;163;492,8;CAMPO GRANDE;Velocidade Incompatível;Saída de leito carroçável;Com Vítimas Fatais;Pleno dia;Crescente;Céu Claro;Simples;Curva;Não;1;1;0;0;0;0;0;1;-20,382007;-54,540279;SPRF-MS;DEL01-MS;UOP02-DEL01-MS
568244;16/12/2023;sábado;15:00:00;AL;101;69;MESSIAS;Ingestão de álcool pelo condutor;Saída de leito carroçável;Com Vítimas Feridas;Pleno dia;Decrescente;Céu Claro;Dupla;Reta;Não;2;0;2;0;0;0;2;1;-9,3567039;-35,83770223;SPRF-AL;DEL01-AL;UOP02-DEL01-AL
568245;16/12/2023;sábado;14:10:00;RJ;116;103;GUAPIMIRIM;Demais falhas mecânicas ou elétricas;Incêndio;Sem Vítimas;Pleno dia;Decrescente;Céu Claro;Dupla;"Curva;Aclive                  ";Não;1;0;0;0;1;0;0;1;-22,5031646;-42,99910415;SPRF-RJ;DEL04-RJ;UOP01-DEL04-RJ
568247;16/12/2023;sábado;13:39:00;MT;364;373,5;SANTO ANTONIO DO LEVERGER;Reação tardia ou ineficiente do condutor;Saída de leito carroçável;Com Vítimas Feridas;Pleno dia;Decrescente;Céu Claro;Dupla;Reta;Não;2;0;2;0;0;0;2;1;-15,70895072;-55,70202884;SPRF-MT;DEL01-MT;UOP02-DEL01-MT
568248;16/12/2023;sábado;15:40:00;PR;277;582,3;CASCAVEL;Acessar a via sem observar a presença dos outros veículos;Colisão transversal;Com Vítimas Feridas;Pleno dia;Decrescente;Céu Claro;Simples;Reta;Não;2;0;1;0;1;0;1;2;-24,97675228;-53,38623215;SPRF-PR;DEL04-PR;UOP01-DEL04-PR
568249;16/12/2023;sábado;15:50:00;PE;232;137,8;CARUARU;Pedestre cruzava a pista fora da faixa;Atropelamento de Pedestre;Com Vítimas Feridas;Pleno dia;Crescente;Céu Claro;Dupla;Reta;Não;3;0;0;2;1;0;2;2;-8,31781309;-36,05717182;SPRF-PE;DEL02-PE;UOP01-DEL02-PE
568250;16/12/2023;sábado;14:45:00;SP;116;280;EMBU DAS ARTES;Ausência de reação do condutor;Colisão lateral mesmo sentido;Com Vítimas Feridas;Pleno dia;Crescente;Céu Claro;Dupla;Reta;Sim;3;0;1;0;2;0;1;2;-23,66996108;-46,85590758;SPRF-SP;DEL04-SP;UOP01-DEL04-SP
568251;16/12/2023;sábado;13:05:00;SC;282;492,9;FAXINAL DOS GUEDES;Reação tardia ou ineficiente do condutor;Tombamento;Com Vítimas Feridas;Pleno dia;Decrescente;Céu Claro;Simples;Reta;Não;2;0;2;0;0;0;2;1;-26,871534;-52,300915;SPRF-SC;DEL07-SC;UOP01-DEL07-SC
568252;16/12/2023;sábado;09:40:00;AL;101;24;JOAQUIM GOMES;Condutor deixou de manter distância do veículo da frente;Colisão traseira;Com Vítimas Feridas;Pleno dia;Decrescente;Nublado;Simples;Reta;Não;3;0;1;1;0;1;2;2;-9,05000091;-35,71075009;SPRF-AL;DEL01-AL;UOP02-DEL01-AL
568253;16/12/2023;sábado;16:00:00;DF;70;19,4;BRASILIA;Ausência de reação do condutor;Saída de leito carroçável;Sem Vítimas;Pleno dia;Decrescente;Céu Claro;Dupla;"Aclive;Reta                   ";Sim;1;0;0;0;1;0;0;1;-15,788868;-48,220242;SPRF-DF;DEL03-DF;UOP02-DEL03-DF
568255;16/12/2023;sábado;16:30:00;RS;116;564,5;PEDRO OSORIO;Demais falhas mecânicas ou elétricas;Saída de leito carroçável;Com Vítimas Feridas;Pleno dia;Decrescente;Céu Claro;Simples;Reta;Não;5;0;4;0;1;0;4;1;-31,92693024;-52,7268519;SPRF-RS;DEL07-RS;UOP03-DEL07-RS
568256;16/12/2023;sábado;16:05:00;SC;101;233;PALHOCA;Reação tardia ou ineficiente do condutor;Colisão traseira;Sem Vítimas;Pleno dia;Decrescente;Nublado;Dupla;Reta;Sim;2;0;0;0;2;0;0;2;-27,80376397;-48,63826211;SPRF-SC;DEL01-SC;UOP02-DEL01-SC
568257;16/12/2023;sábado;07:00:00;BA;324;532;FEIRA DE SANTANA;Acessar a via sem observar a presença dos outros veículos;Queda de ocupante de veículo;Com Vítimas Feridas;Pleno dia;Crescente;Céu Claro;Dupla;Reta;Sim;1;0;1;0;0;0;1;1;-12,33921226;-38,8474782;SPRF-BA;DEL01-BA;UOP03-DEL01-BA
568258;16/12/2023;sábado;16:00:00;GO;40;8,7;VALPARAISO DE GOIAS;Acessar a via sem observar a presença dos outros veículos;Colisão traseira;Com Vítimas Feridas;Pleno dia;Crescente;Céu Claro;Dupla;"Retorno Regulamentado;Reta    ";Sim;2;0;0;1;1;0;1;2;-16,116158;-47,96761;SPRF-DF;DEL01-DF;UOP01-DEL01-DF
568259;16/12/2023;sábado;16:10:00;SC;101;351,1;SANGAO;Condutor deixou de manter distância do veículo da frente;Colisão traseira;Com Vítimas Feridas;Pleno dia;Crescente;Nublado;Dupla;Curva;Não;3;0;2;0;1;0;2;2;-28,63576013;-49,09549713;SPRF-SC;DEL02-SC;UOP01-DEL02-SC
568260;16/12/2023;sábado;16:40:00;SP;116;220;GUARULHOS;Trafegar com motocicleta (ou similar) entre as faixas;Colisão lateral mesmo sentido;Com Vítimas Feridas;Pleno dia;Decrescente;Céu Claro;Múltipla;Reta;Sim;4;0;2;0;2;0;2;3;-23,46472809;-46,49793962;SPRF-SP;DEL01-SP;UOP01-DEL01-SP
568261;16/12/2023;sábado;15:00:00;GO;153;601;MORRINHOS;Ausência de reação do condutor;Saída de leito carroçável;Com Vítimas Feridas;Pleno dia;Decrescente;Céu Claro;Dupla;Reta;Não;2;0;2;0;0;0;2;1;-17,5606;-49,2023;SPRF-GO;DEL03-GO;UOP01-DEL03-GO
568262;16/12/2023;sábado;16:40:00;ES;101;319,5;GUARAPARI;Ingestão de álcool e/ou substâncias psicoativas pelo pedestre;Colisão lateral mesmo sentido;Sem Vítimas;Pleno dia;Decrescente;Sol;Dupla;Reta;Não;2;0;0;0;2;0;0;2;-20,50358302;-40,47483522;SPRF-ES;DEL03-ES;UOP01-DEL03-ES
568263;16/12/2023;sábado;16:20:00;SC;101;114;ITAJAI;Ausência de reação do condutor;Queda de ocupante de veículo;Com Vítimas Feridas;Pleno dia;Decrescente;Céu Claro;Múltipla;Reta;Não;2;0;1;0;1;0;1;1;-26,86192886;-48,7286704;SPRF-SC;DEL04-SC;UOP04-DEL04-SC
568264;16/12/2023;sábado;16:10:00;PB;230;406,4;POMBAL;Ultrapassagem Indevida;Colisão lateral sentido oposto;Com Vítimas Feridas;Pleno dia;Decrescente;Céu Claro;Simples;Reta;Sim;2;0;0;1;1;0;1;2;-6,779668;-37,798733;SPRF-PB;DEL03-PB;UOP02-DEL03-PB
568265;16/12/2023;sábado;16:23:00;RJ;101;565;PARATY;Ausência de reação do condutor;Tombamento;Com Vítimas Feridas;Pleno dia;Crescente;Céu Claro;Simples;Curva;Não;3;0;0;1;0;2;1;2;-23,151162;-44,69967999;SPRF-RJ;DEL03-RJ;UOP04-DEL03-RJ
568266;16/12/2023;sábado;16:30:00;MG;40;690,4;RESSAQUINHA;Reação tardia ou ineficiente do condutor;Colisão com objeto;Sem Vítimas;Pleno dia;Decrescente;Céu Claro;Simples;Curva;Não;1;0;0;0;1;0;0;1;-21,1016579;-43,76384793;SPRF-MG;DEL05-MG;UOP02-DEL05-MG
568268;16/12/2023;sábado;16:20:00;SC;101;45;JOINVILLE;Demais falhas mecânicas ou elétricas;Tombamento;Com Vítimas Feridas;Pleno dia;Crescente;Sol;Dupla;Reta;Sim;2;0;2;0;0;0;2;1;-26,31238996;-48,87458997;SPRF-SC;DEL03-SC;UOP01-DEL03-SC
568269;16/12/2023;sábado;16:00:00;RS;472;572,7;URUGUAIANA;Transitar na contramão;Colisão frontal;Com Vítimas Fatais;Pleno dia;Crescente;Céu Claro;Simples;"Reta;Ponte                    ";Sim;4;1;2;0;0;1;2;3;-29,76575575;-57,03356981;SPRF-RS;DEL13-RS;UOP01-DEL13-RS
568270;16/12/2023;sábado;16:20:00;SC;470;42;GASPAR;Ausência de reação do condutor;Saída de leito carroçável;Com Vítimas Feridas;Pleno dia;Crescente;Céu Claro;Simples;"Em Obras;Reta                 ";Não;3;0;1;1;1;0;2;1;-26,875719;-49,003746;SPRF-SC;DEL04-SC;UOP01-DEL04-SC
568273;16/12/2023;sábado;13:30:00;MA;135;335,8;PRESIDENTE DUTRA;Reação tardia ou ineficiente do condutor;Colisão frontal;Com Vítimas Fatais;Pleno dia;Decrescente;Céu Claro;Simples;Reta;Não;6;2;2;2;0;0;4;2;-5,24785798;-44,48238789;SPRF-MA;DEL03-MA;UOP01-DEL03-MA
568274;16/12/2023;sábado;15:45:00;MT;364;397;CUIABA;Ingestão de álcool pelo condutor;Saída de leito carroçável;Com Vítimas Feridas;Pleno dia;Decrescente;Céu Claro;Dupla;"Reta;Retorno Regulamentado    ";Sim;2;0;1;0;1;0;1;1;-15,68642489;-55,91347495;SPRF-MT;DEL01-MT;UOP02-DEL01-MT
568276;16/12/2023;sábado;15:50:00;RJ;40;89;DUQUE DE CAXIAS;Manobra de mudança de faixa;Colisão lateral mesmo sentido;Com Vítimas Feridas;Pleno dia;Decrescente;Céu Claro;Dupla;Curva;Não;2;0;1;0;1;0;1;2;-22,556263;-43,23718;SPRF-RJ;DEL01-RJ;UOP01-DEL01-RJ
568277;16/12/2023;sábado;14:30:00;CE;222;314,5;TIANGUA;Velocidade Incompatível;Colisão com objeto;Com Vítimas Feridas;Pleno dia;Crescente;Céu Claro;Dupla;Retorno Regulamentado;Não;1;0;0;1;0;0;1;1;-3,73110045;-41,00095099;SPRF-CE;DEL04-CE;UOP02-DEL04-CE
568278;16/12/2023;sábado;17:10:00;RS;153;20,8;SEVERIANO DE ALMEIDA;Acessar a via sem observar a presença dos outros veículos;Colisão transversal;Sem Vítimas;Pleno dia;Decrescente;Nublado;Simples;"Declive;Retorno Regulamentado;";Não;2;0;0;0;2;0;0;2;-27,46701184;-52,10387543;SPRF-RS;DEL08-RS;UOP04-DEL08-RS
568279;16/12/2023;sábado;17:30:00;MG;40;521;CONTAGEM;Avarias e/ou desgaste excessivo no pneu;Tombamento;Com Vítimas Feridas;Pleno dia;Crescente;Céu Claro;Dupla;Curva;Sim;2;0;2;0;0;0;2;1;-19,85651501;-44,07213222;SPRF-MG;DEL01-MG;UOP02-DEL01-MG
568280;16/12/2023;sábado;17:00:00;PR;369;137;IBIPORA;Demais Fenômenos da natureza;Colisão transversal;Com Vítimas Feridas;Pleno dia;Crescente;Céu Claro;Simples;Rotatória;Sim;2;0;1;0;1;0;1;2;-23,27081594;-51,0442239;SPRF-PR;DEL07-PR;UOP01-DEL07-PR
568284;16/12/2023;sábado;18:10:00;RS;392;117,1;CANGUCU;Acessar a via sem observar a presença dos outros veículos;Colisão transversal;Com Vítimas Feridas;Pleno dia;Crescente;Céu Claro;Simples;Rotatória;Sim;2;0;1;0;1;0;1;2;-31,41395934;-52,67567754;SPRF-RS;DEL07-RS;UOP01-DEL07-RS
568286;16/12/2023;sábado;17:00:00;RJ;116;189;NOVA IGUACU;Reação tardia ou ineficiente do condutor;Colisão traseira;Com Vítimas Feridas;Pleno dia;Crescente;Sol;Dupla;Reta;Sim;2;0;1;0;1;0;1;2;-22,73765712;-43,49182298;SPRF-RJ;DEL06-RJ;UOP01-DEL06-RJ
568288;16/12/2023;sábado;17:50:00;DF;20;46;BRASILIA;Frear bruscamente;Atropelamento de Pedestre;Com Vítimas Feridas;Pleno dia;Crescente;Céu Claro;Dupla;"Curva;Declive;Em Obras        ";Não;4;0;1;0;2;1;1;2;-15,580584;-47,458492;SPRF-DF;DEL02-DF;UOP01-DEL02-DF
568289;16/12/2023;sábado;17:56:00;ES;262;18,9;VIANA;Acessar a via sem observar a presença dos outros veículos;Colisão transversal;Com Vítimas Feridas;Anoitecer;Crescente;Céu Claro;Simples;Reta;Sim;2;0;0;1;1;0;1;2;-20,39252003;-40,48874139;SPRF-ES;DEL01-ES;UOP01-DEL01-ES
568290;16/12/2023;sábado;15:20:00;PA;316;65;CASTANHAL;Trafegar com motocicleta (ou similar) entre as faixas;Queda de ocupante de veículo;Com Vítimas Feridas;Pleno dia;Crescente;Sol;Dupla;Reta;Sim;1;0;1;0;0;0;1;1;-1,29580361;-47,91084002;SPRF-PA;DEL01-PA;UOP01-DEL01-PA
568292;16/12/2023;sábado;15:40:00;MT;174;327;PONTES E LACERDA;Avarias e/ou desgaste excessivo no pneu;Saída de leito carroçável;Com Vítimas Feridas;Pleno dia;Decrescente;Céu Claro;Simples;Reta;Não;2;0;1;0;1;0;1;1;-14,90579098;-59,29368385;SPRF-MT;DEL04-MT;UOP01-DEL04-MT
568293;16/12/2023;sábado;18:30:00;MG;381;498;BETIM;Conversão proibida;Tombamento;Com Vítimas Feridas;Anoitecer;Decrescente;Céu Claro;Dupla;Reta;Sim;2;0;1;0;1;0;1;1;-20,01172662;-44,21976041;SPRF-MG;DEL01-MG;UOP03-DEL01-MG
568295;16/12/2023;sábado;16:00:00;RO;421;0,5;ARIQUEMES;Acessar a via sem observar a presença dos outros veículos;Colisão transversal;Com Vítimas Feridas;Pleno dia;Decrescente;Céu Claro;Simples;Reta;Sim;2;0;2;0;0;0;2;2;-9,916055;-63,05571;SPRF-RO;DEL03-RO;UOP01-DEL03-RO
568296;28/11/2023;terça-feira;06:35:00;RJ;101;298;ITABORAI;Acesso irregular;Atropelamento de Pedestre;Com Vítimas Feridas;Pleno dia;Decrescente;Céu Claro;Dupla;Reta;Sim;2;0;0;1;1;0;1;2;-22,7714;-42,92896;SPRF-RJ;DEL02-RJ;UOP02-DEL02-RJ
568297;16/12/2023;sábado;18:19:00;SP;381;82;SAO PAULO;Avarias e/ou desgaste excessivo no pneu;Tombamento;Com Vítimas Feridas;Anoitecer;Decrescente;Nublado;Múltipla;Reta;Não;1;0;1;0;0;0;1;1;-23,42399;-46,575112;SPRF-SP;DEL03-SP;UOP01-DEL03-SP
568298;16/12/2023;sábado;18:50:00;RS;290;82;GRAVATAI;Avarias e/ou desgaste excessivo no pneu;Tombamento;Com Vítimas Feridas;Pleno dia;Decrescente;Céu Claro;Múltipla;Reta;Não;2;0;1;1;0;0;2;1;-29,955839;-51,079105;SPRF-RS;DEL01-RS;UOP01-DEL01-RS
568299;16/12/2023;sábado;18:40:00;BA;110;305;INHAMBUPE;Ingestão de álcool pelo condutor;Colisão transversal;Com Vítimas Feridas;Anoitecer;Decrescente;Céu Claro;Simples;Reta;Não;4;0;3;0;0;1;3;2;-11,95159189;-38,36906832;SPRF-BA;DEL01-BA;UOP04-DEL01-BA
568300;16/12/2023;sábado;18:10:00;BA;407;108,2;JAGUARARI;Acessar a via sem observar a presença dos outros veículos;Colisão transversal;Com Vítimas Feridas;Anoitecer;Crescente;Céu Claro;Simples;Reta;Não;4;0;2;0;2;0;2;2;-10,25144463;-40,19450109;SPRF-BA;DEL04-BA;UOP01-DEL04-BA
568301;16/12/2023;sábado;18:55:00;BA;101;107;ALAGOINHAS;Ingestão de álcool pelo condutor;Colisão frontal;Com Vítimas Feridas;Plena Noite;Crescente;Céu Claro;Simples;Reta;Não;2;0;0;1;1;0;1;2;-12,03989242;-38,30183208;SPRF-BA;DEL01-BA;UOP04-DEL01-BA
568302;16/12/2023;sábado;19:00:00;RN;304;116;ITAJA;Animais na Pista;Atropelamento de Animal;Com Vítimas Feridas;Plena Noite;Decrescente;Céu Claro;Simples;Reta;Sim;1;0;1;0;0;0;1;1;-5,61789417;-36,88865608;SPRF-RN;DEL04-RN;UOP01-DEL04-RN
568305;16/12/2023;sábado;19:10:00;SE;235;4;NOSSA SENHORA DO SOCORRO;Animais na Pista;Atropelamento de Animal;Com Vítimas Feridas;Plena Noite;Decrescente;Nublado;Dupla;Reta;Sim;3;0;1;0;2;0;1;3;-10,9064;-37,1197;SPRF-SE;DEL01-SE;UOP01-DEL01-SE
568306;16/12/2023;sábado;18:00:00;PR;153;43;SANTO ANTONIO DA PLATINA;Ausência de reação do condutor;Colisão com objeto;Com Vítimas Feridas;Pleno dia;Crescente;Céu Claro;Dupla;Curva;Sim;1;0;1;0;0;0;1;1;-23,302118;-50,07031;SPRF-PR;DEL07-PR;UOP04-DEL07-PR
568307;16/12/2023;sábado;19:00:00;RJ;101;432;MANGARATIBA;Ausência de reação do condutor;Colisão com objeto;Com Vítimas Feridas;Plena Noite;Crescente;Céu Claro;Dupla;Curva;Não;1;0;0;1;0;0;1;1;-22,93437472;-44,02919087;SPRF-RJ;DEL03-RJ;UOP02-DEL03-RJ
568308;16/12/2023;sábado;16:30:00;MT;364;250,3;JUSCIMEIRA;Condutor deixou de manter distância do veículo da frente;Colisão traseira;Com Vítimas Feridas;Anoitecer;Crescente;Céu Claro;Dupla;Reta;Sim;4;0;2;0;2;0;2;2;-16,12029135;-54,85333523;SPRF-MT;DEL02-MT;UOP01-DEL02-MT
568309;16/12/2023;sábado;19:10:00;SP;116;273;TABOAO DA SERRA;Reação tardia ou ineficiente do condutor;Colisão traseira;Com Vítimas Feridas;Plena Noite;Decrescente;Céu Claro;Dupla;Reta;Sim;5;0;4;0;1;0;4;2;-23,62809795;-46,81870306;SPRF-SP;DEL04-SP;UOP01-DEL04-SP
568310;16/12/2023;sábado;19:00:00;MG;262;439,8;NOVA SERRANA;Desvio temporário;Colisão com objeto;Com Vítimas Feridas;Plena Noite;Crescente;Vento;Dupla;"Reta;Em Obras                 ";Sim;4;0;1;0;0;3;1;2;-19,89197285;-44,88685183;SPRF-MG;DEL08-MG;UOP03-DEL08-MG
568311;16/12/2023;sábado;18:55:00;RS;285;293;PASSO FUNDO;Desrespeitar a preferência no cruzamento;Colisão transversal;Com Vítimas Feridas;Anoitecer;Crescente;Nublado;Simples;Rotatória;Sim;2;0;1;0;1;0;1;2;-28,236645;-52,375156;SPRF-RS;DEL08-RS;UOP03-DEL08-RS
568312;16/12/2023;sábado;17:20:00;ES;259;101,2;BAIXO GUANDU;Acessar a via sem observar a presença dos outros veículos;Colisão transversal;Com Vítimas Feridas;Pleno dia;Crescente;Céu Claro;Simples;Reta;Não;3;0;1;1;0;1;2;2;-19,52023464;-41,00239031;SPRF-ES;DEL02-ES;UOP01-DEL02-ES
568313;16/12/2023;sábado;16:30:00;SC;153;77;IRANI;Velocidade Incompatível;Saída de leito carroçável;Com Vítimas Feridas;Pleno dia;Decrescente;Chuva;Simples;Curva;Não;1;0;0;1;0;0;1;1;-27,097824;-51,899704;SPRF-SC;DEL07-SC;UOP04-DEL07-SC
568314;16/12/2023;sábado;15:40:00;MG;40;147;JOAO PINHEIRO;Reação tardia ou ineficiente do condutor;Queda de ocupante de veículo;Sem Vítimas;Pleno dia;Crescente;Céu Claro;Simples;"Reta;Declive                  ";Não;1;0;0;0;0;1;0;1;-17,76661664;-46,14857764;SPRF-MG;DEL14-MG;UOP02-DEL14-MG
568315;16/12/2023;sábado;18:40:00;PR;116;131,5;FAZENDA RIO GRANDE;Ingestão de álcool pelo condutor;Saída de leito carroçável;Sem Vítimas;Anoitecer;Crescente;Céu Claro;Dupla;"Reta;Declive                  ";Sim;1;0;0;0;0;1;0;1;-25,68745498;-49,31662917;SPRF-PR;DEL01-PR;UOP03-DEL01-PR
568316;16/12/2023;sábado;16:04:00;PI;20;333;GEMINIANO;Acesso irregular;Saída de leito carroçável;Com Vítimas Feridas;Pleno dia;Crescente;Céu Claro;Simples;Reta;Não;1;0;1;0;0;0;1;1;-7,10659918;-41,27020597;SPRF-PI;DEL04-PI;UOP01-DEL04-PI
568317;16/12/2023;sábado;17:50:00;SC;101;126;ITAJAI;Manobra de mudança de faixa;Colisão traseira;Com Vítimas Feridas;Pleno dia;Crescente;Céu Claro;Dupla;Aclive;Não;2;0;1;0;1;0;1;2;-26,95564404;-48,67978366;SPRF-SC;DEL04-SC;UOP04-DEL04-SC
568318;16/12/2023;sábado;17:35:00;SC;153;72;IRANI;Chuva;Saída de leito carroçável;Com Vítimas Feridas;Pleno dia;Crescente;Chuva;Simples;Curva;Não;1;0;1;0;0;0;1;1;-27,065798;-51,893486;SPRF-SC;DEL07-SC;UOP04-DEL07-SC
568320;16/12/2023;sábado;18:30:00;RJ;465;22;RIO DE JANEIRO;Área urbana sem a presença de local apropriado para a travessia de pedestres;Atropelamento de Pedestre;Com Vítimas Feridas;Plena Noite;Decrescente;Céu Claro;Dupla;"Curva;Aclive                  ";Sim;2;0;0;1;1;0;1;2;-22,86768373;-43,59981179;SPRF-RJ;DEL03-RJ;UOP01-DEL03-RJ
568321;16/12/2023;sábado;19:35:00;SC;101;207;SAO JOSE;Condutor deixou de manter distância do veículo da frente;Colisão traseira;Com Vítimas Feridas;Anoitecer;Crescente;Céu Claro;Dupla;Reta;Não;3;0;1;0;2;0;1;2;-27,60001226;-48,6226467;SPRF-SC;DEL01-SC;UOP01-DEL01-SC
568322;16/12/2023;sábado;18:17:00;RJ;116;292,4;BARRA MANSA;Velocidade Incompatível;Colisão com objeto;Com Vítimas Feridas;Anoitecer;Decrescente;Céu Claro;Dupla;Reta;Não;1;0;1;0;0;0;1;1;-22,46511993;-44,28491095;SPRF-RJ;DEL07-RJ;UOP02-DEL07-RJ
568323;16/12/2023;sábado;13:20:00;MT;70;672,5;CACERES;Ultrapassagem Indevida;Colisão frontal;Com Vítimas Fatais;Pleno dia;Decrescente;Céu Claro;Simples;Reta;Não;10;1;1;5;3;0;6;2;-16,06383102;-57,27074894;SPRF-MT;DEL03-MT;UOP02-DEL03-MT
568324;16/12/2023;sábado;19:10:00;GO;40;2;VALPARAISO DE GOIAS;Ingestão de álcool pelo condutor;Colisão traseira;Sem Vítimas;Plena Noite;Crescente;Céu Claro;Dupla;Reta;Sim;2;0;0;0;2;0;0;2;-16,067129;-47,984235;SPRF-DF;DEL01-DF;UOP01-DEL01-DF
568325;16/12/2023;sábado;19:30:00;SC;470;2;NAVEGANTES;Acessar a via sem observar a presença dos outros veículos;Colisão transversal;Com Vítimas Feridas;Plena Noite;Crescente;Nublado;Dupla;Reta;Sim;3;0;1;1;1;0;2;2;-26,868551;-48,674831;SPRF-SC;DEL04-SC;UOP04-DEL04-SC
568327;16/12/2023;sábado;20:00:00;PE;104;65;CARUARU;Reação tardia ou ineficiente do condutor;Colisão traseira;Com Vítimas Feridas;Plena Noite;Crescente;Céu Claro;Dupla;"Retorno Regulamentado;Declive;";Sim;3;0;1;0;2;0;1;3;-8,2867;-35,9838;SPRF-PE;DEL02-PE;UOP01-DEL02-PE
568328;16/12/2023;sábado;19:30:00;SC;101;206,9;SAO JOSE;Reação tardia ou ineficiente do condutor;Colisão traseira;Com Vítimas Feridas;Plena Noite;Crescente;Nublado;Múltipla;Reta;Sim;3;0;1;0;1;1;1;3;-27,59193546;-48,61824557;SPRF-SC;DEL01-SC;UOP01-DEL01-SC
568330;16/12/2023;sábado;18:56:00;GO;60;27;ALEXANIA;Ausência de reação do condutor;Saída de leito carroçável;Com Vítimas Feridas;Plena Noite;Decrescente;Céu Claro;Dupla;Reta;Não;1;0;1;0;0;0;1;1;-16,10412308;-48,45331192;SPRF-DF;DEL03-DF;UOP01-DEL03-DF
568331;16/12/2023;sábado;19:20:00;RJ;116;109;GUAPIMIRIM;Condutor deixou de manter distância do veículo da frente;Colisão traseira;Com Vítimas Feridas;Plena Noite;Decrescente;Céu Claro;Dupla;Reta;Não;3;0;1;1;1;0;2;2;-22,54280711;-42,98518617;SPRF-RJ;DEL04-RJ;UOP01-DEL04-RJ
568332;16/12/2023;sábado;19:05:00;BA;324;617;SALVADOR;Acessar a via sem observar a presença dos outros veículos;Atropelamento de Pedestre;Com Vítimas Feridas;Plena Noite;Decrescente;Céu Claro;Dupla;Reta;Sim;2;0;0;1;1;0;1;2;-12,8860325;-38,43806469;SPRF-BA;DEL01-BA;UOP01-DEL01-BA
568334;16/12/2023;sábado;19:18:00;BA;116;28;VITORIA DA CONQUISTA;Ultrapassagem Indevida;Colisão frontal;Com Vítimas Feridas;Plena Noite;Crescente;Céu Claro;Simples;Aclive;Não;2;0;1;0;1;0;1;2;-14,83996821;-40,81850789;SPRF-BA;DEL08-BA;UOP01-DEL08-BA
568336;16/12/2023;sábado;16:30:00;MT;364;561;NOBRES;Demais falhas mecânicas ou elétricas;Incêndio;Sem Vítimas;Pleno dia;Decrescente;Chuva;Dupla;"Curva;Declive                 ";Não;1;0;0;0;1;0;0;1;-14,7824259;-56,37807902;SPRF-MT;DEL01-MT;UOP01-DEL01-MT
568338;16/12/2023;sábado;20:20:00;SP;116;46,1;CANAS;Pedestre andava na pista;Atropelamento de Pedestre;Com Vítimas Feridas;Plena Noite;Crescente;Céu Claro;Simples;Reta;Sim;2;0;0;1;1;0;1;2;-22,71393589;-45,05335608;SPRF-SP;DEL08-SP;UOP02-DEL08-SP
568339;16/12/2023;sábado;16:50:00;RJ;101;319;NITEROI;Avarias e/ou desgaste excessivo no pneu;Queda de ocupante de veículo;Com Vítimas Feridas;Pleno dia;Crescente;Céu Claro;Dupla;Reta;Não;2;0;2;0;0;0;2;1;-22,85411774;-43,1018014;SPRF-RJ;DEL02-RJ;UOP02-DEL02-RJ
568340;16/12/2023;sábado;20:47:00;GO;40;4;VALPARAISO DE GOIAS;Condutor deixou de manter distância do veículo da frente;Engavetamento;Sem Vítimas;Plena Noite;Crescente;Céu Claro;Dupla;Declive;Sim;3;0;0;0;3;0;0;3;-16,085241;-47,986752;SPRF-DF;DEL01-DF;UOP01-DEL01-DF