id;data_inversa;dia_semana;horario;uf;br;km;municipio;causa_acidente;tipo_acidente;classificacao_acidente;fase_dia;sentido_via;condicao_metereologica;tipo_pista;tracado_via;uso_solo;pessoas;mortos;feridos_leves;feridos_graves;ilesos;ignorados;feridos;veiculos;latitude;longitude;regional;delegacia;uop
568900;19/12/2023;terça-feira;07:40:00;SE;235;0;ARACAJU;Reação tardia ou ineficiente do condutor;Colisão transversal;Com Vítimas Feridas;Pleno dia;Decrescente;Céu Claro;Dupla;Interseção de Vias;Sim;2;0;1;0;1;0;1;2;-10,9087;-37,0855;SPRF-SE;DEL01-SE;UOP01-DEL01-SE
568901;19/12/2023;terça-feira;06:46:00;PE;101;59,3;RECIFE;Acumulo de água sobre o pavimento;Tombamento;Com Vítimas Feridas;Pleno dia;Decrescente;Chuva;Dupla;Reta;Não;1;0;1;0;0;0;1;1;-7,97708575;-34,92607318;SPRF-PE;DEL01-PE;UOP02-DEL01-PE
568904;19/12/2023;terça-feira;07:20:00;MT;163;832;SINOP;Ausência de reação do condutor;Colisão traseira;Com Vítimas Feridas;Pleno dia;Crescente;Céu Claro;Simples;Reta;Sim;3;0;2;0;1;0;2;3;-12,0138;-55,51719;SPRF-MT;DEL06-MT;UOP02-DEL06-MT
568905;19/12/2023;terça-feira;06:18:00;ES;101;264,9;SERRA;Condutor deixou de manter distância do veículo da frente;Colisão traseira;Com Vítimas Feridas;Pleno dia;Crescente;Chuva;Múltipla;Curva;Sim;2;0;1;0;1;0;1;2;-20,18224813;-40,26570981;SPRF-ES;DEL02-ES;UOP01-DEL02-ES
568906;19/12/2023;terça-feira;08:50:00;SC;101;139,5;BALNEARIO CAMBORIU;Manobra de mudança de faixa;Queda de ocupante de veículo;Com Vítimas Feridas;Pleno dia;Crescente;Céu Claro;Múltipla;Aclive;Não;1;0;1;0;0;0;1;1;-27,02397426;-48,60761649;SPRF-SC;DEL04-SC;UOP03-DEL04-SC
568907;19/12/2023;terça-feira;09:05:00;SP;153;61;SAO JOSE DO RIO PRETO;Ausência de reação do condutor;Colisão traseira;Com Vítimas Feridas;Pleno dia;Crescente;Céu Claro;Dupla;Reta;Não;3;0;1;0;2;0;1;3;-20,80502876;-49,35574909;SPRF-SP;DEL09-SP;UOP01-DEL09-SP
568909;18/12/2023;segunda-feira;22:40:00;MA;135;152,8;MATOES DO NORTE;Transitar na contramão;Colisão frontal;Com Vítimas Fatais;Plena Noite;Crescente;Céu Claro;Simples;Reta;Não;2;1;0;0;1;0;0;2;-3,77844001;-44,50950713;SPRF-MA;DEL01-MA;UOP02-DEL01-MA
568910;19/12/2023;terça-feira;09:40:00;PE;101;64,7;RECIFE;Ausência de reação do condutor;Colisão lateral mesmo sentido;Com Vítimas Feridas;Pleno dia;Crescente;Chuva;Dupla;Reta;Não;2;0;1;0;0;1;1;2;-8,0162921;-34,94045886;SPRF-PE;DEL01-PE;UOP01-DEL01-PE
568912;19/12/2023;terça-feira;05:43:00;MT;163;22,7;ITIQUIRA;Demais falhas mecânicas ou elétricas;Tombamento;Com Vítimas Feridas;Pleno dia;Crescente;Céu Claro;Dupla;Reta;Não;2;0;1;0;1;0;1;1;-17,32505699;-54,76070288;SPRF-MT;DEL02-MT;UOP03-DEL02-MT
568913;19/12/2023;terça-feira;09:15:00;SC;282;5,6;SAO JOSE;Reação tardia ou ineficiente do condutor;Tombamento;Com Vítimas Feridas;Pleno dia;Crescente;Nublado;Dupla;"Curva;Viaduto                 ";Sim;1;0;1;0;0;0;1;1;-27,58480952;-48,61656189;SPRF-SC;DEL01-SC;UOP01-DEL01-SC
568915;06/10/2023;sexta-feira;06:15:00;DF;70;18,4;BRASILIA;Manobra de mudança de faixa;Queda de ocupante de veículo;Com Vítimas Feridas;Pleno dia;Decrescente;Céu Claro;Dupla;Declive;Não;2;0;1;0;0;1;1;2;-15,791093;-48,21096;SPRF-DF;DEL03-DF;UOP02-DEL03-DF
568916;18/12/2023;segunda-feira;23:50:00;MG;40;202;JOAO PINHEIRO;Reação tardia ou ineficiente do condutor;Saída de leito carroçável;Sem Vítimas;Plena Noite;Crescente;Céu Claro;Simples;Reta;Não;1;0;0;0;1;0;0;1;-17,99870204;-45,79818196;SPRF-MG;DEL14-MG;UOP02-DEL14-MG
568917;19/12/2023;terça-feira;09:45:00;SP;116;74,2;APARECIDA;Trafegar com motocicleta (ou similar) entre as faixas;Colisão lateral mesmo sentido;Com Vítimas Fatais;Pleno dia;Decrescente;Céu Claro;Dupla;Reta;Não;4;1;0;0;0;3;0;4;-22,87353809;-45,25320023;SPRF-SP;DEL08-SP;UOP01-DEL08-SP
568918;19/12/2023;terça-feira;10:15:00;SE;235;41;AREIA BRANCA;Reação tardia ou ineficiente do condutor;Colisão traseira;Com Vítimas Feridas;Pleno dia;Crescente;Sol;Simples;Aclive;Não;2;0;0;1;1;0;1;2;-10,769856;-37,373135;SPRF-SE;DEL01-SE;UOP02-DEL01-SE
568919;19/12/2023;terça-feira;08:30:00;RJ;101;206;CASIMIRO DE ABREU;Transitar na contramão;Colisão transversal;Com Vítimas Feridas;Pleno dia;Crescente;Céu Claro;Simples;Reta;Sim;2;0;1;0;1;0;1;2;-22,476712;-42,20204;SPRF-RJ;DEL08-RJ;UOP04-DEL08-RJ
568921;19/12/2023;terça-feira;07:25:00;RJ;40;116;DUQUE DE CAXIAS;Demais falhas mecânicas ou elétricas;Tombamento;Com Vítimas Feridas;Pleno dia;Crescente;Céu Claro;Dupla;Reta;Sim;1;0;1;0;0;0;1;1;-22,73662299;-43,28858785;SPRF-RJ;DEL01-RJ;UOP02-DEL01-RJ
568923;19/12/2023;terça-feira;06:40:00;PR;369;364,8;MAMBORE;Transitar na contramão;Colisão frontal;Com Vítimas Fatais;Pleno dia;Crescente;Céu Claro;Simples;Reta;Não;8;3;2;3;0;0;5;2;-24,225052;-52,517837;SPRF-PR;DEL09-PR;UOP03-DEL09-PR
568924;19/12/2023;terça-feira;09:20:00;MG;40;417;CURVELO;Transitar na contramão;Colisão frontal;Com Vítimas Feridas;Pleno dia;Crescente;Céu Claro;Simples;Reta;Não;4;0;3;1;0;0;4;2;-19,15620979;-44,59445792;SPRF-MG;DEL02-MG;UOP01-DEL02-MG
568925;19/12/2023;terça-feira;10:00:00;BA;324;621;SALVADOR;Frear bruscamente;Queda de ocupante de veículo;Com Vítimas Feridas;Pleno dia;Crescente;Sol;Dupla;Reta;Sim;1;0;1;0;0;0;1;1;-12,91233708;-38,45956983;SPRF-BA;DEL01-BA;UOP01-DEL01-BA
568926;19/12/2023;terça-feira;10:30:00;BA;116;440,5;FEIRA DE SANTANA;Demais falhas mecânicas ou elétricas;Tombamento;Com Vítimas Feridas;Pleno dia;Decrescente;Céu Claro;Dupla;"Curva;Aclive                  ";Não;2;0;2;0;0;0;2;1;-12,32646656;-39,05847632;SPRF-BA;DEL02-BA;UOP01-DEL02-BA
568928;19/12/2023;terça-feira;09:40:00;PR;376;593,2;CURITIBA;Ausência de reação do condutor;Colisão traseira;Sem Vítimas;Pleno dia;Decrescente;Nublado;Dupla;Reta;Sim;4;0;0;0;4;0;0;4;-25,47642706;-49,35092413;SPRF-PR;DEL01-PR;UOP06-DEL01-PR
568929;19/12/2023;terça-feira;10:20:00;BA;116;818;VITORIA DA CONQUISTA;Transitar na contramão;Colisão frontal;Com Vítimas Fatais;Pleno dia;Crescente;Céu Claro;Simples;Aclive;Não;2;1;0;0;1;0;0;2;-14,78621813;-40,74705093;SPRF-BA;DEL08-BA;UOP01-DEL08-BA
568930;17/12/2023;domingo;21:45:00;MG;153;237;FRONTEIRA;Ingestão de álcool pelo condutor;Saída de leito carroçável;Sem Vítimas;Plena Noite;Crescente;Céu Claro;Simples;Reta;Não;1;0;0;0;1;0;0;1;-20,28330203;-49,19598196;SPRF-MG;DEL13-MG;UOP02-DEL13-MG
568931;16/12/2023;sábado;20:00:00;RJ;493;6;ITABORAI;Iluminação deficiente;Queda de ocupante de veículo;Com Vítimas Feridas;Plena Noite;Decrescente;Céu Claro;Múltipla;Reta;Não;1;0;1;0;0;0;1;1;-22,73124198;-42,95145305;SPRF-RJ;DEL02-RJ;UOP02-DEL02-RJ
568932;19/12/2023;terça-feira;09:40:00;PB;230;189;POCINHOS;Condutor Dormindo;Colisão lateral sentido oposto;Com Vítimas Feridas;Pleno dia;Crescente;Céu Claro;Simples;Reta;Não;5;0;1;0;4;0;1;2;-7,14;-36,1449;SPRF-PB;DEL02-PB;UOP02-DEL02-PB
568933;19/12/2023;terça-feira;11:05:00;CE;222;220,1;SOBRAL;Reação tardia ou ineficiente do condutor;Colisão com objeto;Com Vítimas Feridas;Pleno dia;Decrescente;Garoa/Chuvisco;Simples;Reta;Não;1;0;1;0;0;0;1;1;-3,727673;-40,322102;SPRF-CE;DEL04-CE;UOP01-DEL04-CE
568934;11/12/2023;segunda-feira;20:10:00;MT;174;106;CACERES;Animais na Pista;Atropelamento de Animal;Com Vítimas Feridas;Plena Noite;Crescente;Ignorado;Simples;Reta;Não;1;0;1;0;0;0;1;1;-15,82611753;-57,92334488;SPRF-MT;DEL03-MT;UOP01-DEL03-MT
568935;14/12/2023;quinta-feira;21:00:00;MT;158;715;BARRA DO GARCAS;Demais falhas mecânicas ou elétricas;Incêndio;Sem Vítimas;Plena Noite;Decrescente;Céu Claro;Simples;Curva;Não;1;0;0;0;1;0;0;1;-15,18040523;-52,18096018;SPRF-MT;DEL07-MT;UOP01-DEL07-MT
568936;19/12/2023;terça-feira;09:00:00;RJ;40;120;DUQUE DE CAXIAS;Transitar no Acostamento;Colisão lateral mesmo sentido;Com Vítimas Feridas;Pleno dia;Decrescente;Céu Claro;Múltipla;Reta;Sim;3;0;2;0;1;0;2;2;-22,77280597;-43,28626763;SPRF-RJ;DEL01-RJ;UOP02-DEL01-RJ
568937;19/12/2023;terça-feira;11:40:00;RS;293;13;CAPAO DO LEAO;Condutor Dormindo;Colisão frontal;Com Vítimas Feridas;Pleno dia;Crescente;Chuva;Simples;Reta;Sim;2;0;1;0;1;0;1;2;-31,7543548;-52,45089496;SPRF-RS;DEL07-RS;UOP01-DEL07-RS
568939;19/12/2023;terça-feira;12:00:00;ES;101;146,7;LINHARES;Reação tardia ou ineficiente do condutor;Colisão lateral mesmo sentido;Com Vítimas Feridas;Pleno dia;Decrescente;Céu Claro;Múltipla;"Interseção de Vias;Reta       ";Sim;2;0;1;0;1;0;1;2;-19,36991666;-40,06537026;SPRF-ES;DEL04-ES;UOP01-DEL04-ES
568940;19/12/2023;terça-feira;11:50:00;RS;116;263;CANOAS;Condutor desrespeitou a iluminação vermelha do semáforo;Colisão transversal;Sem Vítimas;Pleno dia;Crescente;Céu Claro;Simples;Reta;Sim;3;0;0;0;3;0;0;2;-29,90545398;-51,17674031;SPRF-RS;DEL01-RS;UOP01-DEL01-RS
568941;19/12/2023;terça-feira;11:10:00;MG;381;493,9;BETIM;Estacionar ou parar em local proibido;Colisão lateral mesmo sentido;Com Vítimas Feridas;Pleno dia;Crescente;Céu Claro;Múltipla;"Viaduto;Aclive                ";Sim;3;0;0;1;2;0;1;3;-19,97670801;-44,19962698;SPRF-MG;DEL01-MG;UOP03-DEL01-MG
568942;19/12/2023;terça-feira;12:12:00;PB;230;17,8;JOAO PESSOA;Condutor deixou de manter distância do veículo da frente;Colisão traseira;Sem Vítimas;Pleno dia;Decrescente;Céu Claro;Dupla;Reta;Sim;2;0;0;0;2;0;0;2;-7,12173126;-34,84511018;SPRF-PB;DEL01-PB;UOP01-DEL01-PB
568944;19/12/2023;terça-feira;12:35:00;RS;290;24;SANTO ANTONIO DA PATRULHA;Manobra de mudança de faixa;Colisão lateral mesmo sentido;Sem Vítimas;Pleno dia;Decrescente;Nublado;Dupla;Reta;Não;3;0;0;0;3;0;0;2;-29,882015;-50,493973;SPRF-RS;DEL03-RS;UOP01-DEL03-RS
568945;19/12/2023;terça-feira;07:40:00;MA;135;340,6;PRESIDENTE DUTRA;Ausência de reação do condutor;Colisão lateral mesmo sentido;Com Vítimas Feridas;Pleno dia;Decrescente;Céu Claro;Dupla;Reta;Sim;3;0;1;1;1;0;2;2;-5,28784472;-44,49484904;SPRF-MA;DEL03-MA;UOP03-DEL03-MA
568946;19/12/2023;terça-feira;12:50:00;ES;101;291,8;CARIACICA;Acesso irregular;Colisão traseira;Com Vítimas Feridas;Pleno dia;Crescente;Nublado;Dupla;"Reta;Declive;Retorno Regulamen";Não;2;0;1;0;1;0;1;2;-20,29755744;-40,39445616;SPRF-ES;DEL01-ES;UOP01-DEL01-ES
568947;19/12/2023;terça-feira;11:00:00;RO;319;63;PORTO VELHO;Acessar a via sem observar a presença dos outros veículos;Colisão transversal;Com Vítimas Feridas;Pleno dia;Decrescente;Céu Claro;Dupla;Reta;Sim;2;0;1;0;1;0;1;2;-8,766685;-63,884052;SPRF-RO;DEL01-RO;UOP01-DEL01-RO
568949;05/12/2023;terça-feira;08:50:00;CE;20;130;TAUA;Conversão proibida;Colisão transversal;Com Vítimas Feridas;Pleno dia;Crescente;Céu Claro;Simples;Reta;Não;2;0;0;1;1;0;1;2;-5,63976306;-40,11834075;SPRF-CE;DEL02-CE;UOP02-DEL02-CE
568950;19/12/2023;terça-feira;12:00:00;SC;101;118;ITAJAI;Acessar a via sem observar a presença dos outros veículos;Colisão lateral mesmo sentido;Com Vítimas Feridas;Pleno dia;Crescente;Céu Claro;Dupla;Reta;Sim;2;0;1;0;0;1;1;2;-26,895859;-48,71903;SPRF-SC;DEL04-SC;UOP04-DEL04-SC
568951;17/08/2023;quinta-feira;17:00:00;RJ;101;486,5;ANGRA DOS REIS;Ausência de reação do condutor;Colisão traseira;Com Vítimas Feridas;Pleno dia;Crescente;Céu Claro;Simples;Reta;Sim;2;0;0;1;1;0;1;2;-22,97708786;-44,29634653;SPRF-RJ;DEL03-RJ;UOP03-DEL03-RJ
568952;19/12/2023;terça-feira;13:15:00;SC;101;35;JOINVILLE;Reação tardia ou ineficiente do condutor;Colisão com objeto;Com Vítimas Feridas;Pleno dia;Crescente;Sol;Dupla;Reta;Não;4;0;3;0;1;0;3;1;-26,2411301;-48,91227415;SPRF-SC;DEL03-SC;UOP01-DEL03-SC
568953;19/12/2023;terça-feira;13:00:00;RJ;101;63,5;CAMPOS DOS GOYTACAZES;Condutor desrespeitou a iluminação vermelha do semáforo;Colisão transversal;Com Vítimas Feridas;Pleno dia;Decrescente;Céu Claro;Simples;"Interseção de Vias;Reta       ";Não;4;0;1;0;3;0;1;2;-21,74557881;-41,33403182;SPRF-RJ;DEL08-RJ;UOP02-DEL08-RJ
568954;19/12/2023;terça-feira;13:25:00;PB;230;17,8;JOAO PESSOA;Trafegar com motocicleta (ou similar) entre as faixas;Colisão traseira;Com Vítimas Feridas;Pleno dia;Decrescente;Céu Claro;Dupla;"Aclive;Reta                   ";Não;3;0;1;0;2;0;1;3;-7,1121;-34,8426;SPRF-PB;DEL01-PB;UOP01-DEL01-PB
568955;02/12/2023;sábado;23:00:00;PR;369;202,5;APUCARANA;Conversão proibida;Colisão transversal;Com Vítimas Feridas;Plena Noite;Crescente;Nublado;Simples;"Interseção de Vias;Reta       ";Sim;2;0;0;1;1;0;1;2;-23,546798;-51,45211;SPRF-PR;DEL07-PR;UOP03-DEL07-PR
568956;19/12/2023;terça-feira;13:15:00;RN;101;126;SAO JOSE DE MIPIBU;Condutor Dormindo;Colisão com objeto;Com Vítimas Feridas;Pleno dia;Decrescente;Sol;Dupla;Reta;Não;1;0;1;0;0;0;1;1;-6,086887;-35,23438;SPRF-RN;DEL01-RN;UOP01-DEL01-RN
568958;18/12/2023;segunda-feira;18:20:00;MA;222;299;VITORIA DO MEARIM;Animais na Pista;Atropelamento de Animal;Sem Vítimas;Plena Noite;Decrescente;Nublado;Simples;"Reta;Aclive                   ";Não;2;0;0;0;1;1;0;2;-3,49514888;-44,88062146;SPRF-MA;DEL02-MA;UOP01-DEL02-MA
568959;19/12/2023;terça-feira;13:20:00;SP;381;68;MAIRIPORA;Reação tardia ou ineficiente do condutor;Tombamento;Com Vítimas Feridas;Pleno dia;Decrescente;Céu Claro;Dupla;"Reta;Declive                  ";Sim;1;0;1;0;0;0;1;1;-23,34043796;-46,57433588;SPRF-SP;DEL03-SP;UOP01-DEL03-SP
568961;15/12/2023;sexta-feira;20:50:00;RJ;116;194;NOVA IGUACU;Acesso irregular;Colisão traseira;Com Vítimas Feridas;Plena Noite;Decrescente;Céu Claro;Múltipla;Reta;Não;3;0;2;0;1;0;2;1;-22,73711632;-43,53793909;SPRF-RJ;DEL06-RJ;UOP01-DEL06-RJ
568965;19/12/2023;terça-feira;12:05:00;CE;20;203;BOA VIAGEM;Manobra de mudança de faixa;Colisão transversal;Sem Vítimas;Pleno dia;Crescente;Céu Claro;Simples;Rotatória;Sim;2;0;0;0;1;1;0;2;-5,128491;-39,738;SPRF-CE;DEL02-CE;UOP02-DEL02-CE
568967;19/12/2023;terça-feira;10:22:00;RJ;493;22,5;MAGE;Reação tardia ou ineficiente do condutor;Engavetamento;Com Vítimas Feridas;Pleno dia;Decrescente;Céu Claro;Simples;Reta;Sim;10;0;4;0;6;0;4;3;-22,659311;-43,053303;SPRF-RJ;DEL04-RJ;UOP02-DEL04-RJ
568968;19/12/2023;terça-feira;11:40:00;RJ;116;93;TERESOPOLIS;Pista Escorregadia;Tombamento;Com Vítimas Feridas;Pleno dia;Decrescente;Céu Claro;Simples;"Curva;Rotatória               ";Sim;2;0;1;1;0;0;2;1;-22,46416302;-42,99215699;SPRF-RJ;DEL04-RJ;UOP01-DEL04-RJ
568969;19/12/2023;terça-feira;13:20:00;MG;262;33;MANHUACU;Condutor deixou de manter distância do veículo da frente;Colisão traseira;Com Vítimas Feridas;Pleno dia;Crescente;Nublado;Simples;Reta;Sim;4;0;3;0;1;0;3;2;-20,25550548;-42,00465315;SPRF-MG;DEL06-MG;UOP03-DEL06-MG
568970;19/12/2023;terça-feira;14:25:00;CE;222;1;FORTALEZA;Manobra de mudança de faixa;Colisão transversal;Com Vítimas Feridas;Pleno dia;Crescente;Céu Claro;Múltipla;Reta;Sim;2;0;1;0;1;0;1;2;-3,737804;-38,578061;SPRF-CE;DEL01-CE;UOP01-DEL01-CE
568972;19/12/2023;terça-feira;12:15:00;PR;277;242;IRATI;Condutor Dormindo;Saída de leito carroçável;Com Vítimas Feridas;Pleno dia;Crescente;Céu Claro;Simples;Curva;Não;1;0;1;0;0;0;1;1;-25,45362903;-50,64880297;SPRF-PR;DEL08-PR;UOP02-DEL08-PR
568973;19/12/2023;terça-feira;15:15:00;MG;262;422;NOVA SERRANA;Condutor Dormindo;Colisão com objeto;Sem Vítimas;Pleno dia;Decrescente;Céu Claro;Dupla;Curva;Sim;2;0;0;0;1;1;0;2;-19,87288504;-44,9653995;SPRF-MG;DEL08-MG;UOP03-DEL08-MG
568974;19/12/2023;terça-feira;15:30:00;SP;116;230;SAO PAULO;Demais falhas mecânicas ou elétricas;Colisão lateral mesmo sentido;Com Vítimas Feridas;Pleno dia;Crescente;Céu Claro;Dupla;Reta;Sim;2;0;1;0;1;0;1;2;-23,52251783;-46,5855702;SPRF-SP;DEL01-SP;UOP01-DEL01-SP
568975;19/12/2023;terça-feira;15:20:00;RS;290;91;PORTO ALEGRE;Avarias e/ou desgaste excessivo no pneu;Queda de ocupante de veículo;Com Vítimas Feridas;Pleno dia;Crescente;Céu Claro;Dupla;Curva;Não;1;0;1;0;0;0;1;1;-29,97219233;-51,17428958;SPRF-RS;DEL01-RS;UOP01-DEL01-RS
568976;19/12/2023;terça-feira;13:21:00;PI;316;297,7;PICOS;Pista Escorregadia;Capotamento;Com Vítimas Feridas;Pleno dia;Crescente;Nublado;Simples;"Curva;Declive                 ";Não;5;0;1;0;4;0;1;1;-7,02245207;-41,56280109;SPRF-PI;DEL04-PI;UOP01-DEL04-PI
568977;19/12/2023;terça-feira;13:45:00;PE;232;251;ARCOVERDE;Condutor deixou de manter distância do veículo da frente;Colisão traseira;Com Vítimas Feridas;Pleno dia;Decrescente;Chuva;Simples;Reta;Não;2;0;1;0;1;0;1;2;-8,429241;-37,060127;SPRF-PE;DEL04-PE;UOP02-DEL04-PE
568978;19/12/2023;terça-feira;15:00:00;RS;386;230,8;SOLEDADE;Entrada inopinada do pedestre;Atropelamento de Pedestre;Sem Vítimas;Pleno dia;Crescente;Céu Claro;Simples;Curva;Não;2;0;0;0;2;0;0;1;-28,68824;-52,586773;SPRF-RS;DEL04-RS;UOP03-DEL04-RS
568982;19/12/2023;terça-feira;15:50:00;RS;290;92,7;PORTO ALEGRE;Reação tardia ou ineficiente do condutor;Colisão traseira;Com Vítimas Feridas;Pleno dia;Decrescente;Nublado;Múltipla;Reta;Não;2;0;1;0;1;0;1;2;-29,97100269;-51,19016826;SPRF-RS;DEL01-RS;UOP01-DEL01-RS
568983;19/12/2023;terça-feira;14:50:00;TO;153;334;GUARAI;Conversão proibida;Colisão transversal;Com Vítimas Feridas;Pleno dia;Crescente;Céu Claro;Dupla;Interseção de Vias;Sim;2;0;1;1;0;0;2;2;-8,835718;-48,512123;SPRF-TO;DEL02-TO;UOP02-DEL02-TO
568984;28/07/2023;sexta-feira;17:30:00;MG;116;401;GOVERNADOR VALADARES;Acessar a via sem observar a presença dos outros veículos;Colisão transversal;Com Vítimas Feridas;Pleno dia;Crescente;Céu Claro;Simples;Reta;Não;2;0;0;1;0;1;1;2;-18,78798009;-41,98938377;SPRF-MG;DEL06-MG;UOP01-DEL06-MG
568985;19/12/2023;terça-feira;14:45:00;MG;116;686,3;MURIAE;Demais falhas mecânicas ou elétricas;Queda de ocupante de veículo;Com Vítimas Feridas;Pleno dia;Crescente;Céu Claro;Simples;"Curva;Declive                 ";Não;2;0;2;0;0;0;2;1;-20,98983685;-42,35915614;SPRF-MG;DEL07-MG;UOP02-DEL07-MG
568986;19/12/2023;terça-feira;11:50:00;RS;470;178;VERANOPOLIS;Condutor deixou de manter distância do veículo da frente;Colisão traseira;Sem Vítimas;Pleno dia;Crescente;Garoa/Chuvisco;Dupla;"Reta;Interseção de Vias       ";Sim;2;0;0;0;2;0;0;2;-28,94753484;-51,55413312;SPRF-RS;DEL06-RS;UOP02-DEL06-RS
568988;04/12/2023;segunda-feira;07:10:00;SP;116;215;GUARULHOS;Ausência de reação do condutor;Colisão traseira;Com Vítimas Feridas;Amanhecer;Crescente;Sol;Múltipla;Reta;Sim;4;0;1;0;3;0;1;4;-23,44695693;-46,45394103;SPRF-SP;DEL01-SP;UOP01-DEL01-SP
568990;19/12/2023;terça-feira;15:50:00;PR;376;2,2;SAO JOSE DOS PINHAIS;Transitar na contramão;Colisão frontal;Com Vítimas Feridas;Pleno dia;Crescente;Céu Claro;Dupla;"Reta;Interseção de Vias       ";Sim;2;0;1;0;1;0;1;2;-25,54707823;-49,18934226;SPRF-PR;DEL01-PR;UOP04-DEL01-PR
568991;19/12/2023;terça-feira;08:35:00;MS;163;172,5;JUTI;Reação tardia ou ineficiente do condutor;Colisão traseira;Com Vítimas Feridas;Pleno dia;Crescente;Céu Claro;Simples;Reta;Sim;2;0;1;0;0;1;1;2;-22,86622819;-54,61002707;SPRF-MS;DEL09-MS;UOP01-DEL09-MS
568995;19/12/2023;terça-feira;16:50:00;SC;101;202,3;SAO JOSE;Demais falhas mecânicas ou elétricas;Incêndio;Sem Vítimas;Pleno dia;Decrescente;Céu Claro;Múltipla;Reta;Sim;1;0;0;0;1;0;0;1;-27,55711595;-48,61897889;SPRF-SC;DEL01-SC;UOP01-DEL01-SC
568996;19/12/2023;terça-feira;17:00:00;MG;50;3;UBERLANDIA;Avarias e/ou desgaste excessivo no pneu;Capotamento;Com Vítimas Feridas;Pleno dia;Crescente;Céu Claro;Múltipla;Declive;Não;1;0;1;0;0;0;1;1;-18,85423744;-48,24368997;SPRF-MG;DEL15-MG;UOP01-DEL15-MG
568997;19/12/2023;terça-feira;14:30:00;PB;230;433,8;POMBAL;Ausência de reação do condutor;Saída de leito carroçável;Sem Vítimas;Pleno dia;Crescente;Céu Claro;Simples;Curva;Não;1;0;0;0;0;1;0;1;-6,749136;-37,985186;SPRF-PB;DEL03-PB;UOP02-DEL03-PB
568998;19/12/2023;terça-feira;15:30:00;RO;364;13;VILHENA;Acessar a via sem observar a presença dos outros veículos;Colisão transversal;Com Vítimas Feridas;Pleno dia;Decrescente;Chuva;Simples;Reta;Sim;4;0;1;0;3;0;1;2;-12,74140004;-60,13026401;SPRF-RO;DEL04-RO;UOP01-DEL04-RO
569000;19/12/2023;terça-feira;15:00:00;RJ;116;107;GUAPIMIRIM;Reação tardia ou ineficiente do condutor;Colisão traseira;Com Vítimas Feridas;Pleno dia;Crescente;Céu Claro;Dupla;Reta;Não;2;0;1;0;1;0;1;2;-22,52826187;-42,99737551;SPRF-RJ;DEL04-RJ;UOP01-DEL04-RJ
569003;19/12/2023;terça-feira;17:40:00;SC;101;198,8;BIGUACU;Trafegar com motocicleta (ou similar) entre as faixas;Colisão lateral sentido oposto;Com Vítimas Feridas;Pleno dia;Crescente;Céu Claro;Múltipla;Reta;Não;4;0;1;0;3;0;1;3;-27,52658712;-48,63506019;SPRF-SC;DEL01-SC;UOP01-DEL01-SC
569005;19/12/2023;terça-feira;14:42:00;RO;364;202;PIMENTA BUENO;Demais falhas mecânicas ou elétricas;Eventos atípicos;Sem Vítimas;Pleno dia;Crescente;Céu Claro;Simples;"Aclive;Reta                   ";Não;1;0;0;0;1;0;0;1;-11,63675443;-61,20027925;SPRF-RO;DEL02-RO;UOP02-DEL02-RO
569007;19/12/2023;terça-feira;13:00:00;BA;324;558;SAO SEBASTIAO DO PASSE;Demais falhas mecânicas ou elétricas;Saída de leito carroçável;Com Vítimas Feridas;Pleno dia;Crescente;Céu Claro;Dupla;Declive;Não;1;0;1;0;0;0;1;1;-12,48182515;-38,66808011;SPRF-BA;DEL01-BA;UOP03-DEL01-BA
569008;19/12/2023;terça-feira;14:15:00;SC;470;70;INDAIAL;Acesso irregular;Colisão frontal;Com Vítimas Feridas;Pleno dia;Crescente;Céu Claro;Simples;"Reta;Em Obras                 ";Sim;2;0;1;0;1;0;1;2;-26,889374;-49,254478;SPRF-SC;DEL04-SC;UOP01-DEL04-SC
569012;19/12/2023;terça-feira;15:00:00;PR;376;2,5;SAO JOSE DOS PINHAIS;Retorno proibido;Colisão transversal;Com Vítimas Feridas;Pleno dia;Decrescente;Céu Claro;Dupla;Reta;Sim;3;0;1;0;2;0;1;3;-25,5307;-49,1958;SPRF-PR;DEL01-PR;UOP04-DEL01-PR
569013;19/12/2023;terça-feira;18:00:00;MG;262;195;RIO PIRACICABA;Acessar a via sem observar a presença dos outros veículos;Colisão frontal;Com Vítimas Feridas;Anoitecer;Crescente;Céu Claro;Simples;Reta;Não;4;0;3;1;0;0;4;2;-19,86138211;-43,10548067;SPRF-MG;DEL03-MG;UOP01-DEL03-MG
569014;19/12/2023;terça-feira;13:00:00;MT;70;0,1;BARRA DO GARCAS;Acessar a via sem observar a presença dos outros veículos;Colisão transversal;Com Vítimas Feridas;Pleno dia;Decrescente;Sol;Simples;Rotatória;Sim;3;0;2;0;1;0;2;2;-15,895538;-52,25599;SPRF-MT;DEL07-MT;UOP01-DEL07-MT
569015;19/12/2023;terça-feira;16:00:00;AC;364;139;RIO BRANCO;Condutor deixou de manter distância do veículo da frente;Colisão lateral mesmo sentido;Com Vítimas Feridas;Pleno dia;Decrescente;Sol;Dupla;"Rotatória;Reta                ";Sim;3;0;2;0;1;0;2;2;-9,94868843;-67,86729097;SPRF-AC;DEL01-AC;UOP01-DEL01-AC
569017;19/12/2023;terça-feira;17:20:00;MG;262;37,2;MANHUACU;Acessar a via sem observar a presença dos outros veículos;Colisão transversal;Com Vítimas Feridas;Pleno dia;Decrescente;Sol;Simples;Curva;Sim;2;0;1;1;0;0;2;2;-20,25748975;-42,03048732;SPRF-MG;DEL06-MG;UOP03-DEL06-MG