id;data_inversa;dia_semana;horario;uf;br;km;municipio;causa_acidente;tipo_acidente;classificacao_acidente;fase_dia;sentido_via;condicao_metereologica;tipo_pista;tracado_via;uso_solo;pessoas;mortos;feridos_leves;feridos_graves;ilesos;ignorados;feridos;veiculos;latitude;longitude;regional;delegacia;uop
569153;20/12/2023;quarta-feira;11:16:00;PE;423;97,3;GARANHUNS;Ultrapassagem Indevida;Colisão frontal;Sem Vítimas;Pleno dia;Crescente;Nublado;Simples;"Reta;Interseção de Vias       ";Sim;2;0;0;0;2;0;0;2;-8,8796227;-36,49484286;SPRF-PE;DEL03-PE;UOP01-DEL03-PE
569154;20/12/2023;quarta-feira;12:00:00;PB;230;9;CABEDELO;Reação tardia ou ineficiente do condutor;Colisão traseira;Sem Vítimas;Pleno dia;Crescente;Céu Claro;Dupla;Reta;Sim;2;0;0;0;2;0;0;2;-7,0433;-34,8466;SPRF-PB;DEL01-PB;UOP01-DEL01-PB
569155;20/12/2023;quarta-feira;07:30:00;MG;365;130,5;VARZEA DA PALMA;Velocidade Incompatível;Saída de leito carroçável;Com Vítimas Feridas;Amanhecer;Crescente;Chuva;Simples;Curva;Não;4;0;3;1;0;0;4;1;-17,14942873;-44,77300029;SPRF-MG;DEL12-MG;UOP01-DEL12-MG
569157;20/12/2023;quarta-feira;11:00:00;RO;364;709;PORTO VELHO;Condutor deixou de manter distância do veículo da frente;Engavetamento;Com Vítimas Feridas;Pleno dia;Decrescente;Céu Claro;Múltipla;Reta;Sim;4;0;1;0;3;0;1;3;-8,7909383;-63,84895617;SPRF-RO;DEL01-RO;UOP01-DEL01-RO
569158;20/12/2023;quarta-feira;11:50:00;SE;235;5,9;NOSSA SENHORA DO SOCORRO;Manobra de mudança de faixa;Colisão lateral mesmo sentido;Com Vítimas Feridas;Pleno dia;Decrescente;Sol;Dupla;Reta;Sim;3;0;2;0;1;0;2;2;-10,9041;-37,1278;SPRF-SE;DEL01-SE;UOP01-DEL01-SE
569159;20/12/2023;quarta-feira;12:00:00;SP;116;101;PINDAMONHANGABA;Ausência de reação do condutor;Engavetamento;Com Vítimas Feridas;Pleno dia;Decrescente;Céu Claro;Dupla;Reta;Não;4;0;1;0;3;0;1;4;-22,99074204;-45,48115098;SPRF-SP;DEL08-SP;UOP01-DEL08-SP
569160;20/12/2023;quarta-feira;11:10:00;RO;364;353,7;JI-PARANA;Acessar a via sem observar a presença dos outros veículos;Colisão transversal;Com Vítimas Feridas;Pleno dia;Decrescente;Céu Claro;Simples;"Reta;Declive                  ";Não;3;0;2;0;1;0;2;2;-10,819725;-62,016482;SPRF-RO;DEL02-RO;UOP01-DEL02-RO
569162;20/12/2023;quarta-feira;07:25:00;SC;101;321;PESCARIA BRAVA;Reação tardia ou ineficiente do condutor;Colisão traseira;Com Vítimas Feridas;Pleno dia;Crescente;Céu Claro;Dupla;Reta;Sim;2;0;1;0;1;0;1;2;-28,42652417;-48,90778542;SPRF-SC;DEL02-SC;UOP01-DEL02-SC
569163;20/12/2023;quarta-feira;11:24:00;SP;116;228;SAO PAULO;Condutor deixou de manter distância do veículo da frente;Colisão lateral mesmo sentido;Com Vítimas Feridas;Pleno dia;Crescente;Céu Claro;Múltipla;"Aclive;Reta                   ";Sim;2;0;1;0;1;0;1;2;-23,50343484;-46,56638712;SPRF-SP;DEL01-SP;UOP01-DEL01-SP
569164;20/12/2023;quarta-feira;11:30:00;PI;343;343,3;TERESINA;Desrespeitar a preferência no cruzamento;Colisão transversal;Com Vítimas Feridas;Pleno dia;Crescente;Céu Claro;Múltipla;Rotatória;Sim;3;0;1;0;1;1;1;2;-5,090528;-42,760526;SPRF-PI;DEL01-PI;UOP01-DEL01-PI
569166;20/12/2023;quarta-feira;12:30:00;RJ;116;333;RESENDE;Mal súbito do condutor;Saída de leito carroçável;Com Vítimas Feridas;Pleno dia;Decrescente;Céu Claro;Dupla;Reta;Não;1;0;0;1;0;0;1;1;-22,49684621;-44,6437451;SPRF-RJ;DEL07-RJ;UOP02-DEL07-RJ
569167;20/12/2023;quarta-feira;11:50:00;MT;70;7;BARRA DO GARCAS;Ausência de reação do condutor;Queda de ocupante de veículo;Com Vítimas Feridas;Pleno dia;Decrescente;Nublado;Simples;Rotatória;Sim;2;0;1;0;0;1;1;2;-15,8785221;-52,31428742;SPRF-MT;DEL07-MT;UOP01-DEL07-MT
569168;20/12/2023;quarta-feira;12:50:00;PR;153;42,5;SANTO ANTONIO DA PLATINA;Acessar a via sem observar a presença dos outros veículos;Colisão transversal;Com Vítimas Feridas;Pleno dia;Decrescente;Céu Claro;Simples;"Reta;Interseção de Vias       ";Sim;3;0;2;0;0;1;2;3;-23,29512144;-50,06578041;SPRF-PR;DEL07-PR;UOP04-DEL07-PR
569169;20/12/2023;quarta-feira;09:05:00;GO;20;155;ALVORADA DO NORTE;Velocidade Incompatível;Saída de leito carroçável;Com Vítimas Feridas;Pleno dia;Decrescente;Nublado;Simples;Reta;Não;2;0;1;0;1;0;1;1;-14,654471;-46,639088;SPRF-DF;DEL02-DF;UOP03-DEL02-DF
569172;20/12/2023;quarta-feira;11:10:00;MG;116;421;ALPERCATA;Acessar a via sem observar a presença dos outros veículos;Colisão transversal;Com Vítimas Feridas;Pleno dia;Crescente;Céu Claro;Simples;"Declive;Interseção de Vias    ";Não;2;0;1;0;1;0;1;2;-18,93669975;-41,94751431;SPRF-MG;DEL06-MG;UOP01-DEL06-MG
569175;18/12/2023;segunda-feira;16:56:00;GO;70;314;JUSSARA;Ausência de reação do condutor;Colisão traseira;Com Vítimas Feridas;Pleno dia;Crescente;Céu Claro;Dupla;Retorno Regulamentado;Sim;2;0;1;0;1;0;1;2;-15,8753819;-50,86724823;SPRF-GO;DEL04-GO;UOP02-DEL04-GO
569176;20/12/2023;quarta-feira;12:15:00;MT;364;565;NOBRES;Chuva;Capotamento;Sem Vítimas;Pleno dia;Crescente;Chuva;Dupla;Reta;Não;1;0;0;0;1;0;0;1;-14,76386003;-56,34804297;SPRF-MT;DEL01-MT;UOP01-DEL01-MT
569177;20/12/2023;quarta-feira;12:30:00;RJ;101;564;PARATY;Velocidade Incompatível;Colisão com objeto;Com Vítimas Feridas;Pleno dia;Crescente;Céu Claro;Simples;"Curva;Aclive                  ";Não;2;0;1;0;1;0;1;1;-23,14344223;-44,69851328;SPRF-RJ;DEL03-RJ;UOP04-DEL03-RJ
569178;20/12/2023;quarta-feira;12:15:00;BA;101;372;GANDU;Curva acentuada;Saída de leito carroçável;Com Vítimas Feridas;Pleno dia;Decrescente;Nublado;Simples;"Curva;Declive                 ";Não;4;0;3;0;1;0;3;1;-13,795806;-39,495607;SPRF-BA;DEL05-BA;UOP03-DEL05-BA
569179;20/12/2023;quarta-feira;07:00:00;SE;235;5;NOSSA SENHORA DO SOCORRO;Condutor deixou de manter distância do veículo da frente;Colisão traseira;Sem Vítimas;Pleno dia;Decrescente;Nublado;Dupla;Reta;Sim;2;0;0;0;2;0;0;2;-10,9041;-37,1278;SPRF-SE;DEL01-SE;UOP01-DEL01-SE
569180;20/12/2023;quarta-feira;09:05:00;PI;316;33;DEMERVAL LOBAO;Acessar a via sem observar a presença dos outros veículos;Colisão transversal;Com Vítimas Feridas;Pleno dia;Crescente;Nublado;Dupla;Reta;Sim;2;0;0;2;0;0;2;2;-5,34852098;-42,68083598;SPRF-PI;DEL01-PI;UOP02-DEL01-PI
569182;20/12/2023;quarta-feira;13:25:00;PR;158;534,6;PATO BRANCO;Reação tardia ou ineficiente do condutor;Colisão transversal;Com Vítimas Feridas;Pleno dia;Crescente;Nublado;Simples;Reta;Sim;2;0;0;1;1;0;1;2;-26,22652612;-52,68914074;SPRF-PR;DEL02-PR;UOP01-DEL02-PR
569183;20/12/2023;quarta-feira;14:00:00;SC;116;7;MAFRA;Reação tardia ou ineficiente do condutor;Saída de leito carroçável;Com Vítimas Feridas;Pleno dia;Decrescente;Céu Claro;Simples;Curva;Não;1;0;1;0;0;0;1;1;-26,16560704;-49,85243797;SPRF-SC;DEL06-SC;UOP01-DEL06-SC
569184;20/12/2023;quarta-feira;11:30:00;MG;251;305;SALINAS;Manobra de mudança de faixa;Colisão frontal;Com Vítimas Fatais;Pleno dia;Crescente;Chuva;Simples;"Reta;Declive                  ";Não;5;1;0;2;2;0;2;2;-16,13540391;-42,27795196;SPRF-MG;DEL12-MG;UOP02-DEL12-MG
569185;20/12/2023;quarta-feira;07:00:00;MG;381;304;ANTONIO DIAS;Ausência de reação do condutor;Saída de leito carroçável;Com Vítimas Feridas;Pleno dia;Decrescente;Céu Claro;Dupla;Curva;Não;2;0;0;2;0;0;2;1;-19,64450453;-42,92272769;SPRF-MG;DEL03-MG;UOP02-DEL03-MG
569186;20/12/2023;quarta-feira;13:45:00;PR;376;2,5;SAO JOSE DOS PINHAIS;Acessar a via sem observar a presença dos outros veículos;Colisão transversal;Com Vítimas Feridas;Pleno dia;Decrescente;Sol;Dupla;"Reta;Interseção de Vias       ";Sim;3;0;2;0;1;0;2;3;-25,5307;-49,1958;SPRF-PR;DEL01-PR;UOP04-DEL01-PR
569188;20/12/2023;quarta-feira;14:10:00;SC;282;5;SAO JOSE;Condutor deixou de manter distância do veículo da frente;Colisão traseira;Com Vítimas Feridas;Pleno dia;Crescente;Céu Claro;Múltipla;Reta;Não;3;0;1;0;2;0;1;2;-27,588425;-48,612919;SPRF-SC;DEL01-SC;UOP01-DEL01-SC
569191;20/12/2023;quarta-feira;14:00:00;PR;476;155;ARAUCARIA;Conversão proibida;Colisão transversal;Com Vítimas Feridas;Pleno dia;Crescente;Céu Claro;Dupla;Reta;Sim;3;0;1;0;2;0;1;2;-25,590897;-49,410622;SPRF-PR;DEL01-PR;UOP06-DEL01-PR
569195;20/12/2023;quarta-feira;14:15:00;PR;369;143,3;LONDRINA;Manobra de mudança de faixa;Colisão lateral mesmo sentido;Com Vítimas Feridas;Pleno dia;Decrescente;Céu Claro;Dupla;Reta;Sim;2;0;1;0;0;1;1;2;-23,29298578;-51,09773105;SPRF-PR;DEL07-PR;UOP01-DEL07-PR
569196;20/12/2023;quarta-feira;08:40:00;MT;163;923;ITAUBA;Ausência de reação do condutor;Colisão traseira;Com Vítimas Feridas;Pleno dia;Decrescente;Céu Claro;Simples;Reta;Não;7;0;1;2;4;0;3;3;-11,23395388;-55,30433047;SPRF-MT;DEL06-MT;UOP02-DEL06-MT
569197;15/12/2023;sexta-feira;20:50:00;AP;210;1;MACAPA;Condutor deixou de manter distância do veículo da frente;Colisão traseira;Com Vítimas Feridas;Plena Noite;Crescente;Céu Claro;Dupla;Retorno Regulamentado;Sim;2;0;0;1;1;0;1;2;0,07816717;-51,06998693;SPRF-AP;DEL01-AP;UOP01-DEL01-AP
569198;20/12/2023;quarta-feira;14:20:00;SC;101;195;BIGUACU;Avarias e/ou desgaste excessivo no pneu;Tombamento;Com Vítimas Feridas;Pleno dia;Decrescente;Sol;Múltipla;Reta;Sim;2;0;2;0;0;0;2;1;-27,5047092;-48,65010819;SPRF-SC;DEL01-SC;UOP01-DEL01-SC
569200;20/12/2023;quarta-feira;13:48:00;MG;381;850,5;POUSO ALEGRE;Transitar na contramão;Colisão frontal;Com Vítimas Feridas;Pleno dia;Crescente;Céu Claro;Simples;"Curva;Retorno Regulamentado   ";Sim;2;0;1;0;1;0;1;2;-22,2786871;-45,89472262;SPRF-MG;DEL16-MG;UOP01-DEL16-MG
569203;20/12/2023;quarta-feira;14:25:00;RN;101;94;NATAL;Manobra de mudança de faixa;Colisão traseira;Com Vítimas Feridas;Pleno dia;Crescente;Céu Claro;Dupla;Reta;Sim;2;0;1;0;1;0;1;2;-5,826932;-35,210953;SPRF-RN;DEL01-RN;UOP01-DEL01-RN
569204;20/12/2023;quarta-feira;15:05:00;MG;262;359;BETIM;Reação tardia ou ineficiente do condutor;Saída de leito carroçável;Com Vítimas Feridas;Pleno dia;Decrescente;Céu Claro;Dupla;Reta;Sim;1;0;1;0;0;0;1;1;-19,98332234;-44,20214426;SPRF-MG;DEL01-MG;UOP03-DEL01-MG
569205;20/12/2023;quarta-feira;15:00:00;SC;280;53,2;GUARAMIRIM;Reação tardia ou ineficiente do condutor;Colisão traseira;Com Vítimas Feridas;Pleno dia;Crescente;Céu Claro;Dupla;Reta;Sim;2;0;1;0;1;0;1;2;-26,47236756;-48,97426617;SPRF-SC;DEL03-SC;UOP03-DEL03-SC
569206;20/12/2023;quarta-feira;13:00:00;PR;158;336;PALMITAL;Ultrapassagem Indevida;Colisão lateral mesmo sentido;Com Vítimas Feridas;Pleno dia;Decrescente;Sol;Simples;"Curva;Aclive                  ";Não;5;0;3;0;2;0;3;2;-24,87922442;-52,22111944;SPRF-PR;DEL04-PR;UOP02-DEL04-PR
569207;20/12/2023;quarta-feira;15:15:00;RS;116;516,9;PELOTAS;Demais falhas mecânicas ou elétricas;Queda de ocupante de veículo;Com Vítimas Feridas;Pleno dia;Crescente;Nublado;Simples;Reta;Não;1;0;1;0;0;0;1;1;-31,67013527;-52,34055575;SPRF-RS;DEL07-RS;UOP01-DEL07-RS
569208;20/12/2023;quarta-feira;15:20:00;DF;60;23;BRASILIA;Avarias e/ou desgaste excessivo no pneu;Saída de leito carroçável;Com Vítimas Feridas;Pleno dia;Crescente;Chuva;Dupla;"Curva;Declive                 ";Não;4;0;2;0;2;0;2;1;-15,987903;-48,223103;SPRF-DF;DEL03-DF;UOP01-DEL03-DF
569209;20/12/2023;quarta-feira;15:06:00;SP;116;230;SAO PAULO;Transitar no Acostamento;Colisão lateral mesmo sentido;Com Vítimas Feridas;Pleno dia;Crescente;Céu Claro;Múltipla;Reta;Sim;3;0;1;0;1;1;1;2;-23,52251783;-46,5855702;SPRF-SP;DEL01-SP;UOP01-DEL01-SP
569211;20/12/2023;quarta-feira;12:30:00;MG;40;487;CAPIM BRANCO;Demais falhas mecânicas ou elétricas;Incêndio;Sem Vítimas;Pleno dia;Crescente;Céu Claro;Dupla;"Reta;Declive                  ";Não;1;0;0;0;1;0;0;1;-19,59896404;-44,22303708;SPRF-MG;DEL02-MG;UOP01-DEL02-MG
569212;20/12/2023;quarta-feira;15:30:00;TO;153;147;ARAGUAINA;Demais falhas mecânicas ou elétricas;Tombamento;Com Vítimas Feridas;Pleno dia;Crescente;Céu Claro;Dupla;Reta;Sim;3;0;2;0;0;1;2;2;-7,22175693;-48,24826214;SPRF-TO;DEL02-TO;UOP01-DEL02-TO
569214;20/12/2023;quarta-feira;16:00:00;RJ;493;23;MAGE;Acumulo de areia ou detritos sobre o pavimento;Colisão traseira;Com Vítimas Feridas;Pleno dia;Crescente;Garoa/Chuvisco;Simples;Reta;Não;2;0;1;0;1;0;1;2;-22,65705297;-43,061742;SPRF-RJ;DEL04-RJ;UOP02-DEL04-RJ
569215;20/12/2023;quarta-feira;14:55:00;ES;101;264;SERRA;Ausência de reação do condutor;Colisão lateral mesmo sentido;Com Vítimas Feridas;Pleno dia;Crescente;Nublado;Simples;Reta;Sim;2;0;1;0;1;0;1;2;-20,17292791;-40,26736384;SPRF-ES;DEL02-ES;UOP01-DEL02-ES
569216;20/12/2023;quarta-feira;15:30:00;PB;230;19;JOAO PESSOA;Demais falhas mecânicas ou elétricas;Tombamento;Com Vítimas Feridas;Pleno dia;Decrescente;Céu Claro;Dupla;Reta;Sim;2;0;1;0;1;0;1;1;-7,1281;-34,8466;SPRF-PB;DEL01-PB;UOP01-DEL01-PB
569217;20/12/2023;quarta-feira;14:50:00;PR;467;109,8;CASCAVEL;Objeto estático sobre o leito carroçável;Saída de leito carroçável;Com Vítimas Feridas;Pleno dia;Decrescente;Nublado;Dupla;Reta;Não;3;0;1;0;1;1;1;3;-24,92698556;-53,4569943;SPRF-PR;DEL04-PR;UOP01-DEL04-PR
569219;20/12/2023;quarta-feira;16:10:00;RS;285;293,1;PASSO FUNDO;Acessar a via sem observar a presença dos outros veículos;Colisão transversal;Com Vítimas Feridas;Pleno dia;Crescente;Nublado;Simples;Rotatória;Sim;2;0;1;0;1;0;1;2;-28,236645;-52,375156;SPRF-RS;DEL08-RS;UOP03-DEL08-RS
569220;20/12/2023;quarta-feira;14:30:00;PE;316;302;FLORESTA;Ausência de reação do condutor;Colisão com objeto;Com Vítimas Feridas;Pleno dia;Decrescente;Céu Claro;Simples;Reta;Sim;3;0;0;2;0;1;2;2;-8,60742544;-38,58074427;SPRF-PE;DEL04-PE;UOP03-DEL04-PE
569224;20/12/2023;quarta-feira;16:15:00;PR;277;340;GUARAPUAVA;Ausência de reação do condutor;Colisão traseira;Com Vítimas Feridas;Pleno dia;Crescente;Céu Claro;Simples;Reta;Sim;2;0;1;0;0;1;1;2;-25,3454097;-51,44552529;SPRF-PR;DEL08-PR;UOP01-DEL08-PR
569226;20/12/2023;quarta-feira;12:00:00;MA;316;191;ZE DOCA;Ausência de reação do condutor;Capotamento;Sem Vítimas;Pleno dia;Decrescente;Céu Claro;Simples;Reta;Não;1;0;0;0;0;1;0;1;-3,214699;-45,65094;SPRF-MA;DEL02-MA;UOP02-DEL02-MA
569227;20/12/2023;quarta-feira;16:15:00;DF;70;17;BRASILIA;Trafegar com motocicleta (ou similar) entre as faixas;Colisão lateral mesmo sentido;Com Vítimas Feridas;Pleno dia;Crescente;Garoa/Chuvisco;Dupla;"Curva;Declive                 ";Sim;2;0;1;0;1;0;1;2;-15,794133;-48,202095;SPRF-DF;DEL03-DF;UOP02-DEL03-DF
569230;20/12/2023;quarta-feira;14:49:00;MS;163;727;COXIM;Acessar a via sem observar a presença dos outros veículos;Colisão transversal;Com Vítimas Feridas;Pleno dia;Crescente;Nublado;Simples;"Reta;Interseção de Vias;Rotató";Sim;2;0;1;0;1;0;1;2;-18,53607086;-54,74294349;SPRF-MS;DEL06-MS;UOP01-DEL06-MS
569231;20/12/2023;quarta-feira;16:10:00;PR;163;352;GUAIRA;Condutor deixou de manter distância do veículo da frente;Colisão traseira;Com Vítimas Feridas;Pleno dia;Decrescente;Céu Claro;Simples;Reta;Não;13;0;1;0;12;0;1;3;-24,056134;-54,260391;SPRF-PR;DEL06-PR;UOP01-DEL06-PR
569233;20/12/2023;quarta-feira;16:46:00;SC;101;145;ITAPEMA;Trafegar com motocicleta (ou similar) entre as faixas;Colisão lateral mesmo sentido;Com Vítimas Feridas;Anoitecer;Decrescente;Céu Claro;Dupla;"Reta;Aclive                   ";Sim;5;0;1;1;2;1;2;4;-27,08257767;-48,60233545;SPRF-SC;DEL04-SC;UOP03-DEL04-SC
569235;20/12/2023;quarta-feira;16:20:00;PR;376;618;SAO JOSE DOS PINHAIS;Ausência de reação do condutor;Tombamento;Com Vítimas Feridas;Pleno dia;Crescente;Céu Claro;Dupla;Reta;Sim;2;0;2;0;0;0;2;1;-25,59168398;-49,17197705;SPRF-PR;DEL01-PR;UOP04-DEL01-PR
569236;20/12/2023;quarta-feira;16:00:00;RO;364;146;PIMENTA BUENO;Ultrapassagem Indevida;Colisão frontal;Com Vítimas Feridas;Pleno dia;Crescente;Chuva;Simples;Reta;Não;7;0;3;1;3;0;4;2;-11,98740675;-60,94744778;SPRF-RO;DEL02-RO;UOP02-DEL02-RO
569239;10/11/2023;sexta-feira;19:30:00;BA;324;470,2;TANQUINHO;Ultrapassagem Indevida;Colisão frontal;Com Vítimas Feridas;Plena Noite;Decrescente;Céu Claro;Simples;"Aclive;Reta                   ";Não;7;0;5;1;0;1;6;3;-11,96238;-39,1496248;SPRF-BA;DEL02-BA;UOP01-DEL02-BA
569240;20/12/2023;quarta-feira;16:30:00;RJ;40;119;DUQUE DE CAXIAS;Manobra de mudança de faixa;Colisão lateral mesmo sentido;Com Vítimas Feridas;Pleno dia;Crescente;Céu Claro;Múltipla;Reta;Sim;1;0;1;0;0;0;1;1;-22,76375592;-43,28683062;SPRF-RJ;DEL01-RJ;UOP02-DEL01-RJ
569242;20/12/2023;quarta-feira;17:40:00;RJ;40;119;DUQUE DE CAXIAS;Condutor deixou de manter distância do veículo da frente;Colisão lateral mesmo sentido;Com Vítimas Feridas;Anoitecer;Decrescente;Nublado;Múltipla;Reta;Sim;2;0;1;0;1;0;1;2;-22,76375592;-43,28683062;SPRF-RJ;DEL01-RJ;UOP02-DEL01-RJ
569243;20/12/2023;quarta-feira;17:25:00;SC;101;210;SAO JOSE;Acessar a via sem observar a presença dos outros veículos;Colisão lateral mesmo sentido;Com Vítimas Feridas;Pleno dia;Crescente;Céu Claro;Dupla;Reta;Sim;2;0;1;0;1;0;1;2;-27,6167305;-48,6457265;SPRF-SC;DEL01-SC;UOP01-DEL01-SC
569244;20/12/2023;quarta-feira;17:40:00;SE;235;47;ITABAIANA;Acostamento em desnível;Tombamento;Com Vítimas Feridas;Plena Noite;Decrescente;Chuva;Simples;Reta;Não;2;0;0;1;1;0;1;2;-10,731889;-37,411335;SPRF-SE;DEL01-SE;UOP02-DEL01-SE
569249;20/12/2023;quarta-feira;14:00:00;BA;101;623;MASCOTE;Velocidade Incompatível;Saída de leito carroçável;Com Vítimas Feridas;Pleno dia;Decrescente;Chuva;Simples;Curva;Não;2;0;0;2;0;0;2;1;-15,858785;-39,520394;SPRF-BA;DEL05-BA;UOP02-DEL05-BA
569250;20/12/2023;quarta-feira;14:30:00;RJ;485;1,5;ITATIAIA;Conversão proibida;Colisão lateral mesmo sentido;Com Vítimas Feridas;Pleno dia;Crescente;Céu Claro;Simples;Reta;Sim;2;0;1;0;1;0;1;2;-22,48187429;-44,57142306;SPRF-RJ;DEL07-RJ;UOP02-DEL07-RJ
569252;05/10/2023;quinta-feira;17:10:00;MG;365;0,4;MONTES CLAROS;Acessar a via sem observar a presença dos outros veículos;Colisão transversal;Com Vítimas Feridas;Pleno dia;Crescente;Ignorado;Simples;Reta;Sim;2;0;0;1;0;1;1;2;-16,716154;-43,863327;SPRF-MG;DEL12-MG;UOP01-DEL12-MG
569255;20/12/2023;quarta-feira;16:30:00;MT;364;587;DIAMANTINO;Ausência de reação do condutor;Colisão traseira;Com Vítimas Feridas;Pleno dia;Crescente;Nublado;Dupla;Reta;Não;4;0;1;0;3;0;1;2;-14,61012536;-56,25164264;SPRF-MT;DEL01-MT;UOP01-DEL01-MT
569256;20/12/2023;quarta-feira;17:40:00;MG;381;486;BETIM;Acumulo de óleo sobre o pavimento;Queda de ocupante de veículo;Com Vítimas Feridas;Anoitecer;Decrescente;Nublado;Múltipla;Reta;Sim;1;0;1;0;0;0;1;1;-19,95644414;-44,13611598;SPRF-MG;DEL01-MG;UOP03-DEL01-MG
569257;20/12/2023;quarta-feira;18:00:00;ES;101;264;SERRA;Ingestão de álcool pelo condutor;Engavetamento;Sem Vítimas;Anoitecer;Crescente;Céu Claro;Dupla;Reta;Sim;3;0;0;0;3;0;0;3;-20,17292791;-40,26736384;SPRF-ES;DEL02-ES;UOP01-DEL02-ES
569260;20/12/2023;quarta-feira;18:00:00;SP;381;59;MAIRIPORA;Ausência de reação do condutor;Engavetamento;Com Vítimas Feridas;Pleno dia;Crescente;Céu Claro;Dupla;Declive;Sim;5;0;1;0;4;0;1;4;-23,28270705;-46,58787791;SPRF-SP;DEL03-SP;UOP01-DEL03-SP
569263;20/12/2023;quarta-feira;17:15:00;SC;280;48,4;GUARAMIRIM;Condutor deixou de manter distância do veículo da frente;Colisão traseira;Com Vítimas Feridas;Anoitecer;Crescente;Céu Claro;Múltipla;"Desvio Temporário;Em Obras    ";Não;2;0;0;1;1;0;1;2;-26,45739;-48,93389;SPRF-SC;DEL03-SC;UOP03-DEL03-SC
569264;20/12/2023;quarta-feira;14:50:00;SC;101;334;TUBARAO;Ausência de reação do condutor;Colisão traseira;Com Vítimas Feridas;Pleno dia;Crescente;Céu Claro;Dupla;Rotatória;Sim;3;0;2;0;1;0;2;2;-28,47020032;-49,0196228;SPRF-SC;DEL02-SC;UOP01-DEL02-SC
569266;20/12/2023;quarta-feira;18:30:00;SP;116;155;SAO JOSE DOS CAMPOS;Ausência de reação do condutor;Colisão lateral mesmo sentido;Com Vítimas Feridas;Pleno dia;Crescente;Céu Claro;Dupla;Reta;Sim;2;0;0;1;1;0;1;1;-23,24524337;-45,92772774;SPRF-SP;DEL02-SP;UOP01-DEL02-SP
569267;19/12/2023;terça-feira;19:00:00;MT;174;515;COMODORO;Ausência de reação do condutor;Saída de leito carroçável;Sem Vítimas;Plena Noite;Decrescente;Ignorado;Simples;Reta;Não;1;0;0;0;1;0;0;1;-13,40677396;-59,85461185;SPRF-MT;DEL04-MT;UOP02-DEL04-MT
569268;20/12/2023;quarta-feira;18:50:00;RS;116;265,8;CANOAS;Manobra de mudança de faixa;Colisão lateral mesmo sentido;Com Vítimas Feridas;Anoitecer;Decrescente;Céu Claro;Múltipla;Reta;Sim;3;0;1;0;0;2;1;3;-29,93079733;-51,17747605;SPRF-RS;DEL01-RS;UOP01-DEL01-RS
569271;20/12/2023;quarta-feira;17:00:00;MG;262;736;PERDIZES;Animais na Pista;Saída de leito carroçável;Com Vítimas Feridas;Pleno dia;Decrescente;Céu Claro;Simples;Reta;Não;1;0;1;0;0;0;1;1;-19,61395105;-47,38293001;SPRF-MG;DEL08-MG;UOP01-DEL08-MG
569272;20/12/2023;quarta-feira;19:15:00;GO;414;437;ANAPOLIS;Reação tardia ou ineficiente do condutor;Colisão traseira;Sem Vítimas;Plena Noite;Crescente;Ignorado;Simples;Reta;Sim;2;0;0;0;1;1;0;2;-16,26365299;-48,93824303;SPRF-GO;DEL02-GO;UOP01-DEL02-GO
569274;20/12/2023;quarta-feira;10:50:00;MG;262;802;UBERABA;Ausência de reação do condutor;Saída de leito carroçável;Sem Vítimas;Pleno dia;Crescente;Céu Claro;Dupla;Reta;Não;1;0;0;0;1;0;0;1;-19,779234;-47,964844;SPRF-MG;DEL13-MG;UOP01-DEL13-MG
569277;20/12/2023;quarta-feira;18:10:00;RJ;116;173;SAO JOAO DE MERITI;Manobra de mudança de faixa;Colisão lateral mesmo sentido;Com Vítimas Fatais;Pleno dia;Crescente;Nublado;Múltipla;Reta;Sim;3;2;0;0;1;0;0;2;-22,79810324;-43,35726614;SPRF-RJ;DEL06-RJ;UOP01-DEL06-RJ
569278;20/12/2023;quarta-feira;16:41:00;RO;364;371;OURO PRETO DO OESTE;Acessar a via sem observar a presença dos outros veículos;Colisão transversal;Com Vítimas Feridas;Pleno dia;Crescente;Céu Claro;Simples;"Reta;Interseção de Vias       ";Não;4;0;2;1;1;0;3;2;-10,75672971;-62,15406791;SPRF-RO;DEL02-RO;UOP01-DEL02-RO
569279;20/12/2023;quarta-feira;18:30:00;RJ;116;175;SAO JOAO DE MERITI;Manobra de mudança de faixa;Colisão lateral mesmo sentido;Com Vítimas Feridas;Pleno dia;Crescente;Céu Claro;Dupla;Reta;Sim;2;0;1;0;1;0;1;2;-22,78923555;-43,37275272;SPRF-RJ;DEL06-RJ;UOP01-DEL06-RJ
569281;20/12/2023;quarta-feira;18:00:00;RS;153;51,8;ERECHIM;Condutor deixou de manter distância do veículo da frente;Colisão traseira;Com Vítimas Feridas;Pleno dia;Decrescente;Céu Claro;Simples;Declive;Sim;2;0;1;0;1;0;1;2;-27,66024898;-52,28414106;SPRF-RS;DEL08-RS;UOP04-DEL08-RS
569283;20/12/2023;quarta-feira;18:05:00;PR;116;115;CURITIBA;Ausência de reação do condutor;Colisão traseira;Com Vítimas Feridas;Anoitecer;Crescente;Nublado;Dupla;Reta;Não;2;0;1;0;1;0;1;2;-25,55953326;-49,26560414;SPRF-PR;DEL01-PR;UOP07-DEL01-PR