id;data_inversa;dia_semana;horario;uf;br;km;municipio;causa_acidente;tipo_acidente;classificacao_acidente;fase_dia;sentido_via;condicao_metereologica;tipo_pista;tracado_via;uso_solo;pessoas;mortos;feridos_leves;feridos_graves;ilesos;ignorados;feridos;veiculos;latitude;longitude;regional;delegacia;uop
569287;20/12/2023;quarta-feira;20:15:00;PB;230;18,8;JOAO PESSOA;Manobra de mudança de faixa;Queda de ocupante de veículo;Com Vítimas Feridas;Plena Noite;Crescente;Nublado;Dupla;Curva;Sim;1;0;0;1;0;0;1;1;-7,1198;-34,8453;SPRF-PB;DEL01-PB;UOP01-DEL01-PB
569288;20/12/2023;quarta-feira;19:40:00;CE;116;25,9;ITAITINGA;Ausência de reação do condutor;Colisão traseira;Com Vítimas Feridas;Plena Noite;Crescente;Nublado;Dupla;Aclive;Sim;2;0;1;0;0;1;1;2;-3,97717891;-38,51420403;SPRF-CE;DEL01-CE;UOP02-DEL01-CE
569290;09/10/2023;segunda-feira;19:36:00;RS;290;84;PORTO ALEGRE;Manobra de mudança de faixa;Colisão com objeto;Com Vítimas Feridas;Plena Noite;Crescente;Céu Claro;Múltipla;"Reta;Ponte;Em Obras           ";Não;2;0;2;0;0;0;2;1;-29,96376;-51,097771;SPRF-RS;DEL01-RS;UOP01-DEL01-RS
569291;20/12/2023;quarta-feira;19:10:00;AL;316;243,2;ATALAIA;Transitar na contramão;Colisão frontal;Com Vítimas Feridas;Plena Noite;Crescente;Nublado;Simples;"Curva;Declive                 ";Não;4;0;4;0;0;0;4;2;-9,50948818;-36,01302293;SPRF-AL;DEL01-AL;UOP01-DEL01-AL
569293;20/12/2023;quarta-feira;10:30:00;MG;365;543,6;ROMARIA;Ausência de reação do condutor;Saída de leito carroçável;Com Vítimas Feridas;Pleno dia;Decrescente;Céu Claro;Simples;Reta;Não;1;0;1;0;0;0;1;1;-18,93148287;-47,61932501;SPRF-MG;DEL10-MG;UOP01-DEL10-MG
569294;20/12/2023;quarta-feira;18:40:00;PE;116;67,3;CABROBO;Ultrapassagem Indevida;Colisão frontal;Com Vítimas Feridas;Plena Noite;Decrescente;Céu Claro;Simples;Reta;Não;3;0;1;0;2;0;1;2;-8,417872;-39,172592;SPRF-PE;DEL05-PE;UOP03-DEL05-PE
569295;20/12/2023;quarta-feira;19:15:00;PR;376;665;GUARATUBA;Mal súbito do condutor;Colisão com objeto;Com Vítimas Feridas;Plena Noite;Decrescente;Céu Claro;Dupla;Curva;Não;1;0;1;0;0;0;1;1;-25,85455838;-48,95670808;SPRF-PR;DEL01-PR;UOP04-DEL01-PR
569296;20/12/2023;quarta-feira;20:50:00;SC;101;208;SAO JOSE;Acesso irregular;Colisão lateral mesmo sentido;Com Vítimas Feridas;Plena Noite;Decrescente;Céu Claro;Múltipla;Reta;Sim;3;0;2;0;0;1;2;2;-27,60327979;-48,63201818;SPRF-SC;DEL01-SC;UOP01-DEL01-SC
569297;20/12/2023;quarta-feira;20:35:00;PR;277;632,7;CEU AZUL;Reação tardia ou ineficiente do condutor;Colisão com objeto;Sem Vítimas;Plena Noite;Crescente;Nublado;Simples;Interseção de Vias;Não;1;0;0;0;1;0;0;1;-25,12492635;-53,81678581;SPRF-PR;DEL05-PR;UOP02-DEL05-PR
569298;20/12/2023;quarta-feira;19:30:00;BA;367;83;EUNAPOLIS;Acessar a via sem observar a presença dos outros veículos;Colisão transversal;Com Vítimas Feridas;Plena Noite;Crescente;Nublado;Simples;"Reta;Interseção de Vias       ";Sim;2;0;1;0;1;0;1;2;-16,37256267;-39,57064408;SPRF-BA;DEL09-BA;UOP03-DEL09-BA
569301;20/12/2023;quarta-feira;21:00:00;RJ;101;503;ANGRA DOS REIS;Manobra de mudança de faixa;Colisão transversal;Com Vítimas Feridas;Plena Noite;Decrescente;Nublado;Simples;Reta;Sim;2;0;0;1;1;0;1;2;-22,92894705;-44,37879998;SPRF-RJ;DEL03-RJ;UOP03-DEL03-RJ
569302;20/12/2023;quarta-feira;21:00:00;RN;406;160;SAO GONCALO DO AMARANTE;Acessar a via sem observar a presença dos outros veículos;Atropelamento de Pedestre;Com Vítimas Feridas;Plena Noite;Crescente;Nublado;Simples;Aclive;Não;2;0;2;0;0;0;2;2;-5,729333;-35,360122;SPRF-RN;DEL02-RN;UOP01-DEL02-RN
569303;20/12/2023;quarta-feira;19:00:00;MG;153;231,7;FRONTEIRA;Acessar a via sem observar a presença dos outros veículos;Colisão traseira;Com Vítimas Feridas;Plena Noite;Crescente;Céu Claro;Simples;Reta;Não;6;0;6;0;0;0;6;2;-20,23980467;-49,16101941;SPRF-MG;DEL13-MG;UOP02-DEL13-MG
569304;20/12/2023;quarta-feira;18:10:00;SC;101;411,9;ARARANGUA;Avarias e/ou desgaste excessivo no pneu;Saída de leito carroçável;Com Vítimas Feridas;Anoitecer;Decrescente;Nublado;Dupla;Reta;Não;1;0;1;0;0;0;1;1;-28,94356577;-49,52705383;SPRF-SC;DEL02-SC;UOP02-DEL02-SC
569305;20/12/2023;quarta-feira;14:00:00;AL;104;89;RIO LARGO;Entrada inopinada do pedestre;Atropelamento de Pedestre;Com Vítimas Feridas;Pleno dia;Decrescente;Nublado;Dupla;Reta;Sim;2;0;0;1;0;1;1;2;-9,49216808;-35,81471324;SPRF-AL;DEL01-AL;UOP01-DEL01-AL
569306;20/12/2023;quarta-feira;20:15:00;SC;101;83;BARRA VELHA;Transitar na contramão;Colisão frontal;Com Vítimas Feridas;Plena Noite;Crescente;Garoa/Chuvisco;Simples;Reta;Sim;2;0;1;0;1;0;1;2;-26,61865655;-48,71834126;SPRF-SC;DEL03-SC;UOP02-DEL03-SC
569309;20/12/2023;quarta-feira;22:10:00;MG;381;493;BETIM;Velocidade Incompatível;Colisão com objeto;Com Vítimas Feridas;Plena Noite;Crescente;Chuva;Múltipla;Reta;Sim;2;0;1;0;1;0;1;1;-19,97670801;-44,19962698;SPRF-MG;DEL01-MG;UOP03-DEL01-MG
569311;20/12/2023;quarta-feira;20:00:00;MG;40;501,3;ESMERALDAS;Chuva;Saída de leito carroçável;Sem Vítimas;Plena Noite;Crescente;Chuva;Dupla;"Reta;Declive                  ";Sim;1;0;0;0;1;0;0;1;-19,70735708;-44,16736508;SPRF-MG;DEL02-MG;UOP01-DEL02-MG
569312;20/12/2023;quarta-feira;19:20:00;SP;116;112,2;TAUBATE;Entrada inopinada do pedestre;Atropelamento de Pedestre;Com Vítimas Fatais;Plena Noite;Crescente;Céu Claro;Simples;Reta;Sim;3;1;0;1;0;1;1;2;-23,04159343;-45,57065616;SPRF-SP;DEL02-SP;UOP02-DEL02-SP
569314;20/12/2023;quarta-feira;22:45:00;SP;116;272;TABOAO DA SERRA;Ausência de reação do condutor;Colisão com objeto;Com Vítimas Feridas;Plena Noite;Crescente;Céu Claro;Dupla;"Reta;Interseção de Vias       ";Sim;1;0;1;0;0;0;1;1;-23,621691;-46,813288;SPRF-SP;DEL04-SP;UOP01-DEL04-SP
569315;20/12/2023;quarta-feira;22:30:00;RN;304;257,6;SANTA MARIA;Acessar a via sem observar a presença dos outros veículos;Colisão transversal;Com Vítimas Feridas;Plena Noite;Decrescente;Nublado;Simples;Reta;Sim;2;0;1;0;1;0;1;2;-5,84181423;-35,69165405;SPRF-RN;DEL01-RN;UOP02-DEL01-RN
569317;20/12/2023;quarta-feira;20:40:00;RJ;116;230;PIRAI;Velocidade Incompatível;Queda de ocupante de veículo;Com Vítimas Feridas;Plena Noite;Decrescente;Céu Claro;Dupla;Declive;Não;1;0;1;0;0;0;1;1;-22,65208783;-43,82143902;SPRF-RJ;DEL07-RJ;UOP01-DEL07-RJ
569318;20/12/2023;quarta-feira;22:45:00;PR;277;562,4;CASCAVEL;Ultrapassagem Indevida;Saída de leito carroçável;Com Vítimas Feridas;Plena Noite;Crescente;Céu Claro;Simples;Reta;Não;3;0;2;0;1;0;2;2;-25,05866119;-53,22275924;SPRF-PR;DEL04-PR;UOP04-DEL04-PR
569319;20/12/2023;quarta-feira;21:00:00;RO;364;11;VILHENA;Acessar a via sem observar a presença dos outros veículos;Colisão transversal;Com Vítimas Feridas;Plena Noite;Decrescente;Céu Claro;Simples;Reta;Sim;2;0;1;0;1;0;1;2;-12,74605898;-60,11270299;SPRF-RO;DEL04-RO;UOP01-DEL04-RO
569320;20/12/2023;quarta-feira;22:00:00;GO;153;622;MORRINHOS;Reação tardia ou ineficiente do condutor;Saída de leito carroçável;Com Vítimas Feridas;Plena Noite;Decrescente;Garoa/Chuvisco;Dupla;Reta;Não;3;0;2;0;1;0;2;1;-17,7397;-49,1575;SPRF-GO;DEL03-GO;UOP01-DEL03-GO
569322;20/12/2023;quarta-feira;23:40:00;RJ;116;178;NOVA IGUACU;Condutor deixou de manter distância do veículo da frente;Colisão traseira;Com Vítimas Feridas;Plena Noite;Decrescente;Ignorado;Dupla;Reta;Não;2;0;1;0;1;0;1;2;-22,77496393;-43,40081465;SPRF-RJ;DEL06-RJ;UOP01-DEL06-RJ
569323;20/12/2023;quarta-feira;20:00:00;BA;235;345;JUAZEIRO;Ingestão de álcool pelo condutor;Colisão frontal;Com Vítimas Fatais;Plena Noite;Crescente;Nublado;Simples;Reta;Não;7;1;4;2;0;0;6;2;-9,45510584;-40,47446496;SPRF-PE;DEL06-PE;UOP01-DEL06-PE
569325;21/12/2023;quinta-feira;00:05:00;SP;116;199;ARUJA;Condutor Dormindo;Colisão com objeto;Sem Vítimas;Plena Noite;Decrescente;Céu Claro;Múltipla;Reta;Sim;1;0;0;0;1;0;0;1;-23,40185327;-46,31154312;SPRF-SP;DEL01-SP;UOP01-DEL01-SP
569329;21/12/2023;quinta-feira;01:00:00;PR;116;86;PIRAQUARA;Reação tardia ou ineficiente do condutor;Colisão com objeto;Sem Vítimas;Plena Noite;Decrescente;Garoa/Chuvisco;Dupla;Retorno Regulamentado;Não;1;0;0;0;1;0;0;1;-25,43479327;-49,08939973;SPRF-PR;DEL01-PR;UOP07-DEL01-PR
569330;21/12/2023;quinta-feira;00:00:00;PB;230;180,7;POCINHOS;Ingestão de álcool pelo condutor;Saída de leito carroçável;Com Vítimas Feridas;Plena Noite;Decrescente;Nublado;Simples;"Declive;Em Obras              ";Não;1;0;1;0;0;0;1;1;-7,165;-36,067;SPRF-PB;DEL02-PB;UOP02-DEL02-PB
569331;21/12/2023;quinta-feira;00:55:00;SP;116;567;BARRA DO TURVO;Reação tardia ou ineficiente do condutor;Saída de leito carroçável;Com Vítimas Feridas;Plena Noite;Decrescente;Garoa/Chuvisco;Simples;Curva;Não;4;0;2;0;2;0;2;1;-25,0475499;-48,55355172;SPRF-SP;DEL05-SP;UOP02-DEL05-SP
569332;20/12/2023;quarta-feira;21:20:00;MG;116;305,7;ITAMBACURI;Ausência de reação do condutor;Queda de ocupante de veículo;Com Vítimas Feridas;Plena Noite;Crescente;Céu Claro;Simples;"Reta;Declive                  ";Não;1;0;0;1;0;0;1;1;-18,03188584;-41,65290534;SPRF-MG;DEL11-MG;UOP01-DEL11-MG
569333;21/12/2023;quinta-feira;01:00:00;PR;376;624;SAO JOSE DOS PINHAIS;Reação tardia ou ineficiente do condutor;Colisão traseira;Sem Vítimas;Plena Noite;Decrescente;Céu Claro;Dupla;Reta;Não;2;0;0;0;2;0;0;1;-25,64336599;-49,15942795;SPRF-PR;DEL01-PR;UOP04-DEL01-PR
569334;21/12/2023;quinta-feira;00:40:00;RS;392;336;SANTA MARIA;Reação tardia ou ineficiente do condutor;Saída de leito carroçável;Com Vítimas Feridas;Plena Noite;Decrescente;Céu Claro;Simples;Reta;Não;1;0;0;1;0;0;1;1;-29,85386118;-53,74960034;SPRF-RS;DEL09-RS;UOP01-DEL09-RS
569335;20/12/2023;quarta-feira;23:45:00;SC;480;123,8;CHAPECO;Demais falhas mecânicas ou elétricas;Incêndio;Sem Vítimas;Plena Noite;Decrescente;Céu Claro;Dupla;"Aclive;Reta                   ";Sim;42;0;0;0;42;0;0;1;-27,00037575;-52,64563757;SPRF-SC;DEL07-SC;UOP01-DEL07-SC
569338;21/12/2023;quinta-feira;00:55:00;PR;277;527;GUARANIACU;Velocidade Incompatível;Saída de leito carroçável;Com Vítimas Feridas;Plena Noite;Crescente;Céu Claro;Simples;"Curva;Declive                 ";Não;1;0;1;0;0;0;1;1;-25,091649;-52,949265;SPRF-PR;DEL04-PR;UOP04-DEL04-PR
569342;20/12/2023;quarta-feira;21:40:00;MG;365;703,9;MONTE ALEGRE DE MINAS;Condutor deixou de manter distância do veículo da frente;Colisão traseira;Sem Vítimas;Plena Noite;Crescente;Céu Claro;Múltipla;Reta;Não;2;0;0;0;2;0;0;2;-18,88272579;-49,02657302;SPRF-MG;DEL15-MG;UOP03-DEL15-MG
569344;21/12/2023;quinta-feira;04:45:00;RJ;101;324;NITEROI;Condutor Dormindo;Colisão traseira;Com Vítimas Feridas;Plena Noite;Decrescente;Céu Claro;Múltipla;Reta;Não;2;0;2;0;0;0;2;2;-22,87381074;-43,12640997;SPRF-RJ;DEL02-RJ;UOP01-DEL02-RJ
569347;21/12/2023;quinta-feira;04:30:00;GO;153;499;GOIANIA;Acumulo de água sobre o pavimento;Saída de leito carroçável;Com Vítimas Feridas;Plena Noite;Crescente;Chuva;Múltipla;Reta;Sim;1;0;0;1;0;0;1;1;-16,7033;-49,2311;SPRF-GO;DEL01-GO;UOP01-DEL01-GO
569348;21/12/2023;quinta-feira;06:20:00;DF;20;16;BRASILIA;Ingestão de álcool pelo condutor;Colisão traseira;Sem Vítimas;Amanhecer;Crescente;Chuva;Dupla;"Aclive;Reta                   ";Sim;3;0;0;0;3;0;0;2;-15,625675;-47,725159;SPRF-DF;DEL02-DF;UOP01-DEL02-DF
569351;21/12/2023;quinta-feira;05:30:00;RS;285;670;SAO BORJA;Ausência de reação do condutor;Saída de leito carroçável;Com Vítimas Feridas;Amanhecer;Decrescente;Céu Claro;Simples;Reta;Não;1;0;1;0;0;0;1;1;-28,669565;-55,95982;SPRF-RS;DEL12-RS;UOP01-DEL12-RS
569358;21/12/2023;quinta-feira;07:00:00;SP;116;279;EMBU DAS ARTES;Ausência de sinalização;Colisão lateral mesmo sentido;Com Vítimas Feridas;Pleno dia;Decrescente;Céu Claro;Múltipla;Reta;Sim;2;0;1;0;1;0;1;2;-23,66233697;-46,85292907;SPRF-SP;DEL04-SP;UOP01-DEL04-SP
569359;21/12/2023;quinta-feira;07:10:00;SP;116;218;SAO PAULO;Manobra de mudança de faixa;Colisão lateral mesmo sentido;Com Vítimas Feridas;Pleno dia;Crescente;Céu Claro;Múltipla;Reta;Sim;3;0;2;0;1;0;2;2;-23,457972;-46,479927;SPRF-SP;DEL01-SP;UOP01-DEL01-SP
569360;21/12/2023;quinta-feira;05:15:00;PR;376;359,9;ORTIGUEIRA;Pista Escorregadia;Tombamento;Com Vítimas Feridas;Amanhecer;Decrescente;Céu Claro;Simples;"Reta;Declive                  ";Não;1;0;0;1;0;0;1;1;-24,27135947;-50,88884354;SPRF-PR;DEL07-PR;UOP02-DEL07-PR
569361;21/12/2023;quinta-feira;06:04:00;RJ;101;327;NITEROI;Ausência de reação do condutor;Tombamento;Com Vítimas Feridas;Pleno dia;Decrescente;Céu Claro;Dupla;Reta;Não;1;0;1;0;0;0;1;1;-22,87117393;-43,15595099;SPRF-RJ;DEL02-RJ;UOP01-DEL02-RJ
569362;20/12/2023;quarta-feira;19:30:00;SP;116;172,7;JACAREI;Reação tardia ou ineficiente do condutor;Tombamento;Com Vítimas Fatais;Plena Noite;Crescente;Céu Claro;Dupla;"Reta;Declive                  ";Não;1;1;0;0;0;0;0;1;-23,31527532;-46,07231796;SPRF-SP;DEL02-SP;UOP01-DEL02-SP
569364;21/12/2023;quinta-feira;06:50:00;SP;116;227;GUARULHOS;Condutor deixou de manter distância do veículo da frente;Colisão traseira;Com Vítimas Feridas;Pleno dia;Crescente;Céu Claro;Múltipla;"Aclive;Reta                   ";Sim;2;0;1;0;1;0;1;2;-23,49659264;-46,55648754;SPRF-SP;DEL01-SP;UOP01-DEL01-SP
569369;21/12/2023;quinta-feira;07:00:00;GO;60;187;GUAPO;Acumulo de água sobre o pavimento;Colisão traseira;Com Vítimas Feridas;Pleno dia;Crescente;Chuva;Dupla;Reta;Não;3;0;1;0;2;0;1;2;-16,8068;-49,5257;SPRF-GO;DEL01-GO;UOP02-DEL01-GO
569370;21/12/2023;quinta-feira;07:00:00;SE;101;74,9;MARUIM;Acumulo de água sobre o pavimento;Capotamento;Com Vítimas Feridas;Pleno dia;Crescente;Chuva;Dupla;Reta;Não;2;0;2;0;0;0;2;1;-10,76273662;-37,11145231;SPRF-SE;DEL01-SE;UOP01-DEL01-SE
569371;20/12/2023;quarta-feira;02:00:00;MT;163;81,5;RONDONOPOLIS;Reação tardia ou ineficiente do condutor;Saída de leito carroçável;Com Vítimas Feridas;Plena Noite;Crescente;Nublado;Dupla;Reta;Não;1;0;1;0;0;0;1;1;-16,81073315;-54,68584678;SPRF-MT;DEL02-MT;UOP03-DEL02-MT
569372;21/12/2023;quinta-feira;08:00:00;SC;282;604;MARAVILHA;Manobra de mudança de faixa;Colisão transversal;Com Vítimas Feridas;Pleno dia;Decrescente;Céu Claro;Simples;Reta;Sim;2;0;1;0;1;0;1;2;-26,795523;-53,192974;SPRF-SC;DEL07-SC;UOP02-DEL07-SC
569373;21/12/2023;quinta-feira;07:20:00;GO;153;67;PORANGATU;Ausência de reação do condutor;Colisão com objeto;Sem Vítimas;Pleno dia;Decrescente;Nublado;Simples;Reta;Não;2;0;0;0;2;0;0;1;-13,419951;-49,130875;SPRF-GO;DEL07-GO;UOP01-DEL07-GO
569374;21/12/2023;quinta-feira;07:50:00;SP;116;161;JACAREI;Manobra de mudança de faixa;Colisão lateral mesmo sentido;Com Vítimas Feridas;Pleno dia;Decrescente;Sol;Dupla;Reta;Sim;2;0;1;0;1;0;1;2;-23,27617003;-45,97592098;SPRF-SP;DEL02-SP;UOP01-DEL02-SP
569375;21/12/2023;quinta-feira;06:00:00;PA;316;142;CAPANEMA;Transitar na contramão;Colisão frontal;Com Vítimas Feridas;Pleno dia;Decrescente;Céu Claro;Simples;Aclive;Não;7;0;2;0;5;0;2;3;-1,25212498;-47,25203101;SPRF-PA;DEL01-PA;UOP03-DEL01-PA
569376;21/12/2023;quinta-feira;07:40:00;PI;316;318;PICOS;Acessar a via sem observar a presença dos outros veículos;Colisão transversal;Com Vítimas Feridas;Pleno dia;Crescente;Céu Claro;Dupla;Reta;Sim;2;0;1;0;1;0;1;2;-7,08606465;-41,40601287;SPRF-PI;DEL04-PI;UOP01-DEL04-PI
569378;21/12/2023;quinta-feira;08:30:00;DF;70;7,2;BRASILIA;Trafegar com motocicleta (ou similar) entre as faixas;Tombamento;Com Vítimas Feridas;Pleno dia;Decrescente;Chuva;Dupla;Reta;Sim;1;0;1;0;0;0;1;1;-15,78698833;-48,11676979;SPRF-DF;DEL03-DF;UOP02-DEL03-DF
569379;09/12/2023;sábado;20:30:00;SC;282;561;NOVA ITABERABA;Acessar a via sem observar a presença dos outros veículos;Colisão transversal;Com Vítimas Feridas;Plena Noite;Crescente;Céu Claro;Simples;Declive;Não;2;0;0;1;1;0;1;2;-26,919464;-52,861614;SPRF-SC;DEL07-SC;UOP02-DEL07-SC
569381;21/12/2023;quinta-feira;08:00:00;SP;116;212;GUARULHOS;Trafegar com motocicleta (ou similar) entre as faixas;Colisão lateral mesmo sentido;Com Vítimas Feridas;Pleno dia;Decrescente;Céu Claro;Dupla;"Reta;Aclive                   ";Não;2;0;0;1;1;0;1;2;-23,43608315;-46,42805094;SPRF-SP;DEL01-SP;UOP01-DEL01-SP
569384;21/12/2023;quinta-feira;07:30:00;SC;101;104;BALNEARIO PICARRAS;Ausência de reação do condutor;Tombamento;Com Vítimas Feridas;Pleno dia;Decrescente;Sol;Múltipla;Reta;Não;1;0;1;0;0;0;1;1;-26,79281742;-48,68080819;SPRF-SC;DEL03-SC;UOP02-DEL03-SC
569387;21/12/2023;quinta-feira;09:00:00;GO;60;78,4;ANAPOLIS;Chuva;Colisão com objeto;Com Vítimas Feridas;Pleno dia;Crescente;Chuva;Dupla;"Curva;Declive                 ";Não;1;0;1;0;0;0;1;1;-16,2967;-48,8039;SPRF-GO;DEL02-GO;UOP01-DEL02-GO
569390;18/12/2023;segunda-feira;03:15:00;RJ;493;17;MAGE;Ausência de reação do condutor;Tombamento;Com Vítimas Feridas;Plena Noite;Crescente;Céu Claro;Dupla;Reta;Sim;1;0;1;0;0;0;1;1;-22,66791406;-43,00902598;SPRF-RJ;DEL04-RJ;UOP02-DEL04-RJ
569391;21/12/2023;quinta-feira;05:40:00;PI;343;436,9;LAGOINHA DO PIAUI;Condutor Dormindo;Saída de leito carroçável;Com Vítimas Feridas;Amanhecer;Crescente;Garoa/Chuvisco;Simples;Reta;Sim;1;0;0;1;0;0;1;1;-5,820244;-42,622307;SPRF-PI;DEL01-PI;UOP02-DEL01-PI
569392;18/11/2023;sábado;06:30:00;GO;40;9;LUZIANIA;Reação tardia ou ineficiente do condutor;Saída de leito carroçável;Com Vítimas Fatais;Pleno dia;Decrescente;Céu Claro;Múltipla;Reta;Sim;2;1;0;1;0;0;1;1;-16,131158;-47,957739;SPRF-DF;DEL01-DF;UOP01-DEL01-DF
569394;21/12/2023;quinta-feira;09:32:00;SP;116;227;GUARULHOS;Reação tardia ou ineficiente do condutor;Engavetamento;Com Vítimas Feridas;Pleno dia;Crescente;Sol;Dupla;Reta;Sim;5;0;1;0;4;0;1;3;-23,49659264;-46,55648754;SPRF-SP;DEL01-SP;UOP01-DEL01-SP
569395;21/12/2023;quinta-feira;08:30:00;GO;414;410;ABADIANIA;Manobra de mudança de faixa;Colisão frontal;Com Vítimas Feridas;Pleno dia;Crescente;Chuva;Simples;Reta;Sim;3;0;1;1;1;0;2;2;-16,05858626;-48,85401759;SPRF-GO;DEL02-GO;UOP01-DEL02-GO
569396;21/12/2023;quinta-feira;09:00:00;PE;101;183,6;PALMARES;Acesso irregular;Colisão lateral mesmo sentido;Com Vítimas Feridas;Pleno dia;Crescente;Nublado;Dupla;"Curva;Declive                 ";Sim;2;0;2;0;0;0;2;2;-8,66142762;-35,56549434;SPRF-PE;DEL01-PE;UOP03-DEL01-PE
569399;21/12/2023;quinta-feira;07:35:00;MS;163;63;ELDORADO;Reação tardia ou ineficiente do condutor;Saída de leito carroçável;Com Vítimas Feridas;Pleno dia;Crescente;Céu Claro;Simples;"Aclive;Reta                   ";Não;4;0;2;0;2;0;2;1;-23,5994519;-54,21934816;SPRF-MS;DEL09-MS;UOP02-DEL09-MS
569405;21/12/2023;quinta-feira;07:50:00;AL;101;245;PORTO REAL DO COLEGIO;Velocidade Incompatível;Colisão traseira;Sem Vítimas;Pleno dia;Decrescente;Nublado;Simples;Reta;Não;7;0;0;0;7;0;0;2;-10,18344196;-36,82898037;SPRF-AL;DEL02-AL;UOP02-DEL02-AL
569406;21/12/2023;quinta-feira;10:20:00;PB;230;16;JOAO PESSOA;Condutor deixou de manter distância do veículo da frente;Colisão traseira;Sem Vítimas;Pleno dia;Decrescente;Nublado;Dupla;Reta;Sim;3;0;0;0;3;0;0;3;-7,1039;-34,8458;SPRF-PB;DEL01-PB;UOP01-DEL01-PB
569407;21/12/2023;quinta-feira;10:00:00;PE;232;74,5;GRAVATA;Chuva;Saída de leito carroçável;Com Vítimas Feridas;Pleno dia;Crescente;Chuva;Dupla;"Reta;Declive                  ";Não;2;0;2;0;0;0;2;1;-8,19466678;-35,51728814;SPRF-PE;DEL02-PE;UOP02-DEL02PE
569410;21/12/2023;quinta-feira;10:20:00;RJ;493;0;ITABORAI;Reação tardia ou ineficiente do condutor;Colisão transversal;Com Vítimas Feridas;Pleno dia;Decrescente;Céu Claro;Simples;Reta;Sim;3;0;2;0;1;0;2;2;-22,77062;-42,92223;SPRF-RJ;DEL02-RJ;UOP02-DEL02-RJ
569413;21/12/2023;quinta-feira;11:00:00;RJ;116;135;MAGE;Demais falhas mecânicas ou elétricas;Incêndio;Sem Vítimas;Pleno dia;Decrescente;Céu Claro;Múltipla;Reta;Não;1;0;0;0;1;0;0;1;-22,65225773;-43,16309893;SPRF-RJ;DEL04-RJ;UOP02-DEL04-RJ
569415;21/12/2023;quinta-feira;08:40:00;RS;285;120;VACARIA;Acessar a via sem observar a presença dos outros veículos;Queda de ocupante de veículo;Com Vítimas Feridas;Pleno dia;Crescente;Céu Claro;Simples;Reta;Sim;3;0;0;1;1;1;1;3;-28,506767;-50,926594;SPRF-RS;DEL05-RS;UOP03-DEL05-RS
569416;21/12/2023;quinta-feira;11:20:00;BA;324;512;FEIRA DE SANTANA;Acessar a via sem observar a presença dos outros veículos;Atropelamento de Pedestre;Com Vítimas Feridas;Pleno dia;Crescente;Garoa/Chuvisco;Simples;Reta;Sim;3;0;1;1;1;0;2;2;-12,22584428;-38,96500584;SPRF-BA;DEL02-BA;UOP01-DEL02-BA
569417;21/12/2023;quinta-feira;10:35:00;MG;381;689,2;LAVRAS;Velocidade Incompatível;Colisão com objeto;Com Vítimas Feridas;Pleno dia;Decrescente;Céu Claro;Dupla;"Curva;Declive                 ";Não;1;0;1;0;0;0;1;1;-21,225698;-45,130486;SPRF-MG;DEL04-MG;UOP02-DEL04-MG
569418;21/12/2023;quinta-feira;09:15:00;GO;153;314,9;RIALMA;Transitar na contramão;Colisão frontal;Com Vítimas Feridas;Pleno dia;Crescente;Chuva;Simples;"Reta;Interseção de Vias;Aclive";Não;5;0;3;2;0;0;5;2;-15,398662;-49,538452;SPRF-GO;DEL02-GO;UOP02-DEL02-GO
569419;21/12/2023;quinta-feira;10:10:00;BA;116;375;SERRINHA;Acumulo de água sobre o pavimento;Colisão frontal;Com Vítimas Feridas;Pleno dia;Decrescente;Chuva;Simples;Aclive;Não;5;0;4;0;1;0;4;2;-11,80572287;-38,98109457;SPRF-BA;DEL02-BA;UOP01-DEL02-BA
569420;21/12/2023;quinta-feira;11:45:00;ES;101;297,1;VIANA;Velocidade Incompatível;Saída de leito carroçável;Com Vítimas Feridas;Pleno dia;Crescente;Céu Claro;Dupla;"Reta;Declive                  ";Não;2;0;0;2;0;0;2;1;-20,34529844;-40,41026774;SPRF-ES;DEL01-ES;UOP01-DEL01-ES
569421;21/12/2023;quinta-feira;06:40:00;RN;304;150,3;ANGICOS;Reação tardia ou ineficiente do condutor;Saída de leito carroçável;Com Vítimas Fatais;Pleno dia;Decrescente;Céu Claro;Simples;"Reta;Ponte                    ";Não;5;1;3;0;1;0;3;1;-5,6893054;-36,59742434;SPRF-RN;DEL04-RN;UOP01-DEL04-RN
569423;21/12/2023;quinta-feira;12:10:00;PB;230;13;CABEDELO;Pista Escorregadia;Tombamento;Com Vítimas Feridas;Pleno dia;Crescente;Céu Claro;Dupla;Reta;Sim;2;0;2;0;0;0;2;1;-7,0772;-34,8494;SPRF-PB;DEL01-PB;UOP01-DEL01-PB
569425;21/12/2023;quinta-feira;12:06:00;RJ;116;195;QUEIMADOS;Ausência de reação do condutor;Colisão com objeto;Com Vítimas Feridas;Pleno dia;Crescente;Céu Claro;Dupla;"Reta;Em Obras                 ";Sim;1;0;1;0;0;0;1;1;-22,73573614;-43,54749701;SPRF-RJ;DEL06-RJ;UOP01-DEL06-RJ
569426;21/12/2023;quinta-feira;09:40:00;RJ;116;203;SEROPEDICA;Ausência de reação do condutor;Saída de leito carroçável;Com Vítimas Feridas;Pleno dia;Crescente;Céu Claro;Dupla;Curva;Não;2;0;1;1;0;0;2;1;-22,73096751;-43,62245615;SPRF-RJ;DEL06-RJ;UOP02-DEL06-RJ