id;data_inversa;dia_semana;horario;uf;br;km;municipio;causa_acidente;tipo_acidente;classificacao_acidente;fase_dia;sentido_via;condicao_metereologica;tipo_pista;tracado_via;uso_solo;pessoas;mortos;feridos_leves;feridos_graves;ilesos;ignorados;feridos;veiculos;latitude;longitude;regional;delegacia;uop
570000;23/12/2023;sábado;12:00:00;PR;272;366;CAMPO MOURAO;Reação tardia ou ineficiente do condutor;Colisão lateral mesmo sentido;Sem Vítimas;Pleno dia;Crescente;Chuva;Dupla;Rotatória;Sim;3;0;0;0;3;0;0;2;-24,04709452;-52,39404202;SPRF-PR;DEL09-PR;UOP03-DEL09-PR
570001;23/12/2023;sábado;05:00:00;RN;226;73,6;SERRA CAIADA;Reação tardia ou ineficiente do condutor;Capotamento;Com Vítimas Feridas;Pleno dia;Crescente;Ignorado;Simples;Curva;Não;5;0;4;1;0;0;5;1;-6,13998101;-35,73043398;SPRF-RN;DEL01-RN;UOP02-DEL01-RN
570002;23/12/2023;sábado;12:00:00;MG;116;330;CAMPANARIO;Condutor deixou de manter distância do veículo da frente;Engavetamento;Com Vítimas Feridas;Pleno dia;Decrescente;Céu Claro;Simples;Reta;Sim;9;0;1;0;8;0;1;3;-18,23813927;-41,72898363;SPRF-MG;DEL11-MG;UOP01-DEL11-MG
570003;23/12/2023;sábado;12:40:00;SC;101;208;SAO JOSE;Acessar a via sem observar a presença dos outros veículos;Queda de ocupante de veículo;Com Vítimas Feridas;Pleno dia;Decrescente;Céu Claro;Dupla;Reta;Não;2;0;1;0;1;0;1;2;-27,60327979;-48,63201818;SPRF-SC;DEL01-SC;UOP01-DEL01-SC
570004;23/12/2023;sábado;11:30:00;BA;324;580;CANDEIAS;Condutor Dormindo;Saída de leito carroçável;Com Vítimas Feridas;Pleno dia;Crescente;Céu Claro;Dupla;Reta;Sim;3;0;2;1;0;0;3;1;-12,59913862;-38,50896481;SPRF-BA;DEL01-BA;UOP01-DEL01-BA
570006;23/12/2023;sábado;11:30:00;BA;101;674,8;ITAGIMIRIM;Acumulo de areia ou detritos sobre o pavimento;Tombamento;Com Vítimas Feridas;Pleno dia;Decrescente;Sol;Simples;"Curva;Declive                 ";Não;2;0;2;0;0;0;2;1;-16,03904942;-39,6096611;SPRF-BA;DEL09-BA;UOP01-DEL09-BA
570007;23/12/2023;sábado;12:30:00;MG;381;501;BETIM;Manobra de mudança de faixa;Colisão traseira;Com Vítimas Feridas;Pleno dia;Decrescente;Chuva;Dupla;"Reta;Aclive                   ";Não;3;0;2;0;1;0;2;2;-20,03146447;-44,2377893;SPRF-MG;DEL01-MG;UOP03-DEL01-MG
570008;23/12/2023;sábado;13:20:00;PR;277;319,1;GUARAPUAVA;Condutor deixou de manter distância do veículo da frente;Colisão traseira;Sem Vítimas;Pleno dia;Crescente;Nublado;Simples;Reta;Não;6;0;0;0;6;0;0;2;-25,33982216;-51,21601848;SPRF-PR;DEL08-PR;UOP01-DEL08-PR
570009;23/12/2023;sábado;13:02:00;MG;262;365;JUATUBA;Velocidade Incompatível;Saída de leito carroçável;Com Vítimas Feridas;Pleno dia;Decrescente;Chuva;Dupla;"Curva;Declive                 ";Sim;1;0;1;0;0;0;1;1;-19,98399662;-44,24263;SPRF-MG;DEL01-MG;UOP03-DEL01-MG
570010;23/12/2023;sábado;13:00:00;PR;277;131;BALSA NOVA;Reação tardia ou ineficiente do condutor;Colisão com objeto;Com Vítimas Feridas;Pleno dia;Decrescente;Céu Claro;Simples;"Curva;Declive                 ";Não;1;0;0;1;0;0;1;1;-25,46714411;-49,62524414;SPRF-PR;DEL03-PR;UOP03-DEL03-PR
570011;23/12/2023;sábado;13:00:00;GO;40;6;VALPARAISO DE GOIAS;Condutor deixou de manter distância do veículo da frente;Engavetamento;Com Vítimas Feridas;Pleno dia;Decrescente;Céu Claro;Dupla;Reta;Sim;4;0;1;0;3;0;1;3;-16,100814;-47,977351;SPRF-DF;DEL01-DF;UOP01-DEL01-DF
570012;23/12/2023;sábado;10:20:00;PA;230;114;MARABA;Ausência de reação do condutor;Colisão traseira;Com Vítimas Feridas;Pleno dia;Crescente;Sol;Simples;Ponte;Sim;2;0;1;0;1;0;1;2;-5,36466678;-49,06623294;SPRF-PA;DEL03-PA;UOP01-DEL03-PA
570013;23/12/2023;sábado;12:50:00;PR;277;94;CURITIBA;Avarias e/ou desgaste excessivo no pneu;Tombamento;Com Vítimas Feridas;Pleno dia;Crescente;Céu Claro;Dupla;Reta;Sim;2;0;0;2;0;0;2;1;-25,4306359;-49,3169876;SPRF-PR;DEL01-PR;UOP06-DEL01-PR
570015;23/12/2023;sábado;12:50:00;PR;376;451;TIBAGI;Chuva;Colisão com objeto;Com Vítimas Feridas;Pleno dia;Crescente;Chuva;Dupla;Curva;Não;2;0;1;0;1;0;1;1;-24,94239016;-50,40224704;SPRF-PR;DEL03-PR;UOP02-DEL03-PR
570016;23/12/2023;sábado;11:45:00;MG;40;515;RIBEIRAO DAS NEVES;Reação tardia ou ineficiente do condutor;Colisão traseira;Com Vítimas Feridas;Pleno dia;Decrescente;Céu Claro;Dupla;"Em Obras;Reta                 ";Sim;2;0;1;0;1;0;1;2;-19,81628624;-44,08960124;SPRF-MG;DEL01-MG;UOP02-DEL01-MG
570017;23/12/2023;sábado;08:00:00;PI;316;117;PASSAGEM FRANCA DO PIAUI;Ausência de reação do condutor;Capotamento;Com Vítimas Feridas;Pleno dia;Crescente;Céu Claro;Simples;Reta;Não;4;0;0;4;0;0;4;1;-5,93319732;-42,38002737;SPRF-PI;DEL04-PI;UOP02-DEL04-PI
570018;23/12/2023;sábado;12:50:00;MG;381;930;ITAPEVA;Reação tardia ou ineficiente do condutor;Saída de leito carroçável;Com Vítimas Feridas;Pleno dia;Crescente;Chuva;Dupla;Curva;Não;2;0;1;0;1;0;1;1;-22,80188832;-46,26962063;SPRF-MG;DEL16-MG;UOP03-DEL16-MG
570020;23/12/2023;sábado;13:50:00;RJ;101;562,3;PARATY;Chuva;Capotamento;Com Vítimas Feridas;Pleno dia;Decrescente;Chuva;Simples;Curva;Não;4;0;4;0;0;0;4;1;-23,13149696;-44,70949387;SPRF-RJ;DEL03-RJ;UOP04-DEL03-RJ
570021;23/12/2023;sábado;13:00:00;RJ;116;208;SEROPEDICA;Ausência de reação do condutor;Tombamento;Sem Vítimas;Pleno dia;Crescente;Céu Claro;Dupla;"Aclive;Ponte;Reta             ";Não;1;0;0;0;1;0;0;1;-22,72297475;-43,67131596;SPRF-RJ;DEL06-RJ;UOP02-DEL06-RJ
570022;23/12/2023;sábado;11:35:00;MS;267;59,5;BATAGUASSU;Acessar a via sem observar a presença dos outros veículos;Colisão transversal;Com Vítimas Feridas;Pleno dia;Decrescente;Céu Claro;Simples;"Reta;Declive;Interseção de Via";Não;5;0;1;0;4;0;1;2;-21,838732;-52,66576;SPRF-MS;DEL02-MS;UOP04-DEL02-MS
570023;23/12/2023;sábado;13:30:00;RJ;101;570;PARATY;Pista Escorregadia;Tombamento;Com Vítimas Feridas;Pleno dia;Decrescente;Chuva;Simples;Curva;Não;1;0;1;0;0;0;1;1;-23,18216501;-44,71777595;SPRF-RJ;DEL03-RJ;UOP04-DEL03-RJ
570024;23/12/2023;sábado;09:25:00;SC;280;93;CORUPA;Reação tardia ou ineficiente do condutor;Capotamento;Sem Vítimas;Pleno dia;Crescente;Chuva;Simples;Curva;Não;1;0;0;0;0;1;0;1;-26,39962904;-49,29783103;SPRF-SC;DEL06-SC;UOP03-DEL06-SC
570025;23/12/2023;sábado;13:15:00;SC;163;73,4;SAO MIGUEL DO OESTE;Acessar a via sem observar a presença dos outros veículos;Colisão transversal;Com Vítimas Feridas;Pleno dia;Crescente;Nublado;Simples;Interseção de Vias;Sim;2;0;1;0;1;0;1;2;-26,71084646;-53,51502434;SPRF-SC;DEL07-SC;UOP03-DEL07-SC
570028;23/12/2023;sábado;11:15:00;ES;101;9,4;SERRA;Reação tardia ou ineficiente do condutor;Queda de ocupante de veículo;Com Vítimas Feridas;Pleno dia;Decrescente;Nublado;Dupla;Reta;Não;1;0;1;0;0;0;1;1;-20,138049;-40,340597;SPRF-ES;DEL04-ES;UOP02-DEL04-ES
570029;23/12/2023;sábado;06:30:00;MG;365;485;PATROCINIO;Ausência de reação do condutor;Colisão traseira;Com Vítimas Feridas;Amanhecer;Decrescente;Chuva;Simples;Reta;Não;5;0;1;0;4;0;1;2;-18,89580605;-47,11380401;SPRF-MG;DEL10-MG;UOP01-DEL10-MG
570030;23/12/2023;sábado;14:30:00;RN;406;147,2;CEARA-MIRIM;Acessar a via sem observar a presença dos outros veículos;Colisão transversal;Com Vítimas Feridas;Pleno dia;Crescente;Céu Claro;Simples;Reta;Não;3;0;3;0;0;0;3;2;-5,64619702;-35,459121;SPRF-RN;DEL02-RN;UOP01-DEL02-RN
570031;23/12/2023;sábado;14:00:00;MG;381;601,1;CARMOPOLIS DE MINAS;Reação tardia ou ineficiente do condutor;Colisão com objeto;Com Vítimas Feridas;Pleno dia;Decrescente;Chuva;Dupla;"Curva;Declive                 ";Não;4;0;3;0;1;0;3;1;-20,63243704;-44,73521221;SPRF-MG;DEL04-MG;UOP01-DEL04-MG
570034;23/12/2023;sábado;12:15:00;MG;262;639;IBIA;Velocidade Incompatível;Saída de leito carroçável;Com Vítimas Feridas;Pleno dia;Decrescente;Chuva;Simples;Reta;Não;3;0;2;0;1;0;2;1;-19,571631;-46,556852;SPRF-MG;DEL08-MG;UOP01-DEL08-MG
570035;23/12/2023;sábado;12:30:00;MG;381;654;SANTO ANTONIO DO AMPARO;Chuva;Colisão com objeto;Com Vítimas Feridas;Pleno dia;Decrescente;Chuva;Dupla;"Curva;Aclive                  ";Não;2;0;1;0;1;0;1;1;-20,99437964;-44,96041633;SPRF-MG;DEL04-MG;UOP02-DEL04-MG
570037;23/12/2023;sábado;13:20:00;MG;365;5,8;MONTES CLAROS;Chuva;Tombamento;Com Vítimas Feridas;Pleno dia;Decrescente;Chuva;Simples;"Declive;Curva                 ";Não;2;0;2;0;0;0;2;2;-16,74574399;-43,88392402;SPRF-MG;DEL12-MG;UOP01-DEL12-MG
570039;23/12/2023;sábado;13:15:00;MG;251;293,6;SALINAS;Demais falhas mecânicas ou elétricas;Incêndio;Sem Vítimas;Pleno dia;Crescente;Nublado;Simples;Reta;Não;38;0;0;0;38;0;0;1;-16,05922436;-42,182352;SPRF-MG;DEL12-MG;UOP02-DEL12-MG
570041;23/12/2023;sábado;14:50:00;MG;381;494;BETIM;Demais falhas mecânicas ou elétricas;Tombamento;Com Vítimas Feridas;Pleno dia;Crescente;Garoa/Chuvisco;Múltipla;"Reta;Declive                  ";Sim;1;0;1;0;0;0;1;1;-19,985563;-44,20318;SPRF-MG;DEL01-MG;UOP03-DEL01-MG
570044;23/12/2023;sábado;15:00:00;PR;476;122;CURITIBA;Velocidade Incompatível;Colisão lateral mesmo sentido;Sem Vítimas;Pleno dia;Crescente;Céu Claro;Dupla;"Interseção de Vias;Reta       ";Sim;3;0;0;0;3;0;0;3;-25,385775;-49,203377;SPRF-PR;DEL01-PR;UOP01-DEL01-PR
570045;23/12/2023;sábado;11:28:00;MG;381;636,8;SANTO ANTONIO DO AMPARO;Reação tardia ou ineficiente do condutor;Engavetamento;Com Vítimas Feridas;Pleno dia;Decrescente;Chuva;Dupla;Curva;Não;4;0;2;0;2;0;2;2;-20,89141186;-44,8525565;SPRF-MG;DEL04-MG;UOP01-DEL04-MG
570047;23/12/2023;sábado;14:00:00;RJ;493;15;GUAPIMIRIM;Ingestão de álcool pelo condutor;Colisão transversal;Sem Vítimas;Pleno dia;Crescente;Garoa/Chuvisco;Simples;Curva;Sim;3;0;0;0;3;0;0;2;-22,66580436;-42,99104217;SPRF-RJ;DEL04-RJ;UOP02-DEL04-RJ
570048;23/12/2023;sábado;14:45:00;RJ;101;486,7;ANGRA DOS REIS;Pedestre cruzava a pista fora da faixa;Atropelamento de Pedestre;Com Vítimas Feridas;Pleno dia;Crescente;Céu Claro;Simples;Reta;Sim;2;0;2;0;0;0;2;2;-22,97708786;-44,29634653;SPRF-RJ;DEL03-RJ;UOP03-DEL03-RJ
570049;23/12/2023;sábado;13:40:00;PR;277;603;SANTA TEREZA DO OESTE;Retorno proibido;Colisão lateral mesmo sentido;Com Vítimas Feridas;Pleno dia;Crescente;Nublado;Simples;Reta;Não;6;0;3;0;3;0;3;2;-25,02817;-53,55983;SPRF-PR;DEL05-PR;UOP02-DEL05-PR
570050;23/12/2023;sábado;15:20:00;MG;50;36;ARAGUARI;Reação tardia ou ineficiente do condutor;Colisão com objeto;Com Vítimas Feridas;Pleno dia;Decrescente;Garoa/Chuvisco;Dupla;"Retorno Regulamentado;Viaduto ";Sim;3;0;2;0;1;0;2;1;-18,65453092;-48,14727203;SPRF-MG;DEL15-MG;UOP02-DEL15-MG
570051;23/12/2023;sábado;14:45:00;GO;60;79;ANAPOLIS;Ingestão de álcool pelo condutor;Colisão traseira;Com Vítimas Feridas;Pleno dia;Decrescente;Céu Claro;Dupla;"Reta;Declive                  ";Sim;7;0;1;0;5;1;1;2;-16,3007;-48,8128;SPRF-GO;DEL02-GO;UOP01-DEL02-GO
570053;23/12/2023;sábado;11:40:00;RJ;493;112;SEROPEDICA;Manobra de mudança de faixa;Colisão lateral mesmo sentido;Com Vítimas Feridas;Pleno dia;Crescente;Céu Claro;Dupla;Reta;Não;6;0;2;0;4;0;2;2;-22,72669699;-43,71348012;SPRF-RJ;DEL03-RJ;UOP01-DEL03-RJ
570054;23/12/2023;sábado;14:30:00;PB;230;112,5;INGA;Acessar a via sem observar a presença dos outros veículos;Colisão traseira;Com Vítimas Feridas;Pleno dia;Crescente;Sol;Dupla;Reta;Não;2;0;1;0;1;0;1;2;-7,2117;-35,5822;SPRF-PB;DEL01-PB;UOP03-DEL01-PB
570055;23/12/2023;sábado;15:40:00;SP;381;11;VARGEM;Reação tardia ou ineficiente do condutor;Engavetamento;Com Vítimas Feridas;Pleno dia;Decrescente;Nublado;Dupla;"Reta;Aclive                   ";Não;12;0;1;0;11;0;1;5;-22,92508;-46,4524;SPRF-SP;DEL03-SP;UOP02-DEL03-SP
570056;23/12/2023;sábado;15:36:00;PB;101;88,5;JOAO PESSOA;Velocidade Incompatível;Tombamento;Com Vítimas Feridas;Pleno dia;Decrescente;Céu Claro;Simples;Curva;Não;1;0;1;0;0;0;1;1;-7,16470016;-34,89993643;SPRF-PB;DEL01-PB;UOP02-DEL01-PB
570057;23/12/2023;sábado;12:50:00;BA;407;209;CAPIM GROSSO;Ingestão de álcool pelo condutor;Queda de ocupante de veículo;Com Vítimas Feridas;Pleno dia;Crescente;Céu Claro;Simples;Reta;Sim;1;0;0;1;0;0;1;1;-11,18229848;-40,04724166;SPRF-BA;DEL04-BA;UOP02-DEL04-BA
570058;23/12/2023;sábado;15:20:00;GO;60;118;TEREZOPOLIS DE GOIAS;Desrespeitar a preferência no cruzamento;Colisão transversal;Sem Vítimas;Pleno dia;Crescente;Chuva;Dupla;"Reta;Aclive                   ";Sim;2;0;0;0;2;0;0;2;-16,4848;-49,0935;SPRF-GO;DEL01-GO;UOP01-DEL01-GO
570060;23/12/2023;sábado;15:30:00;PE;101;75;RECIFE;Reação tardia ou ineficiente do condutor;Colisão traseira;Sem Vítimas;Pleno dia;Crescente;Nublado;Dupla;Reta;Sim;3;0;0;0;3;0;0;3;-8,10973523;-34,94660151;SPRF-PE;DEL01-PE;UOP01-DEL01-PE
570062;23/12/2023;sábado;15:11:00;PE;104;86,7;AGRESTINA;Reação tardia ou ineficiente do condutor;Colisão traseira;Com Vítimas Feridas;Pleno dia;Crescente;Céu Claro;Simples;Reta;Sim;4;0;1;0;3;0;1;3;-8,446782;-35,951046;SPRF-PE;DEL02-PE;UOP01-DEL02-PE
570063;23/12/2023;sábado;12:30:00;SC;282;39,5;AGUAS MORNAS;Velocidade Incompatível;Saída de leito carroçável;Com Vítimas Feridas;Pleno dia;Decrescente;Sol;Simples;Reta;Não;2;0;2;0;0;0;2;1;-27,712439;-48,860607;SPRF-SC;DEL01-SC;UOP03-DEL01-SC
570065;23/12/2023;sábado;12:51:00;AC;364;131;RIO BRANCO;Manobra de mudança de faixa;Saída de leito carroçável;Com Vítimas Feridas;Pleno dia;Decrescente;Chuva;Dupla;"Aclive;Curva                  ";Não;4;0;1;0;3;0;1;1;-10,01594689;-67,84093848;SPRF-AC;DEL01-AC;UOP01-DEL01-AC
570066;23/12/2023;sábado;14:15:00;PR;153;44,7;SANTO ANTONIO DA PLATINA;Avarias e/ou desgaste excessivo no pneu;Saída de leito carroçável;Com Vítimas Feridas;Pleno dia;Crescente;Garoa/Chuvisco;Simples;Reta;Não;3;0;2;1;0;0;3;1;-23,32200119;-50,067873;SPRF-PR;DEL07-PR;UOP04-DEL07-PR
570069;23/12/2023;sábado;16:30:00;MG;153;47;MONTE ALEGRE DE MINAS;Chuva;Saída de leito carroçável;Com Vítimas Feridas;Pleno dia;Crescente;Chuva;Dupla;Reta;Não;3;0;3;0;0;0;3;1;-18,79619901;-49,08247601;SPRF-MG;DEL15-MG;UOP03-DEL15-MG
570070;29/10/2023;domingo;09:30:00;PE;423;92;GARANHUNS;Acessar a via sem observar a presença dos outros veículos;Colisão transversal;Com Vítimas Feridas;Pleno dia;Crescente;Garoa/Chuvisco;Simples;Reta;Não;3;0;2;0;1;0;2;2;-8,8619549;-36,46381174;SPRF-PE;DEL03-PE;UOP01-DEL03-PE
570072;23/12/2023;sábado;16:50:00;RS;285;293;PASSO FUNDO;Reação tardia ou ineficiente do condutor;Colisão traseira;Sem Vítimas;Pleno dia;Decrescente;Chuva;Dupla;Rotatória;Sim;5;0;0;0;5;0;0;2;-28,236645;-52,375156;SPRF-RS;DEL08-RS;UOP03-DEL08-RS
570073;23/12/2023;sábado;16:00:00;BA;20;55,8;CORRENTINA;Ultrapassagem Indevida;Colisão frontal;Com Vítimas Fatais;Pleno dia;Decrescente;Nublado;Simples;Reta;Não;7;4;0;2;1;0;2;2;-13,469394;-46,095397;SPRF-BA;DEL10-BA;UOP01-DEL10-BA
570075;23/12/2023;sábado;15:20:00;PB;230;468;SOUSA;Velocidade Incompatível;Saída de leito carroçável;Com Vítimas Feridas;Pleno dia;Crescente;Céu Claro;Simples;Curva;Não;1;0;1;0;0;0;1;1;-6,7817;-38,2695;SPRF-PB;DEL03-PB;UOP03-DEL03-PB
570076;23/12/2023;sábado;16:30:00;SP;116;82,2;ROSEIRA;Reação tardia ou ineficiente do condutor;Colisão traseira;Com Vítimas Feridas;Pleno dia;Decrescente;Chuva;Dupla;Reta;Não;4;0;2;0;2;0;2;3;-22,91011705;-45,32060562;SPRF-SP;DEL08-SP;UOP01-DEL08-SP
570077;23/12/2023;sábado;15:20:00;MS;163;265;DOURADOS;Transtornos Mentais (exceto suicidio);Saída de leito carroçável;Com Vítimas Feridas;Pleno dia;Decrescente;Céu Claro;Simples;Rotatória;Sim;2;0;0;1;0;1;1;2;-22,222698;-54,73128;SPRF-MS;DEL04-MS;UOP01-DEL04-MS
570078;23/12/2023;sábado;12:30:00;BA;101;549;SAO JOSE DA VITORIA;Manobra de mudança de faixa;Colisão frontal;Com Vítimas Fatais;Pleno dia;Crescente;Sol;Simples;Reta;Não;4;1;1;2;0;0;3;2;-15,133;-39,378;SPRF-BA;DEL05-BA;UOP02-DEL05-BA
570079;23/12/2023;sábado;15:55:00;MG;50;155;UBERABA;Acumulo de água sobre o pavimento;Colisão com objeto;Com Vítimas Feridas;Pleno dia;Decrescente;Chuva;Dupla;"Reta;Declive                  ";Não;4;0;4;0;0;0;4;1;-19,607995;-48,022216;SPRF-MG;DEL13-MG;UOP01-DEL13-MG
570081;23/12/2023;sábado;16:39:00;PE;232;9,3;JABOATAO DOS GUARARAPES;Condutor usando celular;Atropelamento de Pedestre;Com Vítimas Feridas;Pleno dia;Crescente;Céu Claro;Múltipla;Reta;Não;2;0;0;1;1;0;1;2;-8,078778;-34,985386;SPRF-PE;DEL01-PE;UOP01-DEL01-PE
570082;23/12/2023;sábado;16:20:00;RJ;393;169;TRES RIOS;Acumulo de água sobre o pavimento;Queda de ocupante de veículo;Com Vítimas Feridas;Pleno dia;Crescente;Chuva;Simples;Curva;Não;1;0;0;1;0;0;1;1;-22,125063;-43,155872;SPRF-RJ;DEL05-RJ;UOP02-DEL05-RJ
570083;23/12/2023;sábado;17:10:00;ES;101;165;LINHARES;Manobra de mudança de faixa;Queda de ocupante de veículo;Com Vítimas Feridas;Pleno dia;Crescente;Nublado;Simples;Reta;Não;2;0;2;0;0;0;2;1;-19,51849683;-40,13730526;SPRF-ES;DEL04-ES;UOP01-DEL04-ES
570084;30/09/2023;sábado;13:50:00;PI;230;310;FLORIANO;Ausência de reação do condutor;Colisão traseira;Sem Vítimas;Pleno dia;Crescente;Céu Claro;Simples;Reta;Sim;2;0;0;0;1;1;0;2;-6,76580135;-43,00941327;SPRF-PI;DEL03-PI;UOP01-DEL03-PI
570085;23/12/2023;sábado;17:40:00;ES;101;233,4;FUNDAO;Demais falhas mecânicas ou elétricas;Saída de leito carroçável;Sem Vítimas;Anoitecer;Crescente;Chuva;Simples;Reta;Não;2;0;0;0;1;1;0;1;-19,961042;-40,406889;SPRF-ES;DEL02-ES;UOP01-DEL02-ES
570086;23/12/2023;sábado;15:30:00;MT;163;517;DIAMANTINO;Acesso irregular;Colisão transversal;Com Vítimas Feridas;Pleno dia;Decrescente;Céu Claro;Dupla;Em Obras;Não;2;0;0;1;1;0;1;2;-14,53392712;-56,23087253;SPRF-MT;DEL01-MT;UOP01-DEL01-MT
570087;23/12/2023;sábado;15:22:00;RJ;116;186;NOVA IGUACU;Reação tardia ou ineficiente do condutor;Tombamento;Com Vítimas Feridas;Pleno dia;Decrescente;Garoa/Chuvisco;Múltipla;Reta;Não;2;0;1;1;0;0;2;1;-22,73962339;-43,46276495;SPRF-RJ;DEL06-RJ;UOP01-DEL06-RJ
570088;23/12/2023;sábado;17:00:00;MG;381;346;BELA VISTA DE MINAS;Velocidade Incompatível;Saída de leito carroçável;Com Vítimas Feridas;Pleno dia;Crescente;Chuva;Simples;"Curva;Declive                 ";Não;2;0;0;1;1;0;1;1;-19,8529461;-43,11198235;SPRF-MG;DEL03-MG;UOP01-DEL03-MG
570091;23/12/2023;sábado;14:00:00;RJ;40;121;DUQUE DE CAXIAS;Acessar a via sem observar a presença dos outros veículos;Atropelamento de Pedestre;Com Vítimas Feridas;Pleno dia;Decrescente;Chuva;Dupla;Curva;Não;2;0;1;0;1;0;1;2;-22,78185499;-43,28571273;SPRF-RJ;DEL01-RJ;UOP02-DEL01-RJ
570092;23/12/2023;sábado;17:00:00;PE;232;8;RECIFE;Ausência de reação do condutor;Colisão traseira;Com Vítimas Feridas;Anoitecer;Decrescente;Céu Claro;Múltipla;Reta;Sim;2;0;0;1;1;0;1;2;-8,07583727;-34,97015791;SPRF-PE;DEL01-PE;UOP01-DEL01-PE
570093;23/12/2023;sábado;15:10:00;PA;316;83;SAO FRANCISCO DO PARA;Condutor deixou de manter distância do veículo da frente;Engavetamento;Com Vítimas Feridas;Pleno dia;Crescente;Nublado;Simples;Reta;Não;5;0;1;0;4;0;1;4;-1,31515397;-47,71640182;SPRF-PA;DEL01-PA;UOP02-DEL01-PA
570096;23/12/2023;sábado;17:30:00;SC;101;286,1;IMBITUBA;Demais falhas mecânicas ou elétricas;Incêndio;Sem Vítimas;Pleno dia;Decrescente;Céu Claro;Dupla;"Reta;Declive                  ";Não;2;0;0;0;2;0;0;1;-28,22947996;-48,70163526;SPRF-SC;DEL02-SC;UOP03-DEL02-SC
570097;23/12/2023;sábado;17:30:00;RJ;101;70;CAMPOS DOS GOYTACAZES;Condutor deixou de manter distância do veículo da frente;Engavetamento;Sem Vítimas;Anoitecer;Decrescente;Chuva;Simples;Reta;Não;3;0;0;0;3;0;0;3;-21,781011;-41,373363;SPRF-RJ;DEL08-RJ;UOP02-DEL08-RJ
570098;23/12/2023;sábado;09:45:00;BA;110;302;INHAMBUPE;Ausência de reação do condutor;Capotamento;Com Vítimas Feridas;Pleno dia;Crescente;Céu Claro;Simples;Reta;Não;5;0;4;0;1;0;4;1;-11,925838;-38,374245;SPRF-BA;DEL01-BA;UOP04-DEL01-BA
570099;23/12/2023;sábado;10:30:00;SC;470;157,7;TROMBUDO CENTRAL;Chuva;Saída de leito carroçável;Com Vítimas Feridas;Pleno dia;Crescente;Chuva;Simples;Curva;Não;3;0;2;0;1;0;2;1;-27,285425;-49,76881;SPRF-SC;DEL04-SC;UOP02-DEL04-SC
570100;23/12/2023;sábado;10:30:00;MG;365;325,2;JOAO PINHEIRO;Condutor deixou de manter distância do veículo da frente;Engavetamento;Com Vítimas Feridas;Pleno dia;Decrescente;Chuva;Simples;Reta;Não;11;0;1;0;10;0;1;3;-18,28289196;-45,91092202;SPRF-MG;DEL10-MG;UOP01-DEL10-MG
570101;23/12/2023;sábado;15:50:00;MG;116;103;ITAOBIM;Ausência de reação do condutor;Saída de leito carroçável;Com Vítimas Feridas;Pleno dia;Decrescente;Nublado;Simples;Curva;Não;1;0;1;0;0;0;1;1;-16,45538699;-41,50106188;SPRF-MG;DEL11-MG;UOP02-DEL11-MG
570102;23/12/2023;sábado;18:40:00;MG;381;503;BETIM;Ausência de reação do condutor;Colisão traseira;Com Vítimas Feridas;Plena Noite;Decrescente;Chuva;Dupla;Reta;Sim;2;0;0;1;0;1;1;2;-20,02754843;-44,23267365;SPRF-MG;DEL01-MG;UOP03-DEL01-MG
570103;23/12/2023;sábado;12:40:00;MG;365;306;JOAO PINHEIRO;Chuva;Saída de leito carroçável;Com Vítimas Feridas;Pleno dia;Decrescente;Chuva;Simples;Reta;Não;3;0;2;0;1;0;2;1;-18,17906961;-45,80321109;SPRF-MG;DEL10-MG;UOP01-DEL10-MG
570104;23/12/2023;sábado;18:00:00;PE;110;235;INAJA;Demais falhas na via;Capotamento;Com Vítimas Feridas;Plena Noite;Crescente;Céu Claro;Simples;Reta;Não;4;0;3;0;1;0;3;1;-8,6809546;-37,85637938;SPRF-BA;DEL07-BA;UOP01-DEL07-BA
570105;23/12/2023;sábado;13:40:00;PA;10;253;AURORA DO PARA;Manobra de mudança de faixa;Colisão traseira;Com Vítimas Fatais;Pleno dia;Decrescente;Sol;Simples;Reta;Não;8;5;0;2;1;0;2;3;-2,22259399;-47,56226424;SPRF-PA;DEL02-PA;UOP01-DEL02-PA
570106;23/12/2023;sábado;17:00:00;RJ;40;31;TRES RIOS;Reação tardia ou ineficiente do condutor;Colisão com objeto;Com Vítimas Feridas;Pleno dia;Crescente;Chuva;Dupla;Curva;Não;4;0;1;0;3;0;1;1;-22,19245612;-43,16023202;SPRF-RJ;DEL05-RJ;UOP02-DEL05-RJ
570107;23/12/2023;sábado;17:00:00;RJ;101;542;PARATY;Chuva;Colisão traseira;Sem Vítimas;Pleno dia;Decrescente;Chuva;Simples;Curva;Não;2;0;0;0;2;0;0;2;-23,04128085;-44,59583503;SPRF-RJ;DEL03-RJ;UOP04-DEL03-RJ
570108;23/12/2023;sábado;16:30:00;MG;365;466;PATROCINIO;Chuva;Saída de leito carroçável;Com Vítimas Feridas;Pleno dia;Crescente;Chuva;Simples;Reta;Não;5;0;2;0;3;0;2;1;-18,90337754;-46,95936631;SPRF-MG;DEL10-MG;UOP01-DEL10-MG
570109;23/12/2023;sábado;18:30:00;MG;50;148;UBERABA;Chuva;Saída de leito carroçável;Com Vítimas Feridas;Plena Noite;Crescente;Chuva;Dupla;Reta;Não;2;0;2;0;0;0;2;1;-19,53778804;-48,03695932;SPRF-MG;DEL13-MG;UOP01-DEL13-MG
570110;23/12/2023;sábado;18:00:00;SP;116;146;SAO JOSE DOS CAMPOS;Ausência de reação do condutor;Colisão com objeto;Sem Vítimas;Plena Noite;Decrescente;Chuva;Dupla;Reta;Não;1;0;0;0;1;0;0;1;-23,19122919;-45,86327591;SPRF-SP;DEL02-SP;UOP01-DEL02-SP