id;data_inversa;dia_semana;horario;uf;br;km;municipio;causa_acidente;tipo_acidente;classificacao_acidente;fase_dia;sentido_via;condicao_metereologica;tipo_pista;tracado_via;uso_solo;pessoas;mortos;feridos_leves;feridos_graves;ilesos;ignorados;feridos;veiculos;latitude;longitude;regional;delegacia;uop
570112;06/11/2023;segunda-feira;07:00:00;RJ;116;145;DUQUE DE CAXIAS;Reação tardia ou ineficiente do condutor;Engavetamento;Com Vítimas Feridas;Pleno dia;Crescente;Céu Claro;Dupla;Reta;Sim;3;0;1;0;2;0;1;3;-22,66978425;-43,27286493;SPRF-RJ;DEL01-RJ;UOP01-DEL01-RJ
570114;23/12/2023;sábado;13:30:00;PR;376;438;TIBAGI;Chuva;Colisão com objeto;Com Vítimas Feridas;Pleno dia;Crescente;Chuva;Dupla;Curva;Não;3;0;1;0;2;0;1;1;-24,84975558;-50,46706404;SPRF-PR;DEL03-PR;UOP02-DEL03-PR
570117;23/12/2023;sábado;14:35:00;PR;163;211;CASCAVEL;Velocidade Incompatível;Saída de leito carroçável;Sem Vítimas;Pleno dia;Crescente;Ignorado;Dupla;Reta;Não;1;0;0;0;0;1;0;1;-24,93469703;-53,5379247;SPRF-PR;DEL05-PR;UOP05-DEL05-PR
570118;23/12/2023;sábado;18:50:00;BA;116;10,8;VITORIA DA CONQUISTA;Acessar a via sem observar a presença dos outros veículos;Colisão transversal;Com Vítimas Feridas;Plena Noite;Crescente;Nublado;Simples;Reta;Não;3;0;1;0;2;0;1;2;-14,867893;-40,871662;SPRF-BA;DEL08-BA;UOP01-DEL08-BA
570120;23/12/2023;sábado;19:20:00;MG;50;72,5;UBERLANDIA;Reação tardia ou ineficiente do condutor;Colisão traseira;Com Vítimas Feridas;Plena Noite;Decrescente;Chuva;Dupla;Reta;Sim;3;0;0;1;1;1;1;3;-18,90418687;-48,23353952;SPRF-MG;DEL15-MG;UOP01-DEL15-MG
570122;23/12/2023;sábado;16:30:00;PR;163;253;TOLEDO;Chuva;Saída de leito carroçável;Com Vítimas Feridas;Pleno dia;Crescente;Chuva;Dupla;Curva;Não;3;0;2;0;1;0;2;1;-24,68980596;-53,759096;SPRF-PR;DEL06-PR;UOP02-DEL06-PR
570123;23/12/2023;sábado;17:30:00;RJ;40;98;DUQUE DE CAXIAS;Chuva;Queda de ocupante de veículo;Com Vítimas Feridas;Pleno dia;Decrescente;Nublado;Simples;"Aclive;Reta                   ";Não;1;0;1;0;0;0;1;1;-22,57773682;-43,27329036;SPRF-RJ;DEL01-RJ;UOP01-DEL01-RJ
570124;23/12/2023;sábado;19:15:00;SC;101;38,5;JOINVILLE;Desrespeitar a preferência no cruzamento;Colisão transversal;Sem Vítimas;Anoitecer;Crescente;Céu Claro;Simples;Rotatória;Sim;2;0;0;0;2;0;0;2;-26,25472505;-48,90561309;SPRF-SC;DEL03-SC;UOP01-DEL03-SC
570125;23/12/2023;sábado;19:25:00;SC;101;150,6;ITAPEMA;Manobra de mudança de faixa;Colisão traseira;Com Vítimas Feridas;Plena Noite;Crescente;Nublado;Dupla;Reta;Sim;3;0;0;2;1;0;2;2;-27,11744799;-48,60940987;SPRF-SC;DEL04-SC;UOP03-DEL04-SC
570126;23/12/2023;sábado;18:20:00;MS;267;21;BATAGUASSU;Transitar no Acostamento;Atropelamento de Pedestre;Com Vítimas Feridas;Anoitecer;Decrescente;Garoa/Chuvisco;Simples;"Reta;Declive                  ";Não;3;0;1;2;0;0;3;2;-21,72693625;-52,34505699;SPRF-MS;DEL02-MS;UOP04-DEL02-MS
570127;23/12/2023;sábado;18:45:00;PI;316;31,6;DEMERVAL LOBAO;Acessar a via sem observar a presença dos outros veículos;Colisão transversal;Com Vítimas Feridas;Plena Noite;Crescente;Céu Claro;Dupla;Reta;Sim;2;0;0;1;0;1;1;2;-5,33958796;-42,69400899;SPRF-PI;DEL01-PI;UOP02-DEL01-PI
570128;23/12/2023;sábado;14:30:00;CE;20;251,7;MADALENA;Desrespeitar a preferência no cruzamento;Colisão transversal;Com Vítimas Fatais;Pleno dia;Crescente;Céu Claro;Simples;Reta;Não;2;1;0;0;1;0;0;2;-4,77192577;-39,49754477;SPRF-CE;DEL02-CE;UOP02-DEL02-CE
570129;23/12/2023;sábado;19:55:00;RS;470;170;VERANOPOLIS;Transitar na contramão;Colisão lateral sentido oposto;Com Vítimas Feridas;Plena Noite;Crescente;Nublado;Simples;Reta;Sim;4;0;3;0;1;0;3;2;-28,87243764;-51,55049156;SPRF-RS;DEL06-RS;UOP02-DEL06-RS
570131;19/09/2023;terça-feira;17:20:00;MG;116;413;GOVERNADOR VALADARES;Acessar a via sem observar a presença dos outros veículos;Colisão transversal;Com Vítimas Feridas;Pleno dia;Crescente;Ignorado;Simples;Retorno Regulamentado;Sim;2;0;0;1;0;1;1;2;-18,88430728;-41,9484327;SPRF-MG;DEL06-MG;UOP01-DEL06-MG
570132;23/12/2023;sábado;19:50:00;RS;116;149;CAXIAS DO SUL;Ausência de reação do condutor;Colisão lateral mesmo sentido;Com Vítimas Feridas;Plena Noite;Crescente;Nublado;Múltipla;Curva;Sim;3;0;2;0;0;1;2;2;-29,1604907;-51,15690351;SPRF-RS;DEL05-RS;UOP01-DEL05-RS
570135;23/12/2023;sábado;17:50:00;PR;369;100,2;CORNELIO PROCOPIO;Ausência de reação do condutor;Capotamento;Com Vítimas Feridas;Pleno dia;Decrescente;Chuva;Dupla;"Curva;Declive                 ";Não;2;0;2;0;0;0;2;1;-23,2429727;-50,71815848;SPRF-PR;DEL07-PR;UOP05-DEL07-PR
570136;23/12/2023;sábado;16:05:00;SC;101;123,7;ITAJAI;Manobra de mudança de faixa;Colisão lateral mesmo sentido;Com Vítimas Feridas;Pleno dia;Crescente;Céu Claro;Dupla;Reta;Não;3;0;1;0;2;0;1;2;-26,93668609;-48,69876905;SPRF-SC;DEL04-SC;UOP04-DEL04-SC
570138;23/12/2023;sábado;19:22:00;PE;232;9;JABOATAO DOS GUARARAPES;Entrada inopinada do pedestre;Atropelamento de Pedestre;Com Vítimas Feridas;Plena Noite;Crescente;Céu Claro;Múltipla;Reta;Sim;2;0;0;1;1;0;1;2;-8,07764447;-34,97863609;SPRF-PE;DEL01-PE;UOP01-DEL01-PE
570139;23/12/2023;sábado;17:50:00;SC;282;244;SAO JOSE DO CERRITO;Condutor Dormindo;Colisão frontal;Com Vítimas Feridas;Pleno dia;Decrescente;Céu Claro;Simples;"Aclive;Curva                  ";Não;2;0;0;2;0;0;2;2;-27,73637705;-50,51967502;SPRF-SC;DEL05-SC;UOP02-DEL05-SC
570140;23/12/2023;sábado;18:30:00;PB;405;8,8;UIRAUNA;Ausência de reação do condutor;Colisão traseira;Sem Vítimas;Plena Noite;Crescente;Céu Claro;Simples;Reta;Sim;2;0;0;0;2;0;0;2;-6,514012;-38,414757;SPRF-PB;DEL03-PB;UOP03-DEL03-PB
570141;23/12/2023;sábado;19:00:00;PR;277;234;FERNANDES PINHEIRO;Reação tardia ou ineficiente do condutor;Saída de leito carroçável;Sem Vítimas;Plena Noite;Decrescente;Céu Claro;Simples;Reta;Não;1;0;0;0;1;0;0;1;-25,46504;-50,57715;SPRF-PR;DEL08-PR;UOP02-DEL08-PR
570142;23/12/2023;sábado;17:00:00;BA;324;583;CANDEIAS;Condutor deixou de manter distância do veículo da frente;Queda de ocupante de veículo;Com Vítimas Feridas;Pleno dia;Decrescente;Céu Claro;Dupla;Reta;Sim;2;0;1;0;1;0;1;1;-12,6141891;-38,48700311;SPRF-BA;DEL01-BA;UOP01-DEL01-BA
570143;23/12/2023;sábado;19:56:00;PE;101;54,5;PAULISTA;Pedestre andava na pista;Atropelamento de Pedestre;Com Vítimas Fatais;Plena Noite;Decrescente;Céu Claro;Múltipla;"Curva;Declive                 ";Sim;2;1;0;0;1;0;0;2;-7,93961103;-34,90356584;SPRF-PE;DEL01-PE;UOP02-DEL01-PE
570146;23/12/2023;sábado;16:20:00;RJ;116;102;GUAPIMIRIM;Demais falhas mecânicas ou elétricas;Incêndio;Sem Vítimas;Pleno dia;Decrescente;Garoa/Chuvisco;Simples;Reta;Não;1;0;0;0;1;0;0;1;-22,49820581;-42,99844401;SPRF-RJ;DEL04-RJ;UOP01-DEL04-RJ
570148;23/12/2023;sábado;19:15:00;PR;369;209,5;APUCARANA;Acessar a via sem observar a presença dos outros veículos;Saída de leito carroçável;Com Vítimas Feridas;Plena Noite;Decrescente;Chuva;Simples;Reta;Sim;4;0;2;0;2;0;2;2;-23,56211;-51,49152;SPRF-PR;DEL07-PR;UOP03-DEL07-PR
570149;09/11/2023;quinta-feira;22:15:00;ES;259;4,5;JOAO NEIVA;Condutor deixou de manter distância do veículo da frente;Colisão traseira;Com Vítimas Feridas;Plena Noite;Crescente;Céu Claro;Simples;Reta;Não;2;0;1;0;1;0;1;2;-19,7130312;-40,3776274;SPRF-ES;DEL02-ES;UOP01-DEL02-ES
570150;23/12/2023;sábado;19:50:00;MG;40;143;JOAO PINHEIRO;Ausência de reação do condutor;Tombamento;Com Vítimas Feridas;Plena Noite;Decrescente;Chuva;Simples;Reta;Sim;1;0;1;0;0;0;1;1;-17,7457975;-46,17842682;SPRF-MG;DEL14-MG;UOP01-DEL14-MG
570152;23/12/2023;sábado;21:00:00;MT;70;7;BARRA DO GARCAS;Acessar a via sem observar a presença dos outros veículos;Colisão transversal;Com Vítimas Feridas;Plena Noite;Decrescente;Céu Claro;Simples;Reta;Sim;5;0;1;0;4;0;1;3;-15,878143;-52,316788;SPRF-MT;DEL07-MT;UOP01-DEL07-MT
570155;23/12/2023;sábado;13:00:00;MG;381;531;ITATIAIUCU;Velocidade Incompatível;Saída de leito carroçável;Com Vítimas Feridas;Pleno dia;Crescente;Chuva;Dupla;Curva;Não;1;0;1;0;0;0;1;1;-20,18182886;-44,37895835;SPRF-MG;DEL04-MG;UOP03-DEL04-MG
570156;23/12/2023;sábado;21:44:00;MG;381;3;BETIM;Velocidade Incompatível;Capotamento;Com Vítimas Feridas;Plena Noite;Crescente;Céu Claro;Dupla;Curva;Sim;1;0;1;0;0;0;1;1;-19,98141539;-44,16400909;SPRF-MG;DEL01-MG;UOP03-DEL01-MG
570157;23/12/2023;sábado;21:10:00;BA;101;715;EUNAPOLIS;Acessar a via sem observar a presença dos outros veículos;Colisão transversal;Com Vítimas Feridas;Plena Noite;Decrescente;Céu Claro;Simples;Reta;Sim;2;0;1;0;1;0;1;2;-16,355165;-39,579428;SPRF-BA;DEL09-BA;UOP01-DEL09-BA
570158;23/12/2023;sábado;19:20:00;MG;116;515,3;UBAPORANGA;Demais falhas mecânicas ou elétricas;Tombamento;Com Vítimas Feridas;Plena Noite;Crescente;Nublado;Simples;Ponte;Não;1;0;0;1;0;0;1;1;-19,69079897;-42,11724758;SPRF-MG;DEL06-MG;UOP02-DEL06-MG
570159;23/12/2023;sábado;19:20:00;RJ;101;482;ANGRA DOS REIS;Acessar a via sem observar a presença dos outros veículos;Colisão transversal;Com Vítimas Feridas;Plena Noite;Decrescente;Chuva;Simples;Interseção de Vias;Sim;2;0;1;0;1;0;1;2;-23,00453;-44,29746;SPRF-RJ;DEL03-RJ;UOP03-DEL03-RJ
570160;23/12/2023;sábado;19:55:00;SP;381;51;ATIBAIA;Entrada inopinada do pedestre;Atropelamento de Pedestre;Com Vítimas Feridas;Plena Noite;Crescente;Céu Claro;Múltipla;"Aclive;Curva                  ";Não;2;0;0;1;1;0;1;2;-23,221911;-46,59644;SPRF-SP;DEL03-SP;UOP01-DEL03-SP
570161;23/12/2023;sábado;20:00:00;BA;242;860;BARREIRAS;Reação tardia ou ineficiente do condutor;Colisão traseira;Com Vítimas Feridas;Plena Noite;Crescente;Céu Claro;Simples;Reta;Não;7;0;1;1;5;0;2;2;-12,09594834;-45,37916805;SPRF-BA;DEL10-BA;UOP01-DEL10-BA
570163;23/12/2023;sábado;20:50:00;MG;116;278,4;TEOFILO OTONI;Acessar a via sem observar a presença dos outros veículos;Colisão transversal;Com Vítimas Feridas;Plena Noite;Decrescente;Garoa/Chuvisco;Simples;"Reta;Interseção de Vias       ";Sim;2;0;1;0;1;0;1;2;-17,86846089;-41,5171394;SPRF-MG;DEL11-MG;UOP01-DEL11-MG
570164;23/12/2023;sábado;21:00:00;GO;40;29;LUZIANIA;Chuva;Saída de leito carroçável;Sem Vítimas;Plena Noite;Crescente;Chuva;Dupla;Reta;Não;1;0;0;0;0;1;0;1;-16,273718;-47,871456;SPRF-DF;DEL01-DF;UOP01-DEL01-DF
570165;23/12/2023;sábado;20:30:00;PR;277;80;CURITIBA;Ausência de reação do condutor;Colisão traseira;Com Vítimas Feridas;Plena Noite;Crescente;Céu Claro;Dupla;Reta;Sim;2;0;2;0;0;0;2;2;-25,47001123;-49,21239853;SPRF-PR;DEL01-PR;UOP07-DEL01-PR
570166;23/12/2023;sábado;22:20:00;SC;101;211,3;PALHOCA;Ausência de reação do condutor;Colisão traseira;Com Vítimas Feridas;Plena Noite;Decrescente;Céu Claro;Simples;"Interseção de Vias;Reta       ";Sim;3;0;3;0;0;0;3;2;-27,62329313;-48,65245588;SPRF-SC;DEL01-SC;UOP02-DEL01-SC
570167;23/12/2023;sábado;22:10:00;RJ;493;23;MAGE;Reação tardia ou ineficiente do condutor;Tombamento;Com Vítimas Feridas;Plena Noite;Crescente;Céu Claro;Simples;Reta;Sim;1;0;1;0;0;0;1;1;-22,65705297;-43,061742;SPRF-RJ;DEL04-RJ;UOP02-DEL04-RJ
570168;23/12/2023;sábado;19:00:00;PI;407;420;PICOS;Pedestre andava na pista;Atropelamento de Pedestre;Com Vítimas Feridas;Plena Noite;Crescente;Céu Claro;Simples;Reta;Sim;2;0;2;0;0;0;2;2;-7,08046946;-41,45903631;SPRF-PI;DEL04-PI;UOP01-DEL04-PI
570169;23/12/2023;sábado;22:05:00;ES;101;245,8;SERRA;Chuva;Colisão com objeto;Com Vítimas Feridas;Plena Noite;Decrescente;Chuva;Múltipla;"Reta;Declive                  ";Não;1;0;1;0;0;0;1;1;-20,05454495;-40,38189997;SPRF-ES;DEL02-ES;UOP01-DEL02-ES
570170;23/12/2023;sábado;22:10:00;ES;101;247;SERRA;Pista Escorregadia;Saída de leito carroçável;Com Vítimas Feridas;Pleno dia;Decrescente;Chuva;Simples;Reta;Não;1;0;1;0;0;0;1;1;-20,06746339;-40,37085006;SPRF-ES;DEL02-ES;UOP01-DEL02-ES
570171;23/12/2023;sábado;21:10:00;PR;369;372,7;MAMBORE;Acessar a via sem observar a presença dos outros veículos;Colisão transversal;Com Vítimas Feridas;Plena Noite;Decrescente;Nublado;Simples;Reta;Não;6;0;1;2;3;0;3;2;-24,2783;-52,52623;SPRF-PR;DEL09-PR;UOP03-DEL09-PR
570172;23/12/2023;sábado;20:45:00;PR;376;188;MARIALVA;Ingestão de álcool pelo condutor;Saída de leito carroçável;Com Vítimas Feridas;Plena Noite;Crescente;Céu Claro;Dupla;Reta;Não;1;0;1;0;0;0;1;1;-23,46634923;-51,82808011;SPRF-PR;DEL09-PR;UOP01-DEL09-PR
570173;23/12/2023;sábado;20:00:00;RJ;40;53;PETROPOLIS;Chuva;Colisão com objeto;Com Vítimas Feridas;Plena Noite;Decrescente;Chuva;Dupla;"Aclive;Curva                  ";Não;3;0;0;1;0;2;1;3;-22,34399896;-43,13243691;SPRF-RJ;DEL05-RJ;UOP02-DEL05-RJ
570174;23/12/2023;sábado;20:00:00;RN;101;41,5;MAXARANGUAPE;Animais na Pista;Colisão traseira;Sem Vítimas;Plena Noite;Crescente;Nublado;Simples;"Interseção de Vias;Reta       ";Não;2;0;0;0;1;1;0;2;-5,458785;-35,335922;SPRF-RN;DEL02-RN;UOP01-DEL02-RN
570175;23/12/2023;sábado;21:15:00;GO;60;37,5;GOIANIA;Reação tardia ou ineficiente do condutor;Colisão traseira;Sem Vítimas;Plena Noite;Crescente;Céu Claro;Dupla;Reta;Sim;2;0;0;0;2;0;0;2;-16,6777;-49,2676;SPRF-GO;DEL01-GO;UOP02-DEL01-GO
570176;23/12/2023;sábado;20:30:00;PI;343;346,8;TERESINA;Ausência de reação do condutor;Colisão traseira;Com Vítimas Feridas;Plena Noite;Decrescente;Céu Claro;Simples;"Reta;Declive                  ";Sim;2;0;0;1;1;0;1;2;-5,11391976;-42,77634144;SPRF-PI;DEL01-PI;UOP01-DEL01-PI
570178;23/12/2023;sábado;22:20:00;SC;280;30;ARAQUARI;Ingestão de álcool pelo condutor;Colisão frontal;Sem Vítimas;Plena Noite;Decrescente;Nublado;Simples;Reta;Sim;2;0;0;0;2;0;0;2;-26,4141523;-48,76209493;SPRF-SC;DEL03-SC;UOP03-DEL03-SC
570179;23/12/2023;sábado;21:22:00;PR;277;497,3;GUARANIACU;Ingestão de álcool pelo condutor;Colisão traseira;Com Vítimas Feridas;Plena Noite;Crescente;Céu Claro;Simples;Reta;Não;9;0;3;0;6;0;3;3;-25,18600354;-52,66295324;SPRF-PR;DEL04-PR;UOP04-DEL04-PR
570180;23/12/2023;sábado;18:46:00;MA;316;72;GOVERNADOR NUNES FREIRE;Ausência de reação do condutor;Tombamento;Com Vítimas Fatais;Plena Noite;Crescente;Céu Claro;Simples;Reta;Não;2;1;0;0;0;1;0;2;-2,173095;-45,875149;SPRF-MA;DEL02-MA;UOP02-DEL02-MA
570181;23/12/2023;sábado;21:35:00;RS;158;86,4;BOA VISTA DAS MISSOES;Ausência de reação do condutor;Colisão lateral sentido oposto;Sem Vítimas;Plena Noite;Decrescente;Garoa/Chuvisco;Simples;"Aclive;Reta                   ";Não;2;0;0;0;0;2;0;2;-27,745707;-53,221466;SPRF-RS;DEL08-RS;UOP02-DEL08-RS
570182;23/12/2023;sábado;22:30:00;RJ;493;91;DUQUE DE CAXIAS;Reação tardia ou ineficiente do condutor;Saída de leito carroçável;Com Vítimas Feridas;Plena Noite;Crescente;Chuva;Dupla;Reta;Não;2;0;1;0;1;0;1;1;-22,672089;-43,285053;SPRF-RJ;DEL01-RJ;UOP03-DEL01-RJ
570183;23/12/2023;sábado;22:45:00;PR;376;3;SAO JOSE DOS PINHAIS;Ingestão de álcool pelo condutor;Engavetamento;Sem Vítimas;Plena Noite;Crescente;Céu Claro;Dupla;"Reta;Interseção de Vias       ";Sim;3;0;0;0;3;0;0;3;-25,5307;-49,1958;SPRF-PR;DEL01-PR;UOP04-DEL01-PR
570185;23/12/2023;sábado;21:10:00;MG;116;762;LEOPOLDINA;Ultrapassagem Indevida;Colisão traseira;Sem Vítimas;Plena Noite;Crescente;Chuva;Simples;Reta;Sim;3;0;0;0;3;0;0;2;-21,52887723;-42,62360898;SPRF-MG;DEL07-MG;UOP01-DEL07-MG
570186;23/12/2023;sábado;23:20:00;SP;116;85,9;PINDAMONHANGABA;Ausência de reação do condutor;Queda de ocupante de veículo;Com Vítimas Feridas;Plena Noite;Decrescente;Céu Claro;Dupla;Reta;Não;1;0;1;0;0;0;1;1;-22,92211829;-45,34450085;SPRF-SP;DEL08-SP;UOP01-DEL08-SP
570187;23/12/2023;sábado;20:46:00;AL;316;85,5;SANTANA DO IPANEMA;Desrespeitar a preferência no cruzamento;Colisão transversal;Com Vítimas Feridas;Plena Noite;Crescente;Céu Claro;Simples;"Rotatória;Reta                ";Sim;3;0;0;1;2;0;1;2;-9,36982836;-37,24347904;SPRF-AL;DEL03-AL;UOP02-DEL03-AL
570188;23/12/2023;sábado;21:00:00;GO;153;55;PORANGATU;Animais na Pista;Atropelamento de Animal;Com Vítimas Feridas;Plena Noite;Decrescente;Nublado;Simples;Declive;Não;2;0;1;0;1;0;1;1;-13,293171;-49,123833;SPRF-GO;DEL07-GO;UOP01-DEL07-GO
570189;23/12/2023;sábado;22:20:00;PI;316;61;MONSENHOR GIL;Acessar a via sem observar a presença dos outros veículos;Colisão transversal;Com Vítimas Feridas;Plena Noite;Decrescente;Céu Claro;Simples;Curva;Não;2;0;0;1;1;0;1;2;-5,58402402;-42,61489907;SPRF-PI;DEL01-PI;UOP02-DEL01-PI
570191;23/12/2023;sábado;19:30:00;MG;116;374,9;FREI INOCENCIO;Transitar na contramão;Colisão frontal;Com Vítimas Feridas;Plena Noite;Decrescente;Chuva;Simples;"Reta;Ponte                    ";Sim;2;0;0;1;0;1;1;2;-18,57167276;-41,91082732;SPRF-MG;DEL06-MG;UOP01-DEL06-MG
570192;23/12/2023;sábado;21:30:00;MG;116;793,8;ALEM PARAIBA;Reação tardia ou ineficiente do condutor;Saída de leito carroçável;Com Vítimas Feridas;Plena Noite;Crescente;Nublado;Simples;Reta;Não;1;0;1;0;0;0;1;1;-21,70195806;-42,72965349;SPRF-MG;DEL07-MG;UOP01-DEL07-MG
570193;23/12/2023;sábado;23:50:00;PR;277;592,2;CASCAVEL;Reação tardia ou ineficiente do condutor;Tombamento;Com Vítimas Feridas;Plena Noite;Crescente;Nublado;Simples;Curva;Sim;1;0;0;1;0;0;1;1;-24,98193805;-53,47478989;SPRF-PR;DEL04-PR;UOP01-DEL04-PR
570194;24/12/2023;domingo;00:40:00;PR;277;729;FOZ DO IGUACU;Transitar na contramão;Colisão frontal;Com Vítimas Feridas;Plena Noite;Decrescente;Céu Claro;Dupla;Reta;Não;4;0;2;1;1;0;3;2;-25,50615435;-54,58947659;SPRF-PR;DEL05-PR;UOP03-DEL05-PR
570195;23/12/2023;sábado;23:35:00;GO;153;317,5;RIANAPOLIS;Acessar a via sem observar a presença dos outros veículos;Colisão traseira;Com Vítimas Feridas;Plena Noite;Crescente;Chuva;Dupla;Reta;Sim;4;0;1;0;3;0;1;2;-15,421203;-49,518402;SPRF-GO;DEL02-GO;UOP02-DEL02-GO
570196;23/12/2023;sábado;20:00:00;MA;10;91;ESTREITO;Transitar na contramão;Colisão frontal;Com Vítimas Fatais;Plena Noite;Decrescente;Céu Claro;Simples;"Curva;Declive                 ";Não;2;1;0;0;1;0;0;2;-6,867741;-47,472687;SPRF-MA;DEL04-MA;UOP02-DEL04-MA
570198;24/12/2023;domingo;01:10:00;SC;282;3,4;FLORIANOPOLIS;Ausência de reação do condutor;Colisão traseira;Com Vítimas Feridas;Plena Noite;Decrescente;Céu Claro;Múltipla;Reta;Sim;5;0;3;0;2;0;3;2;-27,600384;-48,599705;SPRF-SC;DEL01-SC;UOP01-DEL01-SC
570199;24/12/2023;domingo;00:30:00;RJ;101;514;ANGRA DOS REIS;Velocidade Incompatível;Colisão com objeto;Com Vítimas Feridas;Plena Noite;Crescente;Chuva;Dupla;Curva;Não;1;0;1;0;0;0;1;1;-22,97997014;-44,44098498;SPRF-RJ;DEL03-RJ;UOP03-DEL03-RJ
570200;23/12/2023;sábado;23:46:00;PE;408;20,6;TIMBAUBA;Ultrapassagem Indevida;Colisão frontal;Com Vítimas Feridas;Plena Noite;Decrescente;Céu Claro;Simples;Aclive;Não;2;0;0;1;1;0;1;2;-7,52257159;-35,29948406;SPRF-PE;DEL01-PE;UOP02-DEL01-PE
570203;24/12/2023;domingo;01:20:00;SP;381;32;ATIBAIA;Reação tardia ou ineficiente do condutor;Colisão com objeto;Sem Vítimas;Plena Noite;Decrescente;Céu Claro;Dupla;Reta;Não;1;0;0;0;1;0;0;1;-23,063857;-46,570435;SPRF-SP;DEL03-SP;UOP02-DEL03-SP
570204;24/12/2023;domingo;01:35:00;PR;116;208,2;RIO NEGRO;Reação tardia ou ineficiente do condutor;Colisão traseira;Sem Vítimas;Plena Noite;Decrescente;Céu Claro;Simples;Reta;Sim;4;0;0;0;4;0;0;2;-26,07336494;-49,74365505;SPRF-SC;DEL06-SC;UOP01-DEL06-SC
570205;24/12/2023;domingo;01:00:00;GO;60;382;RIO VERDE;Ingestão de álcool pelo condutor;Colisão com objeto;Sem Vítimas;Plena Noite;Decrescente;Chuva;Dupla;Reta;Sim;1;0;0;0;0;1;0;1;-17,780643;-50,895114;SPRF-GO;DEL04-GO;UOP02-DEL04-GO
570206;24/12/2023;domingo;01:50:00;SP;153;64;SAO JOSE DO RIO PRETO;Velocidade Incompatível;Saída de leito carroçável;Com Vítimas Feridas;Plena Noite;Crescente;Céu Claro;Simples;Curva;Sim;1;0;1;0;0;0;1;1;-20,82919401;-49,36046325;SPRF-SP;DEL09-SP;UOP01-DEL09-SP
570208;24/12/2023;domingo;02:15:00;SP;116;211;GUARULHOS;Ausência de reação do condutor;Colisão traseira;Com Vítimas Feridas;Plena Noite;Decrescente;Céu Claro;Dupla;Reta;Sim;2;0;1;0;1;0;1;2;-23,4324306;-46,4194352;SPRF-SP;DEL01-SP;UOP01-DEL01-SP
570209;24/12/2023;domingo;01:00:00;PE;232;335,4;CUSTODIA;Manobra de mudança de faixa;Colisão com objeto;Com Vítimas Fatais;Plena Noite;Crescente;Ignorado;Simples;Reta;Sim;1;1;0;0;0;0;0;1;-8,0843408;-37,64570494;SPRF-PE;DEL04-PE;UOP02-DEL04-PE
570210;23/12/2023;sábado;19:40:00;ES;101;66;SAO MATEUS;Condutor desrespeitou a iluminação vermelha do semáforo;Colisão transversal;Com Vítimas Feridas;Plena Noite;Crescente;Chuva;Simples;"Interseção de Vias;Reta       ";Sim;2;0;1;0;1;0;1;2;-18,7165195;-39,87436378;SPRF-ES;DEL04-ES;UOP02-DEL04-ES
570211;24/12/2023;domingo;01:15:00;RR;401;15;BOA VISTA;Ausência de reação do condutor;Queda de ocupante de veículo;Com Vítimas Feridas;Plena Noite;Crescente;Céu Claro;Simples;Reta;Sim;1;0;0;1;0;0;1;1;2,84073231;-60,57928934;SPRF-RR;DEL01-RR;UOP01-DEL01-RR
570212;23/12/2023;sábado;18:15:00;ES;101;70;SAO MATEUS;Acessar a via sem observar a presença dos outros veículos;Colisão transversal;Com Vítimas Feridas;Plena Noite;Crescente;Nublado;Simples;"Interseção de Vias;Reta       ";Sim;4;0;2;0;2;0;2;3;-18,74453703;-39,86164665;SPRF-ES;DEL04-ES;UOP02-DEL04-ES
570214;24/12/2023;domingo;02:10:00;MG;50;178;UBERABA;Ingestão de álcool pelo condutor;Saída de leito carroçável;Sem Vítimas;Plena Noite;Decrescente;Garoa/Chuvisco;Dupla;Reta;Sim;1;0;0;0;1;0;0;1;-19,77896821;-47,94093599;SPRF-MG;DEL13-MG;UOP01-DEL13-MG
570215;24/12/2023;domingo;01:25:00;PR;376;325;ORTIGUEIRA;Condutor Dormindo;Saída de leito carroçável;Com Vítimas Feridas;Plena Noite;Decrescente;Céu Claro;Simples;Curva;Não;2;0;1;0;1;0;1;1;-24,08870932;-51,05177324;SPRF-PR;DEL07-PR;UOP02-DEL07-PR
570216;24/12/2023;domingo;02:00:00;GO;60;97;ANAPOLIS;Ingestão de álcool pelo condutor;Saída de leito carroçável;Com Vítimas Feridas;Plena Noite;Crescente;Garoa/Chuvisco;Simples;Reta;Sim;1;0;1;0;0;0;1;1;-16,3774;-48,9483;SPRF-GO;DEL02-GO;UOP01-DEL02-GO
570217;24/12/2023;domingo;00:30:00;MS;163;330,9;RIO BRILHANTE;Demais falhas mecânicas ou elétricas;Tombamento;Com Vítimas Feridas;Plena Noite;Decrescente;Céu Claro;Simples;Reta;Não;2;0;2;0;0;0;2;1;-21,72527713;-54,50959564;SPRF-MS;DEL02-MS;UOP02-DEL02-MS
570218;24/12/2023;domingo;03:00:00;BA;418;75;NOVA VICOSA;Velocidade Incompatível;Colisão traseira;Com Vítimas Fatais;Plena Noite;Crescente;Céu Claro;Simples;Reta;Não;3;1;0;1;1;0;1;2;-17,84590546;-39,71127176;SPRF-BA;DEL09-BA;UOP02-DEL09-BA
570219;24/12/2023;domingo;04:07:00;RN;304;24;MOSSORO;Velocidade Incompatível;Capotamento;Com Vítimas Feridas;Plena Noite;Crescente;Céu Claro;Simples;Rotatória;Não;1;0;1;0;0;0;1;1;-5,06488233;-37,33287055;SPRF-RN;DEL04-RN;UOP02-DEL04-RN