id;data_inversa;dia_semana;horario;uf;br;km;municipio;causa_acidente;tipo_acidente;classificacao_acidente;fase_dia;sentido_via;condicao_metereologica;tipo_pista;tracado_via;uso_solo;pessoas;mortos;feridos_leves;feridos_graves;ilesos;ignorados;feridos;veiculos;latitude;longitude;regional;delegacia;uop
570220;24/12/2023;domingo;00:50:00;PE;408;57;TRACUNHAEM;Animais na Pista;Atropelamento de Pedestre;Com Vítimas Fatais;Plena Noite;Decrescente;Céu Claro;Simples;Reta;Não;1;1;0;0;0;0;0;1;-7,81426694;-35,24460015;SPRF-PE;DEL01-PE;UOP01-DEL01-PE
570222;24/12/2023;domingo;03:00:00;SC;101;321,5;PESCARIA BRAVA;Condutor Dormindo;Colisão com objeto;Com Vítimas Feridas;Plena Noite;Crescente;Céu Claro;Dupla;Reta;Não;1;0;1;0;0;0;1;1;-28,42532339;-48,8919091;SPRF-SC;DEL02-SC;UOP01-DEL02-SC
570223;23/12/2023;sábado;21:30:00;PI;20;346,6;SANTO ANTONIO DE LISBOA;Transitar na contramão;Colisão frontal;Com Vítimas Feridas;Plena Noite;Crescente;Céu Claro;Simples;"Aclive;Reta                   ";Não;2;0;0;1;1;0;1;2;-6,9249953;-41,14217567;SPRF-PI;DEL04-PI;UOP01-DEL04-PI
570224;24/12/2023;domingo;03:50:00;SP;116;385,9;MIRACATU;Ingestão de álcool pelo condutor;Saída de leito carroçável;Com Vítimas Feridas;Plena Noite;Decrescente;Nublado;Dupla;Reta;Não;1;0;1;0;0;0;1;1;-24,26684079;-47,3915863;SPRF-SP;DEL04-SP;UOP02-DEL04-SP
570225;24/12/2023;domingo;04:00:00;MG;381;923;CAMANDUCAIA;Ausência de reação do condutor;Saída de leito carroçável;Sem Vítimas;Plena Noite;Crescente;Nublado;Dupla;Curva;Não;3;0;0;0;3;0;0;1;-22,7671484;-46,22667493;SPRF-MG;DEL16-MG;UOP03-DEL16-MG
570226;24/12/2023;domingo;00:30:00;RS;285;62,2;BOM JESUS;Ausência de reação do condutor;Saída de leito carroçável;Com Vítimas Feridas;Plena Noite;Decrescente;Céu Claro;Simples;Reta;Sim;1;0;0;1;0;0;1;1;-28,653477;-50,435547;SPRF-RS;DEL05-RS;UOP03-DEL05-RS
570227;24/12/2023;domingo;04:30:00;GO;40;8;VALPARAISO DE GOIAS;Condutor Dormindo;Colisão com objeto;Com Vítimas Feridas;Amanhecer;Decrescente;Garoa/Chuvisco;Dupla;Reta;Sim;1;0;0;1;0;0;1;1;-16,116158;-47,96761;SPRF-DF;DEL01-DF;UOP01-DEL01-DF
570228;24/12/2023;domingo;04:00:00;RJ;116;171;RIO DE JANEIRO;Acesso irregular;Colisão traseira;Sem Vítimas;Plena Noite;Decrescente;Céu Claro;Múltipla;Reta;Não;2;0;0;0;2;0;0;2;-22,8060415;-43,34289573;SPRF-RJ;DEL06-RJ;UOP01-DEL06-RJ
570229;24/12/2023;domingo;01:30:00;RJ;493;11,4;GUAPIMIRIM;Mal súbito do condutor;Saída de leito carroçável;Com Vítimas Feridas;Amanhecer;Crescente;Nublado;Simples;Reta;Sim;3;0;3;0;0;0;3;1;-22,68668536;-42,95909846;SPRF-RJ;DEL04-RJ;UOP02-DEL04-RJ
570230;24/12/2023;domingo;05:00:00;RS;290;82;PORTO ALEGRE;Manobra de mudança de faixa;Colisão lateral mesmo sentido;Sem Vítimas;Pleno dia;Decrescente;Céu Claro;Múltipla;Reta;Sim;2;0;0;0;2;0;0;2;-29,955839;-51,079105;SPRF-RS;DEL01-RS;UOP01-DEL01-RS
570231;24/12/2023;domingo;04:20:00;GO;40;7;VALPARAISO DE GOIAS;Ausência de reação do condutor;Colisão com objeto;Sem Vítimas;Amanhecer;Decrescente;Garoa/Chuvisco;Dupla;Reta;Sim;1;0;0;0;1;0;0;1;-16,108482;-47,972524;SPRF-DF;DEL01-DF;UOP01-DEL01-DF
570233;24/12/2023;domingo;04:15:00;RS;386;221;SOLEDADE;Condutor Dormindo;Colisão frontal;Com Vítimas Feridas;Plena Noite;Crescente;Céu Claro;Simples;Curva;Não;4;0;3;0;1;0;3;2;-28,627148;-52,613129;SPRF-RS;DEL04-RS;UOP03-DEL04-RS
570235;24/12/2023;domingo;05:30:00;ES;101;277,5;SERRA;Velocidade Incompatível;Saída de leito carroçável;Com Vítimas Fatais;Amanhecer;Decrescente;Nublado;Múltipla;Curva;Não;7;3;0;4;0;0;4;1;-20,21307738;-40,32125972;SPRF-ES;DEL02-ES;UOP01-DEL02-ES
570236;24/12/2023;domingo;04:30:00;SC;470;95;APIUNA;Condutor Dormindo;Colisão frontal;Com Vítimas Feridas;Amanhecer;Decrescente;Céu Claro;Simples;Curva;Não;4;0;1;0;3;0;1;2;-27,011988;-49,372101;SPRF-SC;DEL04-SC;UOP01-DEL04-SC
570237;24/12/2023;domingo;04:20:00;MG;116;526;CARATINGA;Velocidade Incompatível;Colisão com objeto;Sem Vítimas;Amanhecer;Decrescente;Nublado;Dupla;Curva;Sim;1;0;0;0;0;1;0;1;-19,77654011;-42,13327989;SPRF-MG;DEL06-MG;UOP02-DEL06-MG
570238;24/12/2023;domingo;04:15:00;RJ;101;590;PARATY;Chuva;Capotamento;Com Vítimas Feridas;Amanhecer;Crescente;Chuva;Simples;Curva;Não;1;0;0;1;0;0;1;1;-23,30840813;-44,70725998;SPRF-RJ;DEL03-RJ;UOP04-DEL03-RJ
570239;24/12/2023;domingo;05:00:00;RS;386;220,8;TIO HUGO;Condutor deixou de manter distância do veículo da frente;Colisão traseira;Com Vítimas Feridas;Pleno dia;Crescente;Céu Claro;Simples;Reta;Não;8;0;3;0;5;0;3;3;-28,618174;-52,612541;SPRF-RS;DEL04-RS;UOP03-DEL04-RS
570242;23/12/2023;sábado;12:30:00;PI;343;217;CAPITAO DE CAMPOS;Animais na Pista;Atropelamento de Animal;Com Vítimas Feridas;Plena Noite;Decrescente;Céu Claro;Simples;Reta;Não;1;0;1;0;0;0;1;1;-4,487641;-41,952755;SPRF-PI;DEL01-PI;UOP03-DEL01-PI
570243;24/12/2023;domingo;06:00:00;SC;101;215,6;PALHOCA;Reação tardia ou ineficiente do condutor;Colisão com objeto;Com Vítimas Feridas;Pleno dia;Crescente;Céu Claro;Dupla;Curva;Sim;1;0;1;0;0;0;1;1;-27,65184843;-48,67604941;SPRF-SC;DEL01-SC;UOP02-DEL01-SC
570244;24/12/2023;domingo;04:30:00;PR;116;149,2;MANDIRITUBA;Ausência de reação do condutor;Colisão traseira;Sem Vítimas;Amanhecer;Crescente;Nevoeiro/Neblina;Simples;"Reta;Declive                  ";Não;2;0;0;0;0;2;0;2;-25,837443;-49,341657;SPRF-PR;DEL01-PR;UOP03-DEL01-PR
570245;24/12/2023;domingo;05:00:00;PR;272;526;FRANCISCO ALVES;Demais falhas mecânicas ou elétricas;Incêndio;Sem Vítimas;Amanhecer;Crescente;Céu Claro;Simples;"Interseção de Vias;Reta       ";Não;1;0;0;0;1;0;0;1;-24,06279948;-53,8339041;SPRF-PR;DEL06-PR;UOP01-DEL06-PR
570246;24/12/2023;domingo;01:10:00;SE;235;68,4;FREI PAULO;Animais na Pista;Atropelamento de Animal;Com Vítimas Feridas;Plena Noite;Decrescente;Nublado;Simples;"Reta;Declive                  ";Não;1;0;1;0;0;0;1;1;-10,56703776;-37,51026392;SPRF-SE;DEL01-SE;UOP02-DEL01-SE
570249;23/12/2023;sábado;23:30:00;MT;163;796,7;VERA;Acumulo de água sobre o pavimento;Saída de leito carroçável;Sem Vítimas;Plena Noite;Decrescente;Chuva;Simples;Reta;Não;1;0;0;0;0;1;0;1;-12,32082282;-55,58270237;SPRF-MT;DEL06-MT;UOP01-DEL06-MT
570251;24/12/2023;domingo;05:30:00;SC;480;129,8;CHAPECO;Ausência de reação do condutor;Saída de leito carroçável;Com Vítimas Feridas;Amanhecer;Crescente;Céu Claro;Múltipla;Curva;Sim;2;0;1;0;1;0;1;1;-27,053968;-52,636684;SPRF-SC;DEL07-SC;UOP01-DEL07-SC
570252;24/12/2023;domingo;03:40:00;GO;60;42,6;ALEXANIA;Transitar na contramão;Colisão frontal;Com Vítimas Feridas;Plena Noite;Crescente;Chuva;Dupla;"Aclive;Reta                   ";Não;9;0;7;2;0;0;9;2;-16,11;-48,5835;SPRF-DF;DEL03-DF;UOP01-DEL03-DF
570253;23/12/2023;sábado;23:30:00;MG;365;399,6;PATOS DE MINAS;Acumulo de água sobre o pavimento;Saída de leito carroçável;Com Vítimas Feridas;Plena Noite;Decrescente;Chuva;Simples;Reta;Não;2;0;2;0;0;0;2;1;-18,63130925;-46,41738594;SPRF-MG;DEL10-MG;UOP01-DEL10-MG
570255;24/12/2023;domingo;06:40:00;SP;116;285;ITAPECERICA DA SERRA;Reação tardia ou ineficiente do condutor;Queda de ocupante de veículo;Com Vítimas Feridas;Pleno dia;Decrescente;Céu Claro;Dupla;Curva;Sim;1;0;1;0;0;0;1;1;-23,70407794;-46,87249709;SPRF-SP;DEL04-SP;UOP01-DEL04-SP
570256;23/12/2023;sábado;23:30:00;MA;135;175;SAO MATEUS DO MARANHAO;Animais na Pista;Atropelamento de Animal;Com Vítimas Feridas;Plena Noite;Crescente;Céu Claro;Simples;Reta;Sim;2;0;1;1;0;0;2;1;-3,97634412;-44,47441039;SPRF-MA;DEL03-MA;UOP01-DEL03-MA
570257;24/12/2023;domingo;07:00:00;MG;40;520;CONTAGEM;Demais falhas mecânicas ou elétricas;Queda de ocupante de veículo;Com Vítimas Feridas;Pleno dia;Crescente;Nublado;Dupla;Reta;Não;2;0;1;1;0;0;2;1;-19,85651501;-44,07213222;SPRF-MG;DEL01-MG;UOP02-DEL01-MG
570259;24/12/2023;domingo;07:00:00;RJ;116;174;SAO JOAO DE MERITI;Condutor deixou de manter distância do veículo da frente;Queda de ocupante de veículo;Com Vítimas Feridas;Pleno dia;Decrescente;Céu Claro;Múltipla;Reta;Sim;1;0;1;0;0;0;1;1;-22,79423806;-43,36403759;SPRF-RJ;DEL06-RJ;UOP01-DEL06-RJ
570260;24/12/2023;domingo;07:30:00;RS;386;417;MONTENEGRO;Velocidade Incompatível;Tombamento;Com Vítimas Feridas;Pleno dia;Crescente;Sol;Simples;"Curva;Rotatória;Retorno Regula";Não;1;0;1;0;0;0;1;1;-29,818958;-51,452934;SPRF-RS;DEL04-RS;UOP02-DEL04-RS
570261;24/12/2023;domingo;07:00:00;RS;116;619,8;ARROIO GRANDE;Ingestão de álcool pelo condutor;Saída de leito carroçável;Com Vítimas Feridas;Pleno dia;Crescente;Céu Claro;Simples;Reta;Não;3;0;1;0;2;0;1;1;-32,30915513;-53,13149783;SPRF-RS;DEL07-RS;UOP03-DEL07-RS
570264;24/12/2023;domingo;06:40:00;RO;364;491,8;ARIQUEMES;Acumulo de água sobre o pavimento;Tombamento;Com Vítimas Feridas;Pleno dia;Crescente;Chuva;Simples;Reta;Não;1;0;1;0;0;0;1;1;-10,09972089;-62,95458394;SPRF-RO;DEL03-RO;UOP01-DEL03-RO
570266;24/12/2023;domingo;08:00:00;SC;282;2;FLORIANOPOLIS;Demais falhas mecânicas ou elétricas;Tombamento;Com Vítimas Feridas;Pleno dia;Decrescente;Sol;Múltipla;Reta;Sim;2;0;2;0;0;0;2;1;-27,603289;-48,590416;SPRF-SC;DEL01-SC;UOP01-DEL01-SC
570267;24/12/2023;domingo;08:00:00;RS;116;522,1;PELOTAS;Ingestão de álcool pelo condutor;Colisão com objeto;Sem Vítimas;Pleno dia;Crescente;Sol;Dupla;Reta;Não;1;0;0;0;1;0;0;1;-31,714441;-52,374715;SPRF-RS;DEL07-RS;UOP01-DEL07-RS
570268;24/12/2023;domingo;06:50:00;RS;386;250,2;SOLEDADE;Condutor Dormindo;Colisão com objeto;Com Vítimas Feridas;Pleno dia;Decrescente;Nublado;Simples;Reta;Não;2;0;2;0;0;0;2;1;-28,826591;-52,46851;SPRF-RS;DEL04-RS;UOP03-DEL04-RS
570269;24/12/2023;domingo;06:30:00;MS;163;96;ITAQUIRAI;Condutor Dormindo;Tombamento;Com Vítimas Feridas;Pleno dia;Crescente;Céu Claro;Simples;Reta;Não;1;0;1;0;0;0;1;1;-23,31646005;-54,22059639;SPRF-MS;DEL09-MS;UOP01-DEL09-MS
570271;24/12/2023;domingo;03:00:00;MA;226;299,4;BARRA DO CORDA;Acessar a via sem observar a presença dos outros veículos;Colisão transversal;Com Vítimas Feridas;Plena Noite;Decrescente;Ignorado;Simples;"Interseção de Vias;Reta       ";Sim;3;0;0;2;0;1;2;2;-5,49791235;-45,24263176;SPRF-MA;DEL03-MA;UOP03-DEL03-MA
570272;24/12/2023;domingo;08:10:00;MG;381;855;POUSO ALEGRE;Ingestão de álcool pelo condutor;Saída de leito carroçável;Sem Vítimas;Pleno dia;Crescente;Céu Claro;Dupla;Reta;Não;1;0;0;0;1;0;0;1;-22,32218405;-45,90735795;SPRF-MG;DEL16-MG;UOP01-DEL16-MG
570273;24/12/2023;domingo;08:20:00;RS;116;249;SAO LEOPOLDO;Avarias e/ou desgaste excessivo no pneu;Capotamento;Com Vítimas Feridas;Pleno dia;Decrescente;Céu Claro;Dupla;Curva;Sim;1;0;1;0;0;0;1;1;-29,7831804;-51,16099063;SPRF-RS;DEL01-RS;UOP02-DEL01-RS
570274;16/12/2023;sábado;20:00:00;PR;476;104;BOCAIUVA DO SUL;Entrada inopinada do pedestre;Atropelamento de Pedestre;Com Vítimas Feridas;Plena Noite;Decrescente;Céu Claro;Simples;"Reta;Declive                  ";Sim;2;0;2;0;0;0;2;2;-25,271278;-49,140888;SPRF-PR;DEL01-PR;UOP01-DEL01-PR
570276;24/12/2023;domingo;08:10:00;SC;101;145;ITAPEMA;Reação tardia ou ineficiente do condutor;Colisão com objeto;Com Vítimas Feridas;Pleno dia;Decrescente;Céu Claro;Dupla;Reta;Não;1;0;1;0;0;0;1;1;-27,08139206;-48,60130993;SPRF-SC;DEL04-SC;UOP03-DEL04-SC
570277;24/12/2023;domingo;08:48:00;BA;101;535;SAO JOSE DA VITORIA;Curva acentuada;Colisão transversal;Com Vítimas Fatais;Pleno dia;Crescente;Chuva;Simples;Curva;Não;5;4;0;0;1;0;0;2;-15,15775202;-39,41074199;SPRF-BA;DEL05-BA;UOP01-DEL05-BA
570278;22/11/2023;quarta-feira;13:00:00;PR;476;222;LAPA;Reação tardia ou ineficiente do condutor;Colisão frontal;Com Vítimas Feridas;Pleno dia;Crescente;Chuva;Simples;Reta;Não;4;0;3;1;0;0;4;2;-25,83713;-49,927334;SPRF-PR;DEL01-PR;UOP06-DEL01-PR
570279;24/12/2023;domingo;09:00:00;RJ;40;45;PETROPOLIS;Condutor deixou de manter distância do veículo da frente;Colisão traseira;Com Vítimas Feridas;Pleno dia;Decrescente;Nublado;Dupla;Reta;Sim;4;0;2;0;2;0;2;2;-22,27821816;-43,11580971;SPRF-RJ;DEL05-RJ;UOP02-DEL05-RJ
570280;24/12/2023;domingo;08:32:00;PE;101;69;RECIFE;Acessar a via sem observar a presença dos outros veículos;Colisão transversal;Com Vítimas Feridas;Pleno dia;Decrescente;Céu Claro;Simples;Reta;Sim;2;0;1;0;1;0;1;2;-8,05951606;-34,94581024;SPRF-PE;DEL01-PE;UOP01-DEL01-PE
570281;23/12/2023;sábado;08:00:00;PA;316;65;CASTANHAL;Reação tardia ou ineficiente do condutor;Colisão transversal;Com Vítimas Feridas;Pleno dia;Decrescente;Sol;Dupla;Reta;Sim;3;0;1;0;2;0;1;2;-1,29580361;-47,91084002;SPRF-PA;DEL01-PA;UOP01-DEL01-PA
570282;24/12/2023;domingo;06:10:00;MS;158;80,8;PARANAIBA;Ingestão de álcool pelo condutor;Colisão frontal;Com Vítimas Fatais;Pleno dia;Crescente;Céu Claro;Simples;"Reta;Declive                  ";Não;2;1;1;0;0;0;1;2;-19,570433;-51,239456;SPRF-MS;DEL08-MS;UOP01-DEL08-MS
570283;04/12/2023;segunda-feira;14:20:00;PR;369;172,7;ROLANDIA;Transitar na contramão;Colisão transversal;Com Vítimas Feridas;Pleno dia;Decrescente;Céu Claro;Simples;Reta;Não;2;0;0;1;1;0;1;2;-23,308597;-51,367829;SPRF-PR;DEL07-PR;UOP01-DEL07-PR
570284;24/12/2023;domingo;09:35:00;SP;116;216;GUARULHOS;Demais falhas mecânicas ou elétricas;Incêndio;Sem Vítimas;Pleno dia;Decrescente;Céu Claro;Múltipla;Reta;Não;7;0;0;0;7;0;0;1;-23,45056589;-46,46258105;SPRF-SP;DEL01-SP;UOP01-DEL01-SP
570285;24/12/2023;domingo;09:15:00;MG;262;380;JUATUBA;Velocidade Incompatível;Saída de leito carroçável;Com Vítimas Feridas;Pleno dia;Crescente;Garoa/Chuvisco;Dupla;Curva;Não;1;0;1;0;0;0;1;1;-19,947864;-44,381226;SPRF-MG;DEL01-MG;UOP03-DEL01-MG
570286;24/12/2023;domingo;09:00:00;ES;101;299;VIANA;Ingestão de álcool pelo condutor;Colisão traseira;Sem Vítimas;Pleno dia;Decrescente;Nublado;Múltipla;Reta;Sim;2;0;0;0;2;0;0;2;-20,35860628;-40,42327504;SPRF-ES;DEL01-ES;UOP01-DEL01-ES
570287;24/12/2023;domingo;09:35:00;SE;235;48;ITABAIANA;Acessar a via sem observar a presença dos outros veículos;Colisão transversal;Com Vítimas Feridas;Pleno dia;Decrescente;Sol;Simples;Reta;Sim;3;0;0;2;1;0;2;2;-10,724387;-37,41708;SPRF-SE;DEL01-SE;UOP02-DEL01-SE
570288;21/12/2023;quinta-feira;08:10:00;RJ;40;123;DUQUE DE CAXIAS;Manobra de mudança de faixa;Colisão lateral mesmo sentido;Com Vítimas Feridas;Pleno dia;Crescente;Céu Claro;Múltipla;Reta;Não;2;0;1;0;0;1;1;2;-22,79907687;-43,29015739;SPRF-RJ;DEL01-RJ;UOP02-DEL01-RJ
570289;24/12/2023;domingo;10:00:00;PR;277;3;FOZ DO IGUACU;Condutor deixou de manter distância do veículo da frente;Colisão traseira;Sem Vítimas;Pleno dia;Crescente;Nublado;Dupla;Reta;Sim;2;0;0;0;2;0;0;2;-25,53678806;-54,58733082;SPRF-PR;DEL05-PR;UOP03-DEL05-PR
570292;24/12/2023;domingo;07:15:00;MG;381;626,9;OLIVEIRA;Reação tardia ou ineficiente do condutor;Saída de leito carroçável;Sem Vítimas;Pleno dia;Decrescente;Nublado;Dupla;"Curva;Declive                 ";Não;2;0;0;0;2;0;0;2;-20,828287;-44,807964;SPRF-MG;DEL04-MG;UOP01-DEL04-MG
570293;24/12/2023;domingo;10:00:00;PR;373;280;PRUDENTOPOLIS;Acessar a via sem observar a presença dos outros veículos;Colisão transversal;Com Vítimas Fatais;Pleno dia;Crescente;Céu Claro;Simples;Reta;Não;4;1;0;1;2;0;1;2;-25,26591713;-51,09307766;SPRF-PR;DEL08-PR;UOP01-DEL08-PR
570294;24/12/2023;domingo;10:45:00;RJ;116;131;MAGE;Ausência de reação do condutor;Saída de leito carroçável;Com Vítimas Feridas;Pleno dia;Crescente;Céu Claro;Dupla;Reta;Não;1;0;1;0;0;0;1;1;-22,65489354;-43,08636526;SPRF-RJ;DEL04-RJ;UOP02-DEL04-RJ
570295;24/12/2023;domingo;10:55:00;SC;101;61;ARAQUARI;Área urbana sem a presença de local apropriado para a travessia de pedestres;Atropelamento de Pedestre;Com Vítimas Fatais;Pleno dia;Crescente;Céu Claro;Dupla;Curva;Não;2;1;0;0;1;0;0;2;-26,45474174;-48,77699195;SPRF-SC;DEL03-SC;UOP02-DEL03-SC
570296;24/12/2023;domingo;10:15:00;MA;135;22;SAO LUIS;Reação tardia ou ineficiente do condutor;Colisão lateral mesmo sentido;Com Vítimas Feridas;Pleno dia;Crescente;Céu Claro;Dupla;Reta;Sim;3;0;1;0;2;0;1;3;-2,53073;-44,3068;SPRF-MA;DEL01-MA;UOP01-DEL01-MA
570297;24/12/2023;domingo;11:00:00;BA;324;622;SALVADOR;Velocidade Incompatível;Colisão traseira;Com Vítimas Feridas;Pleno dia;Decrescente;Céu Claro;Dupla;Reta;Sim;2;0;1;0;1;0;1;2;-12,91888605;-38,46502095;SPRF-BA;DEL01-BA;UOP01-DEL01-BA
570298;24/12/2023;domingo;09:20:00;GO;364;304,8;MINEIROS;Acessar a via sem observar a presença dos outros veículos;Colisão transversal;Com Vítimas Fatais;Pleno dia;Decrescente;Céu Claro;Simples;Reta;Não;2;2;0;0;0;0;0;2;-17,50877;-52,537905;SPRF-GO;DEL05-GO;UOP01-DEL05-GO
570299;24/12/2023;domingo;11:25:00;PB;230;28;JOAO PESSOA;Reação tardia ou ineficiente do condutor;Colisão lateral mesmo sentido;Com Vítimas Feridas;Pleno dia;Crescente;Céu Claro;Dupla;Declive;Sim;3;0;2;0;0;1;2;2;-7,1651;-34,8941;SPRF-PB;DEL01-PB;UOP01-DEL01-PB
570300;16/12/2023;sábado;15:00:00;RJ;116;176;NOVA IGUACU;Manobra de mudança de faixa;Colisão lateral mesmo sentido;Com Vítimas Feridas;Pleno dia;Decrescente;Céu Claro;Dupla;Reta;Não;2;0;1;0;0;1;1;2;-22,7839538;-43,38195488;SPRF-RJ;DEL06-RJ;UOP01-DEL06-RJ
570301;24/12/2023;domingo;10:50:00;RJ;101;317,8;SAO GONCALO;Ausência de reação do condutor;Colisão lateral sentido oposto;Com Vítimas Feridas;Pleno dia;Crescente;Céu Claro;Simples;Retorno Regulamentado;Sim;2;0;1;0;1;0;1;2;-22,83707798;-43,09492006;SPRF-RJ;DEL02-RJ;UOP02-DEL02-RJ
570302;24/12/2023;domingo;10:50:00;MS;163;489,6;CAMPO GRANDE;Reação tardia ou ineficiente do condutor;Colisão traseira;Com Vítimas Feridas;Pleno dia;Decrescente;Céu Claro;Simples;Aclive;Não;5;0;2;0;2;1;2;3;-20,40017983;-54,55539878;SPRF-MS;DEL01-MS;UOP02-DEL01-MS
570303;24/12/2023;domingo;11:30:00;RN;101;66;EXTREMOZ;Ingestão de álcool pelo condutor;Colisão traseira;Com Vítimas Feridas;Pleno dia;Crescente;Sol;Simples;Reta;Não;4;0;1;0;1;2;1;3;-5,65144107;-35,2499485;SPRF-RN;DEL02-RN;UOP01-DEL02-RN
570304;24/12/2023;domingo;11:15:00;PE;408;93;SAO LOURENCO DA MATA;Frear bruscamente;Colisão traseira;Com Vítimas Feridas;Pleno dia;Crescente;Sol;Dupla;"Reta;Aclive                   ";Sim;2;0;1;0;1;0;1;2;-8,00201425;-35,05473707;SPRF-PE;DEL01-PE;UOP01-DEL01-PE
570305;20/12/2023;quarta-feira;01:55:00;RJ;493;6;ITABORAI;Animais na Pista;Queda de ocupante de veículo;Com Vítimas Feridas;Plena Noite;Crescente;Céu Claro;Dupla;Reta;Não;2;0;2;0;0;0;2;1;-22,73124198;-42,95145305;SPRF-RJ;DEL02-RJ;UOP02-DEL02-RJ
570306;24/12/2023;domingo;11:30:00;GO;60;230;CEZARINA;Velocidade Incompatível;Colisão com objeto;Com Vítimas Feridas;Pleno dia;Decrescente;Céu Claro;Dupla;Aclive;Não;2;0;1;0;1;0;1;1;-17,0553;-49,7925;SPRF-GO;DEL01-GO;UOP02-DEL01-GO
570307;24/12/2023;domingo;11:20:00;ES;101;284;CARIACICA;Manobra de mudança de faixa;Colisão lateral mesmo sentido;Com Vítimas Feridas;Pleno dia;Crescente;Sol;Dupla;"Reta;Aclive                   ";Não;3;0;2;0;1;0;2;2;-20,24334991;-40,3696926;SPRF-ES;DEL01-ES;UOP01-DEL01-ES
570308;24/12/2023;domingo;11:30:00;PR;369;86,9;CORNELIO PROCOPIO;Reação tardia ou ineficiente do condutor;Saída de leito carroçável;Com Vítimas Feridas;Pleno dia;Crescente;Céu Claro;Simples;"Reta;Declive                  ";Não;2;0;2;0;0;0;2;1;-23,180006;-50,625214;SPRF-PR;DEL07-PR;UOP05-DEL07-PR
570309;24/12/2023;domingo;11:20:00;MS;158;251;TRES LAGOAS;Acessar a via sem observar a presença dos outros veículos;Colisão transversal;Com Vítimas Feridas;Pleno dia;Decrescente;Céu Claro;Simples;Reta;Não;4;0;3;0;1;0;3;2;-20,65762283;-51,79545164;SPRF-MS;DEL07-MS;UOP01-DEL07-MS
570310;24/12/2023;domingo;10:04:00;PE;232;409,4;SERRA TALHADA;Mal súbito do condutor;Colisão com objeto;Sem Vítimas;Pleno dia;Crescente;Céu Claro;Simples;Reta;Sim;1;0;0;0;1;0;0;1;-7,981777;-38,292534;SPRF-PE;DEL04-PE;UOP01-DEL04-PE
570311;24/12/2023;domingo;09:30:00;MS;60;480,1;MARACAJU;Condutor Dormindo;Saída de leito carroçável;Com Vítimas Feridas;Pleno dia;Crescente;Céu Claro;Simples;Reta;Não;1;0;0;1;0;0;1;1;-21,10946;-55,357796;SPRF-MS;DEL01-MS;UOP04-DEL01-MS
570313;24/12/2023;domingo;10:30:00;PR;277;317;GUARAPUAVA;Afundamento ou ondulação no pavimento;Colisão frontal;Com Vítimas Feridas;Pleno dia;Crescente;Céu Claro;Simples;Reta;Não;6;0;3;1;2;0;4;2;-25,32249285;-51,21639846;SPRF-PR;DEL08-PR;UOP01-DEL08-PR
570314;24/12/2023;domingo;06:00:00;SC;470;227,8;SAO CRISTOVAO DO SUL;Ausência de reação do condutor;Saída de leito carroçável;Sem Vítimas;Pleno dia;Decrescente;Nublado;Simples;Reta;Não;1;0;0;0;0;1;0;1;-27,32236491;-50,37591934;SPRF-SC;DEL05-SC;UOP03-DEL05-SC
570315;24/12/2023;domingo;12:10:00;ES;101;392,3;RIO NOVO DO SUL;Desrespeitar a preferência no cruzamento;Colisão lateral mesmo sentido;Com Vítimas Feridas;Pleno dia;Crescente;Nublado;Simples;"Curva;Interseção de Vias      ";Não;3;0;2;0;0;1;2;2;-20,86632083;-40,90762496;SPRF-ES;DEL03-ES;UOP02-DEL03-ES
570316;24/12/2023;domingo;11:30:00;BA;324;513;FEIRA DE SANTANA;Acessar a via sem observar a presença dos outros veículos;Colisão transversal;Com Vítimas Feridas;Pleno dia;Crescente;Céu Claro;Simples;Reta;Sim;2;0;0;1;1;0;1;2;-12,23098007;-38,96101401;SPRF-BA;DEL02-BA;UOP01-DEL02-BA
570317;24/12/2023;domingo;10:10:00;MG;116;296;TEOFILO OTONI;Reação tardia ou ineficiente do condutor;Tombamento;Com Vítimas Feridas;Pleno dia;Decrescente;Céu Claro;Simples;"Curva;Declive                 ";Não;2;0;2;0;0;0;2;1;-18,0024301;-41,58315485;SPRF-MG;DEL11-MG;UOP01-DEL11-MG
570318;24/12/2023;domingo;12:30:00;GO;20;140,8;FLORES DE GOIAS;Velocidade Incompatível;Saída de leito carroçável;Com Vítimas Feridas;Pleno dia;Crescente;Céu Claro;Simples;Reta;Não;2;0;1;1;0;0;2;1;-14,772248;-46,68399;SPRF-DF;DEL02-DF;UOP03-DEL02-DF
570319;24/12/2023;domingo;11:40:00;RS;116;443;CRISTAL;Ausência de reação do condutor;Saída de leito carroçável;Com Vítimas Feridas;Pleno dia;Decrescente;Céu Claro;Dupla;Reta;Não;1;0;1;0;0;0;1;1;-31,131035;-52,02895801;SPRF-RS;DEL02-RS;UOP02-DEL02-RS
570320;24/12/2023;domingo;12:00:00;RJ;354;24,5;RESENDE;Ausência de sinalização;Colisão com objeto;Com Vítimas Feridas;Pleno dia;Crescente;Sol;Simples;Reta;Não;4;0;2;0;2;0;2;2;-22,498817;-44,686916;SPRF-RJ;DEL07-RJ;UOP02-DEL07-RJ
570322;08/12/2023;sexta-feira;14:30:00;RS;116;106,5;SAO MARCOS;Curva acentuada;Queda de ocupante de veículo;Com Vítimas Feridas;Pleno dia;Decrescente;Céu Claro;Simples;Curva;Não;1;0;0;1;0;0;1;1;-28,91804795;-51,10840291;SPRF-RS;DEL05-RS;UOP01-DEL05-RS