id;data_inversa;dia_semana;horario;uf;br;km;municipio;causa_acidente;tipo_acidente;classificacao_acidente;fase_dia;sentido_via;condicao_metereologica;tipo_pista;tracado_via;uso_solo;pessoas;mortos;feridos_leves;feridos_graves;ilesos;ignorados;feridos;veiculos;latitude;longitude;regional;delegacia;uop
570422;25/12/2023;segunda-feira;02:30:00;SC;101;86,3;BARRA VELHA;Ingestão de álcool pelo condutor;Saída de leito carroçável;Com Vítimas Feridas;Pleno dia;Crescente;Céu Claro;Simples;Reta;Não;1;0;1;0;0;0;1;1;-26,63277317;-48,70232513;SPRF-SC;DEL03-SC;UOP02-DEL03-SC
570423;25/12/2023;segunda-feira;02:45:00;RS;116;247,2;SAO LEOPOLDO;Reação tardia ou ineficiente do condutor;Colisão lateral mesmo sentido;Com Vítimas Feridas;Plena Noite;Decrescente;Céu Claro;Dupla;Curva;Sim;7;0;0;2;5;0;2;2;-29,76733091;-51,1535296;SPRF-RS;DEL01-RS;UOP02-DEL01-RS
570425;08/12/2023;sexta-feira;14:50:00;ES;393;0,3;CACHOEIRO DE ITAPEMIRIM;Condutor deixou de manter distância do veículo da frente;Colisão lateral mesmo sentido;Com Vítimas Feridas;Pleno dia;Crescente;Sol;Simples;Reta;Sim;3;0;2;0;1;0;2;2;-20,84051382;-41,16026759;SPRF-ES;DEL03-ES;UOP02-DEL03-ES
570426;25/12/2023;segunda-feira;02:20:00;BA;324;585;CANDEIAS;Animais na Pista;Atropelamento de Animal;Com Vítimas Feridas;Plena Noite;Crescente;Nublado;Dupla;Reta;Não;1;0;1;0;0;0;1;1;-12,63012705;-38,47968619;SPRF-BA;DEL01-BA;UOP01-DEL01-BA
570428;25/12/2023;segunda-feira;04:00:00;BA;324;619;SALVADOR;Condutor Dormindo;Queda de ocupante de veículo;Com Vítimas Feridas;Plena Noite;Decrescente;Nublado;Simples;Interseção de Vias;Sim;1;0;1;0;0;0;1;1;-12,89820999;-38,45012202;SPRF-BA;DEL01-BA;UOP01-DEL01-BA
570429;25/12/2023;segunda-feira;06:00:00;RS;116;515,2;PELOTAS;Ingestão de álcool pelo condutor;Colisão com objeto;Sem Vítimas;Amanhecer;Decrescente;Céu Claro;Simples;Reta;Não;1;0;0;0;1;0;0;1;-31,66114092;-52,3386834;SPRF-RS;DEL07-RS;UOP01-DEL07-RS
570430;25/12/2023;segunda-feira;06:15:00;SP;116;70,7;APARECIDA;Condutor Dormindo;Colisão traseira;Sem Vítimas;Pleno dia;Crescente;Céu Claro;Dupla;Curva;Sim;2;0;0;0;2;0;0;2;-22,84899417;-45,22733818;SPRF-SP;DEL08-SP;UOP01-DEL08-SP
570431;25/12/2023;segunda-feira;05:50:00;MG;40;434,1;PARAOPEBA;Reação tardia ou ineficiente do condutor;Saída de leito carroçável;Sem Vítimas;Plena Noite;Decrescente;Ignorado;Dupla;"Reta;Declive                  ";Não;1;0;0;0;0;1;0;1;-19,21617478;-44,45531201;SPRF-MG;DEL02-MG;UOP01-DEL02-MG
570432;25/12/2023;segunda-feira;05:30:00;MG;50;16;UBERLANDIA;Conversão proibida;Colisão lateral mesmo sentido;Com Vítimas Feridas;Pleno dia;Decrescente;Céu Claro;Simples;Reta;Não;4;0;3;0;0;1;3;2;-18,90823338;-48,17829967;SPRF-MG;DEL15-MG;UOP02-DEL15-MG
570433;25/12/2023;segunda-feira;06:00:00;MG;50;18;UBERLANDIA;Ingestão de álcool pelo condutor;Colisão com objeto;Sem Vítimas;Amanhecer;Crescente;Céu Claro;Dupla;Reta;Sim;1;0;0;0;1;0;0;1;-18,9113;-48,2622;SPRF-MG;DEL15-MG;UOP01-DEL15-MG
570434;25/12/2023;segunda-feira;07:00:00;SC;101;205;SAO JOSE;Reação tardia ou ineficiente do condutor;Colisão com objeto;Com Vítimas Feridas;Pleno dia;Crescente;Céu Claro;Dupla;Reta;Sim;1;0;1;0;0;0;1;1;-27,58313237;-48,61532885;SPRF-SC;DEL01-SC;UOP01-DEL01-SC
570436;24/12/2023;domingo;21:30:00;SC;280;127,5;RIO NEGRINHO;Acessar a via sem observar a presença dos outros veículos;Colisão transversal;Com Vítimas Feridas;Pleno dia;Crescente;Céu Claro;Simples;Reta;Sim;5;0;2;0;3;0;2;2;-26,23943953;-49,50420708;SPRF-SC;DEL06-SC;UOP03-DEL06-SC
570437;25/12/2023;segunda-feira;00:30:00;MG;50;16;UBERLANDIA;Animais na Pista;Atropelamento de Animal;Com Vítimas Feridas;Plena Noite;Crescente;Chuva;Dupla;Reta;Sim;1;0;1;0;0;0;1;1;-18,9113;-48,2622;SPRF-MG;DEL15-MG;UOP01-DEL15-MG
570438;25/12/2023;segunda-feira;00:45:00;BA;410;3;RIBEIRA DO POMBAL;Ingestão de álcool pelo condutor;Saída de leito carroçável;Com Vítimas Feridas;Plena Noite;Decrescente;Céu Claro;Simples;Reta;Não;2;0;2;0;0;0;2;1;-10,82941061;-38,55273824;SPRF-BA;DEL07-BA;UOP02-DEL07-BA
570440;25/12/2023;segunda-feira;06:35:00;MS;60;525,8;NIOAQUE;Ausência de reação do condutor;Saída de leito carroçável;Com Vítimas Feridas;Pleno dia;Decrescente;Céu Claro;Simples;Reta;Não;2;0;1;0;1;0;1;1;-21,1612709;-55,66686776;SPRF-MS;DEL05-MS;UOP01-DEL05-MS
570441;25/12/2023;segunda-feira;01:25:00;MT;364;54,8;ALTO GARCAS;Pedestre andava na pista;Atropelamento de Pedestre;Com Vítimas Fatais;Plena Noite;Crescente;Céu Claro;Simples;"Reta;Declive                  ";Não;5;1;0;0;4;0;0;2;-16,96983394;-53,51615494;SPRF-MT;DEL02-MT;UOP02-DEL02-MT
570442;25/12/2023;segunda-feira;02:10:00;MT;364;0,9;ALTO ARAGUAIA;Transitar na contramão;Colisão frontal;Com Vítimas Feridas;Plena Noite;Crescente;Céu Claro;Dupla;"Reta;Interseção de Vias;Retorn";Sim;3;0;0;2;1;0;2;2;-17,31200354;-53,21850484;SPRF-MT;DEL02-MT;UOP02-DEL02-MT
570443;25/12/2023;segunda-feira;06:40:00;AL;316;140;ESTRELA DE ALAGOAS;Acessar a via sem observar a presença dos outros veículos;Colisão transversal;Com Vítimas Feridas;Pleno dia;Decrescente;Céu Claro;Simples;Reta;Sim;2;0;1;0;0;1;1;2;-9,39046832;-36,75850007;SPRF-AL;DEL03-AL;UOP01-DEL03-AL
570444;25/12/2023;segunda-feira;06:45:00;MG;267;217,9;ARANTINA;Velocidade Incompatível;Saída de leito carroçável;Com Vítimas Fatais;Pleno dia;Crescente;Céu Claro;Simples;Curva;Não;2;1;1;0;0;0;1;1;-21,95177903;-44,251142;SPRF-MG;DEL17-MG;UOP01-DEL17-MG
570445;25/12/2023;segunda-feira;06:50:00;PE;101;76;RECIFE;Transtornos Mentais (exceto suicidio);Queda de ocupante de veículo;Com Vítimas Feridas;Pleno dia;Decrescente;Céu Claro;Dupla;Reta;Não;2;0;1;0;1;0;1;1;-8,11813811;-34,94329214;SPRF-PE;DEL01-PE;UOP01-DEL01-PE
570446;24/12/2023;domingo;23:30:00;BA;330;789,3;JEQUIE;Ingestão de álcool pelo condutor;Saída de leito carroçável;Com Vítimas Feridas;Plena Noite;Decrescente;Céu Claro;Simples;"Aclive;Reta                   ";Não;1;0;1;0;0;0;1;1;-13,8926681;-40,02312711;SPRF-BA;DEL03-BA;UOP01-DEL03-BA
570447;24/12/2023;domingo;01:40:00;SC;101;119;ITAJAI;Reação tardia ou ineficiente do condutor;Saída de leito carroçável;Com Vítimas Feridas;Plena Noite;Crescente;Céu Claro;Múltipla;Reta;Sim;1;0;1;0;0;0;1;1;-26,9043179;-48,71555481;SPRF-SC;DEL04-SC;UOP04-DEL04-SC
570448;25/12/2023;segunda-feira;07:15:00;ES;101;234,8;FUNDAO;Avarias e/ou desgaste excessivo no pneu;Queda de ocupante de veículo;Com Vítimas Feridas;Pleno dia;Crescente;Céu Claro;Simples;Curva;Não;2;0;2;0;0;0;2;1;-19,96973516;-40,40766379;SPRF-ES;DEL02-ES;UOP01-DEL02-ES
570450;25/12/2023;segunda-feira;07:47:00;PB;230;43,4;SANTA RITA;Reação tardia ou ineficiente do condutor;Saída de leito carroçável;Com Vítimas Feridas;Pleno dia;Decrescente;Céu Claro;Dupla;Reta;Não;1;0;1;0;0;0;1;1;-7,1479;-35,0029;SPRF-PB;DEL01-PB;UOP03-DEL01-PB
570451;25/12/2023;segunda-feira;07:20:00;RJ;101;385;RIO DE JANEIRO;Ausência de reação do condutor;Capotamento;Com Vítimas Feridas;Pleno dia;Crescente;Céu Claro;Dupla;Reta;Sim;2;0;2;0;0;0;2;1;-22,88064129;-43,63218994;SPRF-RJ;DEL03-RJ;UOP01-DEL03-RJ
570452;25/12/2023;segunda-feira;09:00:00;RJ;40;77;PETROPOLIS;Velocidade Incompatível;Saída de leito carroçável;Com Vítimas Feridas;Pleno dia;Crescente;Céu Claro;Simples;Curva;Não;2;0;0;2;0;0;2;1;-22,48005592;-43,23543994;SPRF-RJ;DEL01-RJ;UOP01-DEL01-RJ
570453;25/12/2023;segunda-feira;06:55:00;MS;163;522,7;JARAGUARI;Condutor Dormindo;Colisão com objeto;Sem Vítimas;Pleno dia;Crescente;Céu Claro;Dupla;Reta;Não;1;0;0;0;1;0;0;1;-20,14480999;-54,43965895;SPRF-MS;DEL01-MS;UOP02-DEL01-MS
570454;25/12/2023;segunda-feira;09:15:00;PE;232;15,4;JABOATAO DOS GUARARAPES;Condutor Dormindo;Colisão lateral mesmo sentido;Sem Vítimas;Pleno dia;Decrescente;Nublado;Dupla;Curva;Não;2;0;0;0;2;0;0;2;-8,093643;-35,031791;SPRF-PE;DEL01-PE;UOP01-DEL01-PE
570455;25/12/2023;segunda-feira;09:15:00;MG;381;910,3;CAMANDUCAIA;Mal súbito do condutor;Queda de ocupante de veículo;Com Vítimas Feridas;Pleno dia;Decrescente;Sol;Dupla;Reta;Não;1;0;1;0;0;0;1;1;-22,732552;-46,135303;SPRF-MG;DEL16-MG;UOP03-DEL16-MG
570456;25/12/2023;segunda-feira;09:30:00;MG;381;561;ITAGUARA;Ausência de reação do condutor;Tombamento;Com Vítimas Feridas;Pleno dia;Decrescente;Céu Claro;Dupla;Reta;Sim;2;0;2;0;0;0;2;1;-20,39224209;-44,49492995;SPRF-MG;DEL04-MG;UOP03-DEL04-MG
570457;25/12/2023;segunda-feira;08:40:00;SC;470;99,1;APIUNA;Conversão proibida;Colisão transversal;Com Vítimas Feridas;Pleno dia;Crescente;Nublado;Simples;Curva;Sim;2;0;1;0;0;1;1;2;-27,04078933;-49,39635515;SPRF-SC;DEL04-SC;UOP02-DEL04-SC
570458;25/12/2023;segunda-feira;09:45:00;PR;116;114;CURITIBA;Trafegar com motocicleta (ou similar) entre as faixas;Colisão lateral mesmo sentido;Com Vítimas Feridas;Pleno dia;Decrescente;Céu Claro;Múltipla;Reta;Sim;2;0;1;0;1;0;1;2;-25,54558464;-49,29749429;SPRF-PR;DEL01-PR;UOP07-DEL01-PR
570459;25/12/2023;segunda-feira;09:20:00;MA;135;7;SAO LUIS;Acessar a via sem observar a presença dos outros veículos;Colisão transversal;Com Vítimas Feridas;Pleno dia;Decrescente;Sol;Dupla;Retorno Regulamentado;Sim;5;0;3;0;2;0;3;2;-2,63608835;-44,26848552;SPRF-MA;DEL01-MA;UOP01-DEL01-MA
570460;25/12/2023;segunda-feira;07:20:00;SC;116;116,8;SANTA CECILIA;Velocidade Incompatível;Capotamento;Com Vítimas Feridas;Pleno dia;Crescente;Céu Claro;Simples;"Aclive;Reta                   ";Não;1;0;1;0;0;0;1;1;-26,80986906;-50,34540393;SPRF-SC;DEL06-SC;UOP02-DEL06-SC
570464;25/12/2023;segunda-feira;11:00:00;PE;101;46,7;IGARASSU;Acessar a via sem observar a presença dos outros veículos;Atropelamento de Pedestre;Com Vítimas Feridas;Pleno dia;Decrescente;Sol;Múltipla;Reta;Sim;3;0;2;0;1;0;2;2;-7,87406004;-34,90588126;SPRF-PE;DEL01-PE;UOP02-DEL01-PE
570465;25/12/2023;segunda-feira;09:30:00;PR;369;198,8;APUCARANA;Pista Escorregadia;Queda de ocupante de veículo;Com Vítimas Feridas;Pleno dia;Crescente;Céu Claro;Dupla;"Curva;Declive                 ";Sim;2;0;2;0;0;0;2;1;-23,52279211;-51,44328296;SPRF-PR;DEL07-PR;UOP03-DEL07-PR
570466;25/12/2023;segunda-feira;11:10:00;RS;386;413;MONTENEGRO;Condutor deixou de manter distância do veículo da frente;Colisão traseira;Com Vítimas Feridas;Pleno dia;Crescente;Céu Claro;Simples;Declive;Não;4;0;2;0;2;0;2;2;-29,81478481;-51,49186313;SPRF-RS;DEL04-RS;UOP02-DEL04-RS
570467;25/12/2023;segunda-feira;09:30:00;RS;386;208,4;VICTOR GRAEFF;Condutor Dormindo;Colisão com objeto;Com Vítimas Feridas;Pleno dia;Crescente;Nublado;Simples;"Reta;Ponte                    ";Não;2;0;2;0;0;0;2;1;-28,52646;-52,62655;SPRF-RS;DEL04-RS;UOP03-DEL04-RS
570468;25/12/2023;segunda-feira;11:15:00;SP;101;48;UBATUBA;Acesso irregular;Colisão traseira;Com Vítimas Feridas;Pleno dia;Decrescente;Céu Claro;Simples;Curva;Sim;3;0;2;0;1;0;2;2;-23,44087126;-45,08695185;SPRF-SP;DEL06-SP;UOP01-DEL06-SP
570469;25/12/2023;segunda-feira;12:10:00;RS;290;89;PORTO ALEGRE;Avarias e/ou desgaste excessivo no pneu;Tombamento;Com Vítimas Feridas;Pleno dia;Crescente;Nublado;Múltipla;Reta;Não;2;0;1;0;1;0;1;1;-29,967892;-51,147331;SPRF-RS;DEL01-RS;UOP01-DEL01-RS
570470;24/12/2023;domingo;08:00:00;PB;405;19,7;SAO JOAO DO RIO DO PEIXE;Ausência de reação do condutor;Saída de leito carroçável;Sem Vítimas;Pleno dia;Crescente;Sol;Simples;Reta;Não;1;0;0;0;0;1;0;1;-6,610891;-38,412205;SPRF-PB;DEL03-PB;UOP03-DEL03-PB
570471;25/12/2023;segunda-feira;11:40:00;SC;101;194,5;BIGUACU;Condutor deixou de manter distância do veículo da frente;Engavetamento;Com Vítimas Feridas;Pleno dia;Decrescente;Sol;Múltipla;Reta;Sim;8;0;1;0;7;0;1;3;-27,49815117;-48,65661236;SPRF-SC;DEL01-SC;UOP01-DEL01-SC
570472;25/12/2023;segunda-feira;12:20:00;RS;290;95;PORTO ALEGRE;Avarias e/ou desgaste excessivo no pneu;Tombamento;Com Vítimas Feridas;Pleno dia;Crescente;Nublado;Dupla;Reta;Sim;2;0;2;0;0;0;2;1;-29,982832;-51,201572;SPRF-RS;DEL01-RS;UOP01-DEL01-RS
570473;25/12/2023;segunda-feira;09:30:00;BA;324;549;AMELIA RODRIGUES;Ingestão de álcool pelo condutor;Engavetamento;Sem Vítimas;Pleno dia;Decrescente;Céu Claro;Múltipla;Reta;Não;4;0;0;0;4;0;0;3;-12,43255269;-38,7319107;SPRF-BA;DEL01-BA;UOP03-DEL01-BA
570474;25/12/2023;segunda-feira;12:00:00;ES;101;63;SAO MATEUS;Ausência de reação do condutor;Queda de ocupante de veículo;Com Vítimas Feridas;Pleno dia;Crescente;Céu Claro;Simples;Reta;Não;2;0;2;0;0;0;2;1;-18,69830807;-39,86481056;SPRF-ES;DEL04-ES;UOP02-DEL04-ES
570475;25/12/2023;segunda-feira;06:40:00;MA;10;289,4;IMPERATRIZ;Condutor Dormindo;Saída de leito carroçável;Com Vítimas Feridas;Amanhecer;Crescente;Céu Claro;Simples;"Reta;Declive                  ";Não;1;0;1;0;0;0;1;1;-5,203457;-47,519014;SPRF-MA;DEL04-MA;UOP01-DEL04-MA
570476;25/12/2023;segunda-feira;09:30:00;RS;285;190;LAGOA VERMELHA;Ingestão de álcool pelo condutor;Saída de leito carroçável;Sem Vítimas;Pleno dia;Decrescente;Nublado;Simples;Curva;Não;2;0;0;0;2;0;0;1;-28,265715;-51,47258;SPRF-RS;DEL08-RS;UOP05-DEL08-RS
570477;25/12/2023;segunda-feira;10:45:00;CE;116;80;CHOROZINHO;Avarias e/ou desgaste excessivo no pneu;Queda de ocupante de veículo;Com Vítimas Feridas;Pleno dia;Decrescente;Céu Claro;Simples;Reta;Não;2;0;2;0;0;0;2;1;-4,39558323;-38,42673827;SPRF-CE;DEL03-CE;UOP02-DEL03-CE
570478;25/12/2023;segunda-feira;07:15:00;RS;116;140,7;CAXIAS DO SUL;Ingestão de álcool pelo condutor;Colisão lateral mesmo sentido;Com Vítimas Feridas;Amanhecer;Crescente;Nublado;Simples;Reta;Sim;2;0;0;1;1;0;1;2;-29,10381619;-51,10968039;SPRF-RS;DEL05-RS;UOP01-DEL05-RS
570479;17/12/2023;domingo;19:00:00;RS;158;162,3;PANAMBI;Suicídio (presumido);Saída de leito carroçável;Com Vítimas Fatais;Pleno dia;Crescente;Céu Claro;Simples;"Curva;Declive                 ";Sim;1;1;0;0;0;0;0;1;-28,37657306;-53,51074093;SPRF-RS;DEL10-RS;UOP02-DEL10-RS
570480;25/12/2023;segunda-feira;13:15:00;RJ;101;487,8;ANGRA DOS REIS;Acessar a via sem observar a presença dos outros veículos;Colisão transversal;Com Vítimas Feridas;Pleno dia;Crescente;Céu Claro;Dupla;Retorno Regulamentado;Sim;3;0;0;1;2;0;1;2;-22,96828891;-44,29864663;SPRF-RJ;DEL03-RJ;UOP03-DEL03-RJ
570481;25/12/2023;segunda-feira;09:50:00;SC;101;102;BALNEARIO PICARRAS;Acessar a via sem observar a presença dos outros veículos;Atropelamento de Pedestre;Com Vítimas Feridas;Pleno dia;Decrescente;Céu Claro;Dupla;Reta;Sim;3;0;0;1;2;0;1;2;-26,77383397;-48,68594062;SPRF-SC;DEL03-SC;UOP02-DEL03-SC
570482;25/12/2023;segunda-feira;13:20:00;SC;101;200;SAO JOSE;Acessar a via sem observar a presença dos outros veículos;Colisão lateral mesmo sentido;Com Vítimas Feridas;Pleno dia;Crescente;Sol;Múltipla;Reta;Sim;2;0;1;0;1;0;1;2;-27,54018513;-48,62287714;SPRF-SC;DEL01-SC;UOP01-DEL01-SC
570483;25/12/2023;segunda-feira;11:20:00;MT;364;372,9;SANTO ANTONIO DO LEVERGER;Demais falhas mecânicas ou elétricas;Capotamento;Com Vítimas Feridas;Pleno dia;Crescente;Céu Claro;Dupla;Reta;Não;5;0;3;1;1;0;4;1;-15,70404788;-55,73373914;SPRF-MT;DEL01-MT;UOP02-DEL01-MT
570484;25/12/2023;segunda-feira;13:20:00;MA;135;13;SAO LUIS;Ausência de reação do condutor;Saída de leito carroçável;Com Vítimas Feridas;Pleno dia;Crescente;Céu Claro;Dupla;Aclive;Não;1;0;1;0;0;0;1;1;-2,68053538;-44,29512283;SPRF-MA;DEL01-MA;UOP01-DEL01-MA
570485;25/12/2023;segunda-feira;13:15:00;RS;386;216,4;TIO HUGO;Desrespeitar a preferência no cruzamento;Colisão transversal;Com Vítimas Feridas;Pleno dia;Crescente;Céu Claro;Simples;"Curva;Interseção de Vias;Decli";Sim;4;0;3;0;1;0;3;2;-28,58804516;-52,60009289;SPRF-RS;DEL04-RS;UOP03-DEL04-RS
570487;25/12/2023;segunda-feira;13:30:00;DF;251;30;BRASILIA;Acessar a via sem observar a presença dos outros veículos;Colisão transversal;Com Vítimas Feridas;Pleno dia;Crescente;Céu Claro;Simples;Reta;Não;3;0;1;1;1;0;2;2;-15,94878539;-47,70891309;SPRF-DF;DEL01-DF;UOP01-DEL01-DF
570488;25/12/2023;segunda-feira;14:00:00;SC;101;211;PALHOCA;Acessar a via sem observar a presença dos outros veículos;Colisão lateral mesmo sentido;Com Vítimas Feridas;Pleno dia;Decrescente;Céu Claro;Múltipla;Reta;Não;3;0;2;0;1;0;2;2;-27,62329313;-48,65245588;SPRF-SC;DEL01-SC;UOP02-DEL01-SC
570489;25/12/2023;segunda-feira;14:35:00;MG;40;801;MATIAS BARBOSA;Reação tardia ou ineficiente do condutor;Saída de leito carroçável;Com Vítimas Feridas;Plena Noite;Crescente;Garoa/Chuvisco;Dupla;Curva;Não;1;0;0;1;0;0;1;1;-21,84672919;-43,37899486;SPRF-MG;DEL05-MG;UOP01-DEL05-MG
570492;25/12/2023;segunda-feira;14:00:00;MG;262;817,6;UBERABA;Avarias e/ou desgaste excessivo no pneu;Tombamento;Com Vítimas Feridas;Pleno dia;Decrescente;Céu Claro;Dupla;Reta;Sim;1;0;1;0;0;0;1;1;-19,76384526;-48,12927805;SPRF-MG;DEL13-MG;UOP01-DEL13-MG
570493;25/12/2023;segunda-feira;09:40:00;RJ;101;332;RIO DE JANEIRO;Ausência de reação do condutor;Tombamento;Com Vítimas Feridas;Pleno dia;Decrescente;Céu Claro;Dupla;Reta;Não;2;0;2;0;0;0;2;1;-22,87133305;-43,20407695;SPRF-RJ;DEL02-RJ;UOP01-DEL02-RJ
570494;25/12/2023;segunda-feira;11:00:00;MT;174;370;CONQUISTA DOESTE;Transitar na contramão;Saída de leito carroçável;Sem Vítimas;Pleno dia;Crescente;Céu Claro;Simples;Reta;Não;1;0;0;0;0;1;0;1;-14,60426264;-59,49175368;SPRF-MT;DEL04-MT;UOP01-DEL04-MT
570495;25/12/2023;segunda-feira;12:30:00;RJ;101;297;ITABORAI;Ausência de reação do condutor;Colisão lateral mesmo sentido;Com Vítimas Feridas;Pleno dia;Decrescente;Céu Claro;Dupla;"Reta;Interseção de Vias       ";Sim;2;0;0;1;1;0;1;2;-22,76942037;-42,91873581;SPRF-RJ;DEL02-RJ;UOP02-DEL02-RJ
570496;25/12/2023;segunda-feira;14:15:00;PB;101;37,2;MAMANGUAPE;Ingestão de álcool pelo condutor;Colisão transversal;Com Vítimas Feridas;Pleno dia;Crescente;Céu Claro;Dupla;"Reta;Declive;Retorno Regulamen";Não;7;0;2;3;2;0;5;2;-6,81409322;-35,13941288;SPRF-PB;DEL01-PB;UOP04-DEL01-PB
570497;25/12/2023;segunda-feira;13:40:00;RJ;101;169,8;MACAE;Condutor Dormindo;Colisão frontal;Com Vítimas Fatais;Pleno dia;Crescente;Céu Claro;Simples;Curva;Não;10;3;3;2;2;0;5;3;-22,35125958;-41,9221205;SPRF-RJ;DEL08-RJ;UOP04-DEL08-RJ
570498;25/12/2023;segunda-feira;12:20:00;PR;376;445,8;TIBAGI;Velocidade Incompatível;Colisão com objeto;Com Vítimas Feridas;Pleno dia;Crescente;Nublado;Dupla;"Curva;Declive                 ";Não;4;0;1;0;3;0;1;1;-24,850096;-50,471974;SPRF-PR;DEL03-PR;UOP02-DEL03-PR
570502;21/12/2023;quinta-feira;20:00:00;RJ;101;282;ITABORAI;Reação tardia ou ineficiente do condutor;Colisão lateral mesmo sentido;Com Vítimas Feridas;Plena Noite;Crescente;Céu Claro;Dupla;Curva;Não;2;0;1;0;1;0;1;2;-22,7371391;-42,79664601;SPRF-RJ;DEL02-RJ;UOP02-DEL02-RJ
570503;25/12/2023;segunda-feira;15:30:00;SC;101;22,7;SANTO AMARO DA IMPERATRIZ;Reação tardia ou ineficiente do condutor;Colisão frontal;Com Vítimas Feridas;Pleno dia;Crescente;Céu Claro;Simples;Reta;Não;3;0;1;0;2;0;1;2;-27,688245;-48,736342;SPRF-SC;DEL03-SC;UOP01-DEL03-SC
570504;25/12/2023;segunda-feira;16:10:00;MG;381;912;CAMANDUCAIA;Reação tardia ou ineficiente do condutor;Saída de leito carroçável;Com Vítimas Feridas;Pleno dia;Crescente;Céu Claro;Dupla;Reta;Não;2;0;2;0;0;0;2;1;-22,74838439;-46,1396147;SPRF-MG;DEL16-MG;UOP03-DEL16-MG
570506;25/12/2023;segunda-feira;15:35:00;SC;470;163,9;TROMBUDO CENTRAL;Conversão proibida;Colisão transversal;Com Vítimas Feridas;Pleno dia;Decrescente;Nublado;Simples;Curva;Não;2;0;0;1;1;0;1;2;-27,278976;-49,825996;SPRF-SC;DEL04-SC;UOP02-DEL04-SC
570507;25/12/2023;segunda-feira;13:40:00;MG;116;410,9;GOVERNADOR VALADARES;Reação tardia ou ineficiente do condutor;Tombamento;Com Vítimas Feridas;Pleno dia;Decrescente;Céu Claro;Dupla;Curva;Sim;1;0;0;1;0;0;1;1;-18,855625;-41,975623;SPRF-MG;DEL06-MG;UOP01-DEL06-MG
570508;25/12/2023;segunda-feira;15:45:00;PR;376;279;MARILANDIA DO SUL;Acumulo de água sobre o pavimento;Saída de leito carroçável;Com Vítimas Feridas;Pleno dia;Crescente;Chuva;Dupla;"Reta;Declive                  ";Não;4;0;2;2;0;0;4;1;-23,81033208;-51,2644279;SPRF-PR;DEL07-PR;UOP02-DEL07-PR
570509;25/12/2023;segunda-feira;16:15:00;ES;101;227,5;FUNDAO;Condutor deixou de manter distância do veículo da frente;Colisão lateral sentido oposto;Com Vítimas Feridas;Pleno dia;Decrescente;Céu Claro;Simples;Reta;Não;3;0;3;0;0;0;3;2;-19,909845;-40,406837;SPRF-ES;DEL02-ES;UOP01-DEL02-ES
570510;25/12/2023;segunda-feira;15:10:00;PR;376;128,7;ALTO PARANA;Avarias e/ou desgaste excessivo no pneu;Saída de leito carroçável;Com Vítimas Feridas;Pleno dia;Decrescente;Nublado;Dupla;"Reta;Declive                  ";Não;1;0;1;0;0;0;1;1;-23,164798;-52,25442;SPRF-PR;DEL09-PR;UOP02-DEL09-PR
570512;25/12/2023;segunda-feira;16:45:00;RS;392;66,8;PELOTAS;Desrespeitar a preferência no cruzamento;Colisão traseira;Com Vítimas Feridas;Pleno dia;Decrescente;Céu Claro;Simples;"Rotatória;Interseção de Vias  ";Sim;4;0;1;0;3;0;1;2;-31,7627503;-52,39165019;SPRF-RS;DEL07-RS;UOP01-DEL07-RS
570513;25/12/2023;segunda-feira;17:00:00;SC;101;191;BIGUACU;Ausência de reação do condutor;Colisão traseira;Com Vítimas Feridas;Pleno dia;Crescente;Céu Claro;Múltipla;Reta;Não;6;0;1;0;5;0;1;3;-27,47730273;-48,64127329;SPRF-SC;DEL01-SC;UOP01-DEL01-SC
570514;25/12/2023;segunda-feira;16:30:00;PR;376;470;PONTA GROSSA;Chuva;Capotamento;Sem Vítimas;Pleno dia;Decrescente;Chuva;Dupla;Curva;Não;1;0;0;0;1;0;0;1;-25,016889;-50,336946;SPRF-PR;DEL03-PR;UOP01-DEL03-PR
570515;20/11/2023;segunda-feira;01:05:00;MG;40;766;JUIZ DE FORA;Reação tardia ou ineficiente do condutor;Eventos atípicos;Com Vítimas Feridas;Plena Noite;Decrescente;Nublado;Simples;Reta;Não;2;0;0;1;1;0;1;1;-21,5688431;-43,47868311;SPRF-MG;DEL05-MG;UOP01-DEL05-MG
570516;25/12/2023;segunda-feira;16:25:00;PR;376;673;GUARATUBA;Velocidade Incompatível;Colisão traseira;Com Vítimas Feridas;Pleno dia;Decrescente;Céu Claro;Dupla;Curva;Não;4;0;1;1;2;0;2;2;-25,90092097;-48,92572096;SPRF-PR;DEL01-PR;UOP04-DEL01-PR
570517;25/12/2023;segunda-feira;16:44:00;PE;232;69;GRAVATA;Ausência de reação do condutor;Colisão traseira;Com Vítimas Feridas;Pleno dia;Crescente;Céu Claro;Dupla;"Reta;Aclive                   ";Não;3;0;1;0;2;0;1;2;-8,17240309;-35,47993595;SPRF-PE;DEL02-PE;UOP02-DEL02PE
570518;25/12/2023;segunda-feira;16:30:00;PB;230;41,3;SANTA RITA;Avarias e/ou desgaste excessivo no pneu;Saída de leito carroçável;Com Vítimas Feridas;Pleno dia;Decrescente;Céu Claro;Dupla;Curva;Sim;5;0;1;0;4;0;1;1;-7,1426;-34,9956;SPRF-PB;DEL01-PB;UOP03-DEL01-PB