id;data_inversa;dia_semana;horario;uf;br;km;municipio;causa_acidente;tipo_acidente;classificacao_acidente;fase_dia;sentido_via;condicao_metereologica;tipo_pista;tracado_via;uso_solo;pessoas;mortos;feridos_leves;feridos_graves;ilesos;ignorados;feridos;veiculos;latitude;longitude;regional;delegacia;uop
570519;25/12/2023;segunda-feira;16:34:00;PE;232;7,9;RECIFE;Condutor deixou de manter distância do veículo da frente;Colisão traseira;Com Vítimas Feridas;Pleno dia;Crescente;Céu Claro;Múltipla;Reta;Não;3;0;2;0;0;1;2;2;-8,07333497;-34,96184301;SPRF-PE;DEL01-PE;UOP01-DEL01-PE
570520;25/12/2023;segunda-feira;16:10:00;MA;402;128;PRIMEIRA CRUZ;Avarias e/ou desgaste excessivo no pneu;Saída de leito carroçável;Com Vítimas Feridas;Pleno dia;Decrescente;Céu Claro;Simples;Curva;Não;5;0;4;0;1;0;4;1;-2,762546;-43,326767;SPRF-MA;DEL01-MA;UOP01-DEL01-MA
570521;25/12/2023;segunda-feira;15:20:00;BA;101;254;CONCEICAO DO ALMEIDA;Desrespeitar a preferência no cruzamento;Colisão transversal;Com Vítimas Fatais;Pleno dia;Decrescente;Céu Claro;Simples;Interseção de Vias;Não;4;1;1;0;1;1;1;3;-12,9155839;-39,2439184;SPRF-BA;DEL01-BA;UOP02-DEL01-BA
570522;25/12/2023;segunda-feira;17:20:00;GO;153;517;APARECIDA DE GOIANIA;Velocidade Incompatível;Colisão traseira;Sem Vítimas;Pleno dia;Decrescente;Nublado;Dupla;Reta;Sim;2;0;0;0;2;0;0;2;-16,8581;-49,2488;SPRF-GO;DEL01-GO;UOP03-DEL01-GO
570523;25/12/2023;segunda-feira;15:00:00;MG;40;656,4;CRISTIANO OTONI;Chuva;Colisão com objeto;Com Vítimas Feridas;Pleno dia;Decrescente;Chuva;Dupla;"Curva;Declive                 ";Não;3;0;1;0;2;0;1;1;-20,87910383;-43,80064843;SPRF-MG;DEL05-MG;UOP02-DEL05-MG
570525;25/12/2023;segunda-feira;16:50:00;SP;153;161;PROMISSAO;Velocidade Incompatível;Queda de ocupante de veículo;Com Vítimas Feridas;Pleno dia;Crescente;Céu Claro;Simples;Rotatória;Não;1;0;1;0;0;0;1;1;-21,51633598;-49,78087709;SPRF-SP;DEL07-SP;UOP01-DEL07-SP
570526;25/12/2023;segunda-feira;16:45:00;PE;232;237;ARCOVERDE;Acessar a via sem observar a presença dos outros veículos;Colisão transversal;Com Vítimas Feridas;Anoitecer;Crescente;Céu Claro;Simples;Declive;Não;2;0;0;1;1;0;1;2;-8,41563421;-36,93527886;SPRF-PE;DEL04-PE;UOP02-DEL04-PE
570527;25/12/2023;segunda-feira;17:00:00;BA;101;370;GANDU;Transitar na contramão;Colisão frontal;Com Vítimas Fatais;Anoitecer;Decrescente;Céu Claro;Simples;Curva;Não;2;1;0;0;1;0;0;2;-13,91011604;-39,48155587;SPRF-BA;DEL05-BA;UOP03-DEL05-BA
570528;25/12/2023;segunda-feira;12:40:00;RJ;101;507;ANGRA DOS REIS;Reação tardia ou ineficiente do condutor;Atropelamento de Pedestre;Com Vítimas Feridas;Pleno dia;Decrescente;Nublado;Simples;Reta;Não;2;0;2;0;0;0;2;2;-22,93795948;-44,41352691;SPRF-RJ;DEL03-RJ;UOP03-DEL03-RJ
570529;25/12/2023;segunda-feira;16:50:00;RS;290;22,9;SANTO ANTONIO DA PATRULHA;Condutor deixou de manter distância do veículo da frente;Engavetamento;Com Vítimas Feridas;Pleno dia;Decrescente;Chuva;Múltipla;Reta;Não;4;0;1;0;3;0;1;3;-29,888826;-50,474819;SPRF-RS;DEL03-RS;UOP01-DEL03-RS
570530;25/12/2023;segunda-feira;17:30:00;SP;116;216;GUARULHOS;Avarias e/ou desgaste excessivo no pneu;Tombamento;Com Vítimas Feridas;Anoitecer;Crescente;Céu Claro;Dupla;Aclive;Sim;2;0;2;0;0;0;2;1;-23,45056589;-46,46258105;SPRF-SP;DEL01-SP;UOP01-DEL01-SP
570531;25/12/2023;segunda-feira;17:00:00;MG;262;121,5;RIO CASCA;Conversão proibida;Colisão transversal;Com Vítimas Feridas;Pleno dia;Crescente;Nublado;Simples;"Reta;Rotatória                ";Sim;4;0;2;0;2;0;2;2;-20,21117978;-42,65978336;SPRF-MG;DEL03-MG;UOP03-DEL03-MG
570532;25/12/2023;segunda-feira;17:20:00;SC;101;66;ARAQUARI;Reação tardia ou ineficiente do condutor;Tombamento;Com Vítimas Feridas;Pleno dia;Decrescente;Nublado;Dupla;Reta;Sim;2;0;2;0;0;0;2;1;-26,478474;-48,73863;SPRF-SC;DEL03-SC;UOP02-DEL03-SC
570533;25/12/2023;segunda-feira;17:30:00;RS;386;307,3;POUSO NOVO;Transitar na contramão;Colisão frontal;Com Vítimas Feridas;Pleno dia;Crescente;Garoa/Chuvisco;Simples;"Curva;Declive                 ";Não;5;0;3;1;1;0;4;2;-29,208324;-52,181264;SPRF-RS;DEL04-RS;UOP01-DEL04-RS
570534;25/12/2023;segunda-feira;17:15:00;GO;60;68,6;ABADIANIA;Reação tardia ou ineficiente do condutor;Colisão traseira;Com Vítimas Feridas;Pleno dia;Crescente;Céu Claro;Dupla;Reta;Não;8;0;1;0;7;0;1;2;-16,2295;-48,7547;SPRF-GO;DEL02-GO;UOP01-DEL02-GO
570535;25/12/2023;segunda-feira;17:00:00;MG;381;360;JOAO MONLEVADE;Chuva;Colisão transversal;Com Vítimas Feridas;Pleno dia;Crescente;Chuva;Simples;Reta;Não;6;0;4;0;2;0;4;2;-19,841038;-43,198837;SPRF-MG;DEL03-MG;UOP01-DEL03-MG
570536;25/12/2023;segunda-feira;17:30:00;PR;369;156;LONDRINA;Reação tardia ou ineficiente do condutor;Colisão traseira;Com Vítimas Feridas;Pleno dia;Decrescente;Chuva;Dupla;"Reta;Declive                  ";Sim;6;0;2;0;4;0;2;2;-23,2919148;-51,2179451;SPRF-PR;DEL07-PR;UOP01-DEL07-PR
570537;25/12/2023;segunda-feira;17:30:00;SC;101;129,4;CAMBORIU;Avarias e/ou desgaste excessivo no pneu;Tombamento;Com Vítimas Feridas;Pleno dia;Crescente;Céu Claro;Dupla;Reta;Sim;2;0;2;0;0;0;2;1;-26,98064277;-48,6790679;SPRF-SC;DEL04-SC;UOP03-DEL04-SC
570538;25/12/2023;segunda-feira;15:50:00;SP;116;7,2;QUELUZ;Ausência de reação do condutor;Colisão com objeto;Com Vítimas Feridas;Pleno dia;Crescente;Céu Claro;Dupla;Curva;Não;5;0;2;2;0;1;4;2;-22,53531603;-44,76219097;SPRF-SP;DEL08-SP;UOP02-DEL08-SP
570539;25/12/2023;segunda-feira;16:00:00;SC;101;253;PAULO LOPES;Ingestão de álcool pelo condutor;Tombamento;Com Vítimas Feridas;Pleno dia;Crescente;Sol;Simples;Reta;Não;1;0;0;1;0;0;1;1;-27,96492999;-48,67962057;SPRF-SC;DEL02-SC;UOP03-DEL02-SC
570540;25/12/2023;segunda-feira;17:00:00;MG;116;684,3;MURIAE;Desrespeitar a preferência no cruzamento;Colisão transversal;Sem Vítimas;Pleno dia;Decrescente;Céu Claro;Simples;"Reta;Interseção de Vias       ";Não;2;0;0;0;2;0;0;2;-20,97982153;-42,35476348;SPRF-MG;DEL07-MG;UOP02-DEL07-MG
570541;25/12/2023;segunda-feira;18:44:00;GO;40;1,7;VALPARAISO DE GOIAS;Trafegar com motocicleta (ou similar) entre as faixas;Colisão traseira;Com Vítimas Feridas;Anoitecer;Decrescente;Nublado;Dupla;Reta;Sim;2;0;0;1;1;0;1;2;-16,058245;-47,982825;SPRF-DF;DEL01-DF;UOP01-DEL01-DF
570542;25/12/2023;segunda-feira;15:45:00;MT;70;732;CACERES;Ultrapassagem Indevida;Colisão traseira;Com Vítimas Feridas;Pleno dia;Decrescente;Céu Claro;Simples;Reta;Sim;6;0;2;0;4;0;2;2;-16,14892769;-57,63505293;SPRF-MT;DEL03-MT;UOP01-DEL03-MT
570543;25/12/2023;segunda-feira;17:50:00;RJ;393;176,9;TRES RIOS;Velocidade Incompatível;Saída de leito carroçável;Com Vítimas Feridas;Anoitecer;Decrescente;Nublado;Simples;Reta;Não;1;0;1;0;0;0;1;1;-22,12586166;-43,21215519;SPRF-RJ;DEL05-RJ;UOP03-DEL05-RJ
570544;25/12/2023;segunda-feira;18:10:00;PB;101;89,5;JOAO PESSOA;Acessar a via sem observar a presença dos outros veículos;Colisão transversal;Com Vítimas Feridas;Plena Noite;Decrescente;Nublado;Dupla;Reta;Sim;3;0;1;0;2;0;1;2;-7,1710694;-34,89765372;SPRF-PB;DEL01-PB;UOP02-DEL01-PB
570545;25/12/2023;segunda-feira;16:40:00;BA;324;586;CANDEIAS;Condutor Dormindo;Saída de leito carroçável;Com Vítimas Feridas;Pleno dia;Crescente;Céu Claro;Dupla;Reta;Não;5;0;2;0;3;0;2;1;-12,63864013;-38,47736247;SPRF-BA;DEL01-BA;UOP01-DEL01-BA
570546;25/12/2023;segunda-feira;17:25:00;BA;324;589;CANDEIAS;Demais falhas mecânicas ou elétricas;Tombamento;Com Vítimas Feridas;Anoitecer;Crescente;Céu Claro;Dupla;"Reta;Declive                  ";Não;2;0;2;0;0;0;2;1;-12,66425409;-38,4707655;SPRF-BA;DEL01-BA;UOP01-DEL01-BA
570548;25/12/2023;segunda-feira;18:45:00;SE;101;91;NOSSA SENHORA DO SOCORRO;Pedestre cruzava a pista fora da faixa;Atropelamento de Pedestre;Com Vítimas Feridas;Plena Noite;Crescente;Céu Claro;Dupla;Reta;Sim;2;0;1;0;1;0;1;2;-10,89849802;-37,13176324;SPRF-SE;DEL01-SE;UOP01-DEL01-SE
570549;25/12/2023;segunda-feira;18:35:00;RS;472;580;URUGUAIANA;Acumulo de areia ou detritos sobre o pavimento;Tombamento;Com Vítimas Feridas;Pleno dia;Decrescente;Céu Claro;Simples;"Curva;Rotatória               ";Sim;1;0;1;0;0;0;1;1;-29,77054267;-57,05769897;SPRF-RS;DEL13-RS;UOP01-DEL13-RS
570550;25/12/2023;segunda-feira;19:06:00;RN;101;115;SAO JOSE DE MIPIBU;Pedestre andava na pista;Atropelamento de Pedestre;Com Vítimas Feridas;Plena Noite;Crescente;Céu Claro;Dupla;Reta;Sim;2;0;0;1;0;1;1;2;-5,99096804;-35,26381408;SPRF-RN;DEL01-RN;UOP01-DEL01-RN
570551;25/12/2023;segunda-feira;16:00:00;BA;101;273;SANTO ANTONIO DE JESUS;Transitar na contramão;Colisão lateral sentido oposto;Com Vítimas Feridas;Pleno dia;Decrescente;Céu Claro;Simples;"Aclive;Reta                   ";Não;8;0;6;0;2;0;6;3;-13,05717538;-39,28150463;SPRF-BA;DEL01-BA;UOP02-DEL01-BA
570552;25/12/2023;segunda-feira;17:00:00;RJ;40;122;DUQUE DE CAXIAS;Chuva;Colisão lateral mesmo sentido;Sem Vítimas;Pleno dia;Crescente;Chuva;Múltipla;Reta;Sim;2;0;0;0;2;0;0;2;-22,79184003;-43,28678727;SPRF-RJ;DEL01-RJ;UOP02-DEL01-RJ
570554;25/12/2023;segunda-feira;17:30:00;BA;110;9,5;PAULO AFONSO;Ausência de reação do condutor;Saída de leito carroçável;Com Vítimas Fatais;Pleno dia;Crescente;Céu Claro;Simples;Reta;Não;1;1;0;0;0;0;0;1;-9,53232396;-38,22095637;SPRF-BA;DEL07-BA;UOP01-DEL07-BA
570555;25/12/2023;segunda-feira;18:20:00;MA;222;674;ACAILANDIA;Condutor deixou de manter distância do veículo da frente;Engavetamento;Sem Vítimas;Anoitecer;Crescente;Céu Claro;Simples;"Reta;Aclive                   ";Sim;7;0;0;0;7;0;0;3;-4,93412557;-47,45359225;SPRF-MA;DEL04-MA;UOP03-DEL04-MA
570558;25/12/2023;segunda-feira;18:30:00;SP;101;46;UBATUBA;Trafegar com motocicleta (ou similar) entre as faixas;Colisão transversal;Com Vítimas Feridas;Anoitecer;Decrescente;Céu Claro;Dupla;Reta;Sim;3;0;1;0;2;0;1;2;-23,42403383;-45,07492113;SPRF-SP;DEL06-SP;UOP01-DEL06-SP
570560;25/12/2023;segunda-feira;18:00:00;RS;392;340;SANTA MARIA;Reação tardia ou ineficiente do condutor;Colisão traseira;Sem Vítimas;Pleno dia;Crescente;Céu Claro;Simples;Reta;Não;2;0;0;0;2;0;0;2;-29,82126107;-53,76729113;SPRF-RS;DEL09-RS;UOP01-DEL09-RS
570561;25/12/2023;segunda-feira;19:18:00;PB;230;25;JOAO PESSOA;Trafegar com motocicleta (ou similar) entre as faixas;Tombamento;Com Vítimas Feridas;Plena Noite;Decrescente;Céu Claro;Dupla;"Aclive;Reta                   ";Sim;2;0;0;2;0;0;2;1;-7,1707;-34,8684;SPRF-PB;DEL01-PB;UOP01-DEL01-PB
570563;25/12/2023;segunda-feira;18:00:00;GO;153;568;PROFESSOR JAMIL;Ausência de reação do condutor;Saída de leito carroçável;Com Vítimas Feridas;Anoitecer;Decrescente;Garoa/Chuvisco;Dupla;Curva;Não;2;0;2;0;0;0;2;1;-17,2854;-49,2361;SPRF-GO;DEL03-GO;UOP01-DEL03-GO
570564;25/12/2023;segunda-feira;17:15:00;RS;290;395;SANTA MARGARIDA DO SUL;Ausência de reação do condutor;Saída de leito carroçável;Com Vítimas Feridas;Pleno dia;Decrescente;Céu Claro;Simples;Reta;Não;1;0;1;0;0;0;1;1;-30,344987;-54,111747;SPRF-RS;DEL09-RS;UOP02-DEL09-RS
570565;25/12/2023;segunda-feira;17:30:00;MG;262;450;NOVA SERRANA;Ingestão de álcool pelo condutor;Colisão traseira;Sem Vítimas;Anoitecer;Crescente;Nublado;Simples;Reta;Não;4;0;0;0;4;0;0;2;-19,85157369;-45,02763748;SPRF-MG;DEL08-MG;UOP03-DEL08-MG
570566;25/12/2023;segunda-feira;14:15:00;PI;135;546;SAO GONCALO DO GURGUEIA;Ingestão de álcool pelo condutor;Saída de leito carroçável;Com Vítimas Fatais;Pleno dia;Decrescente;Sol;Simples;Reta;Não;1;1;0;0;0;0;0;1;-10,07967097;-45,26635296;SPRF-PI;DEL03-PI;UOP02-DEL03-PI
570567;25/12/2023;segunda-feira;19:45:00;BA;116;437,1;FEIRA DE SANTANA;Pedestre - Ingestão de álcool/ substâncias psicoativas;Atropelamento de Pedestre;Com Vítimas Feridas;Plena Noite;Decrescente;Céu Claro;Dupla;Reta;Não;2;0;1;0;0;1;1;2;-12,30757399;-39,04263987;SPRF-BA;DEL02-BA;UOP01-DEL02-BA
570568;25/12/2023;segunda-feira;19:20:00;RJ;101;74;CAMPOS DOS GOYTACAZES;Ausência de reação do condutor;Colisão traseira;Com Vítimas Feridas;Plena Noite;Crescente;Chuva;Simples;Reta;Sim;3;0;1;0;2;0;1;2;-21,807232;-41,39734312;SPRF-RJ;DEL08-RJ;UOP02-DEL08-RJ
570569;25/12/2023;segunda-feira;19:30:00;PE;101;71;RECIFE;Ausência de reação do condutor;Colisão com objeto;Com Vítimas Feridas;Plena Noite;Crescente;Nublado;Dupla;Reta;Sim;1;0;1;0;0;0;1;1;-8,07663102;-34,94277871;SPRF-PE;DEL01-PE;UOP01-DEL01-PE
570570;25/12/2023;segunda-feira;17:30:00;PE;232;48;VITORIA DE SANTO ANTAO;Velocidade Incompatível;Colisão lateral mesmo sentido;Com Vítimas Feridas;Plena Noite;Decrescente;Nublado;Dupla;Reta;Não;7;0;2;0;5;0;2;2;-8,14168181;-35,30561909;SPRF-PE;DEL01-PE;UOP01-DEL01-PE
570571;25/12/2023;segunda-feira;19:45:00;PR;376;218;JANDAIA DO SUL;Ultrapassagem Indevida;Colisão lateral mesmo sentido;Com Vítimas Feridas;Plena Noite;Decrescente;Céu Claro;Simples;Reta;Sim;2;0;1;0;1;0;1;2;-23,59717604;-51,615043;SPRF-PR;DEL09-PR;UOP01-DEL09-PR
570572;25/12/2023;segunda-feira;16:40:00;PR;476;86;BOCAIUVA DO SUL;Ultrapassagem Indevida;Colisão frontal;Com Vítimas Feridas;Pleno dia;Crescente;Céu Claro;Simples;Reta;Não;5;0;2;2;0;1;4;3;-25,16914885;-49,11456227;SPRF-PR;DEL01-PR;UOP01-DEL01-PR
570573;25/12/2023;segunda-feira;15:30:00;RS;116;435;CRISTAL;Avarias e/ou desgaste excessivo no pneu;Saída de leito carroçável;Sem Vítimas;Pleno dia;Decrescente;Chuva;Dupla;"Aclive;Reta                   ";Não;2;0;0;0;2;0;0;1;-31,057882;-52,03811184;SPRF-RS;DEL02-RS;UOP02-DEL02-RS
570574;25/12/2023;segunda-feira;18:00:00;RJ;101;209;CASIMIRO DE ABREU;Velocidade Incompatível;Saída de leito carroçável;Com Vítimas Feridas;Anoitecer;Decrescente;Chuva;Dupla;Curva;Não;3;0;3;0;0;0;3;1;-22,48133694;-42,22930101;SPRF-RJ;DEL08-RJ;UOP04-DEL08-RJ
570575;25/12/2023;segunda-feira;19:00:00;PE;104;117;PANELAS;Animais na Pista;Atropelamento de Animal;Com Vítimas Feridas;Plena Noite;Crescente;Céu Claro;Simples;Reta;Não;2;0;2;0;0;0;2;1;-8,678699;-36,015617;SPRF-PE;DEL02-PE;UOP03-DEL02-PE
570576;25/12/2023;segunda-feira;15:14:00;MT;364;278;JACIARA;Reação tardia ou ineficiente do condutor;Queda de ocupante de veículo;Com Vítimas Feridas;Pleno dia;Decrescente;Chuva;Dupla;"Curva;Declive                 ";Não;2;0;1;0;1;0;1;1;-15,94550399;-55,00613199;SPRF-MT;DEL05-MT;UOP02-DEL05-MT
570577;25/12/2023;segunda-feira;19:00:00;PA;230;1118;ITAITUBA;Animais na Pista;Atropelamento de Animal;Sem Vítimas;Plena Noite;Crescente;Garoa/Chuvisco;Simples;Reta;Não;3;0;0;0;3;0;0;2;-4,36385431;-55,82230787;SPRF-PA;DEL05-PA;UOP02-DEL05-PA
570578;25/12/2023;segunda-feira;17:30:00;RS;287;355;JAGUARI;Desrespeitar a preferência no cruzamento;Colisão transversal;Sem Vítimas;Pleno dia;Crescente;Céu Claro;Simples;Interseção de Vias;Não;2;0;0;0;2;0;0;2;-29,48239552;-54,68966675;SPRF-RS;DEL12-RS;UOP02-DEL12-RS
570580;25/12/2023;segunda-feira;20:30:00;RJ;393;281;VOLTA REDONDA;Demais falhas na via;Colisão transversal;Com Vítimas Feridas;Plena Noite;Crescente;Céu Claro;Simples;Interseção de Vias;Sim;5;0;1;0;4;0;1;2;-22,47347026;-44,06090652;SPRF-RJ;DEL05-RJ;UOP04-DEL05-RJ
570581;25/12/2023;segunda-feira;18:50:00;MG;262;121;RIO CASCA;Acessar a via sem observar a presença dos outros veículos;Colisão transversal;Com Vítimas Feridas;Anoitecer;Crescente;Chuva;Simples;"Reta;Interseção de Vias       ";Não;3;0;2;0;1;0;2;2;-20,21312389;-42,65721909;SPRF-MG;DEL03-MG;UOP03-DEL03-MG
570582;25/12/2023;segunda-feira;20:15:00;PE;423;75;JUPI;Conversão proibida;Colisão frontal;Com Vítimas Feridas;Plena Noite;Decrescente;Céu Claro;Simples;"Aclive;Reta                   ";Não;2;0;0;1;1;0;1;2;-8,72421234;-36,42879161;SPRF-PE;DEL03-PE;UOP01-DEL03-PE
570583;25/12/2023;segunda-feira;15:00:00;AM;174;963,6;MANAUS;Demais Fenômenos da natureza;Colisão com objeto;Com Vítimas Feridas;Pleno dia;Crescente;Garoa/Chuvisco;Simples;Reta;Não;3;0;2;0;0;1;2;2;-2,28367197;-60,04203523;SPRF-AM;DEL01-AM;UOP01-DEL01-AM
570585;25/12/2023;segunda-feira;20:02:00;PR;376;181,1;SARANDI;Ausência de reação do condutor;Colisão com objeto;Com Vítimas Feridas;Plena Noite;Crescente;Nublado;Dupla;"Reta;Em Obras                 ";Sim;1;0;1;0;0;0;1;1;-23,43197477;-51,88671852;SPRF-PR;DEL09-PR;UOP01-DEL09-PR
570586;25/12/2023;segunda-feira;20:00:00;RO;364;516;ARIQUEMES;Deficiência do Sistema de Iluminação/Sinalização;Colisão traseira;Com Vítimas Feridas;Plena Noite;Decrescente;Garoa/Chuvisco;Simples;Reta;Sim;3;0;3;0;0;0;3;2;-9,915961;-63,05532;SPRF-RO;DEL03-RO;UOP01-DEL03-RO
570587;25/12/2023;segunda-feira;21:00:00;RJ;40;84;DUQUE DE CAXIAS;Condutor Dormindo;Saída de leito carroçável;Com Vítimas Feridas;Plena Noite;Decrescente;Céu Claro;Simples;Reta;Não;4;0;4;0;0;0;4;1;-22,52145512;-43,23707996;SPRF-RJ;DEL01-RJ;UOP01-DEL01-RJ
570588;25/12/2023;segunda-feira;20:15:00;PR;116;126;FAZENDA RIO GRANDE;Ingestão de álcool pelo condutor;Colisão traseira;Sem Vítimas;Plena Noite;Crescente;Céu Claro;Dupla;Reta;Não;6;0;0;0;6;0;0;2;-25,63384273;-49,313436;SPRF-PR;DEL01-PR;UOP03-DEL01-PR
570589;25/12/2023;segunda-feira;19:45:00;SC;101;313,7;LAGUNA;Ausência de reação do condutor;Tombamento;Sem Vítimas;Plena Noite;Decrescente;Nublado;Simples;Reta;Não;1;0;0;0;1;0;0;1;-28,43246821;-48,83903503;SPRF-SC;DEL02-SC;UOP01-DEL02-SC
570590;25/12/2023;segunda-feira;20:50:00;DF;251;34,3;BRASILIA;Entrada inopinada do pedestre;Atropelamento de Pedestre;Com Vítimas Feridas;Plena Noite;Crescente;Céu Claro;Simples;Reta;Sim;2;0;0;1;1;0;1;2;-15,938301;-47,759799;SPRF-DF;DEL01-DF;UOP01-DEL01-DF
570591;25/12/2023;segunda-feira;19:30:00;SC;101;4,6;ARARANGUA;Ausência de reação do condutor;Colisão traseira;Sem Vítimas;Plena Noite;Decrescente;Nublado;Simples;Reta;Sim;3;0;0;0;3;0;0;2;-28,956176;-49,51213;SPRF-SC;DEL02-SC;UOP02-DEL02-SC
570592;25/12/2023;segunda-feira;19:30:00;CE;403;6,2;ACARAU;Transitar na contramão;Colisão frontal;Com Vítimas Fatais;Plena Noite;Decrescente;Céu Claro;Simples;Reta;Não;2;1;0;0;0;1;0;2;-2,947533;-40,122369;SPRF-CE;DEL01-CE;UOP03-DEL01-CE
570593;25/12/2023;segunda-feira;16:35:00;PR;373;175,8;PONTA GROSSA;Velocidade Incompatível;Colisão com objeto;Com Vítimas Feridas;Pleno dia;Crescente;Céu Claro;Dupla;Curva;Não;1;0;1;0;0;0;1;1;-25,06728094;-50,21211882;SPRF-PR;DEL03-PR;UOP01-DEL03-PR
570594;25/12/2023;segunda-feira;21:40:00;SC;101;378;ICARA;Reação tardia ou ineficiente do condutor;Saída de leito carroçável;Com Vítimas Feridas;Plena Noite;Crescente;Ignorado;Simples;Rotatória;Não;2;0;1;0;1;0;1;1;-28,741853;-49,251657;SPRF-SC;DEL02-SC;UOP02-DEL02-SC
570595;25/12/2023;segunda-feira;22:25:00;PB;230;118,6;RIACHAO DO BACAMARTE;Ausência de reação do condutor;Saída de leito carroçável;Com Vítimas Feridas;Plena Noite;Crescente;Céu Claro;Dupla;Reta;Não;2;0;2;0;0;0;2;1;-7,2409;-35,6225;SPRF-PB;DEL02-PB;UOP01-DEL02-PB
570596;25/12/2023;segunda-feira;21:00:00;SC;282;645;SAO MIGUEL DO OESTE;Acessar a via sem observar a presença dos outros veículos;Colisão transversal;Com Vítimas Feridas;Plena Noite;Decrescente;Céu Claro;Simples;Reta;Não;2;0;0;1;1;0;1;2;-26,765184;-53,487823;SPRF-SC;DEL07-SC;UOP03-DEL07-SC
570597;25/12/2023;segunda-feira;21:05:00;PR;277;150,2;PORTO AMAZONAS;Entrada inopinada do pedestre;Atropelamento de Pedestre;Com Vítimas Fatais;Plena Noite;Decrescente;Céu Claro;Simples;Reta;Não;2;1;0;0;1;0;0;2;-25,473068;-49,827552;SPRF-PR;DEL03-PR;UOP03-DEL03-PR
570600;25/12/2023;segunda-feira;22:15:00;RS;392;326;SAO SEPE;Ausência de reação do condutor;Saída de leito carroçável;Com Vítimas Feridas;Plena Noite;Crescente;Céu Claro;Simples;Reta;Não;1;0;0;1;0;0;1;1;-29,9421429;-53,70687962;SPRF-RS;DEL09-RS;UOP01-DEL09-RS
570601;25/12/2023;segunda-feira;22:20:00;RN;226;121,8;LAJES PINTADAS;Animais na Pista;Colisão traseira;Com Vítimas Fatais;Plena Noite;Decrescente;Céu Claro;Simples;"Curva;Aclive                  ";Não;6;1;0;3;2;0;3;2;-6,19330923;-36,08467509;SPRF-RN;DEL03-RN;UOP02-DEL03-RN
570604;25/12/2023;segunda-feira;22:35:00;SE;101;132,4;ESTANCIA;Reação tardia ou ineficiente do condutor;Saída de leito carroçável;Com Vítimas Feridas;Plena Noite;Crescente;Céu Claro;Dupla;"Retorno Regulamentado;Declive ";Não;1;0;0;1;0;0;1;1;-11,11494293;-37,37630816;SPRF-SE;DEL02-SE;UOP01-DEL02-SE
570605;25/12/2023;segunda-feira;21:00:00;AL;316;198;MARIBONDO;Demais falhas mecânicas ou elétricas;Incêndio;Sem Vítimas;Plena Noite;Decrescente;Céu Claro;Simples;Reta;Não;1;0;0;0;0;1;0;1;-9,57581486;-36,34238194;SPRF-AL;DEL03-AL;UOP01-DEL03-AL
570606;25/12/2023;segunda-feira;23:35:00;MG;40;787;JUIZ DE FORA;Demais falhas mecânicas ou elétricas;Saída de leito carroçável;Com Vítimas Feridas;Plena Noite;Crescente;Céu Claro;Dupla;Curva;Não;3;0;2;0;1;0;2;1;-21,73607735;-43,44262787;SPRF-MG;DEL05-MG;UOP01-DEL05-MG
570607;26/12/2023;terça-feira;00:15:00;SP;116;230;SAO PAULO;Entrada inopinada do pedestre;Atropelamento de Pedestre;Com Vítimas Fatais;Plena Noite;Crescente;Céu Claro;Múltipla;Reta;Sim;2;1;0;0;1;0;0;2;-23,52251783;-46,5855702;SPRF-SP;DEL01-SP;UOP01-DEL01-SP
570608;25/12/2023;segunda-feira;22:55:00;MG;381;521,5;BRUMADINHO;Reação tardia ou ineficiente do condutor;Colisão com objeto;Com Vítimas Feridas;Plena Noite;Decrescente;Chuva;Dupla;Curva;Não;2;0;1;0;1;0;1;1;-20,13846621;-44,31715274;SPRF-MG;DEL04-MG;UOP03-DEL04-MG
570609;25/12/2023;segunda-feira;21:58:00;MA;135;66;SANTA RITA;Ausência de reação do condutor;Atropelamento de Pedestre;Com Vítimas Feridas;Plena Noite;Crescente;Céu Claro;Dupla;"Reta;Declive                  ";Não;2;0;0;1;1;0;1;2;-3,10577998;-44,32276839;SPRF-MA;DEL01-MA;UOP02-DEL01-MA
570610;25/12/2023;segunda-feira;23:40:00;PR;467;102,8;CASCAVEL;Ingestão de álcool pelo condutor;Colisão com objeto;Com Vítimas Feridas;Plena Noite;Crescente;Céu Claro;Dupla;Reta;Não;2;0;1;0;1;0;1;1;-24,9036;-53,5184;SPRF-PR;DEL04-PR;UOP01-DEL04-PR
570611;25/12/2023;segunda-feira;23:30:00;RS;290;583;ALEGRETE;Ingestão de álcool pelo condutor;Saída de leito carroçável;Com Vítimas Feridas;Plena Noite;Decrescente;Céu Claro;Simples;"Interseção de Vias;Rotatória  ";Sim;1;0;1;0;0;0;1;1;-29,81260931;-55,80626607;SPRF-RS;DEL13-RS;UOP02-DEL13-RS
570613;26/12/2023;terça-feira;01:40:00;RS;153;44,5;ERECHIM;Condutor usando celular;Colisão com objeto;Sem Vítimas;Plena Noite;Crescente;Céu Claro;Simples;Rotatória;Sim;1;0;0;0;1;0;0;1;-27,62312752;-52,23687793;SPRF-RS;DEL08-RS;UOP04-DEL08-RS
570614;26/12/2023;terça-feira;02:34:00;GO;40;0;VALPARAISO DE GOIAS;Reação tardia ou ineficiente do condutor;Capotamento;Com Vítimas Feridas;Plena Noite;Crescente;Nevoeiro/Neblina;Múltipla;Reta;Sim;4;0;3;0;1;0;3;1;-16,058273;-47,982655;SPRF-DF;DEL01-DF;UOP01-DEL01-DF