id;data_inversa;dia_semana;horario;uf;br;km;municipio;causa_acidente;tipo_acidente;classificacao_acidente;fase_dia;sentido_via;condicao_metereologica;tipo_pista;tracado_via;uso_solo;pessoas;mortos;feridos_leves;feridos_graves;ilesos;ignorados;feridos;veiculos;latitude;longitude;regional;delegacia;uop
570615;26/12/2023;terça-feira;01:45:00;MA;222;210;ITAPECURU MIRIM;Acessar a via sem observar a presença dos outros veículos;Colisão transversal;Com Vítimas Fatais;Plena Noite;Decrescente;Céu Claro;Simples;Reta;Sim;3;1;0;1;0;1;1;2;-3,37955383;-44,37616688;SPRF-MA;DEL01-MA;UOP02-DEL01-MA
570616;26/12/2023;terça-feira;01:13:00;SC;470;68,1;INDAIAL;Velocidade Incompatível;Colisão com objeto;Com Vítimas Feridas;Plena Noite;Crescente;Nublado;Dupla;"Interseção de Vias;Ponte;Reta;";Sim;1;0;0;1;0;0;1;1;-26,87818178;-49,24050808;SPRF-SC;DEL04-SC;UOP01-DEL04-SC
570617;26/12/2023;terça-feira;02:46:00;PE;232;4,9;RECIFE;Reação tardia ou ineficiente do condutor;Saída de leito carroçável;Sem Vítimas;Plena Noite;Crescente;Céu Claro;Dupla;Curva;Não;1;0;0;0;0;1;0;1;-8,064473;-34,936928;SPRF-PE;DEL01-PE;UOP01-DEL01-PE
570618;26/12/2023;terça-feira;03:00:00;SP;116;227;GUARULHOS;Pedestre andava na pista;Atropelamento de Pedestre;Com Vítimas Feridas;Plena Noite;Decrescente;Ignorado;Múltipla;Reta;Sim;2;0;2;0;0;0;2;2;-23,49659264;-46,55648754;SPRF-SP;DEL01-SP;UOP01-DEL01-SP
570619;26/12/2023;terça-feira;03:10:00;RJ;101;418;MANGARATIBA;Ausência de reação do condutor;Saída de leito carroçável;Com Vítimas Fatais;Plena Noite;Decrescente;Céu Claro;Simples;Curva;Não;3;1;2;0;0;0;2;1;-22,9178274;-43,90471593;SPRF-RJ;DEL03-RJ;UOP02-DEL03-RJ
570621;26/12/2023;terça-feira;04:25:00;SC;101;219;PALHOCA;Ausência de reação do condutor;Capotamento;Com Vítimas Feridas;Plena Noite;Decrescente;Céu Claro;Múltipla;Reta;Não;1;0;1;0;0;0;1;1;-27,68392194;-48,66710085;SPRF-SC;DEL01-SC;UOP02-DEL01-SC
570622;26/12/2023;terça-feira;02:40:00;PB;230;176,6;POCINHOS;Ausência de reação do condutor;Colisão traseira;Com Vítimas Fatais;Plena Noite;Decrescente;Chuva;Simples;Reta;Não;4;1;1;0;2;0;1;2;-7,1733;-36,0333;SPRF-PB;DEL02-PB;UOP02-DEL02-PB
570624;26/12/2023;terça-feira;04:45:00;DF;20;36;BRASILIA;Ingestão de álcool pelo condutor;Saída de leito carroçável;Com Vítimas Feridas;Plena Noite;Crescente;Chuva;Dupla;Reta;Não;2;0;1;0;1;0;1;1;-15,581923;-47,549881;SPRF-DF;DEL02-DF;UOP01-DEL02-DF
570625;26/12/2023;terça-feira;05:40:00;GO;20;15,9;FORMOSA;Transitar na contramão;Colisão lateral mesmo sentido;Com Vítimas Feridas;Pleno dia;Crescente;Garoa/Chuvisco;Simples;Reta;Não;3;0;1;0;2;0;1;2;-15,56293359;-47,21678247;SPRF-DF;DEL02-DF;UOP02-DEL02-DF
570626;26/12/2023;terça-feira;04:40:00;PE;408;94;SAO LOURENCO DA MATA;Ausência de reação do condutor;Colisão com objeto;Com Vítimas Fatais;Amanhecer;Decrescente;Chuva;Dupla;Retorno Regulamentado;Sim;1;1;0;0;0;0;0;1;-8,005804;-35,044042;SPRF-PE;DEL01-PE;UOP01-DEL01-PE
570627;26/12/2023;terça-feira;06:20:00;MG;50;60,8;UBERLANDIA;Avarias e/ou desgaste excessivo no pneu;Tombamento;Com Vítimas Feridas;Pleno dia;Decrescente;Céu Claro;Dupla;"Reta;Declive                  ";Não;2;0;2;0;0;0;2;1;-18,80909682;-48,24439716;SPRF-MG;DEL15-MG;UOP02-DEL15-MG
570628;25/12/2023;segunda-feira;21:30:00;PB;361;7;PATOS;Demais falhas mecânicas ou elétricas;Saída de leito carroçável;Com Vítimas Feridas;Plena Noite;Decrescente;Céu Claro;Simples;Reta;Sim;1;0;1;0;0;0;1;1;-7,03750454;-37,3199449;SPRF-PB;DEL03-PB;UOP01-DEL03-PB
570630;26/12/2023;terça-feira;07:15:00;PE;408;94,2;SAO LOURENCO DA MATA;Curva acentuada;Queda de ocupante de veículo;Com Vítimas Feridas;Pleno dia;Decrescente;Chuva;Simples;Curva;Não;1;0;0;1;0;0;1;1;-8,00448211;-35,04643006;SPRF-PE;DEL01-PE;UOP01-DEL01-PE
570631;26/12/2023;terça-feira;07:20:00;PE;408;100,6;SAO LOURENCO DA MATA;Demais falhas na via;Saída de leito carroçável;Com Vítimas Feridas;Pleno dia;Crescente;Nublado;Dupla;Viaduto;Não;1;0;1;0;0;0;1;1;-8,04364056;-35,01674995;SPRF-PE;DEL01-PE;UOP01-DEL01-PE
570632;26/12/2023;terça-feira;06:10:00;DF;20;28;BRASILIA;Chuva;Capotamento;Com Vítimas Feridas;Pleno dia;Decrescente;Chuva;Dupla;Reta;Não;2;0;1;0;1;0;1;1;-15,598319;-47,621925;SPRF-DF;DEL02-DF;UOP01-DEL02-DF
570633;25/12/2023;segunda-feira;04:00:00;MT;70;671,8;CACERES;Ausência de reação do condutor;Saída de leito carroçável;Com Vítimas Feridas;Amanhecer;Crescente;Ignorado;Simples;Reta;Não;1;0;0;1;0;0;1;1;-16,055449;-57,26798899;SPRF-MT;DEL03-MT;UOP02-DEL03-MT
570636;26/12/2023;terça-feira;07:18:00;SC;280;166;MAFRA;Ausência de reação do condutor;Engavetamento;Com Vítimas Feridas;Amanhecer;Crescente;Céu Claro;Simples;Reta;Não;9;0;1;0;8;0;1;5;-26,17713619;-49,81611416;SPRF-SC;DEL06-SC;UOP01-DEL06-SC
570639;26/12/2023;terça-feira;06:20:00;PB;230;133;MASSARANDUBA;Chuva;Saída de leito carroçável;Com Vítimas Feridas;Amanhecer;Crescente;Céu Claro;Dupla;Curva;Não;1;0;1;0;0;0;1;1;-7,2767;-35,7464;SPRF-PB;DEL02-PB;UOP01-DEL02-PB
570640;26/12/2023;terça-feira;05:20:00;RJ;116;148;DUQUE DE CAXIAS;Manobra de mudança de faixa;Queda de ocupante de veículo;Com Vítimas Feridas;Amanhecer;Crescente;Céu Claro;Múltipla;Reta;Não;1;0;1;0;0;0;1;1;-22,6723488;-43,28215398;SPRF-RJ;DEL01-RJ;UOP02-DEL01-RJ
570641;26/12/2023;terça-feira;07:40:00;MG;50;178;UBERABA;Reação tardia ou ineficiente do condutor;Saída de leito carroçável;Com Vítimas Feridas;Pleno dia;Crescente;Céu Claro;Dupla;Reta;Não;1;0;1;0;0;0;1;1;-19,77896821;-47,94093599;SPRF-MG;DEL13-MG;UOP01-DEL13-MG
570642;26/12/2023;terça-feira;06:00:00;PB;230;136;MASSARANDUBA;Ausência de reação do condutor;Capotamento;Com Vítimas Feridas;Amanhecer;Decrescente;Chuva;Dupla;Reta;Não;1;0;1;0;0;0;1;1;-7,2818;-35,7675;SPRF-PB;DEL02-PB;UOP01-DEL02-PB
570643;26/12/2023;terça-feira;07:00:00;PE;408;73,5;PAUDALHO;Chuva;Saída de leito carroçável;Com Vítimas Fatais;Pleno dia;Decrescente;Chuva;Dupla;"Curva;Aclive                  ";Não;1;1;0;0;0;0;0;1;-7,89069683;-35,17793383;SPRF-PE;DEL01-PE;UOP01-DEL01-PE
570644;26/12/2023;terça-feira;07:30:00;PR;116;102,9;SAO JOSE DOS PINHAIS;Condutor deixou de manter distância do veículo da frente;Colisão traseira;Com Vítimas Feridas;Amanhecer;Crescente;Céu Claro;Dupla;"Reta;Interseção de Vias       ";Sim;3;0;2;0;1;0;2;2;-25,569568;-49,185108;SPRF-PR;DEL01-PR;UOP07-DEL01-PR
570645;26/12/2023;terça-feira;07:30:00;RJ;495;26;PETROPOLIS;Acessar a via sem observar a presença dos outros veículos;Colisão transversal;Com Vítimas Feridas;Pleno dia;Crescente;Céu Claro;Simples;Interseção de Vias;Sim;3;0;1;0;2;0;1;2;-22,39540102;-43,11494887;SPRF-RJ;DEL05-RJ;UOP02-DEL05-RJ
570646;26/12/2023;terça-feira;07:45:00;RS;116;257,6;ESTEIO;Acessar a via sem observar a presença dos outros veículos;Colisão transversal;Com Vítimas Feridas;Pleno dia;Decrescente;Céu Claro;Dupla;"Reta;Interseção de Vias       ";Sim;3;0;0;1;2;0;1;2;-29,85810105;-51,18111849;SPRF-RS;DEL01-RS;UOP02-DEL01-RS
570647;26/12/2023;terça-feira;08:30:00;SC;101;335;TUBARAO;Desrespeitar a preferência no cruzamento;Colisão transversal;Com Vítimas Feridas;Pleno dia;Decrescente;Sol;Simples;"Interseção de Vias;Rotatória  ";Não;2;0;1;0;1;0;1;2;-28,47669832;-49,0297401;SPRF-SC;DEL02-SC;UOP01-DEL02-SC
570648;26/12/2023;terça-feira;07:25:00;RJ;116;171;RIO DE JANEIRO;Reação tardia ou ineficiente do condutor;Engavetamento;Sem Vítimas;Pleno dia;Decrescente;Céu Claro;Múltipla;Reta;Não;5;0;0;0;5;0;0;5;-22,8060415;-43,34289573;SPRF-RJ;DEL06-RJ;UOP01-DEL06-RJ
570649;26/12/2023;terça-feira;08:35:00;MG;381;483;BETIM;Trafegar com motocicleta (ou similar) entre as faixas;Tombamento;Com Vítimas Feridas;Pleno dia;Decrescente;Nublado;Múltipla;"Aclive;Reta                   ";Sim;1;0;1;0;0;0;1;1;-19,95594491;-44,10721699;SPRF-MG;DEL01-MG;UOP03-DEL01-MG
570651;26/12/2023;terça-feira;08:29:00;PE;101;58;RECIFE;Transitar no Acostamento;Atropelamento de Pedestre;Com Vítimas Feridas;Pleno dia;Crescente;Nublado;Dupla;Declive;Sim;3;0;2;1;0;0;3;2;-7,97063209;-34,92064675;SPRF-PE;DEL01-PE;UOP02-DEL01-PE
570652;26/12/2023;terça-feira;09:30:00;BA;116;815;VITORIA DA CONQUISTA;Acessar a via sem observar a presença dos outros veículos;Colisão transversal;Com Vítimas Feridas;Pleno dia;Decrescente;Céu Claro;Simples;Reta;Sim;2;0;0;1;1;0;1;2;-14,77315332;-40,72201784;SPRF-BA;DEL08-BA;UOP01-DEL08-BA
570653;26/12/2023;terça-feira;09:40:00;RS;285;293;PASSO FUNDO;Desrespeitar a preferência no cruzamento;Colisão transversal;Com Vítimas Feridas;Pleno dia;Crescente;Sol;Simples;Interseção de Vias;Sim;3;0;3;0;0;0;3;2;-28,236645;-52,375156;SPRF-RS;DEL08-RS;UOP03-DEL08-RS
570654;26/12/2023;terça-feira;07:40:00;MT;163;112,3;RONDONOPOLIS;Acumulo de água sobre o pavimento;Saída de leito carroçável;Com Vítimas Feridas;Pleno dia;Crescente;Chuva;Dupla;"Reta;Declive                  ";Não;1;0;1;0;0;0;1;1;-16,56184522;-54,67930759;SPRF-MT;DEL02-MT;UOP01-DEL02-MT
570656;26/12/2023;terça-feira;09:35:00;PR;376;674,9;GUARATUBA;Manobra de mudança de faixa;Colisão lateral mesmo sentido;Com Vítimas Feridas;Pleno dia;Decrescente;Céu Claro;Dupla;Reta;Não;3;0;1;0;1;1;1;3;-25,90851198;-48,92070682;SPRF-PR;DEL01-PR;UOP04-DEL01-PR
570657;24/12/2023;domingo;10:10:00;RS;290;239,8;RIO PARDO;Afundamento ou ondulação no pavimento;Eventos atípicos;Sem Vítimas;Pleno dia;Decrescente;Céu Claro;Simples;Reta;Não;2;0;0;0;2;0;0;1;-30,22166461;-52,62934506;SPRF-RS;DEL02-RS;UOP03-DEL02-RS
570658;25/12/2023;segunda-feira;06:00:00;MT;70;5;BARRA DO GARCAS;Ausência de reação do condutor;Colisão com objeto;Sem Vítimas;Pleno dia;Crescente;Céu Claro;Dupla;Declive;Não;1;0;0;0;1;0;0;1;-15,87814789;-52,296134;SPRF-MT;DEL07-MT;UOP01-DEL07-MT
570660;26/12/2023;terça-feira;07:40:00;PR;277;232;FERNANDES PINHEIRO;Ausência de reação do condutor;Colisão transversal;Com Vítimas Feridas;Pleno dia;Crescente;Céu Claro;Simples;Reta;Sim;4;0;4;0;0;0;4;2;-25,4687637;-50,47923205;SPRF-PR;DEL08-PR;UOP02-DEL08-PR
570661;26/12/2023;terça-feira;10:00:00;RJ;101;118;CAMPOS DOS GOYTACAZES;Ausência de reação do condutor;Colisão com objeto;Com Vítimas Feridas;Pleno dia;Crescente;Nublado;Dupla;"Reta;Interseção de Vias       ";Não;1;0;1;0;0;0;1;1;-22,01462656;-41,67706468;SPRF-RJ;DEL08-RJ;UOP02-DEL08-RJ
570662;26/12/2023;terça-feira;10:10:00;SE;101;110,6;SAO CRISTOVAO;Avarias e/ou desgaste excessivo no pneu;Colisão traseira;Com Vítimas Feridas;Pleno dia;Crescente;Céu Claro;Dupla;Reta;Não;3;0;1;0;2;0;1;3;-10,96959411;-37,27937094;SPRF-SE;DEL02-SE;UOP01-DEL02-SE
570663;25/12/2023;segunda-feira;13:00:00;MG;116;606,6;SAO JOAO DO MANHUACU;Condutor deixou de manter distância do veículo da frente;Colisão traseira;Com Vítimas Feridas;Pleno dia;Decrescente;Nublado;Simples;Reta;Sim;2;0;1;0;1;0;1;2;-20,41028175;-42,1528244;SPRF-MG;DEL06-MG;UOP03-DEL06-MG
570665;26/12/2023;terça-feira;09:50:00;SC;470;46,6;BLUMENAU;Acessar a via sem observar a presença dos outros veículos;Colisão transversal;Com Vítimas Feridas;Pleno dia;Crescente;Sol;Simples;"Reta;Em Obras                 ";Sim;6;0;3;0;3;0;3;4;-26,86294619;-49,04348373;SPRF-SC;DEL04-SC;UOP01-DEL04-SC
570666;23/12/2023;sábado;18:00:00;SC;158;141;PALMITOS;Demais falhas mecânicas ou elétricas;Incêndio;Sem Vítimas;Plena Noite;Crescente;Céu Claro;Simples;Curva;Não;2;0;0;0;2;0;0;1;-27,09152973;-53,21983337;SPRF-SC;DEL07-SC;UOP02-DEL07-SC
570667;23/12/2023;sábado;02:40:00;SP;381;84,5;SAO PAULO;Pedestre andava na pista;Atropelamento de Pedestre;Com Vítimas Fatais;Plena Noite;Crescente;Nublado;Dupla;Reta;Sim;2;1;0;0;0;1;0;2;-23,43937;-46,56807;SPRF-SP;DEL03-SP;UOP01-DEL03-SP
570668;22/12/2023;sexta-feira;16:00:00;RJ;101;316;SAO GONCALO;Ultrapassagem Indevida;Queda de ocupante de veículo;Com Vítimas Feridas;Pleno dia;Crescente;Céu Claro;Dupla;Reta;Sim;2;0;1;0;1;0;1;2;-22,82835879;-43,09208739;SPRF-RJ;DEL02-RJ;UOP02-DEL02-RJ
570669;26/12/2023;terça-feira;09:30:00;PR;476;96,5;BOCAIUVA DO SUL;Ultrapassagem Indevida;Colisão frontal;Com Vítimas Feridas;Pleno dia;Crescente;Céu Claro;Simples;"Aclive;Reta                   ";Não;2;0;0;1;1;0;1;2;-25,226922;-49,116758;SPRF-PR;DEL01-PR;UOP01-DEL01-PR
570670;26/12/2023;terça-feira;11:00:00;RS;386;402,9;TRIUNFO;Reação tardia ou ineficiente do condutor;Saída de leito carroçável;Com Vítimas Feridas;Pleno dia;Crescente;Céu Claro;Simples;"Reta;Declive                  ";Não;1;0;1;0;0;0;1;1;-29,76850692;-51,57899737;SPRF-RS;DEL04-RS;UOP02-DEL04-RS
570671;26/12/2023;terça-feira;11:20:00;SC;101;127;BALNEARIO CAMBORIU;Demais falhas mecânicas ou elétricas;Tombamento;Com Vítimas Feridas;Pleno dia;Crescente;Céu Claro;Dupla;Reta;Não;1;0;1;0;0;0;1;1;-26,9639319;-48,68328024;SPRF-SC;DEL04-SC;UOP04-DEL04-SC
570672;26/12/2023;terça-feira;10:55:00;RS;285;153,5;MUITOS CAPOES;Reação tardia ou ineficiente do condutor;Saída de leito carroçável;Com Vítimas Feridas;Pleno dia;Crescente;Céu Claro;Simples;Reta;Não;3;0;3;0;0;0;3;1;-28,331192;-51,160904;SPRF-RS;DEL05-RS;UOP03-DEL05-RS
570673;26/12/2023;terça-feira;11:05:00;SC;280;132;RIO NEGRINHO;Condutor deixou de manter distância do veículo da frente;Colisão traseira;Com Vítimas Feridas;Pleno dia;Decrescente;Céu Claro;Simples;Reta;Não;2;0;1;0;1;0;1;2;-26,26132257;-49,5481391;SPRF-SC;DEL06-SC;UOP03-DEL06-SC
570675;26/12/2023;terça-feira;10:40:00;PR;153;111;IBAITI;Acessar a via sem observar a presença dos outros veículos;Colisão lateral mesmo sentido;Com Vítimas Feridas;Pleno dia;Crescente;Céu Claro;Simples;Reta;Sim;7;0;5;0;2;0;5;2;-23,86125206;-50,19948581;SPRF-PR;DEL07-PR;UOP04-DEL07-PR
570676;26/12/2023;terça-feira;11:00:00;PE;428;6;CABROBO;Condutor Dormindo;Colisão com objeto;Sem Vítimas;Pleno dia;Crescente;Céu Claro;Simples;"Reta;Ponte                    ";Não;3;0;0;0;3;0;0;1;-8,51821232;-39,28710938;SPRF-PE;DEL05-PE;UOP03-DEL05-PE
570677;26/12/2023;terça-feira;10:50:00;PR;369;72,6;SANTA MARIANA;Acessar a via sem observar a presença dos outros veículos;Colisão lateral mesmo sentido;Com Vítimas Feridas;Pleno dia;Decrescente;Céu Claro;Simples;Reta;Não;2;0;1;0;1;0;1;2;-23,15525926;-50,51220351;SPRF-PR;DEL07-PR;UOP05-DEL07-PR
570678;26/12/2023;terça-feira;11:00:00;RJ;101;262;RIO BONITO;Demais falhas mecânicas ou elétricas;Incêndio;Sem Vítimas;Pleno dia;Decrescente;Nublado;Dupla;Curva;Não;2;0;0;0;2;0;0;1;-22,71367506;-42,62052996;SPRF-RJ;DEL02-RJ;UOP03-DEL02-RJ
570680;26/12/2023;terça-feira;11:45:00;PR;277;222,1;TEIXEIRA SOARES;Demais falhas mecânicas ou elétricas;Colisão frontal;Com Vítimas Feridas;Pleno dia;Crescente;Sol;Simples;"Curva;Declive                 ";Não;2;0;1;0;1;0;1;2;-25,4686931;-50,39635897;SPRF-PR;DEL08-PR;UOP02-DEL08-PR
570682;02/11/2023;quinta-feira;01:15:00;RN;101;79;NATAL;Acumulo de areia ou detritos sobre o pavimento;Tombamento;Com Vítimas Feridas;Plena Noite;Decrescente;Céu Claro;Dupla;"Desvio Temporário;Em Obras    ";Sim;1;0;1;0;0;0;1;1;-5,74962896;-35,28918369;SPRF-RN;DEL02-RN;UOP01-DEL02-RN
570683;25/12/2023;segunda-feira;15:00:00;MT;163;1033;PEIXOTO DE AZEVEDO;Ausência de reação do condutor;Saída de leito carroçável;Sem Vítimas;Pleno dia;Decrescente;Céu Claro;Simples;Reta;Não;1;0;0;0;0;1;0;1;-10,33413892;-55,03922841;SPRF-MT;DEL06-MT;UOP03-DEL06-MT
570684;26/12/2023;terça-feira;09:45:00;MT;163;827;SINOP;Mal súbito do condutor;Saída de leito carroçável;Com Vítimas Feridas;Pleno dia;Crescente;Céu Claro;Dupla;"Retorno Regulamentado;Reta    ";Sim;1;0;1;0;0;0;1;1;-11,91412029;-55,5089023;SPRF-MT;DEL06-MT;UOP02-DEL06-MT
570685;26/12/2023;terça-feira;12:00:00;PE;232;5,7;RECIFE;Pedestre cruzava a pista fora da faixa;Atropelamento de Pedestre;Com Vítimas Feridas;Pleno dia;Crescente;Céu Claro;Dupla;Reta;Sim;2;0;1;1;0;0;2;2;-8,06795766;-34,94535414;SPRF-PE;DEL01-PE;UOP01-DEL01-PE
570686;26/12/2023;terça-feira;11:30:00;SP;381;30;BRAGANCA PAULISTA;Reação tardia ou ineficiente do condutor;Colisão traseira;Sem Vítimas;Pleno dia;Decrescente;Céu Claro;Dupla;Reta;Sim;3;0;0;0;3;0;0;2;-23,04885102;-46,56482797;SPRF-SP;DEL03-SP;UOP02-DEL03-SP
570687;26/12/2023;terça-feira;12:30:00;BA;116;425;FEIRA DE SANTANA;Retorno proibido;Colisão transversal;Com Vítimas Feridas;Pleno dia;Crescente;Céu Claro;Simples;"Reta;Declive                  ";Sim;3;0;2;0;1;0;2;2;-12,23736613;-38,97999588;SPRF-BA;DEL02-BA;UOP01-DEL02-BA
570688;26/12/2023;terça-feira;12:45:00;MG;381;492;BETIM;Entrada inopinada do pedestre;Atropelamento de Pedestre;Com Vítimas Feridas;Pleno dia;Decrescente;Chuva;Múltipla;Reta;Sim;2;0;1;0;1;0;1;2;-19,97490091;-44,19004301;SPRF-MG;DEL01-MG;UOP03-DEL01-MG
570689;26/12/2023;terça-feira;12:43:00;SE;235;4,6;NOSSA SENHORA DO SOCORRO;Condutor Dormindo;Colisão com objeto;Sem Vítimas;Pleno dia;Decrescente;Sol;Dupla;Aclive;Não;1;0;0;0;1;0;0;1;-10,90636496;-37,11971283;SPRF-SE;DEL01-SE;UOP01-DEL01-SE
570690;07/05/2023;domingo;18:30:00;BA;101;571;ARATACA;Entrada inopinada do pedestre;Atropelamento de Pedestre;Com Vítimas Fatais;Plena Noite;Crescente;Céu Claro;Simples;Curva;Não;3;1;2;0;0;0;2;2;-15,27209671;-39,46761131;SPRF-BA;DEL05-BA;UOP02-DEL05-BA
570691;26/12/2023;terça-feira;11:50:00;SC;101;200,2;SAO JOSE;Acessar a via sem observar a presença dos outros veículos;Colisão lateral mesmo sentido;Com Vítimas Feridas;Pleno dia;Decrescente;Céu Claro;Dupla;Reta;Sim;3;0;2;0;0;1;2;2;-27,54018513;-48,62287714;SPRF-SC;DEL01-SC;UOP01-DEL01-SC
570692;26/12/2023;terça-feira;12:45:00;SC;470;80;RODEIO;Manobra de mudança de faixa;Colisão lateral mesmo sentido;Com Vítimas Feridas;Pleno dia;Decrescente;Céu Claro;Simples;Reta;Não;2;0;1;0;1;0;1;2;-26,948805;-49,316097;SPRF-SC;DEL04-SC;UOP01-DEL04-SC
570693;26/12/2023;terça-feira;13:20:00;MG;116;718,1;MURIAE;Ausência de reação do condutor;Colisão com objeto;Com Vítimas Feridas;Pleno dia;Crescente;Nublado;Simples;Reta;Não;2;0;1;0;1;0;1;1;-21,22052105;-42,39401174;SPRF-MG;DEL07-MG;UOP02-DEL07-MG
570694;26/12/2023;terça-feira;10:02:00;MG;381;630;OLIVEIRA;Velocidade Incompatível;Saída de leito carroçável;Com Vítimas Feridas;Pleno dia;Decrescente;Nublado;Dupla;Reta;Não;1;0;0;1;0;0;1;1;-20,84702065;-44,83281432;SPRF-MG;DEL04-MG;UOP01-DEL04-MG
570695;26/12/2023;terça-feira;12:00:00;RS;290;24,2;SANTO ANTONIO DA PATRULHA;Reação tardia ou ineficiente do condutor;Colisão traseira;Com Vítimas Feridas;Pleno dia;Decrescente;Céu Claro;Simples;Reta;Não;5;0;1;0;4;0;1;2;-29,882015;-50,493973;SPRF-RS;DEL03-RS;UOP01-DEL03-RS
570697;26/12/2023;terça-feira;13:40:00;PR;376;490;PONTA GROSSA;Manobra de mudança de faixa;Colisão lateral mesmo sentido;Com Vítimas Feridas;Pleno dia;Crescente;Ignorado;Dupla;Reta;Sim;2;0;1;0;1;0;1;2;-25,14692309;-50,15072006;SPRF-PR;DEL03-PR;UOP04-DEL03-PR
570698;26/12/2023;terça-feira;11:50:00;RJ;40;109;DUQUE DE CAXIAS;Objeto estático sobre o leito carroçável;Eventos atípicos;Com Vítimas Feridas;Pleno dia;Crescente;Céu Claro;Dupla;Curva;Sim;1;0;1;0;0;0;1;1;-22,67374628;-43,28638368;SPRF-RJ;DEL01-RJ;UOP02-DEL01-RJ
570705;26/12/2023;terça-feira;13:20:00;PB;230;52,9;CRUZ DO ESPIRITO SANTO;Manobra de mudança de faixa;Colisão lateral mesmo sentido;Com Vítimas Feridas;Pleno dia;Decrescente;Sol;Dupla;Retorno Regulamentado;Não;2;0;1;0;1;0;1;2;-7,20081401;-35,0813055;SPRF-PB;DEL01-PB;UOP03-DEL01-PB
570706;26/12/2023;terça-feira;13:30:00;RJ;101;504,2;ANGRA DOS REIS;Acessar a via sem observar a presença dos outros veículos;Colisão transversal;Com Vítimas Feridas;Pleno dia;Crescente;Chuva;Simples;Reta;Sim;2;0;1;1;0;0;2;2;-22,93155828;-44,38812093;SPRF-RJ;DEL03-RJ;UOP03-DEL03-RJ
570707;26/12/2023;terça-feira;14:15:00;PR;116;131;FAZENDA RIO GRANDE;Reação tardia ou ineficiente do condutor;Colisão traseira;Com Vítimas Feridas;Pleno dia;Crescente;Céu Claro;Dupla;Reta;Sim;2;0;1;0;1;0;1;2;-25,682063;-49,316136;SPRF-PR;DEL01-PR;UOP03-DEL01-PR
570708;26/12/2023;terça-feira;13:30:00;PR;369;156;LONDRINA;Ausência de reação do condutor;Colisão traseira;Com Vítimas Feridas;Pleno dia;Crescente;Céu Claro;Dupla;"Aclive;Reta                   ";Sim;2;0;1;0;1;0;1;2;-23,29140357;-51,21736586;SPRF-PR;DEL07-PR;UOP01-DEL07-PR
570709;26/12/2023;terça-feira;11:00:00;RJ;40;105;DUQUE DE CAXIAS;Ausência de reação do condutor;Colisão traseira;Com Vítimas Feridas;Pleno dia;Crescente;Céu Claro;Múltipla;Reta;Sim;3;0;1;0;2;0;1;2;-22,63784806;-43,28428824;SPRF-RJ;DEL01-RJ;UOP02-DEL01-RJ
570710;26/12/2023;terça-feira;13:45:00;PR;369;71,8;SANTA MARIANA;Reação tardia ou ineficiente do condutor;Colisão lateral mesmo sentido;Com Vítimas Feridas;Pleno dia;Crescente;Céu Claro;Simples;"Reta;Declive                  ";Não;8;0;1;0;7;0;1;2;-23,155422;-50,506402;SPRF-PR;DEL07-PR;UOP05-DEL07-PR
570711;23/12/2023;sábado;05:15:00;MG;381;432;SABARA;Trafegar com motocicleta (ou similar) entre as faixas;Colisão lateral mesmo sentido;Com Vítimas Feridas;Amanhecer;Decrescente;Céu Claro;Simples;"Curva;Aclive                  ";Não;2;0;1;0;0;1;1;2;-19,78750571;-43,73981096;SPRF-MG;DEL01-MG;UOP01-DEL01-MG
570713;26/12/2023;terça-feira;14:30:00;MG;381;497;BETIM;Demais falhas mecânicas ou elétricas;Tombamento;Com Vítimas Feridas;Pleno dia;Decrescente;Céu Claro;Dupla;"Aclive;Reta                   ";Sim;2;0;1;0;1;0;1;1;-20,01172662;-44,21976041;SPRF-MG;DEL01-MG;UOP03-DEL01-MG
570715;26/12/2023;terça-feira;13:50:00;DF;70;0;BRASILIA;Ausência de reação do condutor;Colisão traseira;Com Vítimas Feridas;Pleno dia;Crescente;Céu Claro;Dupla;"Reta;Declive                  ";Sim;3;0;0;1;2;0;1;3;-15,792352;-48,054509;SPRF-DF;DEL03-DF;UOP02-DEL03-DF
570719;26/12/2023;terça-feira;15:25:00;SP;116;129;CACAPAVA;Reação tardia ou ineficiente do condutor;Tombamento;Com Vítimas Feridas;Pleno dia;Decrescente;Céu Claro;Dupla;Reta;Não;1;0;0;1;0;0;1;1;-23,11885593;-45,71948203;SPRF-SP;DEL02-SP;UOP02-DEL02-SP
570720;26/12/2023;terça-feira;15:30:00;PE;101;68,5;RECIFE;Trafegar com motocicleta (ou similar) entre as faixas;Colisão lateral mesmo sentido;Com Vítimas Feridas;Pleno dia;Decrescente;Céu Claro;Múltipla;Reta;Não;3;0;1;0;2;0;1;3;-8,05074296;-34,94580619;SPRF-PE;DEL01-PE;UOP01-DEL01-PE
570721;26/12/2023;terça-feira;15:30:00;TO;10;454;PALMAS;Condutor deixou de manter distância do veículo da frente;Colisão lateral mesmo sentido;Com Vítimas Feridas;Pleno dia;Crescente;Céu Claro;Múltipla;Reta;Sim;3;0;1;1;1;0;2;3;-10,30692;-48,297261;SPRF-TO;DEL01-TO;UOP03-DEL01-TO