id;data_inversa;dia_semana;horario;uf;br;km;municipio;causa_acidente;tipo_acidente;classificacao_acidente;fase_dia;sentido_via;condicao_metereologica;tipo_pista;tracado_via;uso_solo;pessoas;mortos;feridos_leves;feridos_graves;ilesos;ignorados;feridos;veiculos;latitude;longitude;regional;delegacia;uop
570723;26/12/2023;terça-feira;14:30:00;MA;222;676;ACAILANDIA;Demais falhas mecânicas ou elétricas;Colisão transversal;Com Vítimas Feridas;Pleno dia;Decrescente;Céu Claro;Simples;Reta;Sim;2;0;0;1;1;0;1;2;-4,94304617;-47,4690399;SPRF-MA;DEL04-MA;UOP03-DEL04-MA
570724;26/12/2023;terça-feira;15:35:00;PB;230;158,7;CAMPINA GRANDE;Desrespeitar a preferência no cruzamento;Colisão transversal;Com Vítimas Feridas;Pleno dia;Crescente;Céu Claro;Simples;"Retorno Regulamentado;Interseç";Sim;3;0;1;0;1;1;1;3;-7,2582;-35,9267;SPRF-PB;DEL02-PB;UOP01-DEL02-PB
570725;24/12/2023;domingo;02:30:00;BA;30;5;BRUMADO;Ausência de reação do condutor;Queda de ocupante de veículo;Com Vítimas Feridas;Plena Noite;Crescente;Céu Claro;Simples;Curva;Não;1;0;0;1;0;0;1;1;-14,223033;-41,696325;SPRF-BA;DEL08-BA;UOP01-DEL08-BA
570726;26/12/2023;terça-feira;15:50:00;SC;101;211,3;PALHOCA;Trafegar com motocicleta (ou similar) entre as faixas;Colisão traseira;Com Vítimas Feridas;Pleno dia;Decrescente;Sol;Múltipla;Reta;Não;2;0;1;0;1;0;1;2;-27,62329313;-48,65245588;SPRF-SC;DEL01-SC;UOP02-DEL01-SC
570727;26/12/2023;terça-feira;15:25:00;SC;101;106;PENHA;Trafegar com motocicleta (ou similar) entre as faixas;Colisão lateral mesmo sentido;Com Vítimas Feridas;Pleno dia;Crescente;Sol;Múltipla;Declive;Não;2;0;1;0;1;0;1;2;-26,81031601;-48,68293896;SPRF-SC;DEL03-SC;UOP02-DEL03-SC
570728;26/12/2023;terça-feira;14:50:00;BA;101;269,3;SANTO ANTONIO DE JESUS;Ultrapassagem Indevida;Colisão lateral mesmo sentido;Com Vítimas Feridas;Pleno dia;Decrescente;Sol;Simples;"Aclive;Curva                  ";Não;7;0;2;0;5;0;2;3;-13,01986144;-39,29191589;SPRF-BA;DEL01-BA;UOP02-DEL01-BA
570729;26/12/2023;terça-feira;16:00:00;PE;407;126,7;PETROLINA;Ausência de reação do condutor;Colisão traseira;Sem Vítimas;Pleno dia;Crescente;Céu Claro;Simples;"Reta;Em Obras                 ";Sim;3;0;0;0;3;0;0;2;-9,39105751;-40,51985079;SPRF-PE;DEL06-PE;UOP01-DEL06-PE
570731;26/12/2023;terça-feira;09:50:00;BA;407;76;JAGUARARI;Curva acentuada;Capotamento;Com Vítimas Feridas;Pleno dia;Crescente;Céu Claro;Simples;Curva;Não;2;0;2;0;0;0;2;1;-10,02591913;-40,22951743;SPRF-BA;DEL04-BA;UOP01-DEL04-BA
570732;26/12/2023;terça-feira;14:00:00;RJ;101;282;ITABORAI;Ausência de reação do condutor;Colisão com objeto;Sem Vítimas;Pleno dia;Decrescente;Céu Claro;Dupla;Reta;Sim;1;0;0;0;1;0;0;1;-22,7371391;-42,79664601;SPRF-RJ;DEL02-RJ;UOP02-DEL02-RJ
570733;26/12/2023;terça-feira;15:00:00;RJ;101;313;SAO GONCALO;Condutor deixou de manter distância do veículo da frente;Colisão lateral mesmo sentido;Com Vítimas Feridas;Pleno dia;Decrescente;Céu Claro;Dupla;Reta;Não;2;0;1;0;1;0;1;2;-22,81049093;-43,06983304;SPRF-RJ;DEL02-RJ;UOP02-DEL02-RJ
570736;26/12/2023;terça-feira;16:40:00;MG;40;627,4;CONSELHEIRO LAFAIETE;Transitar na contramão;Colisão frontal;Com Vítimas Feridas;Pleno dia;Decrescente;Céu Claro;Simples;Reta;Não;2;0;1;0;1;0;1;2;-20,63591993;-43,81353421;SPRF-MG;DEL05-MG;UOP02-DEL05-MG
570738;26/12/2023;terça-feira;15:45:00;PB;230;170,9;CAMPINA GRANDE;Ingestão de álcool pelo condutor;Colisão traseira;Com Vítimas Feridas;Pleno dia;Crescente;Céu Claro;Simples;Reta;Sim;2;0;1;0;1;0;1;2;-7,1806;-35,9873;SPRF-PB;DEL02-PB;UOP02-DEL02-PB
570739;26/12/2023;terça-feira;16:40:00;SP;101;47,9;UBATUBA;Ingestão de álcool pelo condutor;Colisão transversal;Com Vítimas Feridas;Pleno dia;Crescente;Garoa/Chuvisco;Simples;Rotatória;Sim;6;0;1;0;5;0;1;2;-23,43374826;-45,08613348;SPRF-SP;DEL06-SP;UOP01-DEL06-SP
570740;26/12/2023;terça-feira;15:15:00;MS;163;386;NOVA ALVORADA DO SUL;Reação tardia ou ineficiente do condutor;Colisão com objeto;Com Vítimas Fatais;Pleno dia;Crescente;Céu Claro;Simples;Aclive;Não;1;1;0;0;0;0;0;1;-21,28930398;-54,43780194;SPRF-MS;DEL02-MS;UOP01-DEL02-MS
570741;26/12/2023;terça-feira;13:30:00;MG;40;162,7;JOAO PINHEIRO;Condutor Dormindo;Capotamento;Com Vítimas Feridas;Pleno dia;Crescente;Céu Claro;Dupla;Curva;Não;4;0;1;2;1;0;3;1;-17,89657502;-46,12309502;SPRF-MG;DEL14-MG;UOP02-DEL14-MG
570742;26/12/2023;terça-feira;16:20:00;RJ;40;79;PETROPOLIS;Reação tardia ou ineficiente do condutor;Colisão com objeto;Com Vítimas Feridas;Pleno dia;Crescente;Chuva;Múltipla;Retorno Regulamentado;Sim;4;0;4;0;0;0;4;1;-22,49798597;-43,22878703;SPRF-RJ;DEL01-RJ;UOP01-DEL01-RJ
570743;26/12/2023;terça-feira;17:10:00;SP;101;48;UBATUBA;Retorno proibido;Colisão transversal;Com Vítimas Feridas;Pleno dia;Crescente;Chuva;Simples;Reta;Sim;3;0;1;0;2;0;1;2;-23,43492864;-45,08687139;SPRF-SP;DEL06-SP;UOP01-DEL06-SP
570744;26/12/2023;terça-feira;17:15:00;PE;101;84,8;JABOATAO DOS GUARARAPES;Trafegar com motocicleta (ou similar) entre as faixas;Colisão traseira;Com Vítimas Feridas;Pleno dia;Decrescente;Céu Claro;Dupla;Reta;Não;3;0;0;1;2;0;1;2;-8,17778559;-34,95087297;SPRF-PE;DEL01-PE;UOP01-DEL01-PE
570745;26/12/2023;terça-feira;16:20:00;PR;369;172;ROLANDIA;Ingestão de álcool pelo condutor;Colisão lateral sentido oposto;Sem Vítimas;Pleno dia;Decrescente;Céu Claro;Simples;Reta;Sim;3;0;0;0;3;0;0;3;-23,30441408;-51,35886961;SPRF-PR;DEL07-PR;UOP01-DEL07-PR
570746;26/12/2023;terça-feira;15:10:00;RJ;116;278,5;BARRA MANSA;Reação tardia ou ineficiente do condutor;Colisão com objeto;Com Vítimas Feridas;Pleno dia;Crescente;Chuva;Dupla;Curva;Não;3;0;1;0;2;0;1;1;-22,55271018;-44,17778004;SPRF-RJ;DEL07-RJ;UOP02-DEL07-RJ
570748;26/12/2023;terça-feira;08:00:00;CE;116;321,1;JAGUARIBE;Ausência de reação do condutor;Saída de leito carroçável;Com Vítimas Fatais;Pleno dia;Decrescente;Céu Claro;Simples;Reta;Não;1;1;0;0;0;0;0;1;-5,99881602;-38,63233796;SPRF-CE;DEL05-CE;UOP02-DEL05-CE
570749;26/12/2023;terça-feira;16:00:00;RO;364;275;CACOAL;Reação tardia ou ineficiente do condutor;Saída de leito carroçável;Com Vítimas Feridas;Pleno dia;Crescente;Chuva;Simples;Reta;Não;2;0;1;1;0;0;2;1;-11,38809521;-61,75925597;SPRF-RO;DEL02-RO;UOP02-DEL02-RO
570750;26/12/2023;terça-feira;16:10:00;MG;116;758,8;LEOPOLDINA;Reação tardia ou ineficiente do condutor;Saída de leito carroçável;Com Vítimas Feridas;Pleno dia;Crescente;Nublado;Simples;Reta;Sim;6;0;2;0;4;0;2;1;-21,50243487;-42,60067703;SPRF-MG;DEL07-MG;UOP01-DEL07-MG
570752;26/12/2023;terça-feira;15:15:00;PR;163;343;GUAIRA;Ultrapassagem Indevida;Colisão lateral sentido oposto;Com Vítimas Feridas;Pleno dia;Decrescente;Céu Claro;Simples;Reta;Não;2;0;0;1;1;0;1;2;-24,21375699;-54,19958751;SPRF-PR;DEL06-PR;UOP01-DEL06-PR
570753;26/12/2023;terça-feira;14:35:00;MG;116;553,5;SANTA BARBARA DO LESTE;Reação tardia ou ineficiente do condutor;Saída de leito carroçável;Com Vítimas Feridas;Pleno dia;Crescente;Nublado;Simples;Reta;Não;1;0;1;0;0;0;1;1;-19,99361802;-42,14392077;SPRF-MG;DEL06-MG;UOP02-DEL06-MG
570754;22/12/2023;sexta-feira;08:05:00;SC;101;80;ARAQUARI;Acessar a via sem observar a presença dos outros veículos;Colisão transversal;Com Vítimas Feridas;Pleno dia;Crescente;Sol;Múltipla;Retorno Regulamentado;Não;2;0;1;0;1;0;1;2;-26,59441996;-48,72183309;SPRF-SC;DEL03-SC;UOP02-DEL03-SC
570755;26/12/2023;terça-feira;17:30:00;SC;101;212;PALHOCA;Condutor deixou de manter distância do veículo da frente;Engavetamento;Com Vítimas Feridas;Pleno dia;Decrescente;Céu Claro;Múltipla;Reta;Não;5;0;0;1;4;0;1;5;-27,62996929;-48,65903871;SPRF-SC;DEL01-SC;UOP02-DEL01-SC
570756;26/12/2023;terça-feira;16:50:00;MG;262;398;PARA DE MINAS;Demais falhas mecânicas ou elétricas;Incêndio;Com Vítimas Feridas;Pleno dia;Decrescente;Céu Claro;Dupla;Reta;Sim;1;0;1;0;0;0;1;1;-19,90299685;-44,524329;SPRF-MG;DEL01-MG;UOP03-DEL01-MG
570757;26/12/2023;terça-feira;13:30:00;MG;262;800;UBERABA;Ausência de reação do condutor;Colisão traseira;Com Vítimas Feridas;Pleno dia;Decrescente;Chuva;Dupla;Reta;Sim;5;0;0;1;4;0;1;2;-19,779129;-47,945794;SPRF-MG;DEL13-MG;UOP01-DEL13-MG
570758;26/12/2023;terça-feira;15:40:00;SC;101;338;TUBARAO;Condutor deixou de manter distância do veículo da frente;Colisão traseira;Com Vítimas Feridas;Pleno dia;Decrescente;Céu Claro;Dupla;"Aclive;Reta                   ";Sim;5;0;1;0;4;0;1;3;-28,485725;-49,03726;SPRF-SC;DEL02-SC;UOP01-DEL02-SC
570759;26/12/2023;terça-feira;16:10:00;PR;376;455,5;TIBAGI;Avarias e/ou desgaste excessivo no pneu;Saída de leito carroçável;Com Vítimas Feridas;Pleno dia;Crescente;Céu Claro;Dupla;Curva;Não;2;0;1;1;0;0;2;1;-24,97197186;-50,3825899;SPRF-PR;DEL03-PR;UOP02-DEL03-PR
570760;26/12/2023;terça-feira;17:20:00;MG;381;153,9;GOVERNADOR VALADARES;Avarias e/ou desgaste excessivo no pneu;Colisão traseira;Com Vítimas Feridas;Pleno dia;Decrescente;Chuva;Simples;"Curva;Interseção de Vias      ";Não;2;0;1;0;1;0;1;2;-18,88190287;-41,99497022;SPRF-MG;DEL06-MG;UOP01-DEL06-MG
570761;26/12/2023;terça-feira;15:05:00;MS;163;1,9;MUNDO NOVO;Reação tardia ou ineficiente do condutor;Colisão lateral mesmo sentido;Com Vítimas Feridas;Pleno dia;Decrescente;Céu Claro;Simples;Reta;Não;2;0;1;0;1;0;1;2;-24,03744976;-54,28147316;SPRF-MS;DEL09-MS;UOP02-DEL09-MS
570762;26/12/2023;terça-feira;15:10:00;SC;101;337;TUBARAO;Reação tardia ou ineficiente do condutor;Colisão traseira;Sem Vítimas;Pleno dia;Decrescente;Céu Claro;Dupla;"Aclive;Reta                   ";Não;2;0;0;0;2;0;0;2;-28,47801624;-49,03246283;SPRF-SC;DEL02-SC;UOP01-DEL02-SC
570764;26/12/2023;terça-feira;17:45:00;SC;101;402;MARACAJA;Animais na Pista;Colisão traseira;Com Vítimas Feridas;Pleno dia;Decrescente;Céu Claro;Dupla;Reta;Não;4;0;2;0;2;0;2;2;-28,88165652;-49,45941925;SPRF-SC;DEL02-SC;UOP02-DEL02-SC
570765;26/12/2023;terça-feira;18:30:00;MG;50;1,8;UBERLANDIA;Ausência de reação do condutor;Saída de leito carroçável;Com Vítimas Feridas;Anoitecer;Crescente;Céu Claro;Dupla;Reta;Sim;1;0;1;0;0;0;1;1;-18,9113;-48,2622;SPRF-MG;DEL15-MG;UOP01-DEL15-MG
570766;26/12/2023;terça-feira;13:05:00;SC;163;70,8;SAO MIGUEL DO OESTE;Desrespeitar a preferência no cruzamento;Colisão transversal;Com Vítimas Feridas;Pleno dia;Decrescente;Sol;Dupla;"Reta;Interseção de Vias       ";Sim;3;0;1;0;2;0;1;2;-26,72970482;-53,51152897;SPRF-SC;DEL07-SC;UOP03-DEL07-SC
570767;26/12/2023;terça-feira;18:15:00;SC;101;216,5;PALHOCA;Trafegar com motocicleta (ou similar) entre as faixas;Colisão lateral mesmo sentido;Sem Vítimas;Pleno dia;Decrescente;Céu Claro;Múltipla;"Aclive;Reta;Viaduto           ";Sim;2;0;0;0;1;1;0;2;-27,65981409;-48,67747798;SPRF-SC;DEL01-SC;UOP02-DEL01-SC
570768;26/12/2023;terça-feira;19:00:00;GO;40;5;VALPARAISO DE GOIAS;Manobra de mudança de faixa;Colisão lateral mesmo sentido;Com Vítimas Feridas;Plena Noite;Crescente;Céu Claro;Dupla;Reta;Sim;4;0;1;0;3;0;1;2;-16,093134;-47,982236;SPRF-DF;DEL01-DF;UOP01-DEL01-DF
570769;26/12/2023;terça-feira;18:00:00;PR;376;3;SAO JOSE DOS PINHAIS;Acessar a via sem observar a presença dos outros veículos;Atropelamento de Pedestre;Com Vítimas Feridas;Pleno dia;Crescente;Nublado;Dupla;"Reta;Declive                  ";Sim;2;0;2;0;0;0;2;2;-25,540265;-49,191419;SPRF-PR;DEL01-PR;UOP04-DEL01-PR
570770;26/12/2023;terça-feira;17:00:00;MG;381;812;CAREACU;Reação tardia ou ineficiente do condutor;Saída de leito carroçável;Com Vítimas Feridas;Pleno dia;Crescente;Nublado;Dupla;Curva;Não;5;0;1;0;4;0;1;1;-22,00892473;-45,67797124;SPRF-MG;DEL16-MG;UOP02-DEL16-MG
570771;26/12/2023;terça-feira;19:10:00;GO;153;502;GOIANIA;Desrespeitar a preferência no cruzamento;Colisão lateral mesmo sentido;Com Vítimas Feridas;Plena Noite;Decrescente;Chuva;Dupla;Interseção de Vias;Sim;3;0;1;1;1;0;2;2;-16,7287;-49,2424;SPRF-GO;DEL01-GO;UOP01-DEL01-GO
570772;26/12/2023;terça-feira;17:50:00;RJ;101;261;RIO BONITO;Reação tardia ou ineficiente do condutor;Colisão lateral mesmo sentido;Com Vítimas Feridas;Anoitecer;Decrescente;Céu Claro;Dupla;Curva;Não;4;0;1;0;3;0;1;2;-22,71139378;-42,61157199;SPRF-RJ;DEL02-RJ;UOP03-DEL02-RJ
570773;26/12/2023;terça-feira;18:30:00;PE;232;110;BEZERROS;Ausência de reação do condutor;Saída de leito carroçável;Com Vítimas Feridas;Plena Noite;Crescente;Céu Claro;Dupla;"Retorno Regulamentado;Curva   ";Não;1;0;1;0;0;0;1;1;-8,28634529;-35,81755579;SPRF-PE;DEL02-PE;UOP02-DEL02PE
570774;26/12/2023;terça-feira;19:00:00;CE;222;77;SAO LUIS DO CURU;Transtornos Mentais (exceto suicidio);Atropelamento de Pedestre;Com Vítimas Feridas;Plena Noite;Crescente;Nublado;Múltipla;"Reta;Aclive                   ";Sim;2;0;1;0;1;0;1;2;-3,67137027;-39,23351021;SPRF-CE;DEL04-CE;UOP03-DEL04-CE
570775;26/12/2023;terça-feira;19:50:00;PE;423;70;JUPI;Ingestão de álcool pelo condutor;Saída de leito carroçável;Com Vítimas Feridas;Plena Noite;Crescente;Céu Claro;Simples;Reta;Não;2;0;1;1;0;0;2;1;-8,68393495;-36,40767506;SPRF-PE;DEL03-PE;UOP01-DEL03-PE
570776;26/12/2023;terça-feira;19:30:00;SE;235;52;ITABAIANA;Desrespeitar a preferência no cruzamento;Colisão transversal;Com Vítimas Feridas;Plena Noite;Crescente;Céu Claro;Simples;Reta;Sim;2;0;1;1;0;0;2;2;-10,693279;-37,437557;SPRF-SE;DEL01-SE;UOP02-DEL01-SE
570777;26/12/2023;terça-feira;18:45:00;MG;381;676,9;PERDOES;Acesso irregular;Atropelamento de Pedestre;Com Vítimas Feridas;Plena Noite;Crescente;Céu Claro;Simples;Reta;Não;2;0;1;0;0;1;1;2;-21,12375684;-45,09790729;SPRF-MG;DEL04-MG;UOP02-DEL04-MG
570779;26/12/2023;terça-feira;19:30:00;SC;101;88,3;BARRA VELHA;Reação tardia ou ineficiente do condutor;Colisão transversal;Com Vítimas Feridas;Anoitecer;Decrescente;Céu Claro;Múltipla;Reta;Sim;2;0;1;0;1;0;1;2;-26,65159834;-48,68680894;SPRF-SC;DEL03-SC;UOP02-DEL03-SC
570780;26/12/2023;terça-feira;14:10:00;MG;116;703,5;MURIAE;Avarias e/ou desgaste excessivo no pneu;Tombamento;Com Vítimas Feridas;Pleno dia;Crescente;Chuva;Simples;"Curva;Aclive                  ";Sim;5;0;1;0;2;2;1;3;-21,12682309;-42,3832189;SPRF-MG;DEL07-MG;UOP02-DEL07-MG
570781;26/12/2023;terça-feira;19:55:00;GO;40;11;LUZIANIA;Trafegar com motocicleta (ou similar) entre as faixas;Tombamento;Com Vítimas Feridas;Plena Noite;Decrescente;Céu Claro;Dupla;Reta;Sim;2;0;1;0;1;0;1;2;-16,13826998;-47,95134187;SPRF-DF;DEL01-DF;UOP01-DEL01-DF
570783;26/12/2023;terça-feira;20:00:00;MG;40;546;NOVA LIMA;Avarias e/ou desgaste excessivo no pneu;Queda de ocupante de veículo;Com Vítimas Feridas;Plena Noite;Crescente;Nublado;Dupla;Reta;Não;1;0;1;0;0;0;1;1;-20,01444685;-43,96893823;SPRF-MG;DEL01-MG;UOP02-DEL01-MG
570784;26/12/2023;terça-feira;20:25:00;CE;116;1;FORTALEZA;Acessar a via sem observar a presença dos outros veículos;Colisão traseira;Com Vítimas Feridas;Plena Noite;Decrescente;Nublado;Múltipla;"Reta;Interseção de Vias       ";Sim;2;0;1;0;1;0;1;2;-3,76159894;-38,51900662;SPRF-CE;DEL01-CE;UOP02-DEL01-CE
570785;24/12/2023;domingo;15:10:00;BA;101;673;ITAGIMIRIM;Ingestão de álcool pelo condutor;Queda de ocupante de veículo;Com Vítimas Feridas;Pleno dia;Crescente;Nublado;Simples;Reta;Não;2;0;2;0;0;0;2;1;-16,15268762;-39,59541321;SPRF-BA;DEL09-BA;UOP01-DEL09-BA
570786;26/12/2023;terça-feira;19:50:00;TO;153;240;COLINAS DO TOCANTINS;Animais na Pista;Atropelamento de Animal;Com Vítimas Feridas;Plena Noite;Crescente;Céu Claro;Simples;Reta;Não;2;0;1;0;1;0;1;1;-7,994203;-48,46468483;SPRF-TO;DEL02-TO;UOP01-DEL02-TO
570788;24/11/2023;sexta-feira;18:40:00;SP;101;21;UBATUBA;Acessar a via sem observar a presença dos outros veículos;Colisão transversal;Com Vítimas Feridas;Plena Noite;Decrescente;Garoa/Chuvisco;Simples;Reta;Não;4;0;1;0;3;0;1;2;-23,33171514;-44,92195845;SPRF-SP;DEL06-SP;UOP01-DEL06-SP
570789;26/12/2023;terça-feira;14:00:00;SC;282;104,5;ALFREDO WAGNER;Ausência de reação do condutor;Colisão com objeto;Com Vítimas Feridas;Pleno dia;Crescente;Céu Claro;Simples;Reta;Não;3;0;0;3;0;0;3;1;-27,696043;-49,334038;SPRF-SC;DEL01-SC;UOP03-DEL01-SC
570791;26/12/2023;terça-feira;19:40:00;PA;222;19;DOM ELISEU;Entrada inopinada do pedestre;Atropelamento de Pedestre;Com Vítimas Feridas;Plena Noite;Crescente;Céu Claro;Simples;Reta;Sim;2;0;0;2;0;0;2;2;-4,295723;-47,565594;SPRF-PA;DEL02-PA;UOP02-DEL02-PA
570792;26/12/2023;terça-feira;19:30:00;RJ;101;482;ANGRA DOS REIS;Condutor deixou de manter distância do veículo da frente;Colisão traseira;Com Vítimas Feridas;Plena Noite;Crescente;Chuva;Dupla;Reta;Não;2;0;1;0;0;1;1;2;-23,00453;-44,29746;SPRF-RJ;DEL03-RJ;UOP03-DEL03-RJ
570793;26/12/2023;terça-feira;19:30:00;PR;376;170,6;MARINGA;Condutor usando celular;Engavetamento;Com Vítimas Feridas;Plena Noite;Crescente;Céu Claro;Dupla;"Aclive;Viaduto                ";Sim;4;0;1;0;3;0;1;3;-23,40925341;-51,98883891;SPRF-PR;DEL09-PR;UOP01-DEL09-PR
570794;26/12/2023;terça-feira;20:15:00;RS;290;148,3;ARROIO DOS RATOS;Reação tardia ou ineficiente do condutor;Colisão traseira;Com Vítimas Feridas;Plena Noite;Decrescente;Céu Claro;Simples;"Ponte;Reta                    ";Não;6;0;3;2;1;0;5;2;-30,106561;-51,69700384;SPRF-RS;DEL02-RS;UOP01-DEL02-RS
570797;26/12/2023;terça-feira;16:00:00;MG;381;485;BETIM;Condutor deixou de manter distância do veículo da frente;Colisão traseira;Com Vítimas Feridas;Pleno dia;Decrescente;Nublado;Dupla;"Reta;Declive                  ";Sim;3;0;2;0;1;0;2;2;-19,95659361;-44,12622893;SPRF-MG;DEL01-MG;UOP03-DEL01-MG
570798;26/12/2023;terça-feira;20:30:00;SC;280;6,3;SAO FRANCISCO DO SUL;Acessar a via sem observar a presença dos outros veículos;Atropelamento de Pedestre;Com Vítimas Feridas;Plena Noite;Decrescente;Céu Claro;Simples;Reta;Sim;3;0;0;1;1;1;1;2;-26,26740285;-48,63604546;SPRF-SC;DEL03-SC;UOP03-DEL03-SC
570799;26/12/2023;terça-feira;18:05:00;PI;343;254;CAMPO MAIOR;Animais na Pista;Atropelamento de Animal;Com Vítimas Fatais;Plena Noite;Crescente;Chuva;Simples;Reta;Não;1;1;0;0;0;0;0;1;-4,760148;-42,111641;SPRF-PI;DEL01-PI;UOP03-DEL01-PI
570802;26/12/2023;terça-feira;20:50:00;MG;40;455,9;CAETANOPOLIS;Velocidade Incompatível;Queda de ocupante de veículo;Com Vítimas Feridas;Plena Noite;Crescente;Chuva;Dupla;Curva;Não;1;0;1;0;0;0;1;1;-19,35767518;-44,34735515;SPRF-MG;DEL02-MG;UOP01-DEL02-MG
570803;26/12/2023;terça-feira;22:15:00;SP;101;16,7;UBATUBA;Ausência de reação do condutor;Saída de leito carroçável;Com Vítimas Feridas;Plena Noite;Decrescente;Garoa/Chuvisco;Simples;Reta;Não;2;0;2;0;0;0;2;1;-23,32700315;-44,88452224;SPRF-SP;DEL06-SP;UOP01-DEL06-SP
570806;26/12/2023;terça-feira;21:53:00;PI;343;589,9;FLORIANO;Acessar a via sem observar a presença dos outros veículos;Colisão transversal;Com Vítimas Feridas;Plena Noite;Decrescente;Céu Claro;Dupla;Reta;Sim;2;0;0;1;0;1;1;2;-6,776695;-43,009346;SPRF-PI;DEL03-PI;UOP01-DEL03-PI
570807;26/12/2023;terça-feira;23:05:00;RJ;101;208;CASIMIRO DE ABREU;Condutor deixou de manter distância do veículo da frente;Colisão traseira;Com Vítimas Feridas;Plena Noite;Decrescente;Chuva;Simples;Reta;Não;2;0;1;0;1;0;1;2;-22,4806698;-42,22017209;SPRF-RJ;DEL08-RJ;UOP04-DEL08-RJ
570809;26/12/2023;terça-feira;19:25:00;MT;163;648,6;LUCAS DO RIO VERDE;Ultrapassagem Indevida;Saída de leito carroçável;Com Vítimas Feridas;Plena Noite;Crescente;Nublado;Simples;Curva;Não;3;0;1;0;2;0;1;1;-13,391735;-56,090881;SPRF-MT;DEL06-MT;UOP01-DEL06-MT
570810;26/12/2023;terça-feira;23:30:00;DF;60;1,2;BRASILIA;Ingestão de álcool pelo condutor;Saída de leito carroçável;Sem Vítimas;Plena Noite;Crescente;Nublado;Dupla;Reta;Sim;1;0;0;0;1;0;0;1;-15,885093;-48,068954;SPRF-DF;DEL03-DF;UOP01-DEL03-DF
570811;26/12/2023;terça-feira;23:35:00;RS;293;12;CAPAO DO LEAO;Animais na Pista;Atropelamento de Animal;Sem Vítimas;Plena Noite;Crescente;Céu Claro;Simples;Reta;Não;2;0;0;0;2;0;0;2;-31,75636452;-52,44078991;SPRF-RS;DEL07-RS;UOP01-DEL07-RS
570812;26/12/2023;terça-feira;22:15:00;RO;364;344;JI-PARANA;Manobra de mudança de faixa;Colisão lateral mesmo sentido;Com Vítimas Feridas;Plena Noite;Crescente;Céu Claro;Múltipla;Interseção de Vias;Não;3;0;2;0;1;0;2;2;-10,87376391;-61,95256893;SPRF-RO;DEL02-RO;UOP01-DEL02-RO
570813;27/12/2023;quarta-feira;00:10:00;MG;262;75;MATIPO;Condutor Dormindo;Saída de leito carroçável;Com Vítimas Feridas;Plena Noite;Decrescente;Chuva;Simples;Reta;Não;3;0;1;2;0;0;3;1;-20,32380719;-42,3388569;SPRF-MG;DEL03-MG;UOP03-DEL03-MG
570815;27/12/2023;quarta-feira;00:05:00;SC;470;66,7;INDAIAL;Ausência de reação do condutor;Colisão transversal;Com Vítimas Feridas;Plena Noite;Decrescente;Nublado;Simples;Reta;Sim;2;0;1;0;0;1;1;2;-26,87051028;-49,22800899;SPRF-SC;DEL04-SC;UOP01-DEL04-SC
570816;27/12/2023;quarta-feira;01:50:00;SP;116;270,9;TABOAO DA SERRA;Reação tardia ou ineficiente do condutor;Colisão com objeto;Com Vítimas Feridas;Plena Noite;Decrescente;Céu Claro;Dupla;Reta;Sim;1;0;1;0;0;0;1;1;-23,61799728;-46,79677694;SPRF-SP;DEL04-SP;UOP01-DEL04-SP
570817;27/12/2023;quarta-feira;01:30:00;SC;101;112;NAVEGANTES;Ausência de reação do condutor;Tombamento;Com Vítimas Feridas;Plena Noite;Decrescente;Nublado;Dupla;"Aclive;Reta                   ";Não;2;0;2;0;0;0;2;1;-26,84589005;-48,72131295;SPRF-SC;DEL04-SC;UOP04-DEL04-SC
570818;27/12/2023;quarta-feira;01:25:00;RJ;116;309,7;RESENDE;Reação tardia ou ineficiente do condutor;Colisão com objeto;Com Vítimas Feridas;Plena Noite;Crescente;Chuva;Dupla;Reta;Não;3;0;0;1;2;0;1;3;-22,45923593;-44,434776;SPRF-RJ;DEL07-RJ;UOP02-DEL07-RJ
570820;27/12/2023;quarta-feira;05:30:00;ES;101;441;MIMOSO DO SUL;Condutor Dormindo;Colisão frontal;Com Vítimas Feridas;Pleno dia;Crescente;Céu Claro;Simples;Reta;Não;7;0;0;6;0;1;6;3;-21,08329589;-41,24202612;SPRF-ES;DEL03-ES;UOP02-DEL03-ES
570821;27/12/2023;quarta-feira;04:50:00;MG;262;148;RIO CASCA;Afundamento ou ondulação no pavimento;Colisão com objeto;Com Vítimas Feridas;Amanhecer;Decrescente;Nublado;Simples;Curva;Não;5;0;1;0;4;0;1;1;-20,0130291;-42,74983565;SPRF-MG;DEL03-MG;UOP03-DEL03-MG
570822;26/12/2023;terça-feira;22:29:00;MG;381;688;LAVRAS;Chuva;Saída de leito carroçável;Com Vítimas Feridas;Plena Noite;Decrescente;Chuva;Dupla;"Curva;Declive                 ";Não;4;0;3;0;1;0;3;1;-21,187412;-45,116686;SPRF-MG;DEL04-MG;UOP02-DEL04-MG