id;data_inversa;dia_semana;horario;uf;br;km;municipio;causa_acidente;tipo_acidente;classificacao_acidente;fase_dia;sentido_via;condicao_metereologica;tipo_pista;tracado_via;uso_solo;pessoas;mortos;feridos_leves;feridos_graves;ilesos;ignorados;feridos;veiculos;latitude;longitude;regional;delegacia;uop
570824;26/12/2023;terça-feira;21:45:00;MG;251;316,7;SALINAS;Objeto estático sobre o leito carroçável;Colisão com objeto;Com Vítimas Feridas;Plena Noite;Decrescente;Céu Claro;Simples;"Reta;Declive                  ";Não;1;0;1;0;0;0;1;1;-16,14492732;-42,30747843;SPRF-MG;DEL12-MG;UOP02-DEL12-MG
570827;27/12/2023;quarta-feira;04:50:00;TO;153;137;ARAGUAINA;Ausência de reação do condutor;Capotamento;Com Vítimas Feridas;Pleno dia;Decrescente;Céu Claro;Dupla;"Reta;Declive                  ";Sim;1;0;1;0;0;0;1;1;-7,14630299;-48,20255603;SPRF-TO;DEL02-TO;UOP01-DEL02-TO
570828;27/12/2023;quarta-feira;05:15:00;MG;381;776;CAMPANHA;Reação tardia ou ineficiente do condutor;Saída de leito carroçável;Com Vítimas Feridas;Pleno dia;Decrescente;Chuva;Dupla;Reta;Não;5;0;5;0;0;0;5;1;-21,79668854;-45,45462034;SPRF-MG;DEL16-MG;UOP02-DEL16-MG
570830;27/12/2023;quarta-feira;06:40:00;SC;101;39,6;JOINVILLE;Manobra de mudança de faixa;Colisão lateral mesmo sentido;Com Vítimas Feridas;Pleno dia;Crescente;Céu Claro;Múltipla;Reta;Sim;2;0;1;0;1;0;1;2;-26,30409138;-48,88213277;SPRF-SC;DEL03-SC;UOP01-DEL03-SC
570832;27/12/2023;quarta-feira;07:35:00;SP;116;124;CACAPAVA;Condutor deixou de manter distância do veículo da frente;Engavetamento;Com Vítimas Feridas;Pleno dia;Decrescente;Céu Claro;Dupla;Reta;Sim;6;0;1;0;5;0;1;5;-23,093116;-45,677904;SPRF-SP;DEL02-SP;UOP02-DEL02-SP
570833;27/12/2023;quarta-feira;03:00:00;MG;116;701,4;MURIAE;Ausência de reação do condutor;Saída de leito carroçável;Com Vítimas Feridas;Plena Noite;Crescente;Chuva;Simples;Curva;Sim;3;0;2;0;1;0;2;1;-21,11084891;-42,3806104;SPRF-MG;DEL07-MG;UOP02-DEL07-MG
570835;27/12/2023;quarta-feira;07:45:00;SC;101;146,5;ITAPEMA;Demais falhas mecânicas ou elétricas;Tombamento;Com Vítimas Feridas;Pleno dia;Crescente;Céu Claro;Dupla;Reta;Sim;2;0;2;0;0;0;2;1;-27,08666525;-48,60955587;SPRF-SC;DEL04-SC;UOP03-DEL04-SC
570836;18/12/2023;segunda-feira;22:30:00;SP;381;84,8;SAO PAULO;Demais falhas mecânicas ou elétricas;Incêndio;Sem Vítimas;Plena Noite;Decrescente;Céu Claro;Dupla;Reta;Sim;1;0;0;0;1;0;0;1;-23,43937;-46,56807;SPRF-SP;DEL03-SP;UOP01-DEL03-SP
570838;27/12/2023;quarta-feira;06:00:00;BA;116;652;JEQUIE;Acessar a via sem observar a presença dos outros veículos;Colisão transversal;Com Vítimas Feridas;Pleno dia;Crescente;Céu Claro;Simples;Reta;Não;2;0;1;0;0;1;1;2;-13,62855903;-40,09262869;SPRF-BA;DEL03-BA;UOP01-DEL03-BA
570839;27/12/2023;quarta-feira;00:30:00;MT;70;338;DOM AQUINO;Reação tardia ou ineficiente do condutor;Saída de leito carroçável;Com Vítimas Feridas;Plena Noite;Decrescente;Ignorado;Simples;Curva;Não;2;0;1;0;1;0;1;1;-15,53603594;-54,82130527;SPRF-MT;DEL05-MT;UOP01-DEL05-MT
570841;27/12/2023;quarta-feira;06:45:00;RO;364;224,1;PIMENTA BUENO;Acessar a via sem observar a presença dos outros veículos;Colisão transversal;Com Vítimas Feridas;Pleno dia;Decrescente;Céu Claro;Simples;"Reta;Aclive                   ";Não;4;0;3;0;1;0;3;2;-11,514407;-61,354544;SPRF-RO;DEL02-RO;UOP02-DEL02-RO
570842;27/12/2023;quarta-feira;08:20:00;RN;110;80,3;UPANEMA;Demais falhas mecânicas ou elétricas;Capotamento;Com Vítimas Feridas;Pleno dia;Decrescente;Céu Claro;Simples;Reta;Não;3;0;3;0;0;0;3;1;-5,488624;-37,326171;SPRF-RN;DEL04-RN;UOP01-DEL04-RN
570843;27/12/2023;quarta-feira;08:20:00;SP;116;75,3;APARECIDA;Frear bruscamente;Colisão traseira;Com Vítimas Feridas;Pleno dia;Decrescente;Nublado;Dupla;Reta;Sim;3;0;1;0;1;1;1;2;-22,87521876;-45,26277018;SPRF-SP;DEL08-SP;UOP01-DEL08-SP
570844;27/12/2023;quarta-feira;08:45:00;SP;153;84,5;MIRASSOL;Afundamento ou ondulação no pavimento;Tombamento;Com Vítimas Feridas;Pleno dia;Decrescente;Nublado;Dupla;"Reta;Declive                  ";Não;1;0;1;0;0;0;1;1;-20,92853368;-49,51181226;SPRF-SP;DEL09-SP;UOP01-DEL09-SP
570847;06/12/2023;quarta-feira;06:10:00;PR;369;142;IBIPORA;Acumulo de óleo sobre o pavimento;Tombamento;Com Vítimas Feridas;Amanhecer;Crescente;Céu Claro;Simples;Interseção de Vias;Sim;1;0;1;0;0;0;1;1;-23,29273315;-51,09033108;SPRF-PR;DEL07-PR;UOP01-DEL07-PR
570848;26/12/2023;terça-feira;19:00:00;MS;262;762;CORUMBA;Ausência de reação do condutor;Colisão com objeto;Com Vítimas Feridas;Anoitecer;Decrescente;Céu Claro;Simples;Rotatória;Não;2;0;2;0;0;0;2;1;-19,12247341;-57,62375236;SPRF-MS;DEL03-MS;UOP03-DEL03-MS
570849;24/12/2023;domingo;10:15:00;GO;153;211;URUACU;Acessar a via sem observar a presença dos outros veículos;Colisão transversal;Com Vítimas Feridas;Pleno dia;Decrescente;Céu Claro;Simples;"Interseção de Vias;Retorno Reg";Não;8;0;1;0;7;0;1;2;-14,615499;-49,16959;SPRF-GO;DEL07-GO;UOP02-DEL07-GO
570850;27/12/2023;quarta-feira;08:40:00;RS;101;46;TERRA DE AREIA;Condutor usando celular;Colisão com objeto;Com Vítimas Feridas;Pleno dia;Decrescente;Céu Claro;Múltipla;Reta;Sim;2;0;1;1;0;0;2;1;-29,57664003;-50,06327396;SPRF-RS;DEL03-RS;UOP02-DEL03-RS
570851;21/09/2023;quinta-feira;11:50:00;ES;262;104;VENDA NOVA DO IMIGRANTE;Ausência de reação do condutor;Colisão lateral mesmo sentido;Com Vítimas Feridas;Pleno dia;Crescente;Céu Claro;Simples;Reta;Sim;2;0;1;0;1;0;1;2;-20,33302593;-41,12931881;SPRF-ES;DEL01-ES;UOP02-DEL01-ES
570852;27/12/2023;quarta-feira;08:20:00;RJ;101;506,1;ANGRA DOS REIS;Conversão proibida;Colisão transversal;Com Vítimas Feridas;Pleno dia;Crescente;Céu Claro;Simples;Reta;Sim;2;0;1;0;1;0;1;2;-22,93493041;-44,40487313;SPRF-RJ;DEL03-RJ;UOP03-DEL03-RJ
570853;22/10/2023;domingo;11:25:00;RJ;101;542;PARATY;Velocidade Incompatível;Saída de leito carroçável;Com Vítimas Feridas;Pleno dia;Decrescente;Chuva;Simples;Curva;Não;3;0;0;2;0;1;2;2;-23,04128085;-44,59583503;SPRF-RJ;DEL03-RJ;UOP04-DEL03-RJ
570855;27/12/2023;quarta-feira;09:50:00;PR;376;1;APUCARANA;Acesso irregular;Colisão transversal;Com Vítimas Feridas;Pleno dia;Crescente;Céu Claro;Simples;"Reta;Declive;Interseção de Via";Não;2;0;1;0;1;0;1;2;-23,571889;-51,427642;SPRF-PR;DEL07-PR;UOP03-DEL07-PR
570856;27/12/2023;quarta-feira;07:45:00;MS;163;132;NAVIRAI;Condutor deixou de manter distância do veículo da frente;Engavetamento;Sem Vítimas;Pleno dia;Crescente;Céu Claro;Simples;Reta;Não;4;0;0;0;4;0;0;3;-23,03069108;-54,27596205;SPRF-MS;DEL09-MS;UOP01-DEL09-MS
570859;27/12/2023;quarta-feira;08:20:00;RS;153;6,5;CACHOEIRA DO SUL;Acumulo de areia ou detritos sobre o pavimento;Saída de leito carroçável;Com Vítimas Feridas;Pleno dia;Crescente;Céu Claro;Simples;Curva;Sim;2;0;2;0;0;0;2;1;-30,01983424;-52,86818504;SPRF-RS;DEL02-RS;UOP03-DEL02-RS
570860;27/12/2023;quarta-feira;10:20:00;SC;101;112;ITAJAI;Trafegar com motocicleta (ou similar) entre as faixas;Colisão lateral mesmo sentido;Com Vítimas Feridas;Pleno dia;Crescente;Céu Claro;Dupla;Reta;Sim;4;0;2;1;1;0;3;2;-26,84589005;-48,72131295;SPRF-SC;DEL04-SC;UOP04-DEL04-SC
570861;27/12/2023;quarta-feira;08:15:00;RN;304;291;MACAIBA;Condutor Dormindo;Saída de leito carroçável;Com Vítimas Feridas;Pleno dia;Decrescente;Céu Claro;Dupla;Reta;Não;2;0;1;0;1;0;1;1;-5,86769816;-35,39394002;SPRF-RN;DEL01-RN;UOP02-DEL01-RN
570863;27/12/2023;quarta-feira;10:35:00;RN;101;81,3;SAO GONCALO DO AMARANTE;Acumulo de areia ou detritos sobre o pavimento;Saída de leito carroçável;Com Vítimas Feridas;Pleno dia;Crescente;Nublado;Dupla;"Reta;Em Obras                 ";Sim;1;0;1;0;0;0;1;1;-5,76469466;-35,28295988;SPRF-RN;DEL02-RN;UOP01-DEL02-RN
570865;06/11/2023;segunda-feira;13:50:00;BA;101;536;SAO JOSE DA VITORIA;Velocidade Incompatível;Colisão frontal;Com Vítimas Fatais;Pleno dia;Crescente;Garoa/Chuvisco;Simples;"Declive;Curva                 ";Não;2;1;0;0;1;0;0;2;-15,06264416;-39,33048606;SPRF-BA;DEL05-BA;UOP01-DEL05-BA
570866;27/12/2023;quarta-feira;08:30:00;MG;365;159;PIRAPORA;Acessar a via sem observar a presença dos outros veículos;Colisão transversal;Com Vítimas Feridas;Pleno dia;Crescente;Céu Claro;Simples;"Reta;Retorno Regulamentado    ";Sim;6;0;3;0;3;0;3;2;-17,35543992;-44,91271708;SPRF-MG;DEL10-MG;UOP02-DEL010-MG
570867;27/12/2023;quarta-feira;10:55:00;PE;101;80;JABOATAO DOS GUARARAPES;Condutor deixou de manter distância do veículo da frente;Colisão lateral mesmo sentido;Com Vítimas Feridas;Pleno dia;Crescente;Céu Claro;Dupla;Reta;Não;3;0;2;0;1;0;2;2;-8,160539;-34,940279;SPRF-PE;DEL01-PE;UOP01-DEL01-PE
570868;27/12/2023;quarta-feira;09:30:00;PE;101;103,5;CABO DE SANTO AGOSTINHO;Manobra de mudança de faixa;Colisão lateral mesmo sentido;Com Vítimas Feridas;Pleno dia;Crescente;Sol;Dupla;"Curva;Declive                 ";Não;3;0;2;0;0;1;2;2;-8,29241321;-35,05598304;SPRF-PE;DEL01-PE;UOP03-DEL01-PE
570869;27/12/2023;quarta-feira;09:40:00;PE;316;349;PETROLANDIA;Reação tardia ou ineficiente do condutor;Capotamento;Com Vítimas Fatais;Pleno dia;Crescente;Céu Claro;Simples;Reta;Não;2;1;1;0;0;0;1;1;-8,86163701;-38,30015011;SPRF-PE;DEL04-PE;UOP03-DEL04-PE
570870;27/12/2023;quarta-feira;10:05:00;PR;277;128,8;BALSA NOVA;Velocidade Incompatível;Colisão com objeto;Com Vítimas Feridas;Pleno dia;Decrescente;Nublado;Simples;"Reta;Declive                  ";Não;1;0;0;1;0;0;1;1;-25,47125105;-49,61932182;SPRF-PR;DEL03-PR;UOP03-DEL03-PR
570871;27/12/2023;quarta-feira;08:30:00;GO;60;163;GOIANIA;Condutor deixou de manter distância do veículo da frente;Colisão traseira;Com Vítimas Feridas;Pleno dia;Decrescente;Céu Claro;Dupla;Reta;Sim;3;0;1;0;2;0;1;3;-16,7002;-49,3335;SPRF-GO;DEL01-GO;UOP02-DEL01-GO
570875;27/12/2023;quarta-feira;11:20:00;PR;467;109,1;CASCAVEL;Manobra de mudança de faixa;Colisão traseira;Com Vítimas Feridas;Pleno dia;Decrescente;Sol;Dupla;Aclive;Não;2;0;1;0;1;0;1;2;-24,9261;-53,4589;SPRF-PR;DEL04-PR;UOP01-DEL04-PR
570876;27/12/2023;quarta-feira;11:40:00;ES;101;18;PEDRO CANARIO;Chuva;Queda de ocupante de veículo;Sem Vítimas;Pleno dia;Decrescente;Chuva;Simples;"Reta;Declive                  ";Não;1;0;0;0;1;0;0;1;-18,31320539;-39,95347307;SPRF-ES;DEL04-ES;UOP02-DEL04-ES
570877;27/12/2023;quarta-feira;11:49:00;PE;101;73;RECIFE;Reação tardia ou ineficiente do condutor;Queda de ocupante de veículo;Com Vítimas Feridas;Pleno dia;Decrescente;Sol;Dupla;"Curva;Retorno Regulamentado   ";Não;2;0;1;0;0;1;1;1;-8,093369;-34,947464;SPRF-PE;DEL01-PE;UOP01-DEL01-PE
570879;27/12/2023;quarta-feira;11:50:00;SC;101;43,9;JOINVILLE;Reação tardia ou ineficiente do condutor;Colisão traseira;Com Vítimas Feridas;Pleno dia;Crescente;Nublado;Simples;Reta;Não;2;0;1;0;1;0;1;2;-26,33836457;-48,85958076;SPRF-SC;DEL03-SC;UOP01-DEL03-SC
570881;27/12/2023;quarta-feira;05:00:00;RJ;40;78;PETROPOLIS;Pista Escorregadia;Colisão com objeto;Com Vítimas Feridas;Pleno dia;Crescente;Nublado;Dupla;Reta;Não;1;0;1;0;0;0;1;1;-22,48485874;-43,22843406;SPRF-RJ;DEL01-RJ;UOP01-DEL01-RJ
570882;27/12/2023;quarta-feira;12:00:00;CE;116;306;JAGUARIBE;Desrespeitar a preferência no cruzamento;Colisão transversal;Com Vítimas Feridas;Pleno dia;Crescente;Céu Claro;Simples;"Interseção de Vias;Reta       ";Sim;4;0;0;1;3;0;1;2;-5,88143778;-38,61602068;SPRF-CE;DEL05-CE;UOP02-DEL05-CE
570883;27/12/2023;quarta-feira;12:40:00;SC;101;96;BARRA VELHA;Trafegar com motocicleta (ou similar) entre as faixas;Colisão lateral mesmo sentido;Com Vítimas Feridas;Pleno dia;Crescente;Céu Claro;Dupla;Reta;Não;3;0;1;0;2;0;1;3;-26,718427;-48,70233;SPRF-SC;DEL03-SC;UOP02-DEL03-SC
570884;27/12/2023;quarta-feira;11:20:00;PB;230;35,9;SANTA RITA;Ausência de reação do condutor;Queda de ocupante de veículo;Com Vítimas Feridas;Pleno dia;Crescente;Céu Claro;Dupla;"Reta;Ponte                    ";Não;2;0;1;0;1;0;1;1;-7,1268;-34,9412;SPRF-PB;DEL01-PB;UOP03-DEL01-PB
570886;27/12/2023;quarta-feira;11:25:00;MG;116;517,7;UBAPORANGA;Demais falhas mecânicas ou elétricas;Colisão com objeto;Com Vítimas Feridas;Pleno dia;Decrescente;Nublado;Simples;Curva;Não;1;0;1;0;0;0;1;1;-19,70492713;-42,11720373;SPRF-MG;DEL06-MG;UOP02-DEL06-MG
570887;27/12/2023;quarta-feira;12:39:00;MG;381;479,5;CONTAGEM;Velocidade Incompatível;Saída de leito carroçável;Com Vítimas Fatais;Pleno dia;Crescente;Nublado;Múltipla;"Aclive;Curva                  ";Sim;5;1;0;1;1;2;1;2;-19,95889605;-44,069202;SPRF-MG;DEL01-MG;UOP03-DEL01-MG
570888;27/12/2023;quarta-feira;11:35:00;PB;412;7,9;BOA VISTA;Reação tardia ou ineficiente do condutor;Saída de leito carroçável;Com Vítimas Feridas;Pleno dia;Crescente;Céu Claro;Simples;Reta;Não;2;0;2;0;0;0;2;1;-7,187379;-36,157795;SPRF-PB;DEL02-PB;UOP02-DEL02-PB
570889;07/12/2023;quinta-feira;23:00:00;PR;116;12;COLOMBO;Acessar a via sem observar a presença dos outros veículos;Colisão traseira;Com Vítimas Feridas;Plena Noite;Crescente;Céu Claro;Simples;Interseção de Vias;Não;2;0;1;0;1;0;1;2;-25,3755;-49,1496;SPRF-PR;DEL01-PR;UOP02-DEL01-PR
570890;27/12/2023;quarta-feira;12:00:00;MT;364;15;ALTO ARAGUAIA;Ausência de reação do condutor;Saída de leito carroçável;Com Vítimas Feridas;Pleno dia;Decrescente;Céu Claro;Simples;Rotatória;Não;1;0;0;1;0;0;1;1;-17,23385604;-53,32251175;SPRF-MT;DEL02-MT;UOP02-DEL02-MT
570892;27/12/2023;quarta-feira;09:05:00;SP;101;46,9;UBATUBA;Transitar na contramão;Colisão frontal;Com Vítimas Feridas;Pleno dia;Decrescente;Sol;Simples;Reta;Não;2;0;1;0;1;0;1;2;-23,42403383;-45,07492113;SPRF-SP;DEL06-SP;UOP01-DEL06-SP
570893;23/12/2023;sábado;15:30:00;RJ;40;93;PETROPOLIS;Chuva;Colisão com objeto;Sem Vítimas;Pleno dia;Crescente;Chuva;Simples;"Curva;Declive                 ";Não;1;0;0;0;1;0;0;1;-22,5554282;-43,25829998;SPRF-RJ;DEL01-RJ;UOP01-DEL01-RJ
570895;27/12/2023;quarta-feira;09:15:00;SC;470;62,7;INDAIAL;Ausência de reação do condutor;Colisão traseira;Com Vítimas Feridas;Pleno dia;Crescente;Sol;Simples;Reta;Não;3;0;1;1;1;0;2;2;-26,87434423;-49,18433189;SPRF-SC;DEL04-SC;UOP01-DEL04-SC
570896;27/12/2023;quarta-feira;13:30:00;RS;290;333;SAO SEPE;Afundamento ou ondulação no pavimento;Saída de leito carroçável;Com Vítimas Feridas;Pleno dia;Crescente;Céu Claro;Simples;Aclive;Não;3;0;2;0;1;0;2;1;-30,360788;-53,513123;SPRF-RS;DEL09-RS;UOP02-DEL09-RS
570898;27/12/2023;quarta-feira;12:12:00;RO;364;107,4;CHUPINGUAIA;Ingestão de álcool pelo condutor;Colisão traseira;Com Vítimas Feridas;Pleno dia;Decrescente;Céu Claro;Simples;Reta;Não;4;0;1;0;3;0;1;2;-12,224781;-60,688491;SPRF-RO;DEL04-RO;UOP01-DEL04-RO
570901;19/08/2023;sábado;19:28:00;AC;364;39;ACRELANDIA;Ausência de reação do condutor;Colisão frontal;Com Vítimas Feridas;Plena Noite;Decrescente;Céu Claro;Simples;"Reta;Em Obras                 ";Não;4;0;0;1;3;0;1;2;-9,95520038;-67,08448385;SPRF-AC;DEL01-AC;UOP03-DEL01-AC
570902;27/12/2023;quarta-feira;12:30:00;MG;356;267,5;MURIAE;Acessar a via sem observar a presença dos outros veículos;Colisão transversal;Com Vítimas Feridas;Pleno dia;Decrescente;Garoa/Chuvisco;Simples;"Reta;Interseção de Vias       ";Sim;3;0;1;0;2;0;1;2;-21,12725696;-42,35052695;SPRF-MG;DEL07-MG;UOP02-DEL07-MG
570904;27/12/2023;quarta-feira;14:10:00;SC;101;41;JOINVILLE;Desrespeitar a preferência no cruzamento;Colisão transversal;Com Vítimas Feridas;Pleno dia;Crescente;Céu Claro;Dupla;"Rotatória;Viaduto             ";Não;3;0;2;0;1;0;2;2;-26,28215489;-48,88973081;SPRF-SC;DEL03-SC;UOP01-DEL03-SC
570905;27/12/2023;quarta-feira;13:00:00;RJ;465;21;NOVA IGUACU;Condutor deixou de manter distância do veículo da frente;Colisão traseira;Com Vítimas Feridas;Pleno dia;Decrescente;Céu Claro;Simples;Reta;Sim;2;0;1;0;1;0;1;2;-22,854782;-43,601933;SPRF-RJ;DEL06-RJ;UOP02-DEL06-RJ
570906;27/12/2023;quarta-feira;14:00:00;SC;101;205,5;SAO JOSE;Avarias e/ou desgaste excessivo no pneu;Tombamento;Com Vítimas Feridas;Pleno dia;Crescente;Céu Claro;Múltipla;Reta;Sim;2;0;2;0;0;0;2;1;-27,5886702;-48,6171627;SPRF-SC;DEL01-SC;UOP01-DEL01-SC
570907;27/12/2023;quarta-feira;14:30:00;PE;232;4;RECIFE;Reação tardia ou ineficiente do condutor;Saída de leito carroçável;Com Vítimas Feridas;Pleno dia;Decrescente;Céu Claro;Simples;Curva;Sim;1;0;1;0;0;0;1;1;-8,064473;-34,936928;SPRF-PE;DEL01-PE;UOP01-DEL01-PE
570908;27/12/2023;quarta-feira;14:35:00;RN;101;102,5;PARNAMIRIM;Reação tardia ou ineficiente do condutor;Colisão traseira;Com Vítimas Feridas;Pleno dia;Decrescente;Sol;Múltipla;Reta;Sim;2;0;1;0;1;0;1;2;-5,889101;-35,242947;SPRF-RN;DEL01-RN;UOP01-DEL01-RN
570909;27/12/2023;quarta-feira;14:00:00;CE;116;6,9;FORTALEZA;Ausência de reação do condutor;Colisão lateral mesmo sentido;Sem Vítimas;Pleno dia;Crescente;Céu Claro;Múltipla;Reta;Sim;2;0;0;0;1;1;0;2;-3,81073099;-38,50074867;SPRF-CE;DEL01-CE;UOP02-DEL01-CE
570910;27/12/2023;quarta-feira;09:00:00;PB;230;185,9;POCINHOS;Demais falhas mecânicas ou elétricas;Saída de leito carroçável;Com Vítimas Feridas;Pleno dia;Decrescente;Céu Claro;Simples;Reta;Não;3;0;1;1;1;0;2;1;-7,151;-36,1114;SPRF-PB;DEL02-PB;UOP02-DEL02-PB
570912;27/12/2023;quarta-feira;14:36:00;RJ;101;310;SAO GONCALO;Ausência de reação do condutor;Colisão traseira;Com Vítimas Feridas;Pleno dia;Decrescente;Nublado;Múltipla;"Aclive;Reta                   ";Sim;2;0;1;0;1;0;1;2;-22,79717023;-43,04404993;SPRF-RJ;DEL02-RJ;UOP02-DEL02-RJ
570913;27/12/2023;quarta-feira;14:30:00;PR;116;152;MANDIRITUBA;Ausência de reação do condutor;Colisão transversal;Sem Vítimas;Pleno dia;Crescente;Céu Claro;Simples;Reta;Sim;4;0;0;0;4;0;0;2;-25,86195;-49,36203;SPRF-PR;DEL01-PR;UOP03-DEL01-PR
570915;27/12/2023;quarta-feira;13:40:00;RS;285;132,4;VACARIA;Transitar na contramão;Colisão frontal;Com Vítimas Feridas;Pleno dia;Crescente;Céu Claro;Simples;Reta;Não;5;0;4;1;0;0;5;2;-28,437056;-51,003933;SPRF-RS;DEL05-RS;UOP03-DEL05-RS
570916;27/12/2023;quarta-feira;13:50:00;RJ;101;154;MACAE;Conversão proibida;Colisão transversal;Com Vítimas Feridas;Pleno dia;Crescente;Céu Claro;Simples;Reta;Não;4;0;1;0;3;0;1;2;-22,25599488;-41,83284009;SPRF-RJ;DEL08-RJ;UOP04-DEL08-RJ
570917;27/12/2023;quarta-feira;15:10:00;MG;116;523,9;CARATINGA;Retorno proibido;Colisão transversal;Com Vítimas Feridas;Pleno dia;Crescente;Sol;Simples;Curva;Sim;2;0;1;0;1;0;1;2;-19,76273551;-42,13227868;SPRF-MG;DEL06-MG;UOP02-DEL06-MG
570918;27/12/2023;quarta-feira;14:50:00;SC;282;36,5;AGUAS MORNAS;Mal súbito do condutor;Colisão lateral sentido oposto;Com Vítimas Feridas;Pleno dia;Decrescente;Nublado;Simples;Reta;Não;3;0;2;0;1;0;2;2;-27,704855;-48,834026;SPRF-SC;DEL01-SC;UOP03-DEL01-SC
570919;27/12/2023;quarta-feira;13:50:00;RS;116;152,9;CAXIAS DO SUL;Reação tardia ou ineficiente do condutor;Colisão transversal;Com Vítimas Feridas;Pleno dia;Decrescente;Céu Claro;Simples;Reta;Sim;3;0;0;1;1;1;1;3;-29,18585894;-51,17615104;SPRF-RS;DEL05-RS;UOP01-DEL05-RS
570920;27/12/2023;quarta-feira;15:30:00;GO;70;1;AGUAS LINDAS DE GOIAS;Condutor deixou de manter distância do veículo da frente;Colisão lateral mesmo sentido;Com Vítimas Feridas;Pleno dia;Crescente;Céu Claro;Dupla;Aclive;Não;2;0;1;0;0;1;1;2;-15,77579351;-48,23259001;SPRF-DF;DEL03-DF;UOP02-DEL03-DF
570921;27/12/2023;quarta-feira;15:10:00;SP;381;58,5;MAIRIPORA;Reação tardia ou ineficiente do condutor;Engavetamento;Com Vítimas Feridas;Pleno dia;Crescente;Céu Claro;Dupla;Reta;Não;9;0;0;1;8;0;1;3;-23,27987;-46,58647;SPRF-SP;DEL03-SP;UOP01-DEL03-SP
570922;27/12/2023;quarta-feira;15:50:00;SC;470;47,5;BLUMENAU;Retorno proibido;Colisão transversal;Com Vítimas Feridas;Pleno dia;Decrescente;Nublado;Simples;"Reta;Em Obras                 ";Sim;2;0;1;0;1;0;1;2;-26,86058841;-49,05371807;SPRF-SC;DEL04-SC;UOP01-DEL04-SC
570923;20/12/2023;quarta-feira;21:00:00;MS;359;523;LADARIO;Demais falhas mecânicas ou elétricas;Incêndio;Sem Vítimas;Plena Noite;Decrescente;Céu Claro;Simples;Reta;Sim;1;0;0;0;0;1;0;1;-19,02169;-57,614502;SPRF-MS;DEL03-MS;UOP03-DEL03-MS
570924;20/12/2023;quarta-feira;22:30:00;MS;163;685;RIO VERDE DE MATO GROSSO;Condutor Dormindo;Colisão lateral sentido oposto;Com Vítimas Feridas;Plena Noite;Crescente;Céu Claro;Simples;Reta;Não;2;0;1;0;1;0;1;2;-18,88196999;-54,83982801;SPRF-MS;DEL06-MS;UOP01-DEL06-MS
570925;27/12/2023;quarta-feira;16:25:00;MG;40;753,9;EWBANK DA CAMARA;Acessar a via sem observar a presença dos outros veículos;Colisão transversal;Com Vítimas Feridas;Pleno dia;Crescente;Nublado;Simples;Reta;Não;2;0;0;1;1;0;1;2;-21,47144207;-43,5456067;SPRF-MG;DEL05-MG;UOP01-DEL05-MG
570926;27/12/2023;quarta-feira;13:30:00;PR;376;627;SAO JOSE DOS PINHAIS;Acessar a via sem observar a presença dos outros veículos;Colisão traseira;Com Vítimas Feridas;Pleno dia;Crescente;Céu Claro;Dupla;Reta;Não;3;0;0;1;1;1;1;3;-25,66963786;-49,15231858;SPRF-PR;DEL01-PR;UOP04-DEL01-PR
570927;27/12/2023;quarta-feira;16:10:00;SC;282;72;RANCHO QUEIMADO;Manobra de mudança de faixa;Saída de leito carroçável;Com Vítimas Feridas;Pleno dia;Crescente;Nublado;Simples;"Aclive;Curva                  ";Não;2;0;0;2;0;0;2;1;-27,683439;-49,105259;SPRF-SC;DEL01-SC;UOP03-DEL01-SC
570931;27/12/2023;quarta-feira;15:15:00;AL;316;229,8;ATALAIA;Demais falhas mecânicas ou elétricas;Incêndio;Sem Vítimas;Pleno dia;Decrescente;Sol;Simples;Curva;Não;1;0;0;0;1;0;0;1;-9,49359821;-36,12777898;SPRF-AL;DEL01-AL;UOP01-DEL01-AL
570932;27/12/2023;quarta-feira;16:00:00;SC;280;14;SAO FRANCISCO DO SUL;Acesso irregular;Colisão traseira;Com Vítimas Feridas;Pleno dia;Crescente;Céu Claro;Simples;Reta;Não;3;0;2;0;1;0;2;2;-26,3301861;-48,65148076;SPRF-SC;DEL03-SC;UOP03-DEL03-SC
570935;27/12/2023;quarta-feira;16:20:00;SC;282;0,5;FLORIANOPOLIS;Condutor deixou de manter distância do veículo da frente;Engavetamento;Com Vítimas Feridas;Pleno dia;Decrescente;Céu Claro;Múltipla;Declive;Sim;3;0;2;0;1;0;2;3;-27,59845;-48,571995;SPRF-SC;DEL01-SC;UOP01-DEL01-SC
570936;27/12/2023;quarta-feira;16:30:00;CE;116;3;FORTALEZA;Ausência de reação do condutor;Colisão traseira;Com Vítimas Feridas;Pleno dia;Decrescente;Sol;Múltipla;Reta;Sim;2;0;1;0;1;0;1;2;-3,77866493;-38,51490171;SPRF-CE;DEL01-CE;UOP02-DEL01-CE
570937;27/12/2023;quarta-feira;17:00:00;RJ;116;185;NOVA IGUACU;Fumaça;Incêndio;Sem Vítimas;Pleno dia;Decrescente;Nublado;Múltipla;Reta;Sim;1;0;0;0;1;0;0;1;-22,74621357;-43,45024109;SPRF-RJ;DEL06-RJ;UOP01-DEL06-RJ
570938;27/12/2023;quarta-feira;16:40:00;PR;476;151,8;ARAUCARIA;Transitar na contramão;Colisão transversal;Com Vítimas Feridas;Pleno dia;Decrescente;Céu Claro;Dupla;Interseção de Vias;Não;2;0;1;0;1;0;1;2;-25,56845633;-49,38270271;SPRF-PR;DEL01-PR;UOP06-DEL01-PR