id;data_inversa;dia_semana;horario;uf;br;km;municipio;causa_acidente;tipo_acidente;classificacao_acidente;fase_dia;sentido_via;condicao_metereologica;tipo_pista;tracado_via;uso_solo;pessoas;mortos;feridos_leves;feridos_graves;ilesos;ignorados;feridos;veiculos;latitude;longitude;regional;delegacia;uop
571301;29/12/2023;sexta-feira;14:10:00;GO;70;17;AGUAS LINDAS DE GOIAS;Condutor deixou de manter distância do veículo da frente;Colisão traseira;Com Vítimas Feridas;Pleno dia;Crescente;Céu Claro;Simples;Aclive;Não;6;0;1;1;4;0;2;2;-15,75060673;-48,34984959;SPRF-DF;DEL03-DF;UOP02-DEL03-DF
571303;17/12/2023;domingo;18:20:00;MS;60;395;SIDROLANDIA;Ausência de reação do condutor;Tombamento;Com Vítimas Feridas;Plena Noite;Decrescente;Céu Claro;Simples;Reta;Não;1;0;0;1;0;0;1;1;-20,75566905;-54,78573182;SPRF-MS;DEL01-MS;UOP04-DEL01-MS
571304;29/12/2023;sexta-feira;14:45:00;RJ;116;187;NOVA IGUACU;Reação tardia ou ineficiente do condutor;Colisão traseira;Com Vítimas Feridas;Pleno dia;Decrescente;Céu Claro;Múltipla;Reta;Sim;4;0;1;1;2;0;2;3;-22,73883756;-43,47245197;SPRF-RJ;DEL06-RJ;UOP01-DEL06-RJ
571305;29/12/2023;sexta-feira;14:40:00;PE;101;68,2;RECIFE;Acesso irregular;Colisão lateral mesmo sentido;Com Vítimas Feridas;Pleno dia;Decrescente;Céu Claro;Dupla;Rotatória;Sim;2;0;1;0;0;1;1;2;-8,05074296;-34,94580619;SPRF-PE;DEL01-PE;UOP01-DEL01-PE
571306;29/12/2023;sexta-feira;15:35:00;MG;267;123,5;JUIZ DE FORA;Reação tardia ou ineficiente do condutor;Colisão traseira;Com Vítimas Feridas;Pleno dia;Decrescente;Céu Claro;Simples;Curva;Não;2;0;0;1;1;0;1;2;-21,70555685;-43,50518896;SPRF-MG;DEL05-MG;UOP01-DEL05-MG
571308;29/12/2023;sexta-feira;15:10:00;DF;20;51;BRASILIA;Acumulo de água sobre o pavimento;Saída de leito carroçável;Com Vítimas Feridas;Pleno dia;Decrescente;Chuva;Dupla;"Curva;Declive                 ";Não;2;0;1;0;1;0;1;1;-15,57856517;-47,37978458;SPRF-DF;DEL02-DF;UOP01-DEL02-DF
571309;29/12/2023;sexta-feira;15:30:00;AL;101;138;SAO MIGUEL DOS CAMPOS;Velocidade Incompatível;Capotamento;Com Vítimas Feridas;Pleno dia;Decrescente;Céu Claro;Dupla;Curva;Sim;2;0;2;0;0;0;2;1;-9,80975158;-36,11701903;SPRF-AL;DEL02-AL;UOP01-DEL02-AL
571310;29/12/2023;sexta-feira;15:15:00;RJ;116;186;NOVA IGUACU;Trafegar com motocicleta (ou similar) entre as faixas;Colisão lateral mesmo sentido;Com Vítimas Feridas;Pleno dia;Decrescente;Céu Claro;Dupla;Reta;Sim;2;0;0;1;1;0;1;2;-22,73962339;-43,46276495;SPRF-RJ;DEL06-RJ;UOP01-DEL06-RJ
571312;29/12/2023;sexta-feira;15:25:00;BA;324;526;FEIRA DE SANTANA;Ausência de reação do condutor;Colisão traseira;Com Vítimas Feridas;Pleno dia;Crescente;Céu Claro;Dupla;Reta;Não;2;0;1;0;1;0;1;2;-12,30639712;-38,89051509;SPRF-BA;DEL01-BA;UOP03-DEL01-BA
571314;29/12/2023;sexta-feira;15:35:00;PE;232;5;RECIFE;Acumulo de óleo sobre o pavimento;Queda de ocupante de veículo;Com Vítimas Feridas;Pleno dia;Decrescente;Céu Claro;Simples;Curva;Sim;1;0;1;0;0;0;1;1;-8,067726;-34,945953;SPRF-PE;DEL01-PE;UOP01-DEL01-PE
571315;29/12/2023;sexta-feira;15:50:00;SC;101;33,5;JOINVILLE;Velocidade Incompatível;Colisão com objeto;Com Vítimas Feridas;Pleno dia;Crescente;Céu Claro;Dupla;Viaduto;Não;2;0;2;0;0;0;2;1;-26,25647292;-48,90598297;SPRF-SC;DEL03-SC;UOP01-DEL03-SC
571316;29/12/2023;sexta-feira;15:30:00;RS;290;26;SANTO ANTONIO DA PATRULHA;Condutor deixou de manter distância do veículo da frente;Engavetamento;Sem Vítimas;Pleno dia;Decrescente;Nublado;Dupla;Reta;Não;3;0;0;0;3;0;0;3;-29,880135;-50,514297;SPRF-RS;DEL03-RS;UOP01-DEL03-RS
571317;29/12/2023;sexta-feira;16:15:00;SP;101;19,1;UBATUBA;Acessar a via sem observar a presença dos outros veículos;Colisão transversal;Com Vítimas Feridas;Pleno dia;Decrescente;Céu Claro;Simples;"Retorno Regulamentado;Reta    ";Não;5;0;1;0;4;0;1;2;-23,32230369;-44,90866726;SPRF-SP;DEL06-SP;UOP01-DEL06-SP
571318;29/12/2023;sexta-feira;10:20:00;PR;373;438,7;CHOPINZINHO;Reação tardia ou ineficiente do condutor;Colisão frontal;Com Vítimas Fatais;Pleno dia;Decrescente;Nublado;Simples;Curva;Não;11;1;6;2;2;0;8;3;-25,80372667;-52,28297109;SPRF-PR;DEL02-PR;UOP01-DEL02-PR
571319;29/12/2023;sexta-feira;16:00:00;SC;101;107,6;PENHA;Manobra de mudança de faixa;Colisão lateral mesmo sentido;Com Vítimas Feridas;Pleno dia;Crescente;Céu Claro;Dupla;Reta;Não;3;0;2;0;1;0;2;2;-26,81930608;-48,68390282;SPRF-SC;DEL03-SC;UOP02-DEL03-SC
571321;29/12/2023;sexta-feira;14:40:00;MG;153;153,1;COMENDADOR GOMES;Ultrapassagem Indevida;Saída de leito carroçável;Com Vítimas Feridas;Pleno dia;Crescente;Nublado;Simples;Curva;Não;5;0;4;1;0;0;5;1;-19,630162;-48,889388;SPRF-MG;DEL13-MG;UOP02-DEL13-MG
571322;29/12/2023;sexta-feira;15:15:00;SP;153;152,1;PROMISSAO;Velocidade Incompatível;Capotamento;Com Vítimas Feridas;Pleno dia;Crescente;Céu Claro;Simples;Reta;Não;3;0;3;0;0;0;3;1;-21,435386;-49,78542703;SPRF-SP;DEL07-SP;UOP01-DEL07-SP
571324;29/12/2023;sexta-feira;15:45:00;SC;101;75,6;ARAQUARI;Condutor deixou de manter distância do veículo da frente;Colisão traseira;Com Vítimas Feridas;Pleno dia;Decrescente;Céu Claro;Dupla;Reta;Não;2;0;1;0;1;0;1;2;-26,5519717;-48,71688324;SPRF-SC;DEL03-SC;UOP02-DEL03-SC
571326;29/12/2023;sexta-feira;14:30:00;BA;20;60;CORRENTINA;Transtornos Mentais (exceto suicidio);Eventos atípicos;Com Vítimas Fatais;Pleno dia;Crescente;Céu Claro;Simples;Reta;Não;2;1;0;0;0;1;0;2;-13,421469;-46,084725;SPRF-BA;DEL10-BA;UOP01-DEL10-BA
571327;29/12/2023;sexta-feira;16:00:00;PE;407;107;PETROLINA;Acessar a via sem observar a presença dos outros veículos;Colisão transversal;Com Vítimas Feridas;Pleno dia;Crescente;Céu Claro;Simples;"Interseção de Vias;Reta       ";Não;2;0;1;0;1;0;1;2;-9,24481873;-40,61422348;SPRF-PE;DEL06-PE;UOP01-DEL06-PE
571328;30/10/2023;segunda-feira;18:30:00;PR;376;590;CURITIBA;Reação tardia ou ineficiente do condutor;Queda de ocupante de veículo;Com Vítimas Feridas;Anoitecer;Crescente;Nublado;Dupla;Reta;Não;2;0;2;0;0;0;2;1;-25,45155592;-49,36237578;SPRF-PR;DEL01-PR;UOP06-DEL01-PR
571329;29/12/2023;sexta-feira;17:20:00;PB;101;24;RIO TINTO;Condutor deixou de manter distância do veículo da frente;Colisão traseira;Com Vítimas Feridas;Pleno dia;Decrescente;Sol;Dupla;Reta;Não;2;0;1;0;1;0;1;2;-6,69904299;-35,11650009;SPRF-PB;DEL01-PB;UOP04-DEL01-PB
571331;29/12/2023;sexta-feira;17:00:00;SP;101;50;UBATUBA;Condutor Dormindo;Engavetamento;Sem Vítimas;Pleno dia;Decrescente;Céu Claro;Simples;Reta;Sim;3;0;0;0;3;0;0;3;-23,45018939;-45,07743735;SPRF-SP;DEL06-SP;UOP01-DEL06-SP
571333;30/10/2023;segunda-feira;21:30:00;PR;277;96;CURITIBA;Acessar a via sem observar a presença dos outros veículos;Colisão traseira;Com Vítimas Feridas;Plena Noite;Decrescente;Chuva;Dupla;Reta;Não;2;0;1;0;1;0;1;2;-25,4300853;-49,32019651;SPRF-PR;DEL01-PR;UOP06-DEL01-PR
571336;29/12/2023;sexta-feira;17:00:00;RJ;101;478;ANGRA DOS REIS;Frear bruscamente;Colisão traseira;Com Vítimas Feridas;Pleno dia;Crescente;Céu Claro;Simples;Reta;Sim;3;0;1;0;2;0;1;2;-23,00246527;-44,27270594;SPRF-RJ;DEL03-RJ;UOP03-DEL03-RJ
571339;29/12/2023;sexta-feira;15:40:00;MT;364;234,3;RONDONOPOLIS;Chuva;Saída de leito carroçável;Com Vítimas Feridas;Pleno dia;Decrescente;Chuva;Dupla;"Curva;Declive                 ";Não;4;0;1;0;3;0;1;1;-16,23115894;-54,78177125;SPRF-MT;DEL02-MT;UOP01-DEL02-MT
571341;29/12/2023;sexta-feira;16:03:00;RS;158;532,2;SANTANA DO LIVRAMENTO;Reação tardia ou ineficiente do condutor;Queda de ocupante de veículo;Com Vítimas Feridas;Pleno dia;Crescente;Nublado;Simples;"Reta;Interseção de Vias;Em Obr";Não;1;0;0;1;0;0;1;1;-30,78665306;-55,18601214;SPRF-RS;DEL11-RS;UOP01-DEL11-RS
571342;29/12/2023;sexta-feira;15:55:00;MS;158;28;PARANAIBA;Demais falhas mecânicas ou elétricas;Incêndio;Sem Vítimas;Pleno dia;Decrescente;Sol;Simples;"Aclive;Reta                   ";Não;2;0;0;0;1;1;0;1;-19,22159804;-51,5228591;SPRF-MS;DEL08-MS;UOP01-DEL08-MS
571343;29/12/2023;sexta-feira;18:10:00;SC;101;103;PENHA;Trafegar com motocicleta (ou similar) entre as faixas;Colisão lateral mesmo sentido;Com Vítimas Feridas;Pleno dia;Crescente;Sol;Dupla;Reta;Sim;3;0;1;0;2;0;1;3;-26,7832381;-48,68314632;SPRF-SC;DEL03-SC;UOP02-DEL03-SC
571344;29/12/2023;sexta-feira;16:40:00;BA;101;258;SANTO ANTONIO DE JESUS;Desrespeitar a preferência no cruzamento;Colisão traseira;Com Vítimas Feridas;Pleno dia;Decrescente;Céu Claro;Simples;Reta;Sim;3;0;2;0;1;0;2;2;-13,04898597;-39,28532574;SPRF-BA;DEL01-BA;UOP02-DEL01-BA
571345;29/12/2023;sexta-feira;13:35:00;RO;364;839;PORTO VELHO;Condutor Dormindo;Colisão com objeto;Com Vítimas Feridas;Pleno dia;Crescente;Chuva;Simples;Curva;Não;2;0;0;2;0;0;2;1;-9,40117987;-64,68850815;SPRF-RO;DEL01-RO;UOP02-DEL01-RO
571346;29/12/2023;sexta-feira;16:30:00;MG;381;482,2;BETIM;Condutor deixou de manter distância do veículo da frente;Colisão com objeto;Com Vítimas Feridas;Pleno dia;Crescente;Céu Claro;Múltipla;"Reta;Declive                  ";Não;1;0;1;0;0;0;1;1;-19,955532;-44,097209;SPRF-MG;DEL01-MG;UOP03-DEL01-MG
571349;29/12/2023;sexta-feira;14:10:00;RS;158;567,4;SANTANA DO LIVRAMENTO;Acessar a via sem observar a presença dos outros veículos;Colisão transversal;Com Vítimas Feridas;Pleno dia;Crescente;Céu Claro;Simples;Interseção de Vias;Não;2;0;0;1;1;0;1;2;-30,89062466;-55,50734997;SPRF-RS;DEL11-RS;UOP01-DEL11-RS
571350;29/12/2023;sexta-feira;17:10:00;GO;153;581;PROFESSOR JAMIL;Velocidade Incompatível;Saída de leito carroçável;Com Vítimas Fatais;Pleno dia;Crescente;Chuva;Dupla;Reta;Não;5;2;0;0;3;0;0;2;-17,3907;-49,2271;SPRF-GO;DEL03-GO;UOP01-DEL03-GO
571351;29/12/2023;sexta-feira;17:00:00;PI;316;395;FRANCISCO MACEDO;Chuva;Tombamento;Com Vítimas Feridas;Anoitecer;Crescente;Chuva;Simples;Reta;Não;1;0;1;0;0;0;1;1;-7,31406115;-40,8024662;SPRF-PI;DEL04-PI;UOP03-DEL04-PI
571352;29/12/2023;sexta-feira;18:00:00;PR;277;79,3;CURITIBA;Reação tardia ou ineficiente do condutor;Saída de leito carroçável;Com Vítimas Feridas;Pleno dia;Decrescente;Céu Claro;Dupla;Curva;Sim;1;0;1;0;0;0;1;1;-25,47740832;-49,20516193;SPRF-PR;DEL01-PR;UOP07-DEL01-PR
571354;29/12/2023;sexta-feira;18:50:00;SC;101;119;ITAJAI;Manobra de mudança de faixa;Colisão lateral mesmo sentido;Com Vítimas Feridas;Anoitecer;Crescente;Nublado;Dupla;Reta;Sim;2;0;1;0;1;0;1;2;-26,9043179;-48,71555481;SPRF-SC;DEL04-SC;UOP04-DEL04-SC
571355;29/12/2023;sexta-feira;18:00:00;PE;101;93;CABO DE SANTO AGOSTINHO;Reação tardia ou ineficiente do condutor;Incêndio;Sem Vítimas;Plena Noite;Crescente;Céu Claro;Dupla;Curva;Não;1;0;0;0;0;1;0;1;-8,2396419;-35,00335418;SPRF-PE;DEL01-PE;UOP01-DEL01-PE
571356;29/12/2023;sexta-feira;19:30:00;SP;116;219;GUARULHOS;Reação tardia ou ineficiente do condutor;Queda de ocupante de veículo;Com Vítimas Feridas;Plena Noite;Decrescente;Céu Claro;Múltipla;Reta;Sim;1;0;1;0;0;0;1;1;-23,46143954;-46,48885316;SPRF-SP;DEL01-SP;UOP01-DEL01-SP
571358;29/12/2023;sexta-feira;17:50:00;RJ;356;127;SAPUCAIA;Conversão proibida;Colisão lateral mesmo sentido;Com Vítimas Feridas;Pleno dia;Crescente;Céu Claro;Simples;Curva;Não;2;0;1;0;1;0;1;2;-21,97281758;-42,88096905;SPRF-RJ;DEL08-RJ;UOP01-DEL08-RJ
571360;29/12/2023;sexta-feira;18:45:00;MS;163;460;CAMPO GRANDE;Conversão proibida;Colisão transversal;Com Vítimas Feridas;Plena Noite;Crescente;Céu Claro;Simples;"Reta;Retorno Regulamentado    ";Não;4;0;0;1;3;0;1;2;-20,63804809;-54,56893526;SPRF-MS;DEL01-MS;UOP01-DEL01-MS
571361;29/12/2023;sexta-feira;18:40:00;GO;60;113;GOIANAPOLIS;Ausência de reação do condutor;Saída de leito carroçável;Com Vítimas Feridas;Plena Noite;Decrescente;Garoa/Chuvisco;Dupla;Reta;Não;1;0;1;0;0;0;1;1;-16,4572;-49,0567;SPRF-GO;DEL01-GO;UOP01-DEL01-GO
571362;29/12/2023;sexta-feira;19:30:00;SC;280;9,4;SAO FRANCISCO DO SUL;Ultrapassagem Indevida;Colisão lateral mesmo sentido;Com Vítimas Feridas;Plena Noite;Decrescente;Céu Claro;Simples;Reta;Não;3;0;1;0;2;0;1;2;-26,28788296;-48,64601559;SPRF-SC;DEL03-SC;UOP03-DEL03-SC
571363;29/12/2023;sexta-feira;20:30:00;ES;101;266,5;SERRA;Ausência de reação do condutor;Colisão transversal;Com Vítimas Feridas;Plena Noite;Decrescente;Céu Claro;Dupla;Reta;Sim;5;0;4;0;1;0;4;4;-20,190199;-40,26828891;SPRF-ES;DEL02-ES;UOP01-DEL02-ES
571364;29/12/2023;sexta-feira;18:00:00;PR;277;252;IRATI;Reação tardia ou ineficiente do condutor;Colisão lateral sentido oposto;Com Vítimas Feridas;Anoitecer;Decrescente;Céu Claro;Simples;Curva;Não;5;0;1;0;4;0;1;2;-25,4448777;-50,67938388;SPRF-PR;DEL08-PR;UOP02-DEL08-PR
571365;29/12/2023;sexta-feira;16:45:00;RS;116;150,4;CAXIAS DO SUL;Reação tardia ou ineficiente do condutor;Colisão com objeto;Com Vítimas Feridas;Pleno dia;Decrescente;Céu Claro;Múltipla;Reta;Sim;1;0;1;0;0;0;1;1;-29,168428;-51,158337;SPRF-RS;DEL05-RS;UOP01-DEL05-RS
571366;29/12/2023;sexta-feira;20:00:00;RN;101;75;NATAL;Ausência de sinalização;Colisão lateral mesmo sentido;Com Vítimas Feridas;Plena Noite;Crescente;Céu Claro;Dupla;"Reta;Em Obras;Retorno Regulame";Não;2;0;1;0;1;0;1;2;-5,721906;-35,27672;SPRF-RN;DEL02-RN;UOP01-DEL02-RN
571369;29/12/2023;sexta-feira;20:00:00;SP;381;0;VARGEM;Demais falhas mecânicas ou elétricas;Incêndio;Sem Vítimas;Plena Noite;Crescente;Céu Claro;Dupla;"Curva;Declive                 ";Não;1;0;0;0;1;0;0;1;-22,878674;-46,372143;SPRF-SP;DEL03-SP;UOP02-DEL03-SP
571370;29/12/2023;sexta-feira;21:00:00;GO;40;5;VALPARAISO DE GOIAS;Acessar a via sem observar a presença dos outros veículos;Colisão transversal;Sem Vítimas;Plena Noite;Crescente;Céu Claro;Dupla;Reta;Sim;2;0;0;0;2;0;0;2;-16,093134;-47,982236;SPRF-DF;DEL01-DF;UOP01-DEL01-DF
571371;29/12/2023;sexta-feira;20:00:00;RJ;116;133;MAGE;Ausência de reação do condutor;Capotamento;Com Vítimas Feridas;Anoitecer;Decrescente;Céu Claro;Dupla;Reta;Não;2;0;2;0;0;0;2;1;-22,65418284;-43,14382995;SPRF-RJ;DEL04-RJ;UOP02-DEL04-RJ
571373;29/12/2023;sexta-feira;20:40:00;PE;104;72;CARUARU;Transitar na contramão;Colisão frontal;Com Vítimas Feridas;Plena Noite;Crescente;Céu Claro;Simples;Reta;Não;3;0;0;2;1;0;2;2;-8,332917;-35,981609;SPRF-PE;DEL02-PE;UOP01-DEL02-PE
571374;29/12/2023;sexta-feira;20:00:00;PA;10;189;IPIXUNA DO PARA;Ausência de reação do condutor;Atropelamento de Animal;Com Vítimas Feridas;Plena Noite;Crescente;Chuva;Simples;Declive;Não;2;0;1;0;1;0;1;1;-2,77880807;-47,45440041;SPRF-PA;DEL02-PA;UOP01-DEL02-PA
571376;29/12/2023;sexta-feira;19:40:00;BA;418;84;NOVA VICOSA;Conversão proibida;Colisão frontal;Com Vítimas Feridas;Plena Noite;Crescente;Céu Claro;Simples;Reta;Sim;2;0;1;0;1;0;1;2;-17,88630015;-39,79147792;SPRF-BA;DEL09-BA;UOP02-DEL09-BA
571377;29/12/2023;sexta-feira;08:45:00;RS;386;439;NOVA SANTA RITA;Chuva;Colisão com objeto;Com Vítimas Feridas;Pleno dia;Decrescente;Chuva;Dupla;Reta;Não;2;0;1;0;1;0;1;2;-29,871458;-51,248714;SPRF-RS;DEL04-RS;UOP02-DEL04-RS
571378;29/12/2023;sexta-feira;20:40:00;GO;40;7;VALPARAISO DE GOIAS;Acessar a via sem observar a presença dos outros veículos;Colisão transversal;Com Vítimas Feridas;Plena Noite;Crescente;Céu Claro;Dupla;Reta;Sim;2;0;0;1;1;0;1;2;-16,10893012;-47,97216296;SPRF-DF;DEL01-DF;UOP01-DEL01-DF
571379;29/12/2023;sexta-feira;18:26:00;RO;364;340;JI-PARANA;Acumulo de areia ou detritos sobre o pavimento;Queda de ocupante de veículo;Com Vítimas Feridas;Pleno dia;Decrescente;Céu Claro;Múltipla;"Aclive;Reta                   ";Sim;1;0;1;0;0;0;1;1;-10,898802;-61,93046;SPRF-RO;DEL02-RO;UOP01-DEL02-RO
571380;29/12/2023;sexta-feira;21:05:00;PR;369;138;IBIPORA;Acessar a via sem observar a presença dos outros veículos;Colisão transversal;Com Vítimas Feridas;Plena Noite;Crescente;Céu Claro;Simples;"Reta;Declive;Interseção de Via";Sim;3;0;1;2;0;0;3;2;-23,2725;-51,0512;SPRF-PR;DEL07-PR;UOP01-DEL07-PR
571381;22/12/2023;sexta-feira;19:09:00;MS;463;2;DOURADOS;Ingestão de álcool pelo condutor;Colisão traseira;Sem Vítimas;Plena Noite;Crescente;Céu Claro;Simples;"Reta;Aclive                   ";Sim;2;0;0;0;2;0;0;2;-22,2591541;-54,823354;SPRF-MS;DEL04-MS;UOP01-DEL04-MS
571382;29/12/2023;sexta-feira;21:00:00;BA;407;4,9;JUAZEIRO;Ausência de reação do condutor;Colisão transversal;Com Vítimas Feridas;Plena Noite;Crescente;Céu Claro;Simples;Reta;Sim;1;0;0;1;0;0;1;1;-9,447366;-40,490818;SPRF-PE;DEL06-PE;UOP01-DEL06-PE
571383;29/12/2023;sexta-feira;21:45:00;RJ;116;305,8;RESENDE;Acesso irregular;Colisão transversal;Com Vítimas Fatais;Plena Noite;Crescente;Céu Claro;Dupla;Reta;Não;2;1;0;0;1;0;0;2;-22,45573779;-44,39454802;SPRF-RJ;DEL07-RJ;UOP02-DEL07-RJ
571384;29/12/2023;sexta-feira;21:10:00;GO;414;437;ANAPOLIS;Acostamento em desnível;Tombamento;Com Vítimas Feridas;Plena Noite;Crescente;Céu Claro;Simples;Reta;Não;1;0;1;0;0;0;1;1;-16,26365299;-48,93824303;SPRF-GO;DEL02-GO;UOP01-DEL02-GO
571385;29/12/2023;sexta-feira;20:40:00;SC;470;57,2;BLUMENAU;Ausência de reação do condutor;Saída de leito carroçável;Com Vítimas Feridas;Plena Noite;Crescente;Céu Claro;Simples;"Curva;Em Obras                ";Sim;1;0;1;0;0;0;1;1;-26,880428;-49,136532;SPRF-SC;DEL04-SC;UOP01-DEL04-SC
571386;29/12/2023;sexta-feira;20:30:00;SC;280;237,2;CANOINHAS;Ingestão de álcool pelo condutor;Colisão lateral sentido oposto;Com Vítimas Feridas;Plena Noite;Crescente;Céu Claro;Simples;"Aclive;Curva                  ";Não;5;0;1;0;3;1;1;2;-26,19844599;-50,43216601;SPRF-SC;DEL06-SC;UOP04-DEL06-SC
571387;29/12/2023;sexta-feira;19:00:00;RJ;101;410;ITAGUAI;Acessar a via sem observar a presença dos outros veículos;Atropelamento de Pedestre;Com Vítimas Fatais;Plena Noite;Crescente;Céu Claro;Dupla;Reta;Sim;2;1;0;0;1;0;0;2;-22,88990471;-43,84007225;SPRF-RJ;DEL03-RJ;UOP01-DEL03-RJ
571388;29/12/2023;sexta-feira;21:20:00;PE;232;70,6;GRAVATA;Velocidade Incompatível;Colisão com objeto;Sem Vítimas;Plena Noite;Crescente;Céu Claro;Dupla;"Reta;Declive                  ";Não;1;0;0;0;0;1;0;1;-8,18339188;-35,49181581;SPRF-PE;DEL02-PE;UOP02-DEL02PE
571389;29/12/2023;sexta-feira;22:00:00;AL;316;154;PALMEIRA DOS INDIOS;Conversão proibida;Colisão transversal;Com Vítimas Feridas;Plena Noite;Crescente;Céu Claro;Simples;Reta;Sim;2;0;0;1;1;0;1;2;-9,43055371;-36,64101415;SPRF-AL;DEL03-AL;UOP01-DEL03-AL
571390;29/12/2023;sexta-feira;09:10:00;PR;376;414;TIBAGI;Ausência de reação do condutor;Queda de ocupante de veículo;Com Vítimas Feridas;Pleno dia;Decrescente;Céu Claro;Dupla;Curva;Não;2;0;2;0;0;0;2;1;-24,6903938;-50,58144256;SPRF-PR;DEL03-PR;UOP02-DEL03-PR
571391;29/12/2023;sexta-feira;22:30:00;RS;290;73;GRAVATAI;Reação tardia ou ineficiente do condutor;Saída de leito carroçável;Com Vítimas Feridas;Plena Noite;Decrescente;Nublado;Dupla;Reta;Sim;1;0;1;0;0;0;1;1;-29,952868;-50,986462;SPRF-RS;DEL03-RS;UOP01-DEL03-RS
571392;29/12/2023;sexta-feira;20:40:00;MG;40;273;TRES MARIAS;Acumulo de água sobre o pavimento;Colisão lateral sentido oposto;Com Vítimas Feridas;Plena Noite;Crescente;Chuva;Simples;Reta;Sim;9;0;5;0;4;0;5;3;-18,18834859;-45,25219384;SPRF-MG;DEL14-MG;UOP02-DEL14-MG
571393;29/12/2023;sexta-feira;21:15:00;RS;285;185;LAGOA VERMELHA;Reação tardia ou ineficiente do condutor;Colisão lateral sentido oposto;Sem Vítimas;Plena Noite;Decrescente;Céu Claro;Simples;Reta;Não;3;0;0;0;2;1;0;3;-28,297844;-51,450111;SPRF-RS;DEL08-RS;UOP05-DEL08-RS
571394;29/12/2023;sexta-feira;21:00:00;RJ;356;75;ITALVA;Desrespeitar a preferência no cruzamento;Colisão transversal;Com Vítimas Feridas;Plena Noite;Crescente;Céu Claro;Simples;Reta;Não;5;0;1;0;4;0;1;2;-21,42140416;-41,69075621;SPRF-RJ;DEL08-RJ;UOP03-DEL08-RJ
571395;29/12/2023;sexta-feira;22:30:00;SC;101;187;BIGUACU;Avarias e/ou desgaste excessivo no pneu;Tombamento;Com Vítimas Feridas;Plena Noite;Decrescente;Nublado;Dupla;Reta;Não;1;0;1;0;0;0;1;1;-27,44307116;-48,62848475;SPRF-SC;DEL01-SC;UOP01-DEL01-SC
571396;29/12/2023;sexta-feira;20:45:00;MT;70;0,5;BARRA DO GARCAS;Ausência de reação do condutor;Colisão frontal;Com Vítimas Feridas;Plena Noite;Crescente;Nublado;Simples;Reta;Sim;2;0;1;0;1;0;1;2;-15,895538;-52,25599;SPRF-MT;DEL07-MT;UOP01-DEL07-MT
571397;29/12/2023;sexta-feira;21:40:00;PR;369;14,6;CAMBARA;Pedestre andava na pista;Atropelamento de Pedestre;Com Vítimas Fatais;Plena Noite;Crescente;Céu Claro;Simples;"Declive;Reta                  ";Não;2;1;0;0;1;0;0;2;-23,02436884;-50,03564358;SPRF-PR;DEL07-PR;UOP05-DEL07-PR
571398;29/12/2023;sexta-feira;22:50:00;AL;101;75,8;RIO LARGO;Ingestão de álcool pelo condutor;Saída de leito carroçável;Sem Vítimas;Plena Noite;Crescente;Céu Claro;Dupla;"Reta;Declive;Retorno Regulamen";Não;1;0;0;0;1;0;0;1;-9,40436484;-35,83998111;SPRF-AL;DEL01-AL;UOP01-DEL01-AL
571399;30/12/2023;sábado;00:05:00;GO;153;508;APARECIDA DE GOIANIA;Velocidade Incompatível;Colisão traseira;Com Vítimas Feridas;Plena Noite;Crescente;Céu Claro;Dupla;"Reta;Declive                  ";Sim;2;0;0;1;1;0;1;2;-16,7804;-49,2371;SPRF-GO;DEL01-GO;UOP03-DEL01-GO
571400;29/12/2023;sexta-feira;23:55:00;MG;365;522;MONTE CARMELO;Acesso irregular;Colisão frontal;Com Vítimas Feridas;Plena Noite;Crescente;Ignorado;Simples;Reta;Não;3;0;0;2;1;0;2;2;-18,9119351;-47,4243047;SPRF-MG;DEL10-MG;UOP01-DEL10-MG
571401;30/12/2023;sábado;00:15:00;RS;290;50,1;GLORINHA;Reação tardia ou ineficiente do condutor;Colisão com objeto;Com Vítimas Feridas;Plena Noite;Decrescente;Nublado;Dupla;Reta;Não;1;0;1;0;0;0;1;1;-29,906633;-50,757706;SPRF-RS;DEL03-RS;UOP01-DEL03-RS
571402;29/12/2023;sexta-feira;22:35:00;SC;282;230,1;LAGES;Reação tardia ou ineficiente do condutor;Saída de leito carroçável;Com Vítimas Feridas;Plena Noite;Decrescente;Nublado;Simples;Curva;Não;2;0;2;0;0;0;2;1;-27,787432;-50,425808;SPRF-SC;DEL05-SC;UOP02-DEL05-SC
571403;30/12/2023;sábado;00:00:00;SC;101;345,1;TUBARAO;Reação tardia ou ineficiente do condutor;Saída de leito carroçável;Com Vítimas Feridas;Plena Noite;Decrescente;Céu Claro;Dupla;Reta;Não;2;0;1;1;0;0;2;1;-28,55672294;-49,05433595;SPRF-SC;DEL02-SC;UOP01-DEL02-SC
571404;29/12/2023;sexta-feira;23:54:00;DF;20;25;BRASILIA;Entrada inopinada do pedestre;Atropelamento de Pedestre;Com Vítimas Fatais;Plena Noite;Crescente;Nublado;Dupla;Reta;Não;3;1;0;0;2;0;0;2;-15,595603;-47,649715;SPRF-DF;DEL02-DF;UOP01-DEL02-DF
571405;30/12/2023;sábado;00:15:00;RO;364;235,7;CACOAL;Reação tardia ou ineficiente do condutor;Tombamento;Com Vítimas Feridas;Plena Noite;Crescente;Céu Claro;Simples;Reta;Sim;1;0;1;0;0;0;1;1;-11,4506169;-61,4302469;SPRF-RO;DEL02-RO;UOP02-DEL02-RO