id;data_inversa;dia_semana;horario;uf;br;km;municipio;causa_acidente;tipo_acidente;classificacao_acidente;fase_dia;sentido_via;condicao_metereologica;tipo_pista;tracado_via;uso_solo;pessoas;mortos;feridos_leves;feridos_graves;ilesos;ignorados;feridos;veiculos;latitude;longitude;regional;delegacia;uop
571625;31/12/2023;domingo;01:50:00;RJ;101;427;MANGARATIBA;Pista Escorregadia;Tombamento;Com Vítimas Feridas;Plena Noite;Decrescente;Nublado;Simples;Curva;Não;1;0;1;0;0;0;1;1;-22,93154625;-43,98133788;SPRF-RJ;DEL03-RJ;UOP02-DEL03-RJ
571626;31/12/2023;domingo;01:40:00;SP;116;62;GUARATINGUETA;Ingestão de álcool pelo condutor;Atropelamento de Pedestre;Com Vítimas Feridas;Plena Noite;Crescente;Nublado;Dupla;"Reta;Declive                  ";Não;2;0;0;1;0;1;1;2;-22,80538606;-45,17236692;SPRF-SP;DEL08-SP;UOP01-DEL08-SP
571628;31/12/2023;domingo;01:15:00;PR;116;122;CURITIBA;Reação tardia ou ineficiente do condutor;Colisão com objeto;Sem Vítimas;Plena Noite;Decrescente;Céu Claro;Dupla;Curva;Sim;1;0;0;0;0;1;0;1;-25,56857207;-49,31023179;SPRF-PR;DEL01-PR;UOP03-DEL01-PR
571629;31/12/2023;domingo;02:35:00;PR;376;667;GUARATUBA;Velocidade Incompatível;Colisão lateral mesmo sentido;Sem Vítimas;Plena Noite;Crescente;Garoa/Chuvisco;Simples;"Curva;Declive                 ";Não;2;0;0;0;2;0;0;2;-25,86649659;-48,94666822;SPRF-PR;DEL01-PR;UOP04-DEL01-PR
571630;31/12/2023;domingo;02:10:00;SC;101;41;JOINVILLE;Reação tardia ou ineficiente do condutor;Colisão com objeto;Com Vítimas Feridas;Plena Noite;Crescente;Céu Claro;Dupla;Curva;Não;1;0;1;0;0;0;1;1;-26,32033924;-48,87021706;SPRF-SC;DEL03-SC;UOP01-DEL03-SC
571631;31/12/2023;domingo;02:22:00;PB;230;27,7;JOAO PESSOA;Ausência de reação do condutor;Colisão com objeto;Sem Vítimas;Plena Noite;Decrescente;Céu Claro;Dupla;Reta;Sim;1;0;0;0;1;0;0;1;-7,1677;-34,8855;SPRF-PB;DEL01-PB;UOP01-DEL01-PB
571632;31/12/2023;domingo;02:20:00;RS;158;325;SANTA MARIA;Ausência de reação do condutor;Colisão lateral mesmo sentido;Com Vítimas Feridas;Plena Noite;Crescente;Céu Claro;Dupla;"Reta;Aclive;Viaduto           ";Sim;2;0;2;0;0;0;2;2;-29,7037466;-53,79524635;SPRF-RS;DEL09-RS;UOP01-DEL09-RS
571633;31/12/2023;domingo;03:00:00;SC;101;114;ITAJAI;Ingestão de álcool pelo condutor;Colisão traseira;Com Vítimas Feridas;Plena Noite;Crescente;Céu Claro;Dupla;Reta;Não;4;0;2;0;1;1;2;2;-26,86192886;-48,7286704;SPRF-SC;DEL04-SC;UOP04-DEL04-SC
571634;31/12/2023;domingo;03:55:00;ES;101;114;SOORETAMA;Manobra de mudança de faixa;Saída de leito carroçável;Com Vítimas Feridas;Plena Noite;Crescente;Céu Claro;Simples;Reta;Não;5;0;0;3;2;0;3;1;-19,09484877;-40,05095848;SPRF-ES;DEL04-ES;UOP01-DEL04-ES
571636;31/12/2023;domingo;04:03:00;ES;101;340,9;GUARAPARI;Ingestão de álcool pelo condutor;Saída de leito carroçável;Com Vítimas Feridas;Amanhecer;Crescente;Nublado;Dupla;Declive;Não;1;0;0;1;0;0;1;1;-20,64704932;-40,56667574;SPRF-ES;DEL03-ES;UOP01-DEL03-ES
571637;31/12/2023;domingo;04:10:00;PR;116;45;CAMPINA GRANDE DO SUL;Chuva;Saída de leito carroçável;Com Vítimas Feridas;Plena Noite;Crescente;Chuva;Dupla;Reta;Não;2;0;1;0;1;0;1;1;-25,19502698;-48,89003802;SPRF-PR;DEL01-PR;UOP02-DEL01-PR
571638;31/12/2023;domingo;04:15:00;PR;369;160;CAMBE;Velocidade Incompatível;Colisão com objeto;Sem Vítimas;Plena Noite;Crescente;Céu Claro;Dupla;"Declive;Viaduto;Curva         ";Sim;1;0;0;0;0;1;0;1;-23,28188054;-51,25623677;SPRF-PR;DEL07-PR;UOP01-DEL07-PR
571639;31/12/2023;domingo;04:40:00;SC;101;205;SAO JOSE;Ingestão de álcool pelo condutor;Saída de leito carroçável;Com Vítimas Feridas;Plena Noite;Crescente;Céu Claro;Múltipla;Curva;Sim;1;0;0;1;0;0;1;1;-27,58313237;-48,61532885;SPRF-SC;DEL01-SC;UOP01-DEL01-SC
571640;31/12/2023;domingo;04:50:00;SC;101;344,1;TUBARAO;Ingestão de álcool pelo condutor;Colisão com objeto;Sem Vítimas;Amanhecer;Crescente;Céu Claro;Múltipla;Reta;Não;1;0;0;0;1;0;0;1;-28,554289;-49,05426;SPRF-SC;DEL02-SC;UOP01-DEL02-SC
571641;31/12/2023;domingo;05:10:00;PR;376;665,9;GUARATUBA;Curva acentuada;Colisão com objeto;Sem Vítimas;Amanhecer;Crescente;Chuva;Dupla;Curva;Não;1;0;0;0;1;0;0;1;-25,863924;-48,95064;SPRF-PR;DEL01-PR;UOP04-DEL01-PR
571643;31/12/2023;domingo;05:30:00;RS;158;482,8;ROSARIO DO SUL;Ingestão de álcool pelo condutor;Colisão traseira;Com Vítimas Feridas;Pleno dia;Crescente;Céu Claro;Simples;Reta;Não;2;0;1;0;1;0;1;2;-30,36244697;-55,03230711;SPRF-RS;DEL11-RS;UOP02-DEL11-RS
571644;31/12/2023;domingo;06:30:00;MG;459;70;SENADOR JOSE BENTO;Ingestão de álcool pelo condutor;Saída de leito carroçável;Com Vítimas Feridas;Pleno dia;Crescente;Céu Claro;Simples;Curva;Não;1;0;1;0;0;0;1;1;-22,13358996;-46,16360664;SPRF-MG;DEL09-MG;UOP01-DEL09-MG
571645;31/12/2023;domingo;04:00:00;MG;116;605,9;SAO JOAO DO MANHUACU;Velocidade Incompatível;Saída de leito carroçável;Com Vítimas Feridas;Plena Noite;Decrescente;Nublado;Simples;Reta;Não;1;0;0;1;0;0;1;1;-20,3699701;-42,14797234;SPRF-MG;DEL06-MG;UOP03-DEL06-MG
571646;31/12/2023;domingo;02:38:00;RJ;40;123;DUQUE DE CAXIAS;Pedestre cruzava a pista fora da faixa;Atropelamento de Pedestre;Com Vítimas Feridas;Plena Noite;Decrescente;Nublado;Dupla;Reta;Sim;2;0;0;1;1;0;1;2;-22,79907687;-43,29015739;SPRF-RJ;DEL01-RJ;UOP02-DEL01-RJ
571647;31/12/2023;domingo;06:55:00;GO;40;53,8;LUZIANIA;Chuva;Saída de leito carroçável;Com Vítimas Feridas;Pleno dia;Crescente;Chuva;Dupla;Curva;Não;2;0;0;2;0;0;2;1;-16,468106;-47,807867;SPRF-DF;DEL01-DF;UOP02-DEL01-DF
571649;31/12/2023;domingo;02:10:00;BA;324;595;CANDEIAS;Ausência de reação do condutor;Saída de leito carroçável;Com Vítimas Feridas;Plena Noite;Decrescente;Céu Claro;Dupla;Reta;Sim;1;0;1;0;0;0;1;1;-12,7143535;-38,4527643;SPRF-BA;DEL01-BA;UOP01-DEL01-BA
571650;31/12/2023;domingo;06:45:00;RS;290;26;SANTO ANTONIO DA PATRULHA;Manobra de mudança de faixa;Colisão traseira;Sem Vítimas;Pleno dia;Decrescente;Sol;Múltipla;Reta;Não;2;0;0;0;2;0;0;2;-29,880135;-50,514297;SPRF-RS;DEL03-RS;UOP01-DEL03-RS
571652;31/12/2023;domingo;07:30:00;SP;116;149;SAO JOSE DOS CAMPOS;Ausência de reação do condutor;Atropelamento de Pedestre;Com Vítimas Feridas;Pleno dia;Crescente;Céu Claro;Múltipla;Reta;Sim;2;0;0;1;0;1;1;2;-23,20700047;-45,88626861;SPRF-SP;DEL02-SP;UOP01-DEL02-SP
571653;31/12/2023;domingo;04:15:00;MA;316;198;ZE DOCA;Acessar a via sem observar a presença dos outros veículos;Colisão lateral mesmo sentido;Com Vítimas Fatais;Plena Noite;Crescente;Nublado;Simples;Reta;Sim;2;1;0;1;0;0;1;1;-3,277691;-45,656345;SPRF-MA;DEL02-MA;UOP01-DEL02-MA
571655;31/12/2023;domingo;07:00:00;RS;290;24;SANTO ANTONIO DA PATRULHA;Ausência de reação do condutor;Colisão traseira;Com Vítimas Feridas;Pleno dia;Decrescente;Céu Claro;Dupla;Reta;Não;2;0;1;0;1;0;1;2;-29,882015;-50,493973;SPRF-RS;DEL03-RS;UOP01-DEL03-RS
571656;31/12/2023;domingo;06:00:00;RS;116;236;NOVO HAMBURGO;Velocidade Incompatível;Colisão com objeto;Com Vítimas Feridas;Amanhecer;Crescente;Céu Claro;Múltipla;"Reta;Aclive;Viaduto           ";Sim;4;0;0;4;0;0;4;1;-29,66938502;-51,14304731;SPRF-RS;DEL01-RS;UOP02-DEL01-RS
571657;31/12/2023;domingo;06:50:00;MA;135;20;SAO LUIS;Pedestre andava na pista;Atropelamento de Pedestre;Com Vítimas Fatais;Pleno dia;Crescente;Céu Claro;Simples;Reta;Sim;3;1;2;0;0;0;2;2;-2,53073;-44,3068;SPRF-MA;DEL01-MA;UOP01-DEL01-MA
571658;31/12/2023;domingo;03:15:00;PA;230;195;ITUPIRANGA;Animais na Pista;Atropelamento de Animal;Com Vítimas Fatais;Plena Noite;Decrescente;Garoa/Chuvisco;Simples;Reta;Não;5;1;1;0;3;0;1;1;-4,95867068;-49,4562192;SPRF-PA;DEL03-PA;UOP01-DEL03-PA
571659;31/12/2023;domingo;06:00:00;SC;280;92,8;CORUPA;Ausência de reação do condutor;Colisão frontal;Com Vítimas Feridas;Pleno dia;Decrescente;Garoa/Chuvisco;Simples;Curva;Não;6;0;5;0;1;0;5;2;-26,39198268;-49,30187441;SPRF-SC;DEL06-SC;UOP03-DEL06-SC
571660;30/12/2023;sábado;17:55:00;AM;174;909;MANAUS;Reação tardia ou ineficiente do condutor;Saída de leito carroçável;Sem Vítimas;Anoitecer;Decrescente;Nublado;Simples;"Curva;Declive                 ";Não;3;0;0;0;1;2;0;2;-2,75345022;-60,04129328;SPRF-AM;DEL01-AM;UOP01-DEL01-AM
571661;31/12/2023;domingo;08:20:00;MG;40;727;OLIVEIRA FORTES;Pista Escorregadia;Colisão com objeto;Com Vítimas Feridas;Pleno dia;Crescente;Chuva;Dupla;Curva;Não;4;0;4;0;0;0;4;1;-21,31429811;-43,59529512;SPRF-MG;DEL05-MG;UOP01-DEL05-MG
571662;31/12/2023;domingo;07:50:00;RJ;40;67;PETROPOLIS;Acumulo de água sobre o pavimento;Colisão com objeto;Com Vítimas Feridas;Pleno dia;Crescente;Chuva;Dupla;Reta;Não;1;0;1;0;0;0;1;1;-22,438159;-43,181382;SPRF-RJ;DEL05-RJ;UOP02-DEL05-RJ
571663;31/12/2023;domingo;07:55:00;PR;116;44;CAMPINA GRANDE DO SUL;Reação tardia ou ineficiente do condutor;Saída de leito carroçável;Com Vítimas Feridas;Pleno dia;Crescente;Garoa/Chuvisco;Dupla;Curva;Não;4;0;4;0;0;0;4;1;-25,1882321;-48,88492529;SPRF-PR;DEL01-PR;UOP02-DEL01-PR
571665;31/12/2023;domingo;04:15:00;SC;280;106;SAO BENTO DO SUL;Ausência de reação do condutor;Saída de leito carroçável;Sem Vítimas;Plena Noite;Crescente;Garoa/Chuvisco;Simples;Curva;Não;2;0;0;0;2;0;0;1;-26,34887721;-49,36904009;SPRF-SC;DEL06-SC;UOP03-DEL06-SC
571666;31/12/2023;domingo;09:00:00;GO;20;201,7;POSSE;Reação tardia ou ineficiente do condutor;Capotamento;Com Vítimas Feridas;Pleno dia;Crescente;Céu Claro;Simples;"Curva;Declive                 ";Não;4;0;3;0;1;0;3;1;-14,306107;-46,449326;SPRF-DF;DEL02-DF;UOP03-DEL02-DF
571667;31/12/2023;domingo;06:30:00;RJ;116;148;DUQUE DE CAXIAS;Reação tardia ou ineficiente do condutor;Saída de leito carroçável;Sem Vítimas;Pleno dia;Decrescente;Céu Claro;Dupla;"Aclive;Curva                  ";Sim;1;0;0;0;1;0;0;1;-22,6723488;-43,28215398;SPRF-RJ;DEL01-RJ;UOP02-DEL01-RJ
571668;31/12/2023;domingo;08:55:00;PR;116;84;PIRAQUARA;Ausência de reação do condutor;Colisão lateral mesmo sentido;Com Vítimas Feridas;Pleno dia;Crescente;Nublado;Dupla;Curva;Sim;6;0;5;0;1;0;5;2;-25,44055612;-49,09226775;SPRF-PR;DEL01-PR;UOP07-DEL01-PR
571670;31/12/2023;domingo;09:00:00;PE;232;59,4;POMBOS;Pedestre cruzava a pista fora da faixa;Atropelamento de Pedestre;Com Vítimas Feridas;Pleno dia;Crescente;Céu Claro;Dupla;Reta;Sim;2;0;1;1;0;0;2;2;-8,1471233;-35,39890998;SPRF-PE;DEL02-PE;UOP02-DEL02PE
571672;31/12/2023;domingo;08:45:00;SC;101;297,5;IMBITUBA;Desrespeitar a preferência no cruzamento;Colisão transversal;Com Vítimas Feridas;Pleno dia;Crescente;Nublado;Simples;Viaduto;Sim;2;0;2;0;0;0;2;2;-28,31353989;-48,7240982;SPRF-SC;DEL02-SC;UOP03-DEL02-SC
571673;31/12/2023;domingo;09:30:00;PR;277;74;SAO JOSE DOS PINHAIS;Condutor deixou de manter distância do veículo da frente;Colisão traseira;Com Vítimas Feridas;Pleno dia;Crescente;Céu Claro;Dupla;"Reta;Declive                  ";Não;2;0;2;0;0;0;2;2;-25,494755;-49,165236;SPRF-PR;DEL01-PR;UOP07-DEL01-PR
571674;31/12/2023;domingo;09:00:00;BA;101;453;AURELINO LEAL;Ausência de reação do condutor;Capotamento;Com Vítimas Feridas;Pleno dia;Crescente;Céu Claro;Simples;Reta;Não;2;0;2;0;0;0;2;1;-14,398187;-39,323331;SPRF-BA;DEL05-BA;UOP01-DEL05-BA
571675;31/12/2023;domingo;10:55:00;PE;101;45;IGARASSU;Animais na Pista;Colisão traseira;Com Vítimas Feridas;Pleno dia;Decrescente;Sol;Múltipla;Reta;Sim;4;0;2;0;1;1;2;3;-7,86521297;-34,90715176;SPRF-PE;DEL01-PE;UOP02-DEL01-PE
571676;16/12/2023;sábado;10:50:00;PR;277;79;CURITIBA;Condutor deixou de manter distância do veículo da frente;Colisão traseira;Com Vítimas Feridas;Pleno dia;Decrescente;Céu Claro;Simples;Reta;Sim;5;0;2;0;3;0;2;2;-25,477762;-49,20384;SPRF-PR;DEL01-PR;UOP07-DEL01-PR
571677;31/12/2023;domingo;10:00:00;RJ;116;191;QUEIMADOS;Condutor deixou de manter distância do veículo da frente;Colisão traseira;Com Vítimas Feridas;Pleno dia;Decrescente;Nublado;Múltipla;Reta;Sim;2;0;1;0;1;0;1;2;-22,74421443;-43,509822;SPRF-RJ;DEL06-RJ;UOP01-DEL06-RJ
571678;31/12/2023;domingo;09:25:00;RS;290;178,6;BUTIA;Acessar a via sem observar a presença dos outros veículos;Colisão traseira;Com Vítimas Feridas;Pleno dia;Crescente;Céu Claro;Simples;Reta;Não;8;0;4;0;4;0;4;2;-30,134542;-51,992455;SPRF-RS;DEL02-RS;UOP03-DEL02-RS
571679;31/12/2023;domingo;09:40:00;PI;316;0,4;TERESINA;Ausência de reação do condutor;Colisão com objeto;Sem Vítimas;Pleno dia;Crescente;Sol;Dupla;Aclive;Sim;1;0;0;0;0;1;0;1;-5,12993838;-42,80947912;SPRF-PI;DEL01-PI;UOP02-DEL01-PI
571680;31/12/2023;domingo;08:15:00;MG;381;554,5;ITAGUARA;Condutor Dormindo;Saída de leito carroçável;Com Vítimas Feridas;Pleno dia;Decrescente;Garoa/Chuvisco;Dupla;"Declive;Reta                  ";Não;1;0;1;0;0;0;1;1;-20,333888;-44,44939613;SPRF-MG;DEL04-MG;UOP03-DEL04-MG
571682;31/12/2023;domingo;11:45:00;MG;50;144;UBERABA;Avarias e/ou desgaste excessivo no pneu;Saída de leito carroçável;Com Vítimas Feridas;Pleno dia;Decrescente;Chuva;Dupla;Reta;Não;4;0;2;0;2;0;2;1;-19,51129203;-48,04264209;SPRF-MG;DEL13-MG;UOP01-DEL13-MG
571683;31/12/2023;domingo;05:30:00;BA;30;750;DARIO MEIRA;Velocidade Incompatível;Colisão com objeto;Com Vítimas Fatais;Pleno dia;Crescente;Céu Claro;Simples;Reta;Não;1;1;0;0;0;0;0;1;-14,441287;-40,000818;SPRF-BA;DEL05-BA;UOP01-DEL05-BA
571684;31/12/2023;domingo;09:40:00;SC;280;93,1;CORUPA;Pista Escorregadia;Saída de leito carroçável;Com Vítimas Feridas;Pleno dia;Decrescente;Chuva;Simples;"Curva;Declive                 ";Não;3;0;3;0;0;0;3;1;-26,39004364;-49,30448413;SPRF-SC;DEL06-SC;UOP03-DEL06-SC
571685;31/12/2023;domingo;11:10:00;PR;277;38;MORRETES;Ausência de reação do condutor;Capotamento;Com Vítimas Feridas;Pleno dia;Crescente;Chuva;Dupla;Curva;Não;1;0;1;0;0;0;1;1;-25,574086;-48,854479;SPRF-PR;DEL01-PR;UOP05-DEL01-PR
571686;30/12/2023;sábado;06:00:00;BA;101;515;ITABUNA;Reação tardia ou ineficiente do condutor;Saída de leito carroçável;Com Vítimas Feridas;Pleno dia;Crescente;Céu Claro;Simples;Curva;Não;3;0;1;0;2;0;1;1;-15,02367504;-39,3288227;SPRF-BA;DEL05-BA;UOP01-DEL05-BA
571687;31/12/2023;domingo;11:30:00;BA;324;587;CANDEIAS;Manobra de mudança de faixa;Colisão lateral mesmo sentido;Com Vítimas Feridas;Pleno dia;Crescente;Sol;Dupla;Reta;Não;3;0;2;0;1;0;2;2;-12,64715411;-38,47504041;SPRF-BA;DEL01-BA;UOP01-DEL01-BA
571688;31/12/2023;domingo;12:30:00;SC;101;325,4;PESCARIA BRAVA;Acessar a via sem observar a presença dos outros veículos;Colisão traseira;Com Vítimas Feridas;Pleno dia;Crescente;Nublado;Dupla;Reta;Sim;3;0;0;1;2;0;1;2;-28,42516271;-48,93259193;SPRF-SC;DEL02-SC;UOP01-DEL02-SC
571690;31/12/2023;domingo;13:06:00;SE;101;85;NOSSA SENHORA DO SOCORRO;Reação tardia ou ineficiente do condutor;Saída de leito carroçável;Com Vítimas Feridas;Pleno dia;Decrescente;Sol;Simples;Declive;Não;1;0;1;0;0;0;1;1;-10,84356101;-37,13696712;SPRF-SE;DEL01-SE;UOP01-DEL01-SE
571693;31/12/2023;domingo;12:10:00;MG;381;937,3;EXTREMA;Velocidade Incompatível;Saída de leito carroçável;Com Vítimas Feridas;Pleno dia;Crescente;Chuva;Dupla;Curva;Não;3;0;3;0;0;0;3;1;-22,81238927;-46,28511256;SPRF-MG;DEL16-MG;UOP03-DEL16-MG
571694;31/12/2023;domingo;09:38:00;MT;163;811;SINOP;Avarias e/ou desgaste excessivo no pneu;Queda de ocupante de veículo;Sem Vítimas;Pleno dia;Decrescente;Nublado;Simples;Reta;Não;2;0;0;0;2;0;0;1;-12,19621;-55,53484099;SPRF-MT;DEL06-MT;UOP02-DEL06-MT
571697;31/12/2023;domingo;13:35:00;SP;116;561,4;BARRA DO TURVO;Pista Escorregadia;Saída de leito carroçável;Com Vítimas Feridas;Pleno dia;Crescente;Garoa/Chuvisco;Dupla;Curva;Não;6;0;1;0;5;0;1;1;-25,02045097;-48,51586004;SPRF-SP;DEL05-SP;UOP02-DEL05-SP
571700;31/12/2023;domingo;14:20:00;SP;116;157;SAO JOSE DOS CAMPOS;Ausência de reação do condutor;Queda de ocupante de veículo;Com Vítimas Feridas;Pleno dia;Crescente;Céu Claro;Dupla;Declive;Sim;2;0;2;0;0;0;2;1;-23,25558031;-45,9437828;SPRF-SP;DEL02-SP;UOP01-DEL02-SP
571701;31/12/2023;domingo;12:48:00;MS;376;164,5;NOVA ANDRADINA;Reação tardia ou ineficiente do condutor;Tombamento;Com Vítimas Feridas;Pleno dia;Crescente;Céu Claro;Simples;Reta;Não;1;0;1;0;0;0;1;1;-22,32412833;-53,44868191;SPRF-MS;DEL04-MS;UOP04-DEL04-MS
571702;31/12/2023;domingo;13:00:00;MA;135;8;SAO LUIS;Condutor deixou de manter distância do veículo da frente;Colisão traseira;Sem Vítimas;Pleno dia;Crescente;Nublado;Dupla;Reta;Sim;3;0;0;0;3;0;0;2;-2,64342093;-44,27374175;SPRF-MA;DEL01-MA;UOP01-DEL01-MA
571703;31/12/2023;domingo;11:35:00;RS;470;247;BARAO;Conversão proibida;Tombamento;Com Vítimas Feridas;Pleno dia;Crescente;Céu Claro;Simples;"Curva;Interseção de Vias;Decli";Não;2;0;1;0;1;0;1;2;-29,37593098;-51,49908082;SPRF-RS;DEL06-RS;UOP01-DEL06-RS
571705;31/12/2023;domingo;15:19:00;PE;101;69;RECIFE;Condutor deixou de manter distância do veículo da frente;Colisão traseira;Com Vítimas Feridas;Pleno dia;Crescente;Céu Claro;Múltipla;Reta;Sim;3;0;1;0;2;0;1;3;-8,062431;-34,945161;SPRF-PE;DEL01-PE;UOP01-DEL01-PE
571707;31/12/2023;domingo;14:50:00;PR;277;573;CASCAVEL;Demais falhas mecânicas ou elétricas;Queda de ocupante de veículo;Com Vítimas Feridas;Pleno dia;Crescente;Nublado;Simples;Reta;Sim;1;0;1;0;0;0;1;1;-24,99847694;-53,29667191;SPRF-PR;DEL04-PR;UOP01-DEL04-PR
571709;31/12/2023;domingo;14:30:00;PR;277;27;MORRETES;Reação tardia ou ineficiente do condutor;Saída de leito carroçável;Com Vítimas Feridas;Pleno dia;Crescente;Garoa/Chuvisco;Dupla;Curva;Não;4;0;1;0;3;0;1;1;-25,5416761;-48,7772373;SPRF-PR;DEL01-PR;UOP05-DEL01-PR
571710;31/12/2023;domingo;14:00:00;RJ;101;330;RIO DE JANEIRO;Condutor Dormindo;Queda de ocupante de veículo;Com Vítimas Feridas;Pleno dia;Crescente;Nublado;Múltipla;Reta;Não;1;0;1;0;0;0;1;1;-22,8684989;-43,18548699;SPRF-RJ;DEL02-RJ;UOP01-DEL02-RJ
571711;15/07/2023;sábado;15:30:00;PR;277;633;CEU AZUL;Reação tardia ou ineficiente do condutor;Tombamento;Com Vítimas Feridas;Pleno dia;Decrescente;Céu Claro;Simples;Retorno Regulamentado;Não;2;0;1;0;1;0;1;1;-25,12509832;-53,81726325;SPRF-PR;DEL05-PR;UOP02-DEL05-PR
571712;31/12/2023;domingo;14:05:00;MT;70;629;POCONE;Condutor Dormindo;Saída de leito carroçável;Com Vítimas Feridas;Pleno dia;Crescente;Céu Claro;Simples;Reta;Não;3;0;0;3;0;0;3;1;-15,93258031;-56,94149714;SPRF-MT;DEL03-MT;UOP02-DEL03-MT
571713;31/12/2023;domingo;15:40:00;PR;277;32;MORRETES;Chuva;Colisão com objeto;Com Vítimas Feridas;Pleno dia;Decrescente;Chuva;Dupla;Curva;Não;4;0;1;1;2;0;2;2;-25,547373;-48,790559;SPRF-PR;DEL01-PR;UOP05-DEL01-PR
571714;31/12/2023;domingo;14:30:00;MG;365;389;PATOS DE MINAS;Chuva;Saída de leito carroçável;Com Vítimas Feridas;Pleno dia;Decrescente;Chuva;Simples;Reta;Não;5;0;4;0;1;0;4;1;-18,62732902;-46,30441699;SPRF-MG;DEL10-MG;UOP01-DEL10-MG
571715;31/12/2023;domingo;12:30:00;RS;290;27,1;SANTO ANTONIO DA PATRULHA;Reação tardia ou ineficiente do condutor;Queda de ocupante de veículo;Com Vítimas Feridas;Pleno dia;Decrescente;Céu Claro;Múltipla;Reta;Não;1;0;1;0;0;0;1;1;-29,881359;-50,524544;SPRF-RS;DEL03-RS;UOP01-DEL03-RS
571716;31/12/2023;domingo;15:00:00;SP;116;365;MIRACATU;Ausência de reação do condutor;Queda de ocupante de veículo;Com Vítimas Feridas;Pleno dia;Crescente;Céu Claro;Dupla;Curva;Não;2;0;1;0;1;0;1;1;-24,14533813;-47,27537401;SPRF-SP;DEL04-SP;UOP02-DEL04-SP
571718;31/12/2023;domingo;16:24:00;GO;153;506,7;APARECIDA DE GOIANIA;Acessar a via sem observar a presença dos outros veículos;Colisão traseira;Com Vítimas Feridas;Pleno dia;Crescente;Céu Claro;Dupla;Reta;Não;3;0;2;0;1;0;2;2;-16,7633;-49,24;SPRF-GO;DEL01-GO;UOP01-DEL01-GO
571719;31/12/2023;domingo;15:50:00;PR;116;125,3;FAZENDA RIO GRANDE;Transitar no Acostamento;Colisão traseira;Com Vítimas Feridas;Pleno dia;Crescente;Nublado;Dupla;Reta;Sim;3;0;1;0;2;0;1;2;-25,632617;-49,313453;SPRF-PR;DEL01-PR;UOP03-DEL01-PR
571720;31/12/2023;domingo;15:50:00;BA;324;597;CANDEIAS;Manobra de mudança de faixa;Queda de ocupante de veículo;Com Vítimas Feridas;Pleno dia;Decrescente;Céu Claro;Dupla;Curva;Sim;1;0;1;0;0;0;1;1;-12,72850579;-38,44885046;SPRF-BA;DEL01-BA;UOP01-DEL01-BA
571721;31/12/2023;domingo;12:00:00;SP;116;370;MIRACATU;Ausência de reação do condutor;Queda de ocupante de veículo;Com Vítimas Feridas;Pleno dia;Decrescente;Céu Claro;Dupla;Reta;Não;1;0;1;0;0;0;1;1;-24,15230452;-47,32081981;SPRF-SP;DEL04-SP;UOP02-DEL04-SP
571722;31/12/2023;domingo;17:00:00;MG;381;226;BELO ORIENTE;Demais falhas mecânicas ou elétricas;Incêndio;Sem Vítimas;Pleno dia;Decrescente;Céu Claro;Simples;Reta;Não;2;0;0;0;2;0;0;1;-19,33012705;-42,42067894;SPRF-MG;DEL06-MG;UOP01-DEL06-MG
571723;31/12/2023;domingo;09:30:00;MG;251;210;AGUAS VERMELHAS;Acumulo de água sobre o pavimento;Saída de leito carroçável;Com Vítimas Feridas;Pleno dia;Crescente;Chuva;Simples;"Curva;Declive                 ";Não;4;0;3;1;0;0;4;1;-15,89034786;-41,52849197;SPRF-MG;DEL12-MG;UOP02-DEL12-MG
571724;31/12/2023;domingo;02:06:00;BA;324;615;SALVADOR;Reação tardia ou ineficiente do condutor;Capotamento;Com Vítimas Feridas;Plena Noite;Crescente;Céu Claro;Dupla;"Curva;Declive                 ";Sim;1;0;1;0;0;0;1;1;-12,87206398;-38,42746403;SPRF-BA;DEL01-BA;UOP01-DEL01-BA
571725;31/12/2023;domingo;13:00:00;PR;476;84,9;BOCAIUVA DO SUL;Velocidade Incompatível;Colisão transversal;Com Vítimas Feridas;Pleno dia;Crescente;Chuva;Simples;Curva;Não;4;0;0;1;3;0;1;2;-25,155199;-49,110208;SPRF-PR;DEL01-PR;UOP01-DEL01-PR
571726;31/12/2023;domingo;11:00:00;BA;242;363;LENCOIS;Acessar a via sem observar a presença dos outros veículos;Colisão transversal;Com Vítimas Feridas;Pleno dia;Crescente;Céu Claro;Simples;Reta;Não;4;0;0;2;2;0;2;2;-12,46727769;-41,4150469;SPRF-BA;DEL08-BA;UOP04-DEL08-BA
571728;31/12/2023;domingo;15:40:00;RJ;101;511;ANGRA DOS REIS;Condutor deixou de manter distância do veículo da frente;Atropelamento de Pedestre;Com Vítimas Feridas;Pleno dia;Decrescente;Nublado;Dupla;Reta;Sim;3;0;1;0;2;0;1;3;-22,9609111;-44,4382966;SPRF-RJ;DEL03-RJ;UOP03-DEL03-RJ
571729;31/12/2023;domingo;17:15:00;RS;158;489,9;ROSARIO DO SUL;Ausência de reação do condutor;Saída de leito carroçável;Com Vítimas Feridas;Pleno dia;Crescente;Céu Claro;Simples;Reta;Não;1;0;0;1;0;0;1;1;-30,42406003;-55,04770487;SPRF-RS;DEL11-RS;UOP02-DEL11-RS
571730;31/12/2023;domingo;15:30:00;MG;40;423,7;CURVELO;Reação tardia ou ineficiente do condutor;Tombamento;Com Vítimas Feridas;Pleno dia;Decrescente;Céu Claro;Dupla;"Reta;Interseção de Vias       ";Sim;1;0;1;0;0;0;1;1;-19,15337404;-44,538155;SPRF-MG;DEL02-MG;UOP01-DEL02-MG