id;data_inversa;dia_semana;horario;uf;br;km;municipio;causa_acidente;tipo_acidente;classificacao_acidente;fase_dia;sentido_via;condicao_metereologica;tipo_pista;tracado_via;uso_solo;pessoas;mortos;feridos_leves;feridos_graves;ilesos;ignorados;feridos;veiculos;latitude;longitude;regional;delegacia;uop
572632;11/12/2023;segunda-feira;08:20:00;BA;407;126;SENHOR DO BONFIM;Acessar a via sem observar a presença dos outros veículos;Colisão lateral mesmo sentido;Com Vítimas Feridas;Pleno dia;Crescente;Céu Claro;Simples;Rotatória;Sim;2;0;1;0;1;0;1;2;-10,45748773;-40,17985767;SPRF-BA;DEL04-BA;UOP01-DEL04-BA
572651;14/11/2023;terça-feira;02:40:00;SP;153;38;ONDA VERDE;Velocidade Incompatível;Colisão traseira;Com Vítimas Feridas;Plena Noite;Decrescente;Céu Claro;Simples;Reta;Não;2;0;2;0;0;0;2;2;-20,605145;-49,323185;SPRF-SP;DEL09-SP;UOP01-DEL09-SP
572706;23/11/2023;quinta-feira;06:30:00;MG;262;443;NOVA SERRANA;Animais na Pista;Tombamento;Com Vítimas Feridas;Pleno dia;Crescente;Céu Claro;Simples;Reta;Sim;1;0;1;0;0;0;1;1;-19,88065393;-44,92197102;SPRF-MG;DEL08-MG;UOP03-DEL08-MG
572719;19/12/2023;terça-feira;17:45:00;GO;153;505;APARECIDA DE GOIANIA;Acumulo de óleo sobre o pavimento;Queda de ocupante de veículo;Com Vítimas Feridas;Anoitecer;Decrescente;Nublado;Dupla;Reta;Não;1;0;1;0;0;0;1;1;-16,77561664;-49,23797607;SPRF-GO;DEL01-GO;UOP01-DEL01-GO
572721;06/12/2023;quarta-feira;20:30:00;GO;364;111;CACHOEIRA ALTA;Ausência de reação do condutor;Tombamento;Com Vítimas Feridas;Plena Noite;Crescente;Céu Claro;Simples;Reta;Não;1;0;0;1;0;0;1;1;-18,323978;-51,135818;SPRF-GO;DEL05-GO;UOP02-DEL05-GO
572722;31/12/2023;domingo;17:19:00;RS;NA;NA;ELDORADO DO SUL;Ausência de reação do condutor;Tombamento;Sem Vítimas;Pleno dia;Não Informado;Sol;Dupla;Interseção de Vias;Sim;4;0;0;0;4;0;0;2;-30,00038836;-51,3119496;SPRF-RS;DEL02-RS;UOP01-DEL02-RS
572749;14/11/2023;terça-feira;16:44:00;MT;163;834;SINOP;Manobra de mudança de faixa;Queda de ocupante de veículo;Com Vítimas Feridas;Pleno dia;Decrescente;Céu Claro;Dupla;"Retorno Regulamentado;Reta    ";Sim;2;0;1;0;0;1;1;2;-11,86571298;-55,49651384;SPRF-MT;DEL06-MT;UOP02-DEL06-MT
572824;10/06/2023;sábado;08:30:00;MA;316;419;PERITORO;Acumulo de areia ou detritos sobre o pavimento;Colisão com objeto;Sem Vítimas;Pleno dia;Crescente;Céu Claro;Simples;"Reta;Em Obras                 ";Não;2;0;0;0;2;0;0;1;-4,346691;-44,379074;SPRF-MA;DEL03-MA;UOP01-DEL03-MA
572896;23/07/2023;domingo;08:00:00;PI;316;107;PASSAGEM FRANCA DO PIAUI;Reação tardia ou ineficiente do condutor;Saída de leito carroçável;Com Vítimas Feridas;Pleno dia;Decrescente;Céu Claro;Simples;Curva;Não;1;0;1;0;0;0;1;1;-5,86004331;-42,43151519;SPRF-PI;DEL04-PI;UOP02-DEL04-PI
573005;19/11/2023;domingo;10:50:00;ES;262;188;IRUPI;Ausência de reação do condutor;Queda de ocupante de veículo;Sem Vítimas;Pleno dia;Crescente;Céu Claro;Simples;Reta;Não;2;0;0;0;1;1;0;2;-20,30743041;-41,71033166;SPRF-ES;DEL01-ES;UOP02-DEL01-ES
573028;15/12/2023;sexta-feira;15:10:00;SC;101;380,7;ICARA;Reação tardia ou ineficiente do condutor;Colisão com objeto;Com Vítimas Feridas;Pleno dia;Crescente;Céu Claro;Dupla;"Declive;Reta                  ";Não;5;0;1;0;0;4;1;3;-28,761944;-49,289365;SPRF-SC;DEL02-SC;UOP02-DEL02-SC
573037;02/11/2023;quinta-feira;20:43:00;PR;376;161,4;MARINGA;Reação tardia ou ineficiente do condutor;Queda de ocupante de veículo;Com Vítimas Feridas;Pleno dia;Crescente;Ignorado;Dupla;Reta;Sim;1;0;1;0;0;0;1;1;-23,37281665;-52,05547485;SPRF-PR;DEL09-PR;UOP01-DEL09-PR
573134;28/11/2023;terça-feira;17:00:00;SC;282;4;FLORIANOPOLIS;Falta de acostamento;Colisão lateral mesmo sentido;Sem Vítimas;Pleno dia;Crescente;Chuva;Dupla;Reta;Sim;2;0;0;0;2;0;0;2;-27,592646;-48,604034;SPRF-SC;DEL01-SC;UOP01-DEL01-SC
573147;15/12/2023;sexta-feira;12:20:00;BA;324;584;CANDEIAS;Reação tardia ou ineficiente do condutor;Saída de leito carroçável;Com Vítimas Feridas;Pleno dia;Decrescente;Chuva;Dupla;Reta;Não;2;0;2;0;0;0;2;1;-12,62182288;-38,48260875;SPRF-BA;DEL01-BA;UOP01-DEL01-BA
573181;25/11/2023;sábado;19:55:00;MG;267;58,4;GUARARA;Acessar a via sem observar a presença dos outros veículos;Colisão transversal;Com Vítimas Feridas;Plena Noite;Crescente;Céu Claro;Simples;"Curva;Interseção de Vias      ";Não;2;0;1;1;0;0;2;2;-21,72287488;-43,03593913;SPRF-MG;DEL07-MG;UOP01-DEL07-MG
573317;28/12/2023;quinta-feira;06:40:00;RJ;101;485,9;ANGRA DOS REIS;Ausência de reação do condutor;Colisão traseira;Com Vítimas Feridas;Pleno dia;Decrescente;Céu Claro;Simples;Reta;Sim;3;0;1;0;2;0;1;3;-22,977659;-44,2960632;SPRF-RJ;DEL03-RJ;UOP03-DEL03-RJ
573320;19/12/2023;terça-feira;16:00:00;BA;324;530;FEIRA DE SANTANA;Chuva;Queda de ocupante de veículo;Com Vítimas Feridas;Pleno dia;Crescente;Céu Claro;Dupla;Reta;Não;1;0;0;1;0;0;1;1;-12,32818491;-38,86174193;SPRF-BA;DEL01-BA;UOP03-DEL01-BA
573336;16/08/2023;quarta-feira;15:10:00;PE;232;96,4;BEZERROS;Demais falhas mecânicas ou elétricas;Incêndio;Sem Vítimas;Pleno dia;Decrescente;Céu Claro;Dupla;Reta;Não;1;0;0;0;0;1;0;1;-8,23076854;-35,70778281;SPRF-PE;DEL02-PE;UOP02-DEL02PE
573361;27/12/2023;quarta-feira;17:30:00;AC;364;194,4;BUJARI;Reação tardia ou ineficiente do condutor;Colisão frontal;Sem Vítimas;Anoitecer;Decrescente;Ignorado;Simples;"Aclive;Reta                   ";Não;2;0;0;0;2;0;0;2;-9,63188083;-68,22721482;SPRF-AC;DEL01-AC;UOP01-DEL01-AC
573380;12/12/2023;terça-feira;08:00:00;SP;116;229,3;SAO PAULO;Trafegar com motocicleta (ou similar) entre as faixas;Colisão traseira;Com Vítimas Feridas;Pleno dia;Crescente;Céu Claro;Múltipla;Reta;Sim;3;0;0;2;1;0;2;2;-23,51291902;-46,57604698;SPRF-SP;DEL01-SP;UOP01-DEL01-SP
573390;28/12/2023;quinta-feira;23:50:00;SC;101;213;PALHOCA;Condutor deixou de manter distância do veículo da frente;Colisão traseira;Com Vítimas Feridas;Plena Noite;Decrescente;Céu Claro;Múltipla;Reta;Sim;2;0;0;1;1;0;1;2;-27,63844476;-48,66605585;SPRF-SC;DEL01-SC;UOP02-DEL01-SC
573394;15/12/2023;sexta-feira;13:10:00;RJ;393;238;VASSOURAS;Acessar a via sem observar a presença dos outros veículos;Colisão transversal;Com Vítimas Feridas;Pleno dia;Crescente;Céu Claro;Simples;Reta;Não;6;0;4;0;2;0;4;2;-22,429265;-43,697509;SPRF-RJ;DEL05-RJ;UOP03-DEL05-RJ
573488;12/11/2023;domingo;11:00:00;AL;316;192;TANQUE DARCA;Conversão proibida;Colisão transversal;Com Vítimas Feridas;Pleno dia;Decrescente;Céu Claro;Simples;Reta;Não;4;0;0;1;3;0;1;2;-9,57155097;-36,39302501;SPRF-AL;DEL03-AL;UOP01-DEL03-AL
573491;10/11/2023;sexta-feira;16:30:00;RJ;101;297;ITABORAI;Ausência de reação do condutor;Engavetamento;Com Vítimas Feridas;Pleno dia;Crescente;Céu Claro;Dupla;Reta;Não;5;0;1;0;4;0;1;4;-22,76942037;-42,91873581;SPRF-RJ;DEL02-RJ;UOP02-DEL02-RJ
573509;20/12/2023;quarta-feira;06:55:00;SP;381;89;GUARULHOS;Trafegar com motocicleta (ou similar) entre as faixas;Colisão traseira;Com Vítimas Feridas;Pleno dia;Crescente;Céu Claro;Múltipla;Reta;Sim;3;0;2;0;1;0;2;2;-23,48469299;-46,55983288;SPRF-SP;DEL03-SP;UOP01-DEL03-SP
573522;28/12/2023;quinta-feira;18:30:00;SP;116;281;EMBU DAS ARTES;Trafegar com motocicleta (ou similar) entre as faixas;Colisão lateral mesmo sentido;Sem Vítimas;Anoitecer;Crescente;Céu Claro;Dupla;Reta;Sim;3;0;0;0;3;0;0;3;-23,67784787;-46,85769227;SPRF-SP;DEL04-SP;UOP01-DEL04-SP
573538;07/11/2023;terça-feira;12:05:00;RS;116;260;CANOAS;Mal súbito do condutor;Tombamento;Com Vítimas Feridas;Pleno dia;Decrescente;Céu Claro;Dupla;Reta;Sim;1;0;1;0;0;0;1;1;-29,879208;-51,18045622;SPRF-RS;DEL01-RS;UOP01-DEL01-RS
573539;13/12/2023;quarta-feira;08:00:00;PR;116;121;CURITIBA;Ausência de reação do condutor;Colisão lateral mesmo sentido;Com Vítimas Fatais;Pleno dia;Crescente;Sol;Dupla;Reta;Não;2;1;0;0;1;0;0;2;-25,5599323;-49,30743945;SPRF-PR;DEL01-PR;UOP03-DEL01-PR
573542;17/09/2023;domingo;14:00:00;GO;60;91;ANAPOLIS;Ingestão de álcool pelo condutor;Colisão traseira;Sem Vítimas;Pleno dia;Decrescente;Céu Claro;Dupla;"Aclive;Reta                   ";Sim;3;0;0;0;3;0;0;2;-16,3491;-48,9095;SPRF-GO;DEL02-GO;UOP01-DEL02-GO
573647;29/12/2023;sexta-feira;07:45:00;PE;428;44;OROCO;Manobra de mudança de faixa;Colisão traseira;Com Vítimas Feridas;Pleno dia;Decrescente;Céu Claro;Simples;Reta;Não;2;0;1;0;1;0;1;2;-8,58333522;-39,58547861;SPRF-PE;DEL05-PE;UOP03-DEL05-PE
573701;17/02/2023;sexta-feira;11:52:00;CE;116;320;JAGUARIBE;Ingestão de álcool pelo condutor;Colisão transversal;Com Vítimas Feridas;Pleno dia;Decrescente;Céu Claro;Simples;"Rotatória;Retorno Regulamentad";Não;4;0;1;0;3;0;1;2;-5,99085214;-38,62819672;SPRF-CE;DEL05-CE;UOP02-DEL05-CE
573710;12/03/2023;domingo;11:00:00;SC;101;136;BALNEARIO CAMBORIU;Demais falhas na via;Tombamento;Com Vítimas Feridas;Pleno dia;Crescente;Céu Claro;Múltipla;Declive;Sim;1;0;1;0;0;0;1;1;-27,008113;-48,617245;SPRF-SC;DEL04-SC;UOP03-DEL04-SC
573739;18/12/2023;segunda-feira;04:40:00;PR;476;84;BOCAIUVA DO SUL;Animais na Pista;Atropelamento de Animal;Com Vítimas Feridas;Plena Noite;Decrescente;Ignorado;Simples;Reta;Não;1;0;0;1;0;0;1;1;-25,14761889;-49,10896987;SPRF-PR;DEL01-PR;UOP01-DEL01-PR
573747;31/12/2023;domingo;20:10:00;PE;316;28;ARARIPINA;Demais falhas mecânicas ou elétricas;Incêndio;Sem Vítimas;Plena Noite;Crescente;Céu Claro;Simples;"Reta;Aclive                   ";Não;3;0;0;0;3;0;0;1;-7,61746864;-40,48060285;SPRF-PE;DEL05-PE;UOP02-DEL05-PE
573748;24/12/2023;domingo;13:40:00;PE;101;34,9;ITAPISSUMA;Reação tardia ou ineficiente do condutor;Saída de leito carroçável;Com Vítimas Feridas;Pleno dia;Decrescente;Céu Claro;Múltipla;Reta;Não;2;0;0;1;1;0;1;1;-7,77092801;-34,93524623;SPRF-PE;DEL01-PE;UOP02-DEL01-PE
573772;12/10/2023;quinta-feira;06:45:00;PE;101;70;RECIFE;Ingestão de álcool pelo condutor;Colisão com objeto;Com Vítimas Feridas;Pleno dia;Decrescente;Céu Claro;Dupla;Curva;Sim;2;0;1;0;1;0;1;1;-8,067814;-34,941267;SPRF-PE;DEL01-PE;UOP01-DEL01-PE
573777;25/03/2023;sábado;04:50:00;SE;235;37;AREIA BRANCA;Reação tardia ou ineficiente do condutor;Atropelamento de Pedestre;Com Vítimas Feridas;Amanhecer;Crescente;Ignorado;Simples;Reta;Não;2;0;0;2;0;0;2;2;-10,769654;-37,337318;SPRF-SE;DEL01-SE;UOP02-DEL01-SE
573833;21/09/2023;quinta-feira;00:20:00;PE;104;67,9;CARUARU;Ingestão de álcool pelo condutor;Saída de leito carroçável;Com Vítimas Feridas;Plena Noite;Crescente;Chuva;Dupla;Reta;Sim;1;0;1;0;0;0;1;1;-8,29497214;-35,94286144;SPRF-PE;DEL02-PE;UOP01-DEL02-PE
573866;29/11/2023;quarta-feira;11:30:00;PI;343;595;FLORIANO;Transitar no Acostamento;Colisão traseira;Com Vítimas Feridas;Pleno dia;Crescente;Céu Claro;Simples;Reta;Sim;2;0;0;1;1;0;1;2;-6,797033;-43,046871;SPRF-PI;DEL03-PI;UOP01-DEL03-PI
573898;13/05/2023;sábado;19:00:00;PB;434;7,7;UIRAUNA;Reação tardia ou ineficiente do condutor;Colisão traseira;Com Vítimas Fatais;Plena Noite;Decrescente;Céu Claro;Simples;Reta;Não;2;1;0;0;0;1;0;2;-6,457627;-38,443624;SPRF-PB;DEL03-PB;UOP03-DEL03-PB
573902;20/11/2023;segunda-feira;16:20:00;ES;262;101;VENDA NOVA DO IMIGRANTE;Velocidade Incompatível;Colisão com objeto;Com Vítimas Feridas;Pleno dia;Crescente;Chuva;Simples;"Reta;Viaduto                  ";Não;1;0;0;1;0;0;1;1;-20,34263;-41,111439;SPRF-ES;DEL01-ES;UOP02-DEL01-ES
573919;03/12/2023;domingo;00:20:00;GO;50;269;CATALAO;Transitar na contramão;Colisão frontal;Com Vítimas Fatais;Plena Noite;Crescente;Garoa/Chuvisco;Dupla;Reta;Não;4;4;0;0;0;0;0;2;-18,1013;-47,8817;SPRF-GO;DEL06-GO;UOP01-DEL06-GO
573923;04/11/2023;sábado;21:50:00;MG;50;80;UBERLANDIA;Ausência de reação do condutor;Colisão com objeto;Com Vítimas Feridas;Plena Noite;Crescente;Céu Claro;Dupla;Reta;Não;1;0;0;1;0;0;1;1;-18,986906;-48,211853;SPRF-MG;DEL15-MG;UOP01-DEL15-MG
573934;02/12/2023;sábado;11:30:00;PR;369;193;ARAPONGAS;Reação tardia ou ineficiente do condutor;Colisão traseira;Com Vítimas Feridas;Pleno dia;Crescente;Céu Claro;Dupla;"Reta;Interseção de Vias       ";Não;2;0;1;0;1;0;1;2;-23,47523993;-51,4237994;SPRF-PR;DEL07-PR;UOP03-DEL07-PR
573938;06/12/2023;quarta-feira;14:35:00;MG;381;358;JOAO MONLEVADE;Acessar a via sem observar a presença dos outros veículos;Colisão frontal;Com Vítimas Feridas;Pleno dia;Decrescente;Céu Claro;Simples;Reta;Não;2;0;1;0;1;0;1;2;-19,85592801;-43,21689055;SPRF-MG;DEL03-MG;UOP01-DEL03-MG
573959;02/12/2023;sábado;18:25:00;RS;470;218;BENTO GONCALVES;Reação tardia ou ineficiente do condutor;Saída de leito carroçável;Com Vítimas Feridas;Pleno dia;Decrescente;Nevoeiro/Neblina;Simples;"Aclive;Curva                  ";Não;5;0;2;2;1;0;4;1;-29,17292214;-51,52424936;SPRF-RS;DEL06-RS;UOP01-DEL06-RS
574030;19/10/2023;quinta-feira;20:30:00;SC;101;124,5;ITAJAI;Reação tardia ou ineficiente do condutor;Colisão traseira;Com Vítimas Feridas;Plena Noite;Crescente;Nublado;Múltipla;Reta;Não;2;0;0;1;1;0;1;2;-26,94335064;-48,69198648;SPRF-SC;DEL04-SC;UOP04-DEL04-SC
574110;13/09/2023;quarta-feira;07:30:00;ES;262;143;MUNIZ FREIRE;Condutor Dormindo;Colisão frontal;Com Vítimas Feridas;Pleno dia;Decrescente;Céu Claro;Simples;Reta;Não;3;0;0;1;2;0;1;2;-20,23248492;-41,39486117;SPRF-ES;DEL01-ES;UOP02-DEL01-ES
574142;24/12/2023;domingo;20:10:00;MG;116;798,9;ALEM PARAIBA;Acessar a via sem observar a presença dos outros veículos;Colisão traseira;Com Vítimas Feridas;Plena Noite;Crescente;Céu Claro;Simples;"Aclive;Reta                   ";Não;4;0;3;0;1;0;3;2;-21,75344009;-42,73239666;SPRF-MG;DEL07-MG;UOP01-DEL07-MG
574145;27/08/2023;domingo;19:00:00;PR;272;400,2;FAROL;Área urbana sem a presença de local apropriado para a travessia de pedestres;Atropelamento de Pedestre;Com Vítimas Fatais;Plena Noite;Crescente;Céu Claro;Simples;Reta;Sim;3;2;0;0;1;0;0;2;-24,0935353;-52,69411585;SPRF-PR;DEL09-PR;UOP03-DEL09-PR
574152;29/07/2023;sábado;16:40:00;MA;135;3;SAO LUIS;Manobra de mudança de faixa;Saída de leito carroçável;Sem Vítimas;Pleno dia;Crescente;Céu Claro;Dupla;"Declive;Curva                 ";Sim;1;0;0;0;1;0;0;1;-2,606802;-44,247512;SPRF-MA;DEL01-MA;UOP01-DEL01-MA
574158;21/08/2023;segunda-feira;07:10:00;PR;476;356;UNIAO DA VITORIA;Acessar a via sem observar a presença dos outros veículos;Colisão traseira;Com Vítimas Feridas;Pleno dia;Decrescente;Sol;Simples;Reta;Sim;2;0;0;1;1;0;1;2;-26,19610892;-51,02153778;SPRF-PR;DEL02-PR;UOP03-DEL02-PR
574188;26/03/2023;domingo;14:45:00;ES;101;40,1;CONCEICAO DA BARRA;Ingestão de álcool pelo condutor;Saída de leito carroçável;Sem Vítimas;Pleno dia;Decrescente;Céu Claro;Simples;"Declive;Reta                  ";Não;1;0;0;0;1;0;0;1;-18,49980697;-39,91851689;SPRF-ES;DEL04-ES;UOP02-DEL04-ES
574196;09/04/2023;domingo;03:00:00;MG;381;888,3;CAMBUI;Ausência de reação do condutor;Saída de leito carroçável;Com Vítimas Feridas;Plena Noite;Decrescente;Garoa/Chuvisco;Dupla;Reta;Não;1;0;1;0;0;0;1;1;-22,57036508;-46,04169076;SPRF-MG;DEL16-MG;UOP03-DEL16-MG
574203;10/06/2023;sábado;17:40:00;CE;20;378;CAUCAIA;Ingestão de álcool pelo condutor;Colisão lateral sentido oposto;Com Vítimas Feridas;Anoitecer;Crescente;Nublado;Simples;Reta;Não;4;0;3;0;1;0;3;2;-3,93125886;-38,86100221;SPRF-CE;DEL01-CE;UOP01-DEL01-CE
574211;01/12/2023;sexta-feira;20:20:00;MG;267;138;JUIZ DE FORA;Pedestre andava na pista;Atropelamento de Pedestre;Sem Vítimas;Plena Noite;Decrescente;Nublado;Simples;Reta;Sim;2;0;0;0;1;1;0;2;-21,79071223;-43,67401443;SPRF-MG;DEL05-MG;UOP01-DEL05-MG
574224;20/12/2023;quarta-feira;11:40:00;RN;406;150;CEARA-MIRIM;Conversão proibida;Colisão frontal;Com Vítimas Feridas;Pleno dia;Crescente;Ignorado;Simples;Reta;Sim;2;0;0;1;0;1;1;2;-5,64974982;-35,43234997;SPRF-RN;DEL02-RN;UOP01-DEL02-RN
574232;31/12/2023;domingo;12:15:00;PR;116;107,2;SAO JOSE DOS PINHAIS;Reação tardia ou ineficiente do condutor;Saída de leito carroçável;Com Vítimas Feridas;Pleno dia;Decrescente;Nublado;Dupla;Reta;Não;3;0;3;0;0;0;3;1;-25,567966;-49,234171;SPRF-PR;DEL01-PR;UOP07-DEL01-PR
574371;13/05/2023;sábado;02:45:00;PI;316;1;TERESINA;Ingestão de álcool pelo condutor;Colisão com objeto;Sem Vítimas;Plena Noite;Decrescente;Céu Claro;Simples;Ponte;Não;1;0;0;0;1;0;0;1;-5,12861853;-42,80706778;SPRF-PI;DEL01-PI;UOP02-DEL01-PI
574373;03/02/2023;sexta-feira;13:50:00;SP;116;222;GUARULHOS;Manobra de mudança de faixa;Colisão transversal;Com Vítimas Feridas;Pleno dia;Crescente;Nublado;Múltipla;Reta;Sim;2;0;0;1;1;0;1;2;-23,47093408;-46,51631097;SPRF-SP;DEL01-SP;UOP01-DEL01-SP
574378;27/12/2023;quarta-feira;19:14:00;ES;101;126;SOORETAMA;Ingestão de substâncias psicoativas pelo condutor;Colisão transversal;Com Vítimas Feridas;Plena Noite;Crescente;Nublado;Dupla;Reta;Sim;4;0;0;1;1;2;1;3;-19,193953;-40,0951;SPRF-ES;DEL04-ES;UOP01-DEL04-ES
574386;13/12/2023;quarta-feira;19:50:00;RS;470;177;VERANOPOLIS;Acessar a via sem observar a presença dos outros veículos;Colisão transversal;Com Vítimas Feridas;Plena Noite;Decrescente;Céu Claro;Simples;"Reta;Declive                  ";Sim;2;0;0;1;1;0;1;2;-28,93915139;-51,54591976;SPRF-RS;DEL06-RS;UOP02-DEL06-RS
574420;09/12/2023;sábado;19:48:00;PR;376;176,4;MARINGA;Acessar a via sem observar a presença dos outros veículos;Colisão transversal;Com Vítimas Feridas;Plena Noite;Decrescente;Ignorado;Dupla;Reta;Sim;2;0;1;0;0;1;1;2;-23,41157699;-51,93486214;SPRF-PR;DEL09-PR;UOP01-DEL09-PR
574441;12/12/2023;terça-feira;11:20:00;MG;381;263;CORONEL FABRICIANO;Retorno proibido;Colisão transversal;Com Vítimas Feridas;Pleno dia;Decrescente;Céu Claro;Simples;"Curva;Interseção de Vias      ";Não;2;0;0;1;1;0;1;2;-19,52523097;-42,645528;SPRF-MG;DEL03-MG;UOP02-DEL03-MG
574476;09/12/2023;sábado;06:20:00;RS;470;153;NOVA PRATA;Ingestão de álcool pelo condutor;Saída de leito carroçável;Com Vítimas Feridas;Amanhecer;Decrescente;Céu Claro;Simples;Reta;Sim;1;0;1;0;0;0;1;1;-28,77133;-51,61788;SPRF-RS;DEL06-RS;UOP02-DEL06-RS
574503;21/10/2023;sábado;18:30:00;MG;267;162,7;LIMA DUARTE;Acessar a via sem observar a presença dos outros veículos;Colisão transversal;Com Vítimas Feridas;Plena Noite;Crescente;Chuva;Simples;"Reta;Interseção de Vias       ";Sim;3;0;0;2;1;0;2;2;-21,84902541;-43,80365406;SPRF-MG;DEL05-MG;UOP01-DEL05-MG
574625;24/11/2023;sexta-feira;20:38:00;RO;364;712;PORTO VELHO;Falta de elemento de contenção que evite a saída do leito carroçável;Saída de leito carroçável;Com Vítimas Feridas;Plena Noite;Crescente;Garoa/Chuvisco;Simples;Reta;Sim;1;0;0;1;0;0;1;1;-8,77396262;-63,87816668;SPRF-RO;DEL01-RO;UOP01-DEL01-RO
574629;29/12/2023;sexta-feira;09:30:00;MG;365;163;PIRAPORA;Acessar a via sem observar a presença dos outros veículos;Colisão transversal;Com Vítimas Feridas;Pleno dia;Crescente;Céu Claro;Simples;Reta;Não;3;0;1;0;2;0;1;2;-17,31541437;-44,89563525;SPRF-MG;DEL10-MG;UOP02-DEL010-MG
574635;30/12/2023;sábado;06:15:00;MG;381;387,5;SAO GONCALO DO RIO ABAIXO;Condutor deixou de manter distância do veículo da frente;Colisão traseira;Com Vítimas Feridas;Amanhecer;Decrescente;Ignorado;Simples;Reta;Não;3;0;1;1;1;0;2;2;-19,82822785;-43,38668883;SPRF-MG;DEL01-MG;UOP01-DEL01-MG
574637;04/12/2023;segunda-feira;15:50:00;PR;277;334;GUARAPUAVA;Reação tardia ou ineficiente do condutor;Saída de leito carroçável;Com Vítimas Feridas;Plena Noite;Decrescente;Chuva;Simples;"Declive;Curva                 ";Não;2;0;1;0;1;0;1;1;-25,36580172;-51,34537999;SPRF-PR;DEL08-PR;UOP01-DEL08-PR
574668;01/12/2023;sexta-feira;17:52:00;SP;116;312;SAO LOURENCO DA SERRA;Condutor deixou de manter distância do veículo da frente;Colisão traseira;Com Vítimas Fatais;Pleno dia;Decrescente;Céu Claro;Dupla;Curva;Sim;3;2;0;0;1;0;0;2;-23,88342825;-46,97368879;SPRF-SP;DEL04-SP;UOP01-DEL04-SP
574856;18/12/2023;segunda-feira;19:45:00;GO;153;631;MORRINHOS;Demais falhas mecânicas ou elétricas;Incêndio;Sem Vítimas;Plena Noite;Decrescente;Céu Claro;Dupla;Reta;Não;6;0;0;0;6;0;0;1;-17,8017;-49,2067;SPRF-GO;DEL03-GO;UOP01-DEL03-GO
574890;01/10/2023;domingo;16:00:00;RN;406;27;MACAU;Ingestão de álcool pelo condutor;Capotamento;Com Vítimas Fatais;Pleno dia;Decrescente;Céu Claro;Simples;Reta;Não;3;1;2;0;0;0;2;1;-5,22986471;-36,41885287;SPRF-RN;DEL02-RN;UOP01-DEL02-RN
574891;30/12/2023;sábado;22:00:00;MA;316;599,6;TIMON;Transitar na contramão;Colisão frontal;Com Vítimas Fatais;Plena Noite;Crescente;Garoa/Chuvisco;Simples;Reta;Não;6;1;0;0;5;0;0;2;-5,021561;-42,962944;SPRF-MA;DEL03-MA;UOP02-DEL03-MA
574895;11/09/2023;segunda-feira;10:40:00;MT;70;0,8;BARRA DO GARCAS;Reação tardia ou ineficiente do condutor;Tombamento;Com Vítimas Feridas;Pleno dia;Crescente;Céu Claro;Simples;Rotatória;Não;1;0;1;0;0;0;1;1;-15,895538;-52,25599;SPRF-MT;DEL07-MT;UOP01-DEL07-MT
574901;23/12/2023;sábado;01:10:00;GO;60;243;INDIARA;Animais na Pista;Capotamento;Com Vítimas Feridas;Plena Noite;Decrescente;Céu Claro;Dupla;Reta;Não;4;0;1;2;1;0;3;1;-17,1073;-49,8994;SPRF-GO;DEL01-GO;UOP02-DEL01-GO
574919;19/10/2023;quinta-feira;09:50:00;PR;116;17,7;CURITIBA;Trafegar com motocicleta (ou similar) entre as faixas;Colisão traseira;Com Vítimas Feridas;Pleno dia;Crescente;Chuva;Dupla;Reta;Sim;2;0;1;0;1;0;1;2;-25,388919;-49,19463;SPRF-PR;DEL01-PR;UOP02-DEL01-PR
574977;21/10/2023;sábado;16:00:00;PR;369;144;LONDRINA;Velocidade Incompatível;Colisão com objeto;Com Vítimas Feridas;Pleno dia;Crescente;Céu Claro;Dupla;Reta;Sim;2;0;2;0;0;0;2;1;-23,29322372;-51,10304475;SPRF-PR;DEL07-PR;UOP01-DEL07-PR
575004;14/12/2023;quinta-feira;13:24:00;MG;40;516;RIBEIRAO DAS NEVES;Ausência de reação do condutor;Colisão traseira;Com Vítimas Fatais;Pleno dia;Crescente;Céu Claro;Dupla;"Reta;Aclive                   ";Sim;2;1;0;0;0;1;0;2;-19,81628624;-44,08960124;SPRF-MG;DEL01-MG;UOP02-DEL01-MG
575013;29/12/2023;sexta-feira;00:00:00;PB;230;25,8;JOAO PESSOA;Ausência de reação do condutor;Tombamento;Com Vítimas Feridas;Plena Noite;Crescente;Céu Claro;Simples;Reta;Sim;1;0;1;0;0;0;1;1;-7,1707;-34,8684;SPRF-PB;DEL01-PB;UOP01-DEL01-PB
575038;12/11/2023;domingo;10:40:00;MG;262;75;MATIPO;Conversão proibida;Colisão transversal;Com Vítimas Feridas;Pleno dia;Decrescente;Céu Claro;Simples;Reta;Não;2;0;0;1;1;0;1;2;-20,32380719;-42,3388569;SPRF-MG;DEL03-MG;UOP03-DEL03-MG
575044;12/11/2023;domingo;08:40:00;BA;101;749;ITABELA;Reação tardia ou ineficiente do condutor;Colisão frontal;Com Vítimas Feridas;Pleno dia;Crescente;Céu Claro;Simples;"Reta;Declive                  ";Não;7;0;1;5;1;0;6;3;-16,75610194;-39,45892725;SPRF-BA;DEL09-BA;UOP01-DEL09-BA