id;data_inversa;dia_semana;horario;uf;br;km;municipio;causa_acidente;tipo_acidente;classificacao_acidente;fase_dia;sentido_via;condicao_metereologica;tipo_pista;tracado_via;uso_solo;pessoas;mortos;feridos_leves;feridos_graves;ilesos;ignorados;feridos;veiculos;latitude;longitude;regional;delegacia;uop
575045;07/12/2023;quinta-feira;10:35:00;MG;381;690;LAVRAS;Objeto estático sobre o leito carroçável;Colisão com objeto;Sem Vítimas;Pleno dia;Crescente;Céu Claro;Dupla;Reta;Não;1;0;0;0;1;0;0;1;-21,23347701;-45,13482496;SPRF-MG;DEL04-MG;UOP02-DEL04-MG
575077;30/12/2023;sábado;09:15:00;SC;101;250;PAULO LOPES;Manobra de mudança de faixa;Saída de leito carroçável;Com Vítimas Fatais;Pleno dia;Decrescente;Céu Claro;Dupla;Reta;Não;6;1;1;3;0;1;4;2;-27,94186028;-48,66644267;SPRF-SC;DEL02-SC;UOP03-DEL02-SC
575090;15/10/2023;domingo;03:30:00;ES;NA;NA;ITAPEMIRIM;Chuva;Colisão com objeto;Sem Vítimas;Plena Noite;Não Informado;Chuva;Simples;Reta;Não;1;0;0;0;1;0;0;1;-20,9242096;-41,07792562;SPRF-ES;DEL03-ES;UOP02-DEL03-ES
575128;03/12/2023;domingo;14:35:00;ES;101;53,5;SAO MATEUS;Condutor deixou de manter distância do veículo da frente;Colisão traseira;Com Vítimas Feridas;Pleno dia;Crescente;Céu Claro;Simples;"Reta;Declive                  ";Não;4;0;1;0;3;0;1;3;-18,61198007;-39,88449824;SPRF-ES;DEL04-ES;UOP02-DEL04-ES
575139;27/12/2023;quarta-feira;17:00:00;RJ;101;461;ANGRA DOS REIS;Reação tardia ou ineficiente do condutor;Colisão traseira;Com Vítimas Feridas;Pleno dia;Decrescente;Céu Claro;Simples;Reta;Não;2;0;1;0;1;0;1;2;-23,02906521;-44,1997005;SPRF-RJ;DEL03-RJ;UOP03-DEL03-RJ
575216;19/11/2023;domingo;22:00:00;BA;110;361;CATU;Ausência de reação do condutor;Saída de leito carroçável;Com Vítimas Feridas;Plena Noite;Crescente;Ignorado;Simples;Reta;Não;1;0;0;1;0;0;1;1;-12,36659322;-38,38801135;SPRF-BA;DEL01-BA;UOP04-DEL01-BA
575267;28/12/2023;quinta-feira;20:00:00;BA;324;614;SALVADOR;Acessar a via sem observar a presença dos outros veículos;Colisão transversal;Com Vítimas Feridas;Plena Noite;Decrescente;Céu Claro;Simples;Reta;Não;2;0;0;1;1;0;1;2;-12,8639793;-38,42370126;SPRF-BA;DEL01-BA;UOP01-DEL01-BA
575269;28/12/2023;quinta-feira;22:15:00;SC;101;97;BARRA VELHA;Entrada inopinada do pedestre;Atropelamento de Pedestre;Com Vítimas Fatais;Plena Noite;Crescente;Nublado;Múltipla;Reta;Não;3;1;0;0;2;0;0;2;-26,7319364;-48,7012098;SPRF-SC;DEL03-SC;UOP02-DEL03-SC
575297;30/11/2023;quinta-feira;23:45:00;RS;290;120;ELDORADO DO SUL;Ausência de reação do condutor;Saída de leito carroçável;Com Vítimas Feridas;Plena Noite;Decrescente;Céu Claro;Simples;Reta;Não;1;0;0;1;0;0;1;1;-30,050398;-51,408146;SPRF-RS;DEL02-RS;UOP01-DEL02-RS
575310;01/11/2023;quarta-feira;08:10:00;SC;280;149;MAFRA;Transitar na contramão;Colisão frontal;Com Vítimas Feridas;Pleno dia;Crescente;Céu Claro;Simples;Reta;Não;2;0;2;0;0;0;2;2;-26,23857535;-49,6804832;SPRF-SC;DEL06-SC;UOP03-DEL06-SC
575501;09/12/2023;sábado;08:30:00;MT;364;207;RONDONOPOLIS;Pedestre cruzava a pista fora da faixa;Atropelamento de Pedestre;Com Vítimas Feridas;Pleno dia;Decrescente;Céu Claro;Dupla;Reta;Sim;2;0;1;1;0;0;2;2;-16,44347006;-54,67236704;SPRF-MT;DEL02-MT;UOP01-DEL02-MT
575502;16/12/2023;sábado;20:00:00;SP;116;214,5;GUARULHOS;Trafegar com motocicleta (ou similar) entre as faixas;Colisão traseira;Com Vítimas Feridas;Plena Noite;Crescente;Céu Claro;Múltipla;Reta;Sim;2;0;1;0;1;0;1;2;-23,44333014;-46,44531294;SPRF-SP;DEL01-SP;UOP01-DEL01-SP
575529;11/12/2023;segunda-feira;13:20:00;MG;116;275,2;TEOFILO OTONI;Condutor deixou de manter distância do veículo da frente;Colisão traseira;Com Vítimas Feridas;Pleno dia;Crescente;Céu Claro;Simples;Reta;Sim;2;0;1;0;1;0;1;2;-17,84235093;-41,51410418;SPRF-MG;DEL11-MG;UOP01-DEL11-MG
575570;09/12/2023;sábado;15:00:00;PR;277;531;CAMPO BONITO;Acessar a via sem observar a presença dos outros veículos;Colisão transversal;Com Vítimas Feridas;Pleno dia;Decrescente;Céu Claro;Simples;"Reta;Interseção de Vias       ";Não;3;0;2;0;0;1;2;3;-25,09842446;-52,97161102;SPRF-PR;DEL04-PR;UOP04-DEL04-PR
575582;01/11/2023;quarta-feira;16:00:00;BA;101;468;URUCUCA;Demais falhas mecânicas ou elétricas;Incêndio;Sem Vítimas;Pleno dia;Decrescente;Ignorado;Simples;Reta;Não;1;0;0;0;1;0;0;1;-14,51938537;-39,32991743;SPRF-BA;DEL05-BA;UOP01-DEL05-BA
575588;29/12/2023;sexta-feira;15:00:00;SC;280;124;RIO NEGRINHO;Condutor deixou de manter distância do veículo da frente;Colisão lateral mesmo sentido;Com Vítimas Feridas;Pleno dia;Decrescente;Sol;Simples;Reta;Sim;2;0;1;0;1;0;1;2;-26,24130297;-49,47514499;SPRF-SC;DEL06-SC;UOP03-DEL06-SC
575623;05/12/2023;terça-feira;06:49:00;RN;101;75;EXTREMOZ;Conversão proibida;Colisão traseira;Com Vítimas Feridas;Pleno dia;Decrescente;Céu Claro;Simples;Reta;Não;3;0;1;2;0;0;3;2;-5,721906;-35,27672;SPRF-RN;DEL02-RN;UOP01-DEL02-RN
575641;18/12/2023;segunda-feira;15:30:00;MT;174;6;PONTES E LACERDA;Acessar a via sem observar a presença dos outros veículos;Colisão transversal;Com Vítimas Feridas;Pleno dia;Crescente;Céu Claro;Simples;Reta;Sim;3;0;0;1;0;2;1;3;-15,226537;-59,335728;SPRF-MT;DEL04-MT;UOP01-DEL04-MT
575654;06/11/2023;segunda-feira;21:30:00;PI;135;507;MONTE ALEGRE DO PIAUI;Velocidade Incompatível;Saída de leito carroçável;Com Vítimas Feridas;Plena Noite;Crescente;Chuva;Simples;"Curva;Declive                 ";Não;2;0;1;1;0;0;2;1;-9,76706471;-45,31747017;SPRF-PI;DEL03-PI;UOP02-DEL03-PI
575658;20/12/2023;quarta-feira;13:02:00;PR;376;176,7;MARINGA;Ausência de reação do condutor;Colisão lateral mesmo sentido;Com Vítimas Feridas;Pleno dia;Decrescente;Céu Claro;Dupla;Reta;Sim;4;0;2;0;2;0;2;3;-23,41269173;-51,93158327;SPRF-PR;DEL09-PR;UOP01-DEL09-PR
575670;07/09/2023;quinta-feira;16:40:00;RS;116;265;CANOAS;Ingestão de álcool pelo condutor;Colisão traseira;Sem Vítimas;Pleno dia;Decrescente;Céu Claro;Múltipla;"Reta;Aclive                   ";Sim;2;0;0;0;2;0;0;2;-29,92069274;-51,17782474;SPRF-RS;DEL01-RS;UOP01-DEL01-RS
575679;11/12/2023;segunda-feira;18:30:00;PI;230;198;OEIRAS;Ausência de reação do condutor;Colisão lateral mesmo sentido;Com Vítimas Feridas;Plena Noite;Crescente;Céu Claro;Simples;Reta;Sim;3;0;1;1;1;0;2;2;-7,013799;-42,135582;SPRF-PI;DEL04-PI;UOP01-DEL04-PI
575696;02/12/2023;sábado;19:29:00;SC;101;344;TUBARAO;Estacionar ou parar em local proibido;Colisão traseira;Com Vítimas Feridas;Plena Noite;Decrescente;Céu Claro;Múltipla;Reta;Sim;5;0;1;0;4;0;1;2;-28,53647889;-49,0531826;SPRF-SC;DEL02-SC;UOP01-DEL02-SC
575714;03/12/2023;domingo;06:40:00;PB;104;107,1;SAO SEBASTIAO DE LAGOA DE  ROCA;Condutor deixou de manter distância do veículo da frente;Colisão traseira;Com Vítimas Feridas;Amanhecer;Crescente;Céu Claro;Simples;Reta;Sim;2;0;1;0;1;0;1;2;-7,10299395;-35,8661241;SPRF-PB;DEL02-PB;UOP04-DEL02-PB
575806;27/11/2023;segunda-feira;07:50:00;PI;343;322,9;ALTOS;Entrada inopinada do pedestre;Atropelamento de Pedestre;Com Vítimas Feridas;Pleno dia;Decrescente;Céu Claro;Simples;Reta;Não;2;0;0;1;0;1;1;2;-5,058519;-42,595433;SPRF-PI;DEL01-PI;UOP01-DEL01-PI
575823;31/12/2023;domingo;14:20:00;PE;104;102;CUPIRA;Entrada inopinada do pedestre;Atropelamento de Pedestre;Com Vítimas Feridas;Pleno dia;Crescente;Céu Claro;Simples;Reta;Não;2;0;0;1;1;0;1;2;-8,57875956;-35,9500625;SPRF-PE;DEL02-PE;UOP03-DEL02-PE
575824;13/08/2023;domingo;05:45:00;PI;343;0,5;TERESINA;Ausência de reação do condutor;Colisão com objeto;Com Vítimas Feridas;Amanhecer;Decrescente;Sol;Dupla;"Aclive;Reta;Em Obras          ";Sim;2;0;0;2;0;0;2;1;-5,079313;-42,753376;SPRF-PI;DEL05-PI;UOP01-DEL05-PI
575841;10/11/2023;sexta-feira;16:55:00;PI;343;593;FLORIANO;Ausência de reação do condutor;Colisão traseira;Com Vítimas Feridas;Pleno dia;Crescente;Céu Claro;Simples;Reta;Sim;2;0;0;1;0;1;1;2;-6,781913;-43,038273;SPRF-PI;DEL03-PI;UOP01-DEL03-PI
576144;13/12/2023;quarta-feira;22:15:00;PI;407;430;GEMINIANO;Reação tardia ou ineficiente do condutor;Colisão transversal;Com Vítimas Feridas;Plena Noite;Crescente;Céu Claro;Simples;Reta;Sim;2;0;0;1;0;1;1;2;-7,12831877;-41,39344785;SPRF-PI;DEL04-PI;UOP01-DEL04-PI
576155;11/12/2023;segunda-feira;08:10:00;RS;392;4,8;RIO GRANDE;Acessar a via sem observar a presença dos outros veículos;Colisão transversal;Com Vítimas Feridas;Pleno dia;Crescente;Céu Claro;Simples;Reta;Sim;3;0;2;0;1;0;2;2;-32,07687877;-52,10166627;SPRF-RS;DEL07-RS;UOP02-DEL07-RS
576179;26/12/2023;terça-feira;20:25:00;PE;101;46;IGARASSU;Ausência de reação do condutor;Queda de ocupante de veículo;Com Vítimas Feridas;Plena Noite;Crescente;Ignorado;Dupla;Reta;Não;1;0;0;1;0;0;1;1;-7,87406004;-34,90588126;SPRF-PE;DEL01-PE;UOP02-DEL01-PE
576184;17/12/2023;domingo;05:50:00;SC;116;75;MONTE CASTELO;Reação tardia ou ineficiente do condutor;Colisão traseira;Sem Vítimas;Pleno dia;Crescente;Ignorado;Simples;Reta;Não;2;0;0;0;1;1;0;2;-26,51214597;-50,22707097;SPRF-SC;DEL06-SC;UOP02-DEL06-SC
576198;28/12/2023;quinta-feira;14:30:00;PR;376;589,7;CURITIBA;Condutor deixou de manter distância do veículo da frente;Colisão traseira;Com Vítimas Feridas;Pleno dia;Decrescente;Céu Claro;Dupla;Reta;Não;5;0;1;0;4;0;1;5;-25,44273905;-49,36419842;SPRF-PR;DEL01-PR;UOP06-DEL01-PR
576201;02/11/2023;quinta-feira;23:30:00;PR;376;107,6;PARANAVAI;Iluminação deficiente;Tombamento;Com Vítimas Feridas;Plena Noite;Decrescente;Céu Claro;Simples;Reta;Sim;1;0;0;1;0;0;1;1;-23,0656934;-52,4276475;SPRF-PR;DEL09-PR;UOP02-DEL09-PR
576207;07/09/2023;quinta-feira;11:45:00;SP;116;114,7;TAUBATE;Acesso irregular;Colisão lateral mesmo sentido;Com Vítimas Feridas;Pleno dia;Decrescente;Céu Claro;Dupla;Reta;Sim;3;0;0;1;1;1;1;3;-23,04654177;-45,59018006;SPRF-SP;DEL02-SP;UOP02-DEL02-SP
576362;25/12/2023;segunda-feira;15:30:00;SC;153;5,2;AGUA DOCE;Manobra de mudança de faixa;Engavetamento;Com Vítimas Feridas;Pleno dia;Decrescente;Céu Claro;Simples;"Reta;Declive                  ";Não;4;0;1;0;3;0;1;3;-26,647688;-51,519227;SPRF-SC;DEL07-SC;UOP07-DEL07-SC
576375;27/12/2023;quarta-feira;10:00:00;PR;369;182;ARAPONGAS;Pista esburacada;Tombamento;Com Vítimas Feridas;Pleno dia;Crescente;Céu Claro;Dupla;Reta;Sim;1;0;1;0;0;0;1;1;-23,38727403;-51,42007113;SPRF-PR;DEL07-PR;UOP03-DEL07-PR
576396;27/12/2023;quarta-feira;20:00:00;TO;242;420;FORMOSO DO ARAGUAIA;Animais na Pista;Atropelamento de Animal;Com Vítimas Fatais;Plena Noite;Crescente;Céu Claro;Simples;Reta;Não;2;2;0;0;0;0;0;1;-11,9350946;-49,27954417;SPRF-TO;DEL01-TO;UOP02-DEL01-TO
576419;25/02/2023;sábado;02:20:00;SC;282;29;SANTO AMARO DA IMPERATRIZ;Ingestão de álcool pelo condutor;Saída de leito carroçável;Sem Vítimas;Plena Noite;Crescente;Céu Claro;Simples;Curva;Não;1;0;0;0;1;0;0;1;-27,679737;-48,786785;SPRF-SC;DEL01-SC;UOP03-DEL01-SC
576429;11/11/2023;sábado;15:05:00;MG;262;442;NOVA SERRANA;Acesso irregular;Tombamento;Com Vítimas Feridas;Pleno dia;Crescente;Céu Claro;Simples;"Declive;Interseção de Vias    ";Sim;3;0;2;0;1;0;2;2;-19,8806236;-44,91232265;SPRF-MG;DEL08-MG;UOP03-DEL08-MG
576452;28/12/2023;quinta-feira;13:45:00;RJ;116;85;TERESOPOLIS;Retorno proibido;Colisão transversal;Com Vítimas Feridas;Pleno dia;Crescente;Céu Claro;Simples;Reta;Sim;3;0;1;0;1;1;1;3;-22,42972396;-42,95095697;SPRF-RJ;DEL04-RJ;UOP01-DEL04-RJ
576460;31/12/2023;domingo;10:00:00;PI;230;308,9;FLORIANO;Transitar na contramão;Colisão frontal;Com Vítimas Feridas;Pleno dia;Crescente;Nublado;Simples;Reta;Sim;2;0;0;1;1;0;1;2;-6,78159309;-43,00121707;SPRF-PI;DEL03-PI;UOP01-DEL03-PI
576511;19/11/2023;domingo;11:55:00;GO;153;438,9;ANAPOLIS;Manobra de mudança de faixa;Colisão traseira;Com Vítimas Feridas;Pleno dia;Crescente;Céu Claro;Dupla;"Reta;Aclive                   ";Sim;4;0;3;0;1;0;3;1;-16,291595;-48,934811;SPRF-GO;DEL02-GO;UOP01-DEL02-GO
576545;19/10/2023;quinta-feira;16:55:00;RS;101;34;TRES CACHOEIRAS;Ingestão de álcool pelo condutor;Saída de leito carroçável;Sem Vítimas;Pleno dia;Crescente;Garoa/Chuvisco;Dupla;Curva;Não;1;0;0;0;1;0;0;1;-29,50900276;-49,98702728;SPRF-RS;DEL03-RS;UOP02-DEL03-RS
576592;22/12/2023;sexta-feira;15:55:00;RS;471;660;SANTA VITORIA DO PALMAR;Acesso irregular;Colisão lateral mesmo sentido;Com Vítimas Feridas;Pleno dia;Crescente;Céu Claro;Simples;Reta;Sim;2;0;0;1;1;0;1;2;-33,533524;-53,347893;SPRF-RS;DEL07-RS;UOP04-DEL07-RS
576594;15/12/2023;sexta-feira;14:00:00;PI;316;364;VILA NOVA DO PIAUI;Desrespeitar a preferência no cruzamento;Colisão frontal;Com Vítimas Feridas;Pleno dia;Crescente;Céu Claro;Simples;"Interseção de Vias;Reta       ";Não;3;0;0;1;1;1;1;2;-7,13727144;-40,99313305;SPRF-PI;DEL04-PI;UOP03-DEL04-PI
576604;14/12/2023;quinta-feira;22:00:00;RJ;116;226;PARACAMBI;Demais falhas mecânicas ou elétricas;Colisão com objeto;Com Vítimas Feridas;Plena Noite;Crescente;Ignorado;Dupla;Reta;Sim;1;0;1;0;0;0;1;1;-22,67208078;-43,81789284;SPRF-RJ;DEL07-RJ;UOP01-DEL07-RJ
576626;13/12/2023;quarta-feira;07:30:00;BA;242;825;BARREIRAS;Demais falhas mecânicas ou elétricas;Incêndio;Sem Vítimas;Pleno dia;Crescente;Sol;Simples;Reta;Não;1;0;0;0;1;0;0;1;-12,11407014;-45,07651203;SPRF-BA;DEL10-BA;UOP01-DEL10-BA
576642;24/12/2023;domingo;21:51:00;PI;343;549;FRANCISCO AYRES;Reação tardia ou ineficiente do condutor;Saída de leito carroçável;Com Vítimas Feridas;Plena Noite;Decrescente;Céu Claro;Simples;Reta;Não;5;0;3;2;0;0;5;1;-6,76041993;-42,81269073;SPRF-PI;DEL03-PI;UOP01-DEL03-PI
576659;26/11/2023;domingo;14:30:00;ES;101;230;FUNDAO;Retorno proibido;Colisão transversal;Com Vítimas Feridas;Pleno dia;Crescente;Nublado;Simples;"Aclive;Reta                   ";Sim;2;0;0;1;1;0;1;2;-19,9358673;-40,40630937;SPRF-ES;DEL02-ES;UOP01-DEL02-ES
576674;02/12/2023;sábado;04:50:00;PA;230;120;MARABA;Transitar na contramão;Colisão frontal;Com Vítimas Fatais;Amanhecer;Crescente;Céu Claro;Dupla;Reta;Não;4;1;0;0;2;1;0;3;-5,3588944;-49,1230917;SPRF-PA;DEL03-PA;UOP01-DEL03-PA
576707;05/12/2023;terça-feira;17:35:00;MG;381;360;JOAO MONLEVADE;Afundamento ou ondulação no pavimento;Tombamento;Com Vítimas Fatais;Pleno dia;Crescente;Nublado;Simples;Reta;Sim;1;1;0;0;0;0;0;1;-19,85985912;-43,22566968;SPRF-MG;DEL03-MG;UOP01-DEL03-MG
576756;09/12/2023;sábado;21:10:00;SP;153;61,7;SAO JOSE DO RIO PRETO;Ausência de reação do condutor;Colisão traseira;Com Vítimas Feridas;Plena Noite;Decrescente;Céu Claro;Dupla;Reta;Sim;2;0;1;0;1;0;1;2;-20,80502876;-49,35574909;SPRF-SP;DEL09-SP;UOP01-DEL09-SP
576801;12/06/2023;segunda-feira;20:30:00;PR;369;178;ARAPONGAS;Ausência de reação do condutor;Tombamento;Com Vítimas Feridas;Plena Noite;Crescente;Céu Claro;Múltipla;Reta;Não;2;0;1;0;0;1;1;1;-23,36177485;-51,39983654;SPRF-PR;DEL07-PR;UOP01-DEL07-PR
576821;01/11/2023;quarta-feira;12:45:00;BA;110;326;ALAGOINHAS;Demais falhas mecânicas ou elétricas;Tombamento;Com Vítimas Fatais;Pleno dia;Crescente;Céu Claro;Simples;Reta;Não;4;1;2;0;1;0;2;1;-12,10465212;-38,37729591;SPRF-BA;DEL01-BA;UOP04-DEL01-BA
576823;09/10/2023;segunda-feira;18:50:00;SC;101;86,1;BARRA VELHA;Condutor deixou de manter distância do veículo da frente;Colisão traseira;Com Vítimas Feridas;Plena Noite;Crescente;Nublado;Simples;Reta;Não;2;0;1;0;1;0;1;2;-26,63277317;-48,70232513;SPRF-SC;DEL03-SC;UOP02-DEL03-SC
576843;20/02/2023;segunda-feira;19:30:00;DF;20;17;BRASILIA;Ingestão de álcool pelo condutor;Colisão lateral mesmo sentido;Com Vítimas Feridas;Plena Noite;Crescente;Nublado;Dupla;Declive;Não;4;0;3;0;1;0;3;2;-15,621374;-47,71698;SPRF-DF;DEL02-DF;UOP01-DEL02-DF
576915;18/03/2023;sábado;08:51:00;ES;101;269,8;SERRA;Ingestão de álcool pelo condutor;Colisão traseira;Sem Vítimas;Pleno dia;Crescente;Céu Claro;Dupla;Reta;Sim;3;0;0;0;3;0;0;3;-20,21740496;-40,26990578;SPRF-ES;DEL02-ES;UOP01-DEL02-ES
576965;20/03/2023;segunda-feira;19:40:00;PB;412;119,4;SUME;Ingestão de álcool pelo condutor;Saída de leito carroçável;Com Vítimas Feridas;Plena Noite;Crescente;Céu Claro;Simples;Declive;Não;1;0;1;0;0;0;1;1;-7,73349;-36,958391;SPRF-PB;DEL02-PB;UOP02-DEL02-PB
576968;13/11/2023;segunda-feira;07:50:00;PB;230;12,7;CABEDELO;Ingestão de álcool pelo condutor;Colisão com objeto;Sem Vítimas;Pleno dia;Decrescente;Céu Claro;Dupla;Reta;Sim;3;0;0;0;1;2;0;2;-7,068;-34,85;SPRF-PB;DEL01-PB;UOP01-DEL01-PB
576999;26/12/2023;terça-feira;16:30:00;PE;101;207;XEXEU;Reação tardia ou ineficiente do condutor;Atropelamento de Pedestre;Com Vítimas Feridas;Pleno dia;Crescente;Céu Claro;Dupla;Reta;Não;2;0;0;1;1;0;1;2;-8,8140591;-35,63373685;SPRF-PE;DEL01-PE;UOP03-DEL01-PE
577010;29/12/2023;sexta-feira;12:17:00;RJ;465;21;NOVA IGUACU;Conversão proibida;Colisão traseira;Com Vítimas Feridas;Pleno dia;Decrescente;Céu Claro;Simples;Reta;Não;2;0;1;0;1;0;1;2;-22,854782;-43,601933;SPRF-RJ;DEL06-RJ;UOP02-DEL06-RJ
577037;17/12/2023;domingo;03:45:00;RS;116;262;CANOAS;Velocidade Incompatível;Saída de leito carroçável;Com Vítimas Fatais;Plena Noite;Decrescente;Céu Claro;Dupla;"Reta;Declive;Viaduto          ";Sim;1;1;0;0;0;0;0;1;-29,90341773;-51,17660165;SPRF-RS;DEL01-RS;UOP01-DEL01-RS
577052;10/12/2023;domingo;10:40:00;RR;174;314,4;CARACARAI;Manobra de mudança de faixa;Colisão transversal;Com Vítimas Fatais;Pleno dia;Crescente;Céu Claro;Simples;Reta;Não;7;2;0;0;5;0;0;2;1,481293;-60,905197;SPRF-RR;DEL01-RR;UOP01-DEL01-RR
577151;22/10/2023;domingo;12:48:00;BA;324;593;SIMOES FILHO;Velocidade Incompatível;Capotamento;Com Vítimas Feridas;Pleno dia;Crescente;Céu Claro;Dupla;Curva;Não;2;0;2;0;0;0;2;1;-12,69890302;-38,46419428;SPRF-BA;DEL01-BA;UOP01-DEL01-BA
577170;29/10/2023;domingo;13:15:00;PR;277;618,6;CEU AZUL;Ultrapassagem Indevida;Colisão frontal;Com Vítimas Feridas;Pleno dia;Decrescente;Sol;Simples;"Reta;Declive                  ";Não;8;0;5;3;0;0;8;2;-25,07577788;-53,69271805;SPRF-PR;DEL05-PR;UOP02-DEL05-PR
577266;11/11/2023;sábado;13:45:00;RS;153;585;BAGE;Acumulo de água sobre o pavimento;Saída de leito carroçável;Com Vítimas Feridas;Pleno dia;Decrescente;Chuva;Simples;"Curva;Aclive                  ";Não;2;0;0;1;1;0;1;1;-31,09428727;-53,73220672;SPRF-RS;DEL11-RS;UOP03-DEL11-RS
577339;18/12/2023;segunda-feira;22:20:00;ES;101;279,1;SERRA;Pista Escorregadia;Tombamento;Com Vítimas Feridas;Plena Noite;Crescente;Garoa/Chuvisco;Dupla;Reta;Não;1;0;0;1;0;0;1;1;-20,218122;-40,339325;SPRF-ES;DEL02-ES;UOP01-DEL02-ES
577341;30/12/2023;sábado;21:15:00;MG;40;633,4;CONSELHEIRO LAFAIETE;Reação tardia ou ineficiente do condutor;Colisão transversal;Com Vítimas Feridas;Plena Noite;Decrescente;Chuva;Simples;Reta;Não;2;0;1;0;1;0;1;2;-20,68168197;-43,79419779;SPRF-MG;DEL05-MG;UOP02-DEL05-MG
577364;30/12/2023;sábado;13:00:00;RJ;493;95;SEROPEDICA;Retorno proibido;Colisão transversal;Com Vítimas Feridas;Pleno dia;Crescente;Nublado;Simples;"Declive;Viaduto               ";Não;2;0;1;0;0;1;1;2;-22,70626408;-43,69938076;SPRF-RJ;DEL01-RJ;UOP03-DEL01-RJ
577390;28/12/2023;quinta-feira;12:45:00;RS;290;25,7;SANTO ANTONIO DA PATRULHA;Manobra de mudança de faixa;Colisão lateral mesmo sentido;Com Vítimas Feridas;Pleno dia;Decrescente;Céu Claro;Múltipla;Reta;Não;3;0;1;0;2;0;1;2;-29,88049495;-50,5040431;SPRF-RS;DEL03-RS;UOP01-DEL03-RS
577637;22/12/2023;sexta-feira;13:40:00;MA;135;19;SAO LUIS;Ultrapassagem Indevida;Colisão transversal;Com Vítimas Feridas;Pleno dia;Crescente;Céu Claro;Simples;Reta;Não;2;0;0;1;1;0;1;2;-2,53073;-44,3068;SPRF-MA;DEL01-MA;UOP01-DEL01-MA
577738;15/03/2023;quarta-feira;17:35:00;RJ;101;326;NITEROI;Reação tardia ou ineficiente do condutor;Tombamento;Com Vítimas Feridas;Anoitecer;Crescente;Nublado;Múltipla;"Reta;Ponte;Aclive             ";Sim;3;0;0;2;1;0;2;2;-22,87190481;-43,14614296;SPRF-RJ;DEL02-RJ;UOP01-DEL02-RJ
577750;05/12/2023;terça-feira;06:50:00;ES;262;20,3;VIANA;Avarias e/ou desgaste excessivo no pneu;Saída de leito carroçável;Com Vítimas Feridas;Pleno dia;Crescente;Céu Claro;Simples;Reta;Não;2;0;0;1;1;0;1;1;-20,3919143;-40,49002338;SPRF-ES;DEL01-ES;UOP01-DEL01-ES
577782;22/12/2023;sexta-feira;17:50:00;GO;60;96,7;ANAPOLIS;Demais falhas mecânicas ou elétricas;Tombamento;Com Vítimas Feridas;Pleno dia;Decrescente;Céu Claro;Dupla;Reta;Sim;1;0;0;1;0;0;1;1;-16,371;-48,9422;SPRF-GO;DEL02-GO;UOP01-DEL02-GO
577787;02/07/2023;domingo;11:00:00;DF;20;22;BRASILIA;Ausência de reação do condutor;Colisão traseira;Sem Vítimas;Pleno dia;Crescente;Céu Claro;Dupla;"Aclive;Reta                   ";Sim;2;0;0;0;2;0;0;2;-15,59834;-47,676186;SPRF-DF;DEL02-DF;UOP01-DEL02-DF
577794;17/12/2023;domingo;05:50:00;SP;116;270;TABOAO DA SERRA;Manobra de mudança de faixa;Colisão traseira;Sem Vítimas;Amanhecer;Crescente;Céu Claro;Dupla;Reta;Sim;4;0;0;0;2;2;0;3;-23,61799728;-46,79677694;SPRF-SP;DEL04-SP;UOP01-DEL04-SP
577801;17/12/2023;domingo;11:00:00;RN;304;31,7;MOSSORO;Acessar a via sem observar a presença dos outros veículos;Colisão lateral mesmo sentido;Com Vítimas Feridas;Pleno dia;Decrescente;Céu Claro;Simples;Reta;Não;6;0;1;0;5;0;1;2;-5,1363357;-37,34517395;SPRF-RN;DEL04-RN;UOP02-DEL04-RN
577806;20/12/2023;quarta-feira;17:00:00;RJ;40;119;DUQUE DE CAXIAS;Mal súbito do condutor;Colisão traseira;Com Vítimas Feridas;Anoitecer;Decrescente;Céu Claro;Múltipla;Reta;Sim;2;0;0;1;1;0;1;2;-22,76375592;-43,28683062;SPRF-RJ;DEL01-RJ;UOP02-DEL01-RJ
577811;13/12/2023;quarta-feira;07:45:00;BA;324;514;FEIRA DE SANTANA;Condutor deixou de manter distância do veículo da frente;Colisão traseira;Com Vítimas Feridas;Pleno dia;Decrescente;Ignorado;Simples;Reta;Sim;2;0;1;0;1;0;1;2;-12,23229233;-38,95215305;SPRF-BA;DEL02-BA;UOP01-DEL02-BA
577824;15/06/2023;quinta-feira;11:00:00;RJ;101;411;ITAGUAI;Ausência de reação do condutor;Saída de leito carroçável;Com Vítimas Feridas;Pleno dia;Crescente;Céu Claro;Dupla;Reta;Sim;1;0;1;0;0;0;1;1;-22,89484687;-43,84753204;SPRF-RJ;DEL03-RJ;UOP01-DEL03-RJ
577873;22/05/2023;segunda-feira;20:00:00;MG;262;463;ARAUJOS;Acumulo de óleo sobre o pavimento;Tombamento;Com Vítimas Feridas;Plena Noite;Crescente;Céu Claro;Simples;Reta;Não;1;0;0;1;0;0;1;1;-19,81413516;-45,09767404;SPRF-MG;DEL08-MG;UOP03-DEL08-MG
577894;20/12/2023;quarta-feira;08:45:00;RJ;101;327;NITEROI;Condutor usando celular;Colisão traseira;Com Vítimas Feridas;Pleno dia;Decrescente;Céu Claro;Múltipla;Reta;Sim;4;0;0;1;3;0;1;2;-22,87117393;-43,15595099;SPRF-RJ;DEL02-RJ;UOP01-DEL02-RJ