id;data_inversa;dia_semana;horario;uf;br;km;municipio;causa_acidente;tipo_acidente;classificacao_acidente;fase_dia;sentido_via;condicao_metereologica;tipo_pista;tracado_via;uso_solo;pessoas;mortos;feridos_leves;feridos_graves;ilesos;ignorados;feridos;veiculos;latitude;longitude;regional;delegacia;uop
577895;16/12/2023;sábado;18:00:00;PI;343;287,7;ALTOS;Objeto estático sobre o leito carroçável;Colisão com objeto;Com Vítimas Feridas;Plena Noite;Crescente;Nublado;Simples;"Declive;Reta                  ";Não;1;0;0;1;0;0;1;1;-4,94159;-42,329639;SPRF-PI;DEL01-PI;UOP03-DEL01-PI
577977;16/10/2023;segunda-feira;12:10:00;BA;116;817,8;VITORIA DA CONQUISTA;Reação tardia ou ineficiente do condutor;Tombamento;Com Vítimas Feridas;Pleno dia;Decrescente;Ignorado;Simples;"Reta;Interseção de Vias       ";Sim;1;0;0;1;0;0;1;1;-14,82358;-40,81866;SPRF-BA;DEL08-BA;UOP01-DEL08-BA
578005;14/12/2023;quinta-feira;04:18:00;ES;101;256,8;SERRA;Pedestre andava na pista;Atropelamento de Pedestre;Com Vítimas Fatais;Amanhecer;Crescente;Céu Claro;Múltipla;"Reta;Viaduto                  ";Sim;2;1;0;0;1;0;0;2;-20,119123;-40,311005;SPRF-ES;DEL02-ES;UOP01-DEL02-ES
578029;20/12/2023;quarta-feira;16:02:00;RN;304;299;MACAIBA;Acessar a via sem observar a presença dos outros veículos;Colisão frontal;Com Vítimas Feridas;Pleno dia;Crescente;Nublado;Dupla;Retorno Regulamentado;Não;2;0;0;1;1;0;1;2;-5,87095859;-35,32359587;SPRF-RN;DEL01-RN;UOP02-DEL01-RN
578033;12/11/2023;domingo;06:30:00;PR;277;42;MORRETES;Reação tardia ou ineficiente do condutor;Queda de ocupante de veículo;Com Vítimas Feridas;Pleno dia;Decrescente;Céu Claro;Dupla;Reta;Não;2;0;2;0;0;0;2;1;-25,57361239;-48,84469597;SPRF-PR;DEL01-PR;UOP01-DEL01-PR
578076;04/11/2023;sábado;08:00:00;RJ;101;324;NITEROI;Reação tardia ou ineficiente do condutor;Colisão traseira;Com Vítimas Feridas;Pleno dia;Decrescente;Céu Claro;Dupla;Reta;Não;3;0;0;1;2;0;1;2;-22,87381074;-43,12640997;SPRF-RJ;DEL02-RJ;UOP01-DEL02-RJ
578101;12/12/2023;terça-feira;17:00:00;PR;369;365;MAMBORE;Ultrapassagem Indevida;Saída de leito carroçável;Sem Vítimas;Pleno dia;Crescente;Céu Claro;Simples;Reta;Não;1;0;0;0;0;1;0;1;-24,236516;-52,520928;SPRF-PR;DEL09-PR;UOP03-DEL09-PR
578166;10/12/2023;domingo;04:00:00;RJ;101;253,8;RIO BONITO;Ingestão de álcool pelo condutor;Colisão frontal;Com Vítimas Fatais;Plena Noite;Crescente;Céu Claro;Dupla;Reta;Não;3;1;0;0;1;1;0;3;-22,68791645;-42,54123963;SPRF-RJ;DEL02-RJ;UOP03-DEL02-RJ
578173;15/11/2023;quarta-feira;16:30:00;RJ;101;277;TANGUA;Acessar a via sem observar a presença dos outros veículos;Atropelamento de Pedestre;Com Vítimas Feridas;Pleno dia;Decrescente;Céu Claro;Dupla;Reta;Sim;5;0;0;1;1;3;1;2;-22,73943906;-42,748279;SPRF-RJ;DEL02-RJ;UOP03-DEL02-RJ
578174;18/12/2023;segunda-feira;09:30:00;PE;101;67;RECIFE;Condutor deixou de manter distância do veículo da frente;Engavetamento;Com Vítimas Feridas;Pleno dia;Crescente;Céu Claro;Dupla;Reta;Sim;3;0;1;0;0;2;1;3;-8,042435;-34,943281;SPRF-PE;DEL01-PE;UOP01-DEL01-PE
578181;06/12/2023;quarta-feira;08:50:00;PR;369;423,9;UBIRATA;Transitar na contramão;Colisão frontal;Com Vítimas Feridas;Pleno dia;Crescente;Céu Claro;Simples;Reta;Não;5;0;1;4;0;0;5;2;-24,5175;-52,9317;SPRF-PR;DEL04-PR;UOP03-DEL04-PR
578195;17/11/2023;sexta-feira;10:51:00;PE;232;410,5;SERRA TALHADA;Acessar a via sem observar a presença dos outros veículos;Colisão transversal;Com Vítimas Feridas;Pleno dia;Crescente;Céu Claro;Simples;Curva;Sim;3;0;2;0;1;0;2;2;-7,98261841;-38,30039606;SPRF-PE;DEL04-PE;UOP01-DEL04-PE
578201;30/12/2023;sábado;16:36:00;ES;259;84,5;BAIXO GUANDU;Condutor deixou de manter distância do veículo da frente;Colisão traseira;Com Vítimas Feridas;Pleno dia;Decrescente;Chuva;Simples;Reta;Não;3;0;1;1;1;0;2;2;-19,51022604;-40,86873227;SPRF-ES;DEL02-ES;UOP01-DEL02-ES
578322;24/12/2023;domingo;06:30:00;PI;316;9;TERESINA;Ausência de reação do condutor;Colisão lateral mesmo sentido;Com Vítimas Feridas;Pleno dia;Crescente;Céu Claro;Dupla;Reta;Sim;4;0;0;2;1;1;2;2;-5,17381686;-42,76624952;SPRF-PI;DEL01-PI;UOP02-DEL01-PI
578333;01/11/2023;quarta-feira;17:40:00;PR;116;121;CURITIBA;Manobra de mudança de faixa;Colisão lateral mesmo sentido;Com Vítimas Feridas;Pleno dia;Crescente;Nublado;Dupla;"Reta;Declive                  ";Sim;3;0;2;0;0;1;2;2;-25,59712929;-49,31677401;SPRF-PR;DEL01-PR;UOP03-DEL01-PR
578336;19/12/2023;terça-feira;17:15:00;RO;364;14;VILHENA;Ingestão de álcool pelo condutor;Colisão lateral mesmo sentido;Sem Vítimas;Pleno dia;Crescente;Céu Claro;Dupla;Rotatória;Sim;2;0;0;0;2;0;0;2;-12,73898138;-60,13911417;SPRF-RO;DEL04-RO;UOP01-DEL04-RO
578341;01/12/2023;sexta-feira;19:21:00;ES;101;355;ANCHIETA;Acessar a via sem observar a presença dos outros veículos;Colisão transversal;Com Vítimas Fatais;Plena Noite;Crescente;Céu Claro;Múltipla;Curva;Não;2;1;0;0;1;0;0;2;-20,68854312;-40,67978692;SPRF-ES;DEL03-ES;UOP01-DEL03-ES
578357;16/12/2023;sábado;17:00:00;SC;101;119,4;ITAJAI;Ausência de reação do condutor;Colisão traseira;Com Vítimas Feridas;Pleno dia;Crescente;Céu Claro;Simples;Reta;Não;2;0;0;1;1;0;1;2;-26,9043179;-48,71555481;SPRF-SC;DEL04-SC;UOP04-DEL04-SC
578358;30/11/2023;quinta-feira;12:10:00;PI;316;91,1;BARRO DURO;Ausência de reação do condutor;Saída de leito carroçável;Com Vítimas Feridas;Pleno dia;Decrescente;Sol;Simples;Reta;Não;1;0;1;0;0;0;1;1;-5,78940722;-42,54971931;SPRF-PI;DEL04-PI;UOP02-DEL04-PI
578393;13/01/2023;sexta-feira;22:00:00;MT;70;1,9;BARRA DO GARCAS;Acessar a via sem observar a presença dos outros veículos;Colisão lateral sentido oposto;Com Vítimas Feridas;Plena Noite;Crescente;Chuva;Simples;Reta;Sim;2;0;0;1;1;0;1;2;-15,88749699;-52,26810568;SPRF-MT;DEL07-MT;UOP01-DEL07-MT
578429;21/10/2023;sábado;17:37:00;RJ;40;94;DUQUE DE CAXIAS;Pista Escorregadia;Saída de leito carroçável;Com Vítimas Feridas;Plena Noite;Crescente;Garoa/Chuvisco;Dupla;"Declive;Curva                 ";Não;3;0;2;0;1;0;2;1;-22,55763285;-43,26574352;SPRF-RJ;DEL01-RJ;UOP01-DEL01-RJ
578434;16/12/2023;sábado;16:40:00;RJ;101;306;SAO GONCALO;Trafegar com motocicleta (ou similar) entre as faixas;Colisão lateral mesmo sentido;Com Vítimas Feridas;Pleno dia;Decrescente;Céu Claro;Dupla;Reta;Não;3;0;2;0;1;0;2;3;-22,78913759;-43,00550909;SPRF-RJ;DEL02-RJ;UOP02-DEL02-RJ
578516;16/12/2023;sábado;00:10:00;RJ;40;109;DUQUE DE CAXIAS;Ingestão de álcool pelo condutor;Colisão transversal;Com Vítimas Feridas;Plena Noite;Decrescente;Céu Claro;Múltipla;Reta;Sim;2;0;1;0;1;0;1;2;-22,67374628;-43,28638368;SPRF-RJ;DEL01-RJ;UOP02-DEL01-RJ
578553;29/12/2023;sexta-feira;08:00:00;RJ;116;178;RIO DE JANEIRO;Ultrapassagem Indevida;Colisão lateral mesmo sentido;Com Vítimas Feridas;Pleno dia;Decrescente;Céu Claro;Dupla;Reta;Sim;3;0;2;0;1;0;2;2;-22,77610237;-43,39897871;SPRF-RJ;DEL06-RJ;UOP01-DEL06-RJ
578563;16/12/2023;sábado;22:50:00;RS;386;220,5;TIO HUGO;Acessar a via sem observar a presença dos outros veículos;Colisão frontal;Com Vítimas Feridas;Plena Noite;Crescente;Céu Claro;Simples;Interseção de Vias;Não;4;0;3;1;0;0;4;2;-28,618174;-52,612541;SPRF-RS;DEL04-RS;UOP03-DEL04-RS
578954;24/12/2023;domingo;17:51:00;RO;364;412;JARU;Ausência de sinalização;Colisão com objeto;Com Vítimas Feridas;Pleno dia;Decrescente;Céu Claro;Simples;Curva;Não;2;0;1;0;1;0;1;1;-10,52249251;-62,4003499;SPRF-RO;DEL03-RO;UOP02-DEL03-RO
579107;25/06/2023;domingo;05:00:00;MG;365;440;PATOS DE MINAS;Chuva;Queda de ocupante de veículo;Com Vítimas Feridas;Amanhecer;Decrescente;Céu Claro;Simples;Reta;Não;1;0;0;1;0;0;1;1;-18,7983917;-46,74343004;SPRF-MG;DEL10-MG;UOP01-DEL10-MG
579145;06/10/2023;sexta-feira;11:30:00;RO;319;58;PORTO VELHO;Ultrapassagem Indevida;Colisão lateral mesmo sentido;Com Vítimas Feridas;Pleno dia;Decrescente;Céu Claro;Múltipla;Interseção de Vias;Sim;2;0;1;0;0;1;1;2;-8,74380897;-63,91287804;SPRF-RO;DEL01-RO;UOP01-DEL01-RO
579184;20/08/2023;domingo;08:00:00;SP;153;333,8;SALTO GRANDE;Ingestão de álcool pelo condutor;Saída de leito carroçável;Com Vítimas Feridas;Amanhecer;Crescente;Céu Claro;Simples;Reta;Não;1;0;0;1;0;0;1;1;-22,881239;-49,8895722;SPRF-SP;DEL07-SP;UOP03-DEL07-SP
579199;21/12/2023;quinta-feira;06:42:00;PI;316;22;TERESINA;Pista Escorregadia;Queda de ocupante de veículo;Com Vítimas Feridas;Amanhecer;Decrescente;Garoa/Chuvisco;Múltipla;Reta;Não;1;0;0;1;0;0;1;1;-5,27552796;-42,72607975;SPRF-PI;DEL01-PI;UOP02-DEL01-PI
579265;29/10/2023;domingo;19:00:00;SP;381;86;SAO PAULO;Ingestão de álcool e/ou substâncias psicoativas pelo pedestre;Colisão lateral mesmo sentido;Sem Vítimas;Plena Noite;Crescente;Céu Claro;Dupla;Reta;Sim;3;0;0;0;1;2;0;3;-23,45930499;-46,57161179;SPRF-SP;DEL03-SP;UOP01-DEL03-SP
579322;19/10/2023;quinta-feira;13:02:00;PR;277;6,7;FOZ DO IGUACU;Acessar a via sem observar a presença dos outros veículos;Colisão traseira;Com Vítimas Feridas;Pleno dia;Crescente;Céu Claro;Dupla;Reta;Sim;2;0;1;0;1;0;1;2;-25,4472117;-54,5849894;SPRF-PR;DEL05-PR;UOP03-DEL05-PR
579330;30/06/2023;sexta-feira;18:40:00;BA;324;350;CAPIM GROSSO;Acessar a via sem observar a presença dos outros veículos;Colisão lateral sentido oposto;Com Vítimas Feridas;Plena Noite;Decrescente;Céu Claro;Simples;"Interseção de Vias;Reta       ";Não;2;0;0;1;0;1;1;2;-11,36435976;-40,05103111;SPRF-BA;DEL04-BA;UOP02-DEL04-BA
579346;11/10/2023;quarta-feira;19:30:00;PR;376;180;MARINGA;Reação tardia ou ineficiente do condutor;Colisão lateral mesmo sentido;Com Vítimas Feridas;Plena Noite;Decrescente;Céu Claro;Dupla;Reta;Sim;2;0;0;1;0;1;1;2;-23,4224652;-51,9033857;SPRF-PR;DEL09-PR;UOP01-DEL09-PR
579359;21/10/2023;sábado;16:10:00;MG;381;776,2;CAMPANHA;Acumulo de óleo sobre o pavimento;Saída de leito carroçável;Com Vítimas Feridas;Pleno dia;Decrescente;Céu Claro;Dupla;Reta;Não;1;0;1;0;0;0;1;1;-21,81543894;-45,49238809;SPRF-MG;DEL16-MG;UOP02-DEL16-MG
579375;09/07/2023;domingo;05:30:00;AM;174;920;MANAUS;Reação tardia ou ineficiente do condutor;Saída de leito carroçável;Com Vítimas Feridas;Amanhecer;Crescente;Céu Claro;Simples;"Curva;Declive                 ";Não;2;0;1;1;0;0;2;2;-2,65761092;-60,04301442;SPRF-AM;DEL01-AM;UOP01-DEL01-AM
579393;01/12/2023;sexta-feira;09:30:00;RJ;116;196,8;QUEIMADOS;Reação tardia ou ineficiente do condutor;Atropelamento de Pedestre;Com Vítimas Feridas;Pleno dia;Crescente;Céu Claro;Dupla;Reta;Não;2;0;0;1;1;0;1;2;-22,73336575;-43,55659479;SPRF-RJ;DEL06-RJ;UOP02-DEL06-RJ
579401;30/12/2023;sábado;20:00:00;BA;324;621;SALVADOR;Manobra de mudança de faixa;Colisão lateral mesmo sentido;Com Vítimas Feridas;Plena Noite;Crescente;Céu Claro;Múltipla;Reta;Não;3;0;2;0;1;0;2;2;-12,9144;-38,4609;SPRF-BA;DEL01-BA;UOP01-DEL01-BA
579406;17/12/2023;domingo;18:00:00;PR;116;123;CURITIBA;Reação tardia ou ineficiente do condutor;Engavetamento;Sem Vítimas;Pleno dia;Decrescente;Céu Claro;Dupla;"Retorno Regulamentado;Reta    ";Sim;3;0;0;0;3;0;0;3;-25,6079919;-49,31900393;SPRF-PR;DEL01-PR;UOP03-DEL01-PR
579437;04/12/2023;segunda-feira;03:57:00;RS;116;323;BARRA DO RIBEIRO;Ausência de reação do condutor;Saída de leito carroçável;Sem Vítimas;Amanhecer;Crescente;Chuva;Dupla;Reta;Não;1;0;0;0;0;1;0;1;-30,31825499;-51,41803405;SPRF-RS;DEL02-RS;UOP01-DEL02-RS
579455;29/12/2023;sexta-feira;05:50:00;PR;277;71;SAO JOSE DOS PINHAIS;Reação tardia ou ineficiente do condutor;Tombamento;Com Vítimas Feridas;Amanhecer;Decrescente;Céu Claro;Dupla;Reta;Sim;1;0;1;0;0;0;1;1;-25,506765;-49,138858;SPRF-PR;DEL01-PR;UOP07-DEL01-PR
579633;17/12/2023;domingo;22:00:00;GO;153;496;GOIANIA;Transitar na contramão;Colisão frontal;Com Vítimas Feridas;Plena Noite;Decrescente;Céu Claro;Dupla;Reta;Sim;2;0;0;1;1;0;1;2;-16,6776;-49,2314;SPRF-GO;DEL01-GO;UOP01-DEL01-GO
579645;31/12/2023;domingo;17:20:00;MG;381;526,1;BRUMADINHO;Velocidade Incompatível;Saída de leito carroçável;Com Vítimas Feridas;Pleno dia;Crescente;Chuva;Dupla;"Curva;Declive                 ";Não;3;0;3;0;0;0;3;1;-20,15239249;-44,32592755;SPRF-MG;DEL04-MG;UOP03-DEL04-MG
579718;05/04/2023;quarta-feira;18:30:00;ES;262;16;VIANA;Acessar a via sem observar a presença dos outros veículos;Colisão transversal;Com Vítimas Feridas;Plena Noite;Crescente;Chuva;Simples;Reta;Não;2;0;0;1;1;0;1;2;-20,38398713;-40,46568077;SPRF-ES;DEL01-ES;UOP01-DEL01-ES
579723;08/08/2023;terça-feira;09:50:00;RN;427;77,7;CAICO;Condutor deixou de manter distância do veículo da frente;Colisão lateral sentido oposto;Sem Vítimas;Pleno dia;Decrescente;Céu Claro;Simples;Reta;Não;2;0;0;0;2;0;0;2;-6,53826056;-36,94648382;SPRF-RN;DEL03-RN;UOP01-DEL03-RN
579732;11/11/2023;sábado;18:30:00;PR;476;264;SAO MATEUS DO SUL;Reação tardia ou ineficiente do condutor;Queda de ocupante de veículo;Com Vítimas Feridas;Anoitecer;Decrescente;Céu Claro;Simples;Reta;Não;1;0;0;1;0;0;1;1;-25,891033;-50,282455;SPRF-PR;DEL02-PR;UOP03-DEL02-PR
579762;10/12/2023;domingo;13:30:00;MG;262;164;SAO DOMINGOS DO PRATA;Ausência de reação do condutor;Colisão traseira;Com Vítimas Feridas;Pleno dia;Crescente;Céu Claro;Simples;"Reta;Aclive                   ";Não;4;0;1;0;3;0;1;2;-19,95541508;-42,86991009;SPRF-MG;DEL03-MG;UOP03-DEL03-MG
579790;26/09/2023;terça-feira;15:52:00;MT;70;0;PONTAL DO ARAGUAIA;Frear bruscamente;Tombamento;Com Vítimas Feridas;Pleno dia;Decrescente;Céu Claro;Simples;"Interseção de Vias;Reta       ";Sim;1;0;0;1;0;0;1;1;-15,89542468;-52,25625515;SPRF-MT;DEL07-MT;UOP01-DEL07-MT
579862;25/07/2023;terça-feira;08:15:00;SP;116;205;ARUJA;Ausência de reação do condutor;Colisão traseira;Com Vítimas Fatais;Pleno dia;Crescente;Céu Claro;Múltipla;Reta;Sim;2;1;0;0;1;0;0;2;-23,41475243;-46,36600788;SPRF-SP;DEL01-SP;UOP01-DEL01-SP
579942;16/12/2023;sábado;09:35:00;SE;235;52;ITABAIANA;Desrespeitar a preferência no cruzamento;Colisão transversal;Com Vítimas Feridas;Pleno dia;Crescente;Céu Claro;Simples;Retorno Regulamentado;Sim;3;0;3;0;0;0;3;2;-10,693279;-37,437557;SPRF-SE;DEL01-SE;UOP02-DEL01-SE
579956;21/12/2023;quinta-feira;03:50:00;RR;174;163;RORAINOPOLIS;Animais na Pista;Queda de ocupante de veículo;Com Vítimas Fatais;Plena Noite;Crescente;Ignorado;Simples;Reta;Não;2;1;0;0;0;1;0;2;0,510962;-60,466133;SPRF-RR;DEL01-RR;UOP01-DEL01-RR
579958;18/10/2023;quarta-feira;21:00:00;CE;116;3,7;FORTALEZA;Ausência de reação do condutor;Atropelamento de Pedestre;Com Vítimas Feridas;Plena Noite;Decrescente;Céu Claro;Dupla;Reta;Sim;7;0;0;1;6;0;1;2;-3,77866493;-38,51490171;SPRF-CE;DEL01-CE;UOP02-DEL01-CE
580015;05/08/2023;sábado;21:57:00;MT;70;3,4;BARRA DO GARCAS;Reação tardia ou ineficiente do condutor;Saída de leito carroçável;Com Vítimas Feridas;Plena Noite;Decrescente;Céu Claro;Dupla;"Declive;Interseção de Vias;Rot";Sim;1;0;0;1;0;0;1;1;-15,87955405;-52,28374243;SPRF-MT;DEL07-MT;UOP01-DEL07-MT
580210;28/12/2023;quinta-feira;14:00:00;ES;101;399,5;RIO NOVO DO SUL;Demais falhas mecânicas ou elétricas;Incêndio;Sem Vítimas;Pleno dia;Decrescente;Céu Claro;Simples;Reta;Não;1;0;0;0;1;0;0;1;-20,87819123;-40,96568078;SPRF-ES;DEL03-ES;UOP02-DEL03-ES
580285;20/12/2023;quarta-feira;16:00:00;SC;470;106;APIUNA;Acessar a via sem observar a presença dos outros veículos;Colisão transversal;Com Vítimas Feridas;Pleno dia;Crescente;Céu Claro;Simples;Curva;Sim;2;0;1;0;1;0;1;2;-27,073105;-49,422935;SPRF-SC;DEL04-SC;UOP02-DEL04-SC
580472;20/11/2023;segunda-feira;09:28:00;PR;376;179;MARINGA;Reação tardia ou ineficiente do condutor;Tombamento;Com Vítimas Feridas;Pleno dia;Decrescente;Céu Claro;Múltipla;Reta;Sim;1;0;0;1;0;0;1;1;-23,4212237;-51,9070282;SPRF-PR;DEL09-PR;UOP01-DEL09-PR
580843;27/11/2023;segunda-feira;07:40:00;MG;116;414;GOVERNADOR VALADARES;Pedestre cruzava a pista fora da faixa;Atropelamento de Pedestre;Com Vítimas Feridas;Pleno dia;Decrescente;Ignorado;Simples;Reta;Sim;2;0;0;1;1;0;1;2;-18,88744701;-41,94597244;SPRF-MG;DEL06-MG;UOP01-DEL06-MG
580896;30/12/2023;sábado;06:00:00;SP;116;509;CAJATI;Reação tardia ou ineficiente do condutor;Tombamento;Com Vítimas Feridas;Pleno dia;Decrescente;Céu Claro;Dupla;Curva;Não;2;0;1;0;1;0;1;1;-24,82178987;-48,21419034;SPRF-SP;DEL05-SP;UOP02-DEL05-SP
581258;11/10/2023;quarta-feira;05:40:00;RO;364;427;JARU;Reação tardia ou ineficiente do condutor;Capotamento;Sem Vítimas;Amanhecer;Crescente;Céu Claro;Simples;Reta;Sim;1;0;0;0;0;1;0;1;-10,42731312;-62,48745208;SPRF-RO;DEL03-RO;UOP02-DEL03-RO
581308;21/12/2023;quinta-feira;22:33:00;RN;427;0;CURRAIS NOVOS;Ingestão de álcool ou de substâncias psicoativas pelo pedestre;Atropelamento de Pedestre;Com Vítimas Feridas;Plena Noite;Crescente;Céu Claro;Simples;Interseção de Vias;Sim;2;0;1;1;0;0;2;2;-6,268529;-36,522582;SPRF-RN;DEL03-RN;UOP02-DEL03-RN
581369;11/12/2023;segunda-feira;19:00:00;PI;135;365;BOM JESUS;Pedestre andava na pista;Atropelamento de Pedestre;Com Vítimas Feridas;Plena Noite;Crescente;Céu Claro;Simples;Curva;Sim;4;0;0;1;3;0;1;2;-9,16377308;-44,42011951;SPRF-PI;DEL03-PI;UOP02-DEL03-PI
581420;01/12/2023;sexta-feira;20:10:00;GO;153;503;GOIANIA;Ausência de reação do condutor;Engavetamento;Com Vítimas Feridas;Plena Noite;Crescente;Céu Claro;Dupla;Reta;Sim;3;0;1;0;2;0;1;3;-16,7366;-49,243;SPRF-GO;DEL01-GO;UOP01-DEL01-GO
581434;22/12/2023;sexta-feira;22:30:00;PR;376;375;ORTIGUEIRA;Ultrapassagem Indevida;Colisão frontal;Com Vítimas Fatais;Plena Noite;Decrescente;Céu Claro;Simples;Reta;Não;29;1;22;3;3;0;25;3;-24,41657128;-50,78151322;SPRF-PR;DEL07-PR;UOP02-DEL07-PR
581440;10/09/2023;domingo;01:30:00;RJ;40;122,8;DUQUE DE CAXIAS;Condutor Dormindo;Colisão com objeto;Com Vítimas Feridas;Plena Noite;Crescente;Céu Claro;Múltipla;Reta;Sim;1;0;1;0;0;0;1;1;-22,79083113;-43,28611569;SPRF-RJ;DEL01-RJ;UOP01-DEL01-RJ
581452;15/12/2023;sexta-feira;01:30:00;RJ;116;147;DUQUE DE CAXIAS;Acessar a via sem observar a presença dos outros veículos;Colisão lateral mesmo sentido;Com Vítimas Feridas;Plena Noite;Decrescente;Ignorado;Múltipla;Reta;Sim;2;0;1;0;1;0;1;2;-22,64655224;-43,20138601;SPRF-RJ;DEL01-RJ;UOP02-DEL01-RJ
581481;24/09/2023;domingo;13:50:00;AP;210;1;MACAPA;Ultrapassagem Indevida;Colisão lateral mesmo sentido;Com Vítimas Feridas;Pleno dia;Crescente;Céu Claro;Dupla;Reta;Sim;3;0;1;1;0;1;2;2;0,07816717;-51,06998693;SPRF-AP;DEL01-AP;UOP01-DEL01-AP
581502;18/04/2023;terça-feira;18:00:00;PB;412;46;SAO JOAO DO CARIRI;Pista esburacada;Tombamento;Com Vítimas Feridas;Anoitecer;Decrescente;Céu Claro;Simples;Reta;Não;1;0;0;1;0;0;1;1;-7,342181;-36,454914;SPRF-PB;DEL02-PB;UOP02-DEL02-PB
581505;08/12/2023;sexta-feira;16:10:00;GO;70;0;AGUAS LINDAS DE GOIAS;Suicídio (presumido);Saída de leito carroçável;Com Vítimas Feridas;Pleno dia;Decrescente;Céu Claro;Dupla;"Curva;Declive                 ";Não;1;0;1;0;0;0;1;1;-15,783543;-48,2326;SPRF-DF;DEL03-DF;UOP02-DEL03-DF
581512;03/12/2023;domingo;23:30:00;RJ;465;13,9;SEROPEDICA;Reação tardia ou ineficiente do condutor;Colisão frontal;Com Vítimas Feridas;Plena Noite;Crescente;Céu Claro;Simples;Reta;Sim;1;0;0;1;0;0;1;1;-22,798468;-43,645508;SPRF-RJ;DEL06-RJ;UOP02-DEL06-RJ
581527;03/12/2023;domingo;10:50:00;RS;386;428,9;NOVA SANTA RITA;Reação tardia ou ineficiente do condutor;Colisão frontal;Com Vítimas Feridas;Pleno dia;Crescente;Nublado;Simples;Reta;Não;4;0;3;1;0;0;4;2;-29,824709;-51,34256;SPRF-RS;DEL04-RS;UOP02-DEL04-RS
581532;24/11/2023;sexta-feira;19:00:00;RS;290;86;PORTO ALEGRE;Condutor deixou de manter distância do veículo da frente;Colisão traseira;Com Vítimas Feridas;Plena Noite;Crescente;Céu Claro;Simples;Reta;Sim;4;0;1;0;1;2;1;3;-29,968412;-51,117138;SPRF-RS;DEL01-RS;UOP01-DEL01-RS
581551;11/12/2023;segunda-feira;05:30:00;SP;116;224;GUARULHOS;Afundamento ou ondulação no pavimento;Queda de ocupante de veículo;Com Vítimas Feridas;Amanhecer;Crescente;Céu Claro;Dupla;Reta;Sim;1;0;1;0;0;0;1;1;-23,48071896;-46,53271603;SPRF-SP;DEL01-SP;UOP01-DEL01-SP
581627;05/06/2023;segunda-feira;10:55:00;MG;40;188;JOAO PINHEIRO;Ultrapassagem Indevida;Saída de leito carroçável;Com Vítimas Fatais;Pleno dia;Crescente;Sol;Simples;Reta;Não;2;2;0;0;0;0;0;1;-17,996894;-45,910929;SPRF-MG;DEL14-MG;UOP02-DEL14-MG
581649;18/12/2023;segunda-feira;17:15:00;SC;282;515;XANXERE;Acumulo de água sobre o pavimento;Colisão traseira;Com Vítimas Feridas;Pleno dia;Decrescente;Chuva;Simples;Reta;Não;3;0;2;0;1;0;2;3;-26,922623;-52,496132;SPRF-SC;DEL07-SC;UOP01-DEL07-SC
581650;17/02/2023;sexta-feira;04:57:00;RS;290;106;ELDORADO DO SUL;Ausência de reação do condutor;Saída de leito carroçável;Sem Vítimas;Plena Noite;Crescente;Céu Claro;Dupla;Reta;Não;1;0;0;0;0;1;0;1;-29,998999;-51,294563;SPRF-RS;DEL02-RS;UOP01-DEL02-RS
581665;15/12/2023;sexta-feira;13:22:00;RN;406;171;SAO GONCALO DO AMARANTE;Acessar a via sem observar a presença dos outros veículos;Colisão lateral mesmo sentido;Com Vítimas Feridas;Pleno dia;Decrescente;Céu Claro;Dupla;Reta;Sim;2;0;0;1;1;0;1;2;-5,75810508;-35,30063868;SPRF-RN;DEL02-RN;UOP01-DEL02-RN
581680;16/08/2023;quarta-feira;23:40:00;MG;50;181;UBERABA;Transitar no Acostamento;Colisão traseira;Com Vítimas Feridas;Plena Noite;Decrescente;Céu Claro;Dupla;Reta;Sim;3;0;2;1;0;0;3;3;-19,785967;-47,916336;SPRF-MG;DEL13-MG;UOP01-DEL13-MG
581830;27/12/2023;quarta-feira;11:30:00;SP;116;230;SAO PAULO;Velocidade Incompatível;Colisão lateral mesmo sentido;Com Vítimas Feridas;Pleno dia;Crescente;Nublado;Dupla;Reta;Sim;2;0;1;0;1;0;1;2;-23,51637561;-46,58000251;SPRF-SP;DEL01-SP;UOP01-DEL01-SP
581985;29/12/2023;sexta-feira;15:30:00;DF;251;38;BRASILIA;Ausência de reação do condutor;Colisão traseira;Com Vítimas Feridas;Pleno dia;Crescente;Nublado;Simples;"Aclive;Curva                  ";Não;2;0;1;0;0;1;1;2;-15,94582;-47,792267;SPRF-DF;DEL01-DF;UOP01-DEL01-DF
581994;06/08/2023;domingo;17:10:00;RO;174;14,5;VILHENA;Ingestão de álcool pelo condutor;Colisão traseira;Com Vítimas Feridas;Pleno dia;Crescente;Céu Claro;Simples;Reta;Sim;5;0;1;0;4;0;1;2;-12,72614841;-60,12862219;SPRF-RO;DEL04-RO;UOP01-DEL04-RO
581997;26/12/2023;terça-feira;06:50:00;SC;282;133;PALMITOS;Pista esburacada;Queda de ocupante de veículo;Com Vítimas Feridas;Pleno dia;Decrescente;Céu Claro;Simples;Curva;Não;1;0;1;0;0;0;1;1;-27,06371182;-53,22120667;SPRF-SC;DEL05-SC;UOP01-DEL05-SC
582026;28/10/2023;sábado;12:55:00;PE;104;77;AGRESTINA;Mal súbito do condutor;Colisão frontal;Com Vítimas Fatais;Pleno dia;Crescente;Céu Claro;Simples;"Declive;Curva                 ";Não;10;1;6;1;2;0;7;4;-8,375978;-35,983662;SPRF-PE;DEL02-PE;UOP01-DEL02-PE